timestamp,odom_x,odom_y,odom_yaw,slam_x,slam_y,slam_yaw,pos_delta,angle_delta
8.980000,-0.000000,0.000000,-0.000000,-0.000000,0.000000,-0.000000,0.000000,0.000000
9.620000,-0.000000,0.000000,-0.000000,-0.000000,0.000000,-0.000000,0.000000,0.000000
9.740000,-0.000000,0.000000,-0.000000,-0.000000,0.000000,-0.000000,0.000000,0.000000
9.780000,-0.000000,0.000000,-0.000000,-0.000000,0.000000,-0.000000,0.000000,0.000000
9.840000,-0.000000,0.000000,-0.000000,-0.000000,0.000000,-0.000000,0.000000,0.000000
9.880000,-0.000000,0.000000,-0.000000,-0.000000,0.000000,-0.000000,0.000000,0.000000
9.940000,-0.000000,0.000000,-0.000000,-0.000000,0.000000,-0.000000,0.000000,0.000000
9.980000,-0.000000,0.000000,-0.000000,-0.000000,0.000000,-0.000000,0.000000,0.000000
10.040000,-0.000000,0.000000,-0.000000,-0.000000,0.000000,-0.000000,0.000000,0.000000
10.080000,-0.000000,0.000000,-0.000000,-0.000000,0.000000,-0.000000,0.000000,0.000000
10.140000,-0.000000,0.000000,-0.000000,-0.000000,0.000000,-0.000000,0.000000,0.000000
10.180000,-0.000000,0.000000,-0.000000,-0.000000,0.000000,-0.000000,0.000000,0.000000
10.240000,-0.000000,0.000000,-0.000000,-0.000000,0.000000,-0.000000,0.000000,0.000000
10.280000,-0.000000,0.000000,-0.000000,-0.000000,0.000000,-0.000000,0.000000,0.000000
10.340000,-0.000000,0.000000,-0.000000,-0.000000,0.000000,-0.000000,0.000000,0.000000
10.380000,-0.000000,0.000000,-0.000000,-0.000000,0.000000,-0.000000,0.000000,0.000000
10.440000,-0.000000,0.000000,-0.000000,-0.000000,0.000000,-0.000000,0.000000,0.000000
10.480000,-0.000000,0.000000,-0.000000,-0.000000,0.000000,-0.000000,0.000000,0.000000
10.540000,-0.000000,0.000000,-0.000000,-0.000000,0.000000,-0.000000,0.000000,0.000000
10.580000,-0.000000,0.000000,-0.000000,-0.000000,0.000000,-0.000000,0.000000,0.000000
10.640000,-0.000000,0.000000,-0.000000,-0.000000,0.000000,-0.000000,0.000000,0.000000
10.680000,-0.000000,0.000000,-0.000000,-0.000000,0.000000,-0.000000,0.000000,0.000000
10.740000,-0.000000,0.000000,-0.000000,-0.000000,0.000000,-0.000000,0.000000,0.000000
10.780000,-0.000000,0.000000,-0.000000,-0.000000,0.000000,-0.000000,0.000000,0.000000
10.840000,-0.000000,0.000000,-0.000000,-0.000000,0.000000,-0.000000,0.000000,0.000000
10.880000,-0.000000,0.000000,-0.000000,-0.000000,0.000000,-0.000000,0.000000,0.000000
10.940000,-0.000000,0.000000,-0.000000,-0.000000,0.000000,-0.000000,0.000000,0.000000
10.980000,-0.000000,0.000000,-0.000000,-0.000000,0.000000,-0.000000,0.000000,0.000000
11.040000,-0.000000,0.000000,-0.000000,-0.000000,0.000000,-0.000000,0.000000,0.000000
11.080000,-0.000000,0.000000,-0.000000,-0.000000,0.000000,-0.000000,0.000000,0.000000
11.140000,-0.000000,0.000000,-0.000000,-0.000000,0.000000,-0.000000,0.000000,0.000000
11.180000,-0.000000,0.000000,-0.000000,-0.000000,0.000000,-0.000000,0.000000,0.000000
11.240000,-0.000000,0.000000,-0.000000,-0.000000,0.000000,-0.000000,0.000000,0.000000
11.280000,-0.000000,0.000000,-0.000000,-0.000000,0.000000,-0.000000,0.000000,0.000000
11.340000,-0.000000,0.000000,-0.000000,-0.000000,0.000000,-0.000000,0.000000,0.000000
11.380000,-0.000000,0.000000,-0.000000,-0.000000,0.000000,-0.000000,0.000000,0.000000
11.440000,-0.000000,0.000000,-0.000000,-0.000000,0.000000,-0.000000,0.000000,0.000000
11.480000,-0.000000,0.000000,-0.000000,-0.000000,0.000000,-0.000000,0.000000,0.000000
11.540000,-0.000000,0.000000,-0.000000,-0.000000,0.000000,-0.000000,0.000000,0.000000
11.580000,-0.000000,0.000000,-0.000000,-0.000000,0.000000,-0.000000,0.000000,0.000000
11.640000,-0.000000,0.000000,-0.000000,-0.000000,0.000000,-0.000000,0.000000,0.000000
11.680000,-0.000000,0.000000,-0.000000,-0.000000,0.000000,-0.000000,0.000000,0.000000
11.740000,-0.000000,0.000000,-0.000000,-0.000000,0.000000,-0.000000,0.000000,0.000000
11.780000,-0.000000,0.000000,-0.000000,-0.000000,0.000000,-0.000000,0.000000,0.000000
11.840000,-0.000000,0.000000,-0.000000,-0.000000,0.000000,-0.000000,0.000000,0.000000
11.880000,-0.000000,0.000000,-0.000000,-0.000000,0.000000,-0.000000,0.000000,0.000000
11.940000,-0.000000,0.000000,-0.000000,-0.000000,0.000000,-0.000000,0.000000,0.000000
11.980000,-0.000000,0.000000,-0.000000,-0.000000,0.000000,-0.000000,0.000000,0.000000
12.040000,-0.000000,0.000000,-0.000000,-0.000000,0.000000,-0.000000,0.000000,0.000000
12.080000,-0.000000,0.000000,-0.000000,-0.000000,0.000000,-0.000000,0.000000,0.000000
12.140000,-0.000000,0.000000,-0.000000,-0.000000,0.000000,-0.000000,0.000000,0.000000
12.180000,-0.000000,0.000000,-0.000000,-0.000000,0.000000,-0.000000,0.000000,0.000000
12.240000,-0.000000,0.000000,-0.000000,-0.000000,0.000000,-0.000000,0.000000,0.000000
12.280000,-0.000000,0.000000,-0.000000,-0.000000,0.000000,-0.000000,0.000000,0.000000
12.340000,-0.000000,0.000000,-0.000000,-0.000000,0.000000,-0.000000,0.000000,0.000000
12.380000,-0.000000,0.000000,-0.000000,-0.000000,0.000000,-0.000000,0.000000,0.000000
12.440000,-0.000000,0.000000,-0.000000,-0.000000,0.000000,-0.000000,0.000000,0.000000
12.480000,-0.000000,0.000000,-0.000000,-0.000000,0.000000,-0.000000,0.000000,0.000000
12.540000,-0.000000,0.000000,-0.000000,-0.000000,0.000000,-0.000000,0.000000,0.000000
12.580000,-0.000000,0.000000,-0.000000,-0.000000,0.000000,-0.000000,0.000000,0.000000
12.640000,-0.000000,0.000000,-0.000000,-0.000000,0.000000,-0.000000,0.000000,0.000000
12.680000,-0.000000,0.000000,-0.000000,-0.000000,0.000000,-0.000000,0.000000,0.000000
12.740000,-0.000000,0.000000,-0.000000,-0.000000,0.000000,-0.000000,0.000000,0.000000
12.800000,-0.000000,0.000000,-0.000000,-0.000000,0.000000,-0.000000,0.000000,0.000000
12.840000,-0.000000,0.000000,-0.000000,-0.000000,0.000000,-0.000000,0.000000,0.000000
12.880000,-0.000000,0.000000,-0.000000,-0.000000,0.000000,-0.000000,0.000000,0.000000
12.940000,-0.000000,0.000000,-0.000000,-0.000000,0.000000,-0.000000,0.000000,0.000000
12.980000,-0.000000,0.000000,-0.000000,-0.000000,0.000000,-0.000000,0.000000,0.000000
13.040000,-0.000000,0.000000,-0.000000,-0.000000,0.000000,-0.000000,0.000000,0.000000
13.080000,-0.000000,0.000000,-0.000000,-0.000000,0.000000,-0.000000,0.000000,0.000000
13.140000,-0.000000,0.000000,-0.000000,-0.000000,0.000000,-0.000000,0.000000,0.000000
13.180000,-0.000000,0.000000,-0.000000,-0.000000,0.000000,-0.000000,0.000000,0.000000
13.240000,-0.000000,0.000000,-0.000000,-0.000000,0.000000,-0.000000,0.000000,0.000000
13.280000,-0.000000,0.000000,-0.000000,-0.000000,0.000000,-0.000000,0.000000,0.000000
13.340000,-0.000000,0.000000,-0.000000,-0.000000,0.000000,-0.000000,0.000000,0.000000
13.380000,-0.000000,0.000000,-0.000000,-0.000000,0.000000,-0.000000,0.000000,0.000000
13.440000,-0.000000,0.000000,-0.000000,-0.000000,0.000000,-0.000000,0.000000,0.000000
13.480000,-0.000000,0.000000,-0.000000,-0.000000,0.000000,-0.000000,0.000000,0.000000
13.540000,-0.000000,0.000000,-0.000000,-0.000000,0.000000,-0.000000,0.000000,0.000000
13.580000,-0.000000,0.000000,-0.000000,-0.000000,0.000000,-0.000000,0.000000,0.000000
13.640000,-0.000000,0.000000,-0.000000,-0.000000,0.000000,-0.000000,0.000000,0.000000
13.680000,-0.000000,0.000000,-0.000000,-0.000000,0.000000,-0.000000,0.000000,0.000000
13.740000,-0.000000,0.000000,-0.000000,-0.000000,0.000000,-0.000000,0.000000,0.000000
13.780000,-0.000000,0.000000,-0.000000,-0.000000,0.000000,-0.000000,0.000000,0.000000
13.840000,-0.000000,0.000000,-0.000000,-0.000000,0.000000,-0.000000,0.000000,0.000000
13.880000,-0.000000,0.000000,-0.000000,-0.000000,0.000000,-0.000000,0.000000,0.000000
13.940000,-0.000000,0.000000,-0.000000,-0.000000,0.000000,-0.000000,0.000000,0.000000
13.980000,-0.000000,0.000000,-0.000000,-0.000000,0.000000,-0.000000,0.000000,0.000000
14.040000,-0.000000,0.000000,-0.000000,-0.000000,0.000000,-0.000000,0.000000,0.000000
14.080000,-0.000000,0.000000,-0.000000,-0.000000,0.000000,-0.000000,0.000000,0.000000
14.140000,-0.000000,0.000000,-0.000000,-0.000000,0.000000,-0.000000,0.000000,0.000000
14.180000,-0.000000,0.000000,-0.000000,-0.000000,0.000000,-0.000000,0.000000,0.000000
14.240000,-0.000000,0.000000,-0.000000,-0.000000,0.000000,-0.000000,0.000000,0.000000
14.280000,-0.000000,0.000000,-0.000000,-0.000000,0.000000,-0.000000,0.000000,0.000000
14.340000,-0.000000,0.000000,-0.000000,-0.000000,0.000000,-0.000000,0.000000,0.000000
14.380000,-0.000000,0.000000,-0.000000,-0.000000,0.000000,-0.000000,0.000000,0.000000
14.440000,-0.000000,0.000000,-0.000000,-0.000000,0.000000,-0.000000,0.000000,0.000000
14.480000,-0.000000,0.000000,-0.000000,-0.000000,0.000000,-0.000000,0.000000,0.000000
14.540000,-0.000000,0.000000,-0.000000,-0.000000,0.000000,-0.000000,0.000000,0.000000
14.580000,-0.000000,0.000000,-0.000000,-0.000000,0.000000,-0.000000,0.000000,0.000000
14.640000,-0.000000,0.000000,-0.000000,-0.000000,0.000000,-0.000000,0.000000,0.000000
14.680000,-0.000000,0.000000,-0.000000,-0.000000,0.000000,-0.000000,0.000000,0.000000
14.740000,-0.000000,0.000000,-0.000000,-0.000000,0.000000,-0.000000,0.000000,0.000000
14.780000,-0.000000,0.000000,-0.000000,-0.000000,0.000000,-0.000000,0.000000,0.000000
14.840000,-0.000000,0.000000,-0.000000,-0.000000,0.000000,-0.000000,0.000000,0.000000
14.880000,-0.000000,0.000000,-0.000000,-0.000000,0.000000,-0.000000,0.000000,0.000000
14.940000,-0.000000,0.000000,-0.000000,-0.000000,0.000000,-0.000000,0.000000,0.000000
14.980000,-0.000000,0.000000,-0.000000,-0.000000,0.000000,-0.000000,0.000000,0.000000
15.040000,-0.000000,0.000000,-0.000000,-0.000000,0.000000,-0.000000,0.000000,0.000000
15.080000,-0.000000,0.000000,-0.000000,-0.000000,0.000000,-0.000000,0.000000,0.000000
15.140000,-0.000000,0.000000,-0.000000,-0.000000,0.000000,-0.000000,0.000000,0.000000
15.180000,-0.000000,-0.000000,0.000504,-0.000000,-0.000000,0.000504,0.000000,0.000000
15.240000,-0.000000,-0.000000,0.003648,-0.000000,-0.000000,0.003648,0.000000,0.000000
15.280000,-0.000000,-0.000000,0.007344,-0.000000,-0.000000,0.007344,0.000000,0.000000
15.340000,-0.000000,0.000000,0.015288,-0.000000,0.000000,0.015288,0.000000,0.000000
15.380000,-0.000000,0.000000,0.022184,-0.000000,0.000000,0.022184,0.000000,0.000000
15.440000,-0.000000,-0.000000,0.034928,-0.000000,-0.000000,0.034928,0.000000,0.000000
15.480000,-0.000000,0.000000,0.045024,-0.000000,0.000000,0.045024,0.000000,0.000000
15.540000,-0.000000,-0.000000,0.062568,-0.000000,-0.000000,0.062568,0.000000,0.000000
15.580000,-0.000000,-0.000000,0.075864,-0.000000,-0.000000,0.075864,0.000000,0.000000
15.640000,-0.000000,-0.000000,0.098208,-0.000000,-0.000000,0.098208,0.000000,0.000000
15.680000,-0.000000,-0.000000,0.114704,-0.000000,-0.000000,0.114704,0.000000,0.000000
15.740000,-0.000000,0.000000,0.141848,-0.000000,0.000000,0.141848,0.000000,0.000000
15.780000,0.000000,0.000000,0.171872,0.000000,0.000000,0.161544,0.000000,0.010328
15.840000,0.000000,0.000000,0.193488,0.000000,0.000000,0.193488,0.000000,0.000000
15.880000,0.000000,0.000000,0.216384,0.000000,0.000000,0.216384,0.000000,0.000000
15.940000,0.000000,0.000000,0.253128,0.000000,0.000000,0.253128,0.000000,0.000000
15.980000,0.000000,0.000000,0.279224,0.000000,0.000000,0.279224,0.000000,0.000000
16.040000,0.000000,0.000000,0.320768,0.000000,0.000000,0.320768,0.000000,0.000000
16.080000,0.000000,0.000000,0.350064,0.000000,0.000000,0.350064,0.000000,0.000000
16.140000,0.000000,0.000000,0.396408,0.000000,0.000000,0.396408,0.000000,0.000000
16.180000,0.000000,0.000000,0.428400,0.000000,0.000000,0.428400,0.000000,0.000000
16.240000,0.000000,0.000000,0.476400,0.000000,0.000000,0.476400,0.000000,0.000000
16.280000,0.000000,0.000000,0.508400,0.000000,0.000000,0.508400,0.000000,0.000000
16.340000,0.000000,0.000000,0.556400,0.000000,0.000000,0.556400,0.000000,0.000000
16.380000,0.000000,0.000000,0.588400,0.000000,0.000000,0.588400,0.000000,0.000000
16.440000,0.000000,0.000000,0.636400,0.000000,0.000000,0.636400,0.000000,0.000000
16.480000,0.000000,-0.000000,0.668400,0.000000,-0.000000,0.668400,0.000000,0.000000
16.540000,0.000000,-0.000000,0.716400,0.000000,-0.000000,0.716400,0.000000,0.000000
16.580000,0.000000,0.000000,0.764400,0.000000,0.000000,0.748400,0.000000,0.016000
16.640000,0.000000,0.000000,0.796400,0.000000,0.000000,0.796400,0.000000,0.000000
16.680000,0.000052,0.000056,0.828400,0.000052,0.000056,0.828400,0.000000,0.000000
16.740000,0.000984,0.001134,0.876396,0.000984,0.001134,0.876396,0.000000,0.000000
16.780000,0.002206,0.002653,0.908263,0.002206,0.002653,0.908263,0.000000,0.000000
16.840000,0.004839,0.006209,0.955301,0.004839,0.006209,0.955301,0.000000,0.000000
16.880000,0.007068,0.009470,0.985808,0.007068,0.009470,0.985808,0.000000,0.000000
16.940000,0.011024,0.015752,1.029749,0.011024,0.015752,1.029749,0.000000,0.000000
16.980000,0.014015,0.020896,1.057572,0.014015,0.020896,1.057572,0.000000,0.000000
17.040000,0.018947,0.030080,1.096898,0.018947,0.030080,1.096898,0.000000,0.000000
17.080000,0.022485,0.037199,1.121521,0.022485,0.037199,1.121521,0.000000,0.000000
17.140000,0.027972,0.049109,1.156064,0.027972,0.049109,1.156064,0.000000,0.000000
17.180000,0.031403,0.057138,1.177487,0.031403,0.057138,1.177487,0.000000,0.000000
17.240000,0.036315,0.069502,1.207229,0.036315,0.069502,1.207229,0.000000,0.000000
17.280000,0.039431,0.077924,1.225420,0.039431,0.077924,1.225420,0.000000,0.000000
17.340000,0.043878,0.090796,1.250363,0.043878,0.090796,1.250363,0.000000,0.000000
17.380000,0.046701,0.099525,1.265433,0.046701,0.099525,1.265433,0.000000,0.000000
17.440000,0.050731,0.112814,1.287188,0.050731,0.112814,1.287188,0.000000,0.000000
17.480000,0.053280,0.121796,1.301405,0.053280,0.121796,1.301405,0.000000,0.000000
17.540000,0.056895,0.135448,1.322302,0.056895,0.135448,1.322302,0.000000,0.000000
17.580000,0.059167,0.144666,1.335938,0.059167,0.144666,1.335938,0.000000,0.000000
17.640000,0.062368,0.158664,1.355941,0.062368,0.158664,1.355941,0.000000,0.000000
17.680000,0.064366,0.168117,1.368952,0.064366,0.168117,1.368952,0.000000,0.000000
17.740000,0.067155,0.182443,1.387995,0.067155,0.182443,1.387995,0.000000,0.000000
17.780000,0.068878,0.192098,1.400380,0.068878,0.192098,1.400380,0.000000,0.000000
17.840000,0.071259,0.206731,1.418479,0.071259,0.206731,1.418479,0.000000,0.000000
17.880000,0.072712,0.216586,1.430213,0.072712,0.216586,1.430213,0.000000,0.000000
17.940000,0.074694,0.231514,1.447296,0.074694,0.231514,1.447296,0.000000,0.000000
17.980000,0.075884,0.241556,1.458353,0.075884,0.241556,1.458353,0.000000,0.000000
18.040000,0.077476,0.256757,1.474410,0.077476,0.256757,1.474410,0.000000,0.000000
18.080000,0.078411,0.266979,1.484757,0.078411,0.266979,1.484757,0.000000,0.000000
18.140000,0.079626,0.282435,1.499767,0.079626,0.282435,1.499767,0.000000,0.000000
18.180000,0.080314,0.292821,1.509415,0.080314,0.292821,1.509415,0.000000,0.000000
18.240000,0.081169,0.308520,1.523347,0.081169,0.308520,1.523347,0.000000,0.000000
18.300000,0.081814,0.324354,1.536643,0.081814,0.324354,1.536643,0.000000,0.000000
18.340000,0.082132,0.334981,1.545157,0.082132,0.334981,1.545157,0.000000,0.000000
18.380000,0.082361,0.345667,1.553374,0.082361,0.345667,1.553374,0.000000,0.000000
18.440000,0.082547,0.361799,1.565162,0.082547,0.361799,1.565162,0.000000,0.000000
18.480000,0.082567,0.372621,1.572665,0.082567,0.372621,1.572665,0.000000,0.000000
18.540000,0.082448,0.388959,1.583339,0.082448,0.388959,1.583339,0.000000,0.000000
18.580000,0.082273,0.399913,1.590115,0.082273,0.399913,1.590115,0.000000,0.000000
18.640000,0.081874,0.416423,1.599750,0.081874,0.416423,1.599750,0.000000,0.000000
18.680000,0.081519,0.427495,1.605829,0.081519,0.427495,1.605829,0.000000,0.000000
18.740000,0.080862,0.444186,1.614392,0.080862,0.444186,1.614392,0.000000,0.000000
18.780000,0.080344,0.455366,1.619786,0.080344,0.455366,1.619786,0.000000,0.000000
18.840000,0.079453,0.472203,1.627406,0.079453,0.472203,1.627406,0.000000,0.000000
18.880000,0.078787,0.483476,1.632176,0.078787,0.483476,1.632176,0.000000,0.000000
18.940000,0.077686,0.500456,1.638868,0.077686,0.500456,1.638868,0.000000,0.000000
18.980000,0.076887,0.511824,1.643009,0.076887,0.511824,1.643009,0.000000,0.000000
19.040000,0.075598,0.528944,1.648760,0.075598,0.528944,1.648760,0.000000,0.000000
19.080000,0.074682,0.540401,1.652285,0.074682,0.540401,1.652285,0.000000,0.000000
19.140000,0.073231,0.557649,1.657136,0.073231,0.557649,1.657136,0.000000,0.000000
19.200000,0.071693,0.574969,1.661475,0.071693,0.574969,1.661475,0.000000,0.000000
19.240000,0.070624,0.586560,1.664069,0.070624,0.586560,1.664069,0.000000,0.000000
19.280000,0.069523,0.598175,1.666451,0.069523,0.598175,1.666451,0.000000,0.000000
19.340000,0.067817,0.615652,1.669651,0.067817,0.615652,1.669651,0.000000,0.000000
19.380000,0.066053,0.633190,1.672401,0.066647,0.627337,1.671534,0.005883,0.000868
19.440000,0.064848,0.644916,1.673990,0.020815,0.648850,1.743790,0.044208,0.069800
19.480000,0.063666,0.656283,1.674659,-0.026066,0.660721,1.814259,0.089841,0.139600
19.540000,0.062116,0.671218,1.673232,-0.052602,0.674263,1.847732,0.114758,0.174500
19.580000,0.061167,0.680554,1.670669,-0.055157,0.683293,1.845169,0.116356,0.174500
19.640000,0.059807,0.694530,1.664474,-0.058923,0.696820,1.838974,0.118752,0.174500
19.680000,0.058959,0.703843,1.658712,-0.061375,0.705845,1.833212,0.120351,0.174500
19.740000,0.057800,0.717833,1.647684,-0.064945,0.719420,1.822184,0.122755,0.174500
19.780000,0.057121,0.727187,1.638706,-0.067238,0.728515,1.813206,0.124366,0.174500
19.840000,0.056270,0.741283,1.622926,-0.070523,0.742249,1.797426,0.126797,0.174500
19.880000,0.055834,0.750738,1.610764,-0.072594,0.751485,1.785264,0.128430,0.174500
19.940000,0.055404,0.765033,1.590865,-0.075499,0.765488,1.765365,0.130904,0.174500
19.980000,0.055275,0.774645,1.577735,-0.077296,0.774932,1.752235,0.132571,0.174500
20.040000,0.055315,0.789178,1.558496,-0.084005,0.784302,1.741372,0.139405,0.182876
20.080000,0.055495,0.798873,1.545858,-0.089890,0.788851,1.737110,0.145730,0.191252
20.140000,0.055993,0.813322,1.526780,-0.094355,0.800591,1.722220,0.150886,0.195440
20.180000,0.056479,0.822965,1.514035,-0.095750,0.810145,1.709475,0.152768,0.195440
20.240000,0.057447,0.837560,1.495291,-0.097635,0.824650,1.690731,0.155619,0.195440
20.280000,0.058248,0.847355,1.483105,-0.098751,0.834414,1.678545,0.157532,0.195440
20.340000,0.059683,0.862158,1.465338,-0.100218,0.849215,1.660778,0.160425,0.195440
20.380000,0.060794,0.872097,1.453853,-0.101059,0.859180,1.649293,0.162368,0.195440
20.440000,0.062685,0.887108,1.437190,-0.102119,0.874272,1.632630,0.165303,0.195440
20.480000,0.064095,0.897189,1.426477,-0.102693,0.884435,1.621917,0.167276,0.195440
20.540000,0.066428,0.912400,1.410992,-0.103359,0.899810,1.606432,0.170253,0.195440
20.580000,0.068123,0.922597,1.401071,-0.103676,0.910142,1.596511,0.172250,0.195440
20.640000,0.070873,0.937975,1.386729,-0.103965,0.925761,1.582169,0.175264,0.195440
20.680000,0.072842,0.948281,1.377541,-0.104036,0.936253,1.572981,0.177286,0.195440
20.740000,0.075958,0.963661,1.364050,-0.123013,0.959977,1.576940,0.199005,0.212890
20.780000,0.078116,0.973713,1.354469,-0.123027,0.970258,1.567359,0.201173,0.212890
20.840000,0.081565,0.988884,1.340147,-0.122862,0.985815,1.553037,0.204450,0.212890
20.880000,0.084001,0.999043,1.330866,-0.122627,0.996259,1.543756,0.206647,0.212890
20.940000,0.087857,1.014358,1.317472,-0.122094,1.012043,1.530362,0.209964,0.212890
20.980000,0.090561,1.024618,1.308934,-0.121619,1.022643,1.521824,0.212189,0.212890
21.040000,0.094808,1.040083,1.296747,-0.120735,1.038656,1.509637,0.215548,0.212890
21.080000,0.097767,1.050455,1.289060,-0.120034,1.049419,1.501950,0.217804,0.212890
21.140000,0.102379,1.066066,1.278172,-0.118825,1.065652,1.491062,0.221204,0.212890
21.180000,0.105567,1.076515,1.271295,-0.117917,1.076539,1.484185,0.223484,0.212890
21.240000,0.110513,1.092257,1.261596,-0.116409,1.092970,1.474486,0.226923,0.212890
21.280000,0.113918,1.102805,1.255555,-0.115309,1.104000,1.468445,0.229230,0.212890
21.340000,0.119168,1.118674,1.247112,-0.113530,1.120620,1.460002,0.232707,0.212890
21.380000,0.122765,1.129304,1.241895,-0.112260,1.131770,1.454785,0.235039,0.212890
21.440000,0.128288,1.145291,1.234612,-0.110240,1.148562,1.447502,0.238550,0.212890
21.480000,0.132053,1.155987,1.230127,-0.108820,1.159813,1.443017,0.240903,0.212890
21.540000,0.137818,1.172089,1.223961,-0.106587,1.176770,1.436851,0.244450,0.212890
21.580000,0.141738,1.182872,1.220261,-0.105034,1.188137,1.433151,0.246828,0.212890
21.640000,0.147713,1.199084,1.215215,-0.104011,1.205202,1.430897,0.251799,0.215682
21.680000,0.151751,1.209906,1.212132,-0.103805,1.216588,1.430606,0.255644,0.218474
21.740000,0.157876,1.226133,1.207698,-0.102078,1.233733,1.427568,0.260066,0.219870
21.780000,0.162007,1.236960,1.204887,-0.100408,1.245200,1.424757,0.262545,0.219870
21.840000,0.168286,1.253251,1.201034,-0.097833,1.262468,1.420904,0.266279,0.219870
21.880000,0.172523,1.264145,1.198765,-0.096074,1.274024,1.418635,0.268779,0.219870
21.940000,0.178931,1.280487,1.195496,-0.093385,1.291370,1.415366,0.272534,0.219870
21.980000,0.183232,1.291370,1.193317,-0.091561,1.302930,1.413187,0.275036,0.219870
22.040000,0.189729,1.307677,1.190049,-0.088778,1.320261,1.409919,0.278790,0.219870
22.080000,0.196278,1.323963,1.186781,-0.086891,1.331810,1.407740,0.283278,0.220959
22.140000,0.200675,1.334810,1.184604,-0.084013,1.349128,1.404474,0.285047,0.219870
22.180000,0.205150,1.345788,1.182978,-0.082039,1.360818,1.402848,0.287583,0.219870
22.240000,0.211944,1.362397,1.182368,-0.079032,1.378509,1.402238,0.291421,0.219870
22.280000,0.216460,1.373436,1.182618,-0.077032,1.390267,1.402488,0.293974,0.219870
22.340000,0.223131,1.389767,1.183567,-0.052359,1.406631,1.382497,0.276005,0.198930
22.380000,0.227439,1.400355,1.185359,-0.050228,1.417862,1.384289,0.278218,0.198930
22.440000,0.233836,1.416227,1.190260,-0.047093,1.434685,1.389190,0.281536,0.198930
22.480000,0.238050,1.426818,1.194110,-0.045056,1.445899,1.393040,0.283748,0.198930
22.540000,0.244291,1.442732,1.200024,-0.042083,1.462733,1.398954,0.287072,0.198930
22.580000,0.248399,1.453362,1.203998,-0.040157,1.473966,1.402928,0.289290,0.198930
22.640000,0.254482,1.469339,1.209969,-0.037351,1.490830,1.408899,0.292623,0.198930
22.680000,0.258486,1.480013,1.213944,-0.035536,1.502084,1.412874,0.294849,0.198930
22.740000,0.264414,1.496060,1.219890,-0.032895,1.518987,1.418820,0.298192,0.198930
22.780000,0.268319,1.506793,1.223850,-0.031189,1.530280,1.422780,0.300427,0.198930
22.840000,0.274105,1.522945,1.229796,-0.020145,1.546598,1.420350,0.295199,0.190554
22.880000,0.277870,1.533627,1.234096,-0.009812,1.557019,1.416274,0.288631,0.182178
22.940000,0.283313,1.549371,1.242224,-0.002913,1.573046,1.420214,0.287203,0.177990
22.980000,0.288566,1.565036,1.252548,-0.001297,1.583938,1.426961,0.290478,0.174414
23.040000,0.291984,1.575542,1.259854,0.000988,1.600338,1.437844,0.292051,0.177990
23.080000,0.295330,1.586086,1.267267,0.002414,1.611308,1.445257,0.294000,0.177990
23.140000,0.300215,1.601993,1.278473,0.004405,1.627829,1.456463,0.296936,0.177990
23.180000,0.303381,1.612658,1.285977,0.005633,1.638887,1.463967,0.298901,0.177990
23.240000,0.307993,1.628747,1.297273,0.007323,1.655538,1.475263,0.301861,0.177990
23.280000,0.310975,1.639533,1.304828,0.008349,1.666681,1.482818,0.303841,0.177990
23.340000,0.315307,1.655798,1.316194,0.009732,1.683456,1.494184,0.306823,0.177990
23.380000,0.318101,1.666705,1.323796,0.010551,1.694685,1.501786,0.308820,0.177990
23.440000,0.322146,1.683145,1.335235,0.011622,1.711582,1.513225,0.311824,0.177990
23.500000,0.326017,1.699688,1.346714,0.012502,1.728549,1.524704,0.314840,0.177990
23.540000,0.328498,1.710773,1.354390,0.012982,1.739898,1.532380,0.316858,0.177990
23.580000,0.330900,1.721902,1.362085,0.013376,1.751277,1.540075,0.318880,0.177990
23.640000,0.334352,1.738679,1.373664,0.013803,1.768400,1.551654,0.321924,0.177990
23.680000,0.336553,1.749923,1.381409,0.013978,1.779856,1.559399,0.323961,0.177990
23.740000,0.339697,1.766861,1.393062,0.014074,1.797083,1.571052,0.327023,0.177990
23.780000,0.341690,1.778210,1.400855,0.014026,1.808605,1.578845,0.329071,0.177990
23.840000,0.344520,1.795304,1.412582,0.022366,1.825358,1.582196,0.323554,0.169614
23.880000,0.346246,1.806411,1.420944,0.030864,1.835897,1.582182,0.316757,0.161238
23.940000,0.348555,1.822478,1.435879,0.034966,1.851730,1.592929,0.314950,0.157050
23.980000,0.349917,1.832959,1.447435,0.034672,1.862294,1.604485,0.316606,0.157050
24.040000,0.351802,1.849435,1.465760,0.033957,1.878862,1.622810,0.319204,0.157050
24.080000,0.352985,1.861281,1.476548,0.033273,1.890748,1.633598,0.321067,0.157050
24.140000,0.354544,1.879134,1.490323,0.032021,1.908625,1.647373,0.323869,0.157050
24.200000,0.355873,1.896859,1.501218,0.030561,1.926339,1.658268,0.326645,0.157050
24.240000,0.356656,1.908601,1.506919,0.029498,1.938060,1.663969,0.328482,0.157050
24.280000,0.357379,1.920311,1.511275,0.028380,1.949739,1.668325,0.330312,0.157050
24.340000,0.358381,1.937812,1.515418,0.026633,1.967181,1.672468,0.333046,0.157050
24.380000,0.359018,1.949441,1.516623,0.025443,1.978766,1.673673,0.334861,0.157050
24.440000,0.359964,1.966860,1.515965,0.023653,1.996119,1.673015,0.337581,0.157050
24.480000,0.360611,1.978462,1.513954,0.022478,2.007679,1.671004,0.339393,0.157050
24.540000,0.361635,1.995863,1.510166,0.020767,2.025026,1.667216,0.342113,0.157050
24.580000,0.362353,2.007462,1.507618,0.019663,2.036595,1.664668,0.343927,0.157050
24.640000,0.363487,2.024858,1.503795,0.018062,2.053954,1.660845,0.346649,0.157050
24.680000,0.364280,2.036453,1.501246,0.017032,2.065530,1.658296,0.348464,0.157050
24.720000,0.365525,2.053841,1.497424,0.016031,2.077109,1.655748,0.350268,0.158324
24.760000,0.366392,2.065430,1.494875,0.015059,2.088690,1.653199,0.352101,0.158324
24.840000,0.367747,2.082811,1.491056,0.007667,2.111872,1.650898,0.361251,0.159842
24.880000,0.368686,2.094374,1.488500,0.001183,2.123431,1.651134,0.368650,0.162634
24.940000,0.370139,2.111515,1.483763,-0.002968,2.140569,1.647793,0.374237,0.164030
24.980000,0.371152,2.122897,1.480144,-0.003827,2.151963,1.644174,0.376104,0.164030
25.040000,0.372754,2.139985,1.474599,-0.005038,2.169084,1.638629,0.378910,0.164030
25.080000,0.373875,2.151390,1.470956,-0.005793,2.180520,1.634986,0.380785,0.164030
25.140000,0.375637,2.168518,1.465640,-0.006852,2.197705,1.629670,0.383601,0.164030
25.180000,0.376864,2.179949,1.462205,-0.007509,2.209183,1.626235,0.385482,0.164030
25.240000,0.378779,2.197115,1.457228,-0.008423,2.226431,1.621258,0.388309,0.164030
25.280000,0.380104,2.208572,1.454026,-0.008986,2.237951,1.618056,0.390197,0.164030
25.340000,0.382163,2.225776,1.449396,-0.009764,2.255260,1.613426,0.393034,0.164030
25.380000,0.383581,2.237257,1.446423,-0.010240,2.266818,1.610453,0.394929,0.164030
25.440000,0.385774,2.254497,1.442136,-0.010891,2.284185,1.606166,0.397775,0.164030
25.480000,0.387279,2.266003,1.439393,-0.011285,2.295782,1.603423,0.399675,0.164030
25.540000,0.389597,2.283278,1.435441,-0.011819,2.313204,1.599471,0.402530,0.164030
25.580000,0.391182,2.294809,1.432921,-0.012138,2.324839,1.596951,0.404437,0.164030
25.640000,0.393616,2.312118,1.429302,-0.012564,2.342313,1.593332,0.407301,0.164030
25.680000,0.395275,2.323669,1.426993,-0.012813,2.353980,1.591023,0.409212,0.164030
25.740000,0.397816,2.341010,1.423681,-0.013138,2.371503,1.587711,0.412084,0.164030
25.780000,0.399543,2.352582,1.421576,-0.013324,2.383202,1.585606,0.414001,0.164030
25.840000,0.402182,2.369954,1.418569,-0.023802,2.400499,1.593767,0.427078,0.175198
25.880000,0.403950,2.381396,1.416187,-0.034427,2.411498,1.602553,0.439410,0.186366
25.940000,0.406608,2.398167,1.410724,-0.040203,2.428067,1.602674,0.447810,0.191950
25.980000,0.408422,2.409242,1.406079,-0.040535,2.439284,1.598029,0.449960,0.191950
26.040000,0.411251,2.425892,1.398859,-0.040933,2.456168,1.590809,0.453197,0.191950
26.080000,0.413210,2.437014,1.394159,-0.041133,2.467460,1.586109,0.455361,0.191950
26.140000,0.416253,2.453733,1.387374,-0.041335,2.484452,1.579324,0.458618,0.191950
26.180000,0.418350,2.464903,1.383062,-0.041407,2.495818,1.575012,0.460796,0.191950
26.240000,0.421595,2.481696,1.376931,-0.041426,2.512921,1.568881,0.464072,0.191950
26.300000,0.424950,2.498530,1.371188,-0.041343,2.530086,1.563138,0.467360,0.191950
26.340000,0.427248,2.509780,1.367597,-0.041235,2.541568,1.559547,0.469559,0.191950
26.380000,0.429590,2.521050,1.364191,-0.041085,2.553077,1.556141,0.471763,0.191950
26.440000,0.433181,2.537976,1.359360,-0.040790,2.570378,1.551310,0.475076,0.191950
26.480000,0.435625,2.549282,1.356335,-0.040546,2.581942,1.548285,0.477291,0.191950
26.540000,0.439364,2.566271,1.352090,-0.040117,2.599333,1.544040,0.480620,0.191950
26.580000,0.441901,2.577613,1.349424,-0.039791,2.610950,1.541374,0.482844,0.191950
26.640000,0.445763,2.594613,1.345431,-0.039243,2.628375,1.537381,0.486180,0.191950
26.680000,0.448375,2.605938,1.342769,-0.038840,2.639990,1.534719,0.488403,0.191950
26.740000,0.452350,2.622912,1.338776,-0.038176,2.657411,1.530726,0.491737,0.191950
26.780000,0.455037,2.634219,1.336114,-0.037695,2.669023,1.528064,0.493960,0.191950
26.840000,0.459127,2.651176,1.332180,-0.037694,2.686427,1.525526,0.498070,0.193346
26.900000,0.463330,2.668340,1.329284,-0.038073,2.704040,1.524724,0.502672,0.195440
26.940000,0.466160,2.679790,1.327756,-0.037520,2.715822,1.523196,0.504968,0.195440
26.980000,0.469010,2.691248,1.326343,-0.036950,2.727615,1.521783,0.507265,0.195440
27.040000,0.473321,2.708459,1.324445,-0.036064,2.745336,1.519885,0.510718,0.195440
27.080000,0.476218,2.719953,1.323331,-0.035454,2.757173,1.518771,0.513024,0.195440
27.140000,0.480592,2.737213,1.321873,-0.034515,2.774953,1.517313,0.516487,0.195440
27.180000,0.483526,2.748734,1.321030,-0.033874,2.786825,1.516470,0.518800,0.195440
27.240000,0.487951,2.766039,1.319957,-0.032894,2.804660,1.515397,0.522275,0.195440
27.280000,0.490915,2.777592,1.319369,-0.032230,2.816569,1.514809,0.524595,0.195440
27.340000,0.495378,2.794940,1.318669,-0.031221,2.834453,1.514109,0.528079,0.195440
27.380000,0.498363,2.806519,1.318307,-0.030541,2.846391,1.513747,0.530405,0.195440
27.440000,0.502852,2.823906,1.317920,-0.029514,2.864320,1.513360,0.533898,0.195440
27.480000,0.505852,2.835511,1.317765,-0.028825,2.876286,1.513205,0.536229,0.195440
27.540000,0.510358,2.852930,1.317678,-0.027788,2.894249,1.513118,0.539729,0.195440
27.600000,0.514859,2.870336,1.317758,-0.026752,2.912197,1.513198,0.543227,0.195440
27.640000,0.517856,2.881929,1.317890,-0.026064,2.924151,1.513330,0.545556,0.195440
27.680000,0.520849,2.893514,1.318083,-0.025377,2.936097,1.513523,0.547884,0.195440
27.740000,0.525330,2.910879,1.318483,-0.024354,2.954001,1.513923,0.551373,0.195440
27.780000,0.528310,2.922447,1.318818,-0.023677,2.965928,1.514258,0.553697,0.195440
27.840000,0.532769,2.939788,1.319417,-0.021088,2.983767,1.512065,0.555600,0.192648
27.880000,0.535727,2.951317,1.319959,-0.018776,2.995584,1.509815,0.556267,0.189856
27.940000,0.540125,2.968525,1.321264,-0.016871,3.013271,1.509724,0.558791,0.188460
27.980000,0.543036,2.979974,1.322422,-0.016157,3.025063,1.510882,0.561007,0.188460
28.040000,0.547375,2.997150,1.324311,-0.015112,3.042747,1.512771,0.564332,0.188460
28.080000,0.550249,3.008604,1.325607,-0.014435,3.054537,1.514067,0.566549,0.188460
28.140000,0.554532,3.025792,1.327571,-0.013448,3.072222,1.516031,0.569875,0.188460
28.180000,0.557368,3.037254,1.328886,-0.012810,3.084014,1.517346,0.572092,0.188460
28.240000,0.561594,3.054456,1.330858,-0.011881,3.101702,1.519318,0.575418,0.188460
28.280000,0.564393,3.065929,1.332170,-0.011281,3.113496,1.520630,0.577636,0.188460
28.340000,0.568564,3.083146,1.334131,-0.010410,3.131191,1.522591,0.580964,0.188460
28.380000,0.571326,3.094630,1.335431,-0.009848,3.142989,1.523891,0.583182,0.188460
28.440000,0.575441,3.111865,1.337368,-0.009035,3.160689,1.525828,0.586511,0.188460
28.480000,0.578167,3.123361,1.338649,-0.008511,3.172493,1.527109,0.588731,0.188460
28.540000,0.582228,3.140615,1.340551,-0.007754,3.190202,1.529011,0.592062,0.188460
28.580000,0.584918,3.152124,1.341806,-0.007268,3.202010,1.530266,0.594283,0.188460
28.640000,0.588927,3.169396,1.343664,-0.006566,3.219728,1.532124,0.597616,0.188460
28.680000,0.591583,3.180918,1.344887,-0.006116,3.231544,1.533347,0.599839,0.188460
28.740000,0.595541,3.198212,1.346691,-0.005468,3.249272,1.535151,0.603173,0.188460
28.780000,0.598163,3.209748,1.347873,-0.005053,3.261096,1.536333,0.605398,0.188460
28.840000,0.602072,3.227061,1.349617,-0.004457,3.278835,1.538077,0.608734,0.188460
28.880000,0.604662,3.238610,1.350760,-0.004076,3.290665,1.539220,0.610960,0.188460
28.940000,0.608490,3.255804,1.352861,0.002788,3.307897,1.530851,0.607939,0.177990
28.980000,0.611006,3.267215,1.354809,0.003243,3.319574,1.532799,0.610014,0.177990
29.040000,0.614740,3.284358,1.357868,0.003883,3.337107,1.535858,0.613130,0.177990
29.080000,0.617202,3.295800,1.359900,0.004280,3.348804,1.537890,0.615209,0.177990
29.140000,0.620854,3.312988,1.362870,0.004832,3.366367,1.540860,0.618331,0.177990
29.180000,0.623264,3.324463,1.364786,0.005171,3.378088,1.542776,0.620414,0.177990
29.240000,0.626841,3.341700,1.367554,0.005640,3.395685,1.545544,0.623542,0.177990
29.300000,0.630375,3.358965,1.370195,0.006062,3.413303,1.548185,0.626673,0.177990
29.340000,0.632708,3.370490,1.371888,0.006318,3.425059,1.549878,0.628763,0.177990
29.380000,0.635024,3.382029,1.373517,0.006554,3.436826,1.551507,0.630854,0.177990
29.440000,0.638466,3.399357,1.375858,0.006874,3.454490,1.553848,0.633994,0.177990
29.480000,0.640741,3.410922,1.377358,0.007065,3.466275,1.555348,0.636089,0.177990
29.540000,0.644124,3.428291,1.379513,0.007319,3.483968,1.557503,0.639234,0.177990
29.580000,0.646360,3.439883,1.380886,0.007468,3.495773,1.558876,0.641332,0.177990
29.640000,0.649688,3.457290,1.382849,0.007661,3.513494,1.560839,0.644482,0.177990
29.680000,0.651890,3.468906,1.384117,0.007772,3.525317,1.562107,0.646584,0.177990
29.740000,0.655166,3.486342,1.385998,0.007909,3.543058,1.563988,0.649737,0.177990
29.780000,0.657333,3.497975,1.387248,0.007982,3.554891,1.565238,0.651841,0.177990
29.840000,0.660558,3.515438,1.389122,0.012862,3.572620,1.565716,0.650215,0.176594
29.880000,0.662679,3.527030,1.390571,0.017728,3.584370,1.565769,0.647495,0.175198
29.940000,0.665794,3.544266,1.393733,0.020210,3.601865,1.568233,0.648149,0.174500
29.980000,0.667827,3.555720,1.396513,0.020224,3.613498,1.571013,0.650176,0.174500
30.040000,0.670817,3.572925,1.401058,0.020180,3.630961,1.575558,0.653220,0.174500
30.080000,0.672768,3.584415,1.404169,0.020107,3.642615,1.578669,0.655251,0.174500
30.140000,0.675630,3.601682,1.408875,0.019928,3.660117,1.583375,0.658301,0.174500
30.180000,0.677495,3.613213,1.412024,0.019763,3.671797,1.586524,0.660336,0.174500
30.240000,0.680227,3.630541,1.416757,0.019445,3.689336,1.591257,0.663393,0.174500
30.280000,0.682005,3.642113,1.419916,0.019187,3.701041,1.594416,0.665433,0.174500
30.340000,0.684607,3.659501,1.424662,0.018730,3.718617,1.599162,0.668496,0.174500
30.380000,0.686297,3.671114,1.427830,0.018379,3.730347,1.602330,0.670540,0.174500
30.440000,0.688767,3.688563,1.432587,0.017781,3.747959,1.607087,0.673609,0.174500
30.480000,0.690369,3.700215,1.435763,0.017336,3.759713,1.610263,0.675658,0.174500
30.540000,0.692705,3.717724,1.440533,0.016597,3.777361,1.615033,0.678733,0.174500
30.580000,0.694218,3.729416,1.443716,0.016057,3.789138,1.618216,0.680786,0.174500
30.640000,0.696420,3.746983,1.448498,0.015175,3.806821,1.622998,0.683867,0.174500
30.680000,0.698540,3.764585,1.453287,0.014540,3.818621,1.626189,0.686132,0.172903
30.740000,0.699909,3.776339,1.456483,0.013515,3.836337,1.630983,0.689011,0.174500
30.800000,0.701894,3.794000,1.461285,0.012403,3.854075,1.635785,0.692103,0.174500
30.840000,0.703087,3.804989,1.463688,0.011671,3.865103,1.638188,0.694025,0.174500
30.880000,0.704119,3.814643,1.464747,0.011011,3.874790,1.639247,0.695713,0.174500
30.940000,0.705406,3.826706,1.463903,0.006060,3.886856,1.645383,0.701927,0.181480
30.980000,0.706101,3.833129,1.461715,0.005585,3.893300,1.643195,0.703095,0.181480
31.040000,0.706918,3.840431,1.456087,0.005071,3.900629,1.637567,0.704424,0.181480
31.080000,0.707307,3.843733,1.450762,0.004857,3.903947,1.632242,0.705026,0.181480
31.140000,0.707620,3.846245,1.440319,0.004712,3.906475,1.621799,0.705484,0.181480
31.180000,0.707651,3.846474,1.431762,0.004701,3.906705,1.613242,0.705526,0.181480
31.240000,0.707651,3.846474,1.416502,0.004701,3.906705,1.597982,0.705526,0.181480
31.280000,0.707651,3.846474,1.404729,0.004701,3.906705,1.586209,0.705526,0.181480
31.340000,0.707651,3.846474,1.386494,0.004701,3.906705,1.567974,0.705526,0.181480
31.380000,0.707651,3.846474,1.374337,0.004701,3.906705,1.555817,0.705526,0.181480
31.440000,0.707651,3.846474,1.356102,0.004701,3.906705,1.537582,0.705526,0.181480
31.480000,0.707651,3.846474,1.343945,0.004701,3.906705,1.525425,0.705526,0.181480
31.540000,0.707651,3.846474,1.325709,0.004701,3.906705,1.507189,0.705526,0.181480
31.580000,0.707651,3.846474,1.312160,0.004701,3.906705,1.493640,0.705526,0.181480
31.640000,0.707651,3.846474,1.289221,0.004701,3.906705,1.470701,0.705526,0.181480
31.680000,0.707651,3.846474,1.272344,0.004701,3.906705,1.453824,0.705526,0.181480
31.740000,0.707651,3.846474,1.244620,0.004701,3.906705,1.426100,0.705526,0.181480
31.780000,0.707651,3.846474,1.224527,0.004701,3.906705,1.406007,0.705526,0.181480
31.840000,0.707651,3.846474,1.192068,0.000259,3.906692,1.374944,0.709950,0.182876
31.880000,0.707651,3.846474,1.168791,-0.004183,3.906670,1.353063,0.714374,0.184272
31.940000,0.707651,3.846474,1.131452,-0.006404,3.906657,1.316422,0.716586,0.184970
31.980000,0.707651,3.846474,1.104975,-0.006404,3.906657,1.289945,0.716586,0.184970
32.040000,0.707651,3.846474,1.062835,-0.006404,3.906657,1.247805,0.716586,0.184970
32.080000,0.707651,3.846474,1.033158,-0.006404,3.906657,1.218128,0.716586,0.184970
32.140000,0.707651,3.846474,0.986251,-0.006404,3.906657,1.171221,0.716586,0.184970
32.200000,0.707651,3.846474,0.938251,-0.006404,3.906657,1.123221,0.716586,0.184970
32.240000,0.707651,3.846474,0.906251,-0.006404,3.906657,1.091221,0.716586,0.184970
32.280000,0.707651,3.846474,0.874251,-0.006404,3.906657,1.059221,0.716586,0.184970
32.340000,0.707651,3.846474,0.826251,-0.006404,3.906657,1.011221,0.716586,0.184970
32.380000,0.707651,3.846474,0.794251,-0.006404,3.906657,0.979221,0.716586,0.184970
32.440000,0.707698,3.846518,0.746251,-0.006366,3.906709,0.931221,0.716595,0.184970
32.480000,0.708100,3.846875,0.714258,-0.006036,3.907134,0.899228,0.716674,0.184970
32.540000,0.709881,3.848338,0.666525,-0.004554,3.908899,0.851495,0.716997,0.184970
32.580000,0.711901,3.849873,0.635153,-0.002851,3.910779,0.820123,0.717342,0.184970
32.640000,0.716246,3.852915,0.589235,0.000861,3.914568,0.774205,0.718037,0.184970
32.680000,0.720056,3.855378,0.559589,0.004153,3.917690,0.744559,0.718610,0.184970
32.740000,0.727190,3.859629,0.517148,0.010383,3.923180,0.702118,0.719619,0.184970
32.780000,0.732916,3.862781,0.490177,0.015431,3.927332,0.675147,0.720382,0.184970
32.840000,0.742992,3.867904,0.451874,0.024394,3.934221,0.636844,0.721652,0.184970
32.880000,0.750717,3.871536,0.427843,0.031319,3.939212,0.612813,0.722575,0.184970
32.940000,0.762793,3.876799,0.394198,0.051512,3.947090,0.589638,0.714747,0.195440
32.980000,0.770810,3.880035,0.373367,0.058748,3.951822,0.568807,0.715672,0.195440
33.040000,0.783093,3.884640,0.344521,0.069902,3.958724,0.539961,0.717028,0.195440
33.080000,0.791436,3.887550,0.326891,0.077521,3.963199,0.522331,0.717912,0.195440
33.140000,0.804146,3.891686,0.302779,0.089186,3.969724,0.498219,0.719206,0.195440
33.180000,0.812736,3.894297,0.287401,0.097106,3.973954,0.482841,0.720050,0.195440
33.240000,0.825780,3.897991,0.264606,0.109184,3.980110,0.460046,0.721286,0.195440
33.280000,0.834579,3.900304,0.249589,0.117366,3.984088,0.445029,0.722090,0.195440
33.340000,0.847927,3.903548,0.227342,0.129830,3.989863,0.422782,0.723266,0.195440
33.380000,0.861451,3.906521,0.205444,0.138265,3.993584,0.408145,0.728408,0.202700
33.420000,0.870573,3.908353,0.191071,0.146807,3.997204,0.393677,0.729199,0.202606
33.640000,0.917209,3.915683,0.121751,0.195437,4.015221,0.317191,0.728604,0.195440
33.680000,0.926743,3.916785,0.108451,0.204575,4.018153,0.303891,0.729248,0.195440
33.740000,0.941170,3.918212,0.088875,0.218450,4.022355,0.284315,0.730185,0.195440
33.780000,0.950862,3.919013,0.076100,0.227802,4.025023,0.271540,0.730790,0.195440
33.840000,0.965531,3.919992,0.057339,0.242001,4.028832,0.252779,0.731670,0.195440
33.880000,0.975371,3.920496,0.045108,0.251556,4.031238,0.240548,0.732237,0.195440
33.940000,0.990235,3.921033,0.027135,0.266033,4.034651,0.222575,0.733060,0.195440
33.980000,1.000213,3.921245,0.015423,0.275781,4.036796,0.210863,0.733591,0.195440
34.040000,1.015279,3.921347,-0.001722,0.290540,4.039823,0.193718,0.734360,0.195440
34.080000,1.025387,3.921273,-0.012865,0.300469,4.041713,0.182575,0.734855,0.195440
34.140000,1.040639,3.920952,-0.029140,0.315494,4.044360,0.166300,0.735572,0.195440
34.180000,1.050875,3.920599,-0.039687,0.325603,4.046002,0.155753,0.736033,0.195440
34.240000,1.066314,3.919867,-0.055004,0.340891,4.048281,0.140436,0.736702,0.195440
34.280000,1.076655,3.919246,-0.064931,0.351155,4.049680,0.130509,0.737132,0.195440
34.340000,1.092265,3.918117,-0.079317,0.366687,4.051604,0.116123,0.737755,0.195440
34.380000,1.102709,3.917238,-0.088627,0.377103,4.052770,0.106813,0.738155,0.195440
34.440000,1.118447,3.915731,-0.102166,0.392834,4.054348,0.093274,0.738735,0.195440
34.480000,1.128986,3.914604,-0.110893,0.403391,4.055289,0.084547,0.739108,0.195440
34.540000,1.144865,3.912733,-0.123509,0.419332,4.056538,0.071931,0.739648,0.195440
34.580000,1.155497,3.911370,-0.131606,0.430025,4.057265,0.063834,0.739996,0.195440
34.640000,1.171507,3.909154,-0.143286,0.446161,4.058201,0.052154,0.740501,0.195440
34.680000,1.182222,3.907567,-0.150762,0.456980,4.058725,0.044678,0.740827,0.195440
34.740000,1.198364,3.905026,-0.161485,0.473308,4.059366,0.033955,0.741301,0.195440
34.780000,1.209157,3.903229,-0.168331,0.484244,4.059700,0.027109,0.741607,0.195440
34.840000,1.225401,3.900386,-0.178163,0.500732,4.060065,0.017277,0.742053,0.195440
34.880000,1.236267,3.898394,-0.184417,0.511778,4.060221,0.011023,0.742343,0.195440
34.940000,1.252624,3.895266,-0.193341,0.528431,4.060330,0.002099,0.742766,0.195440
34.980000,1.263560,3.893093,-0.198971,0.539581,4.060321,-0.003531,0.743042,0.195440
35.040000,1.280012,3.889706,-0.207004,0.556377,4.060194,-0.011564,0.743447,0.195440
35.080000,1.291010,3.887367,-0.212085,0.567620,4.060035,-0.016645,0.743712,0.195440
35.140000,1.307555,3.883741,-0.219274,0.601985,4.032753,-0.088050,0.721133,0.131224
35.180000,1.318904,3.881186,-0.223373,0.627663,3.987448,-0.156365,0.699361,0.067008
35.240000,1.334697,3.877564,-0.227126,0.649052,3.956110,-0.192226,0.690130,0.034900
35.300000,1.349428,3.874149,-0.227999,0.663893,3.953211,-0.193099,0.690079,0.034900
35.340000,1.359203,3.871885,-0.226981,0.673741,3.951289,-0.192081,0.690046,0.034900
35.400000,1.373846,3.868530,-0.223054,0.688492,3.948447,-0.188154,0.689998,0.034900
35.440000,1.383605,3.866336,-0.218836,0.698322,3.946596,-0.183936,0.689967,0.034900
35.480000,1.393377,3.864190,-0.213396,0.708163,3.944792,-0.178496,0.689939,0.034900
35.540000,1.408079,3.861082,-0.202845,0.722964,3.942198,-0.167945,0.689900,0.034900
35.600000,1.422880,3.858137,-0.189414,0.737859,3.939772,-0.154514,0.689868,0.034900
35.640000,1.432812,3.856286,-0.178875,0.747849,3.938269,-0.143975,0.689851,0.034900
35.680000,1.442810,3.854535,-0.168010,0.757903,3.936867,-0.133110,0.689838,0.034900
35.740000,1.457944,3.852092,-0.152156,0.768608,3.929694,-0.128424,0.693691,0.023732
35.780000,1.468020,3.850601,-0.141676,0.774025,3.922585,-0.129112,0.697718,0.012564
35.840000,1.482977,3.848590,-0.125460,0.786585,3.917569,-0.118480,0.699800,0.006980
35.880000,1.492950,3.847388,-0.114385,0.796566,3.916437,-0.107405,0.699799,0.006980
35.940000,1.508046,3.845780,-0.098013,0.811673,3.914934,-0.091033,0.699798,0.006980
35.980000,1.518199,3.844836,-0.087391,0.821833,3.914061,-0.080411,0.699799,0.006980
36.040000,1.533562,3.843610,-0.071980,0.837204,3.912942,-0.065000,0.699801,0.006980
36.080000,1.543889,3.842917,-0.062065,0.847535,3.912322,-0.055085,0.699804,0.006980
36.140000,1.559504,3.842060,-0.047742,0.863155,3.911573,-0.040762,0.699809,0.006980
36.180000,1.570005,3.841607,-0.038587,0.873660,3.911194,-0.031607,0.699814,0.006980
36.240000,1.585856,3.841101,-0.025401,0.889513,3.910798,-0.018421,0.699822,0.006980
36.280000,1.596496,3.840875,-0.016964,0.900156,3.910647,-0.009984,0.699828,0.006980
36.340000,1.612564,3.840701,-0.004853,0.916224,3.910585,0.002127,0.699838,0.006980
36.380000,1.623355,3.840691,0.002836,0.927015,3.910650,0.009816,0.699846,0.006980
36.440000,1.639514,3.840826,0.013976,0.951543,3.899772,0.000016,0.690491,0.013960
36.480000,1.650137,3.841016,0.021976,0.962168,3.899815,0.008016,0.690477,0.013960
36.540000,1.666172,3.841466,0.033973,0.978208,3.900040,0.020013,0.690453,0.013960
36.580000,1.676928,3.841873,0.041713,0.988969,3.900297,0.027753,0.690436,0.013960
36.640000,1.693172,3.842642,0.052773,1.005222,3.900840,0.038813,0.690408,0.013960
36.680000,1.704061,3.843256,0.059756,1.016118,3.901301,0.045796,0.690387,0.013960
36.740000,1.720482,3.844321,0.069714,1.032553,3.902137,0.055754,0.690355,0.013960
36.780000,1.731502,3.845126,0.075954,1.043582,3.902788,0.061994,0.690332,0.013960
36.840000,1.748105,3.846464,0.084747,1.060203,3.903894,0.070787,0.690295,0.013960
36.880000,1.759227,3.847440,0.090276,1.071338,3.904714,0.076316,0.690270,0.013960
36.940000,1.775995,3.849024,0.098014,1.088126,3.906064,0.084054,0.690230,0.013960
36.980000,1.787225,3.850156,0.102823,1.099370,3.907039,0.088863,0.690203,0.013960
37.040000,1.804147,3.851960,0.109502,1.116316,3.908607,0.095542,0.690160,0.013960
37.080000,1.815477,3.853229,0.113612,1.127663,3.909718,0.099652,0.690130,0.013960
37.140000,1.832553,3.855227,0.119233,1.144764,3.911478,0.105273,0.690085,0.013960
37.180000,1.843975,3.856616,0.122667,1.156205,3.912707,0.108707,0.690053,0.013960
37.240000,1.861174,3.858778,0.127351,1.173433,3.914628,0.113391,0.690005,0.013960
37.280000,1.872683,3.860268,0.130163,1.184962,3.915958,0.116203,0.689973,0.013960
37.340000,1.890010,3.862570,0.133922,1.190271,3.915226,0.114378,0.701717,0.019544
37.380000,1.901548,3.864139,0.136295,1.189736,3.913594,0.111167,0.713528,0.025128
37.440000,1.918768,3.866533,0.140148,1.200942,3.913974,0.112228,0.719392,0.027920
37.480000,1.930249,3.868169,0.142828,1.212464,3.915289,0.114908,0.719330,0.027920
37.540000,1.947518,3.870686,0.146645,1.229797,3.917323,0.118725,0.719235,0.027920
37.580000,1.959070,3.872406,0.148953,1.241392,3.918720,0.121033,0.719171,0.027920
37.640000,1.976454,3.875043,0.152006,1.258844,3.920871,0.124086,0.719073,0.027920
37.680000,1.988082,3.876835,0.153761,1.270517,3.922337,0.125841,0.719007,0.027920
37.740000,2.005574,3.879567,0.156008,1.288078,3.924579,0.128088,0.718906,0.027920
37.780000,2.017277,3.881415,0.157226,1.299828,3.926100,0.129306,0.718839,0.027920
37.840000,2.034874,3.884218,0.158670,1.317496,3.928411,0.130750,0.718737,0.027920
37.880000,2.046636,3.886105,0.159408,1.329306,3.929969,0.131488,0.718669,0.027920
37.940000,2.064326,3.888957,0.160174,1.347069,3.932326,0.132254,0.718567,0.027920
37.980000,2.076149,3.890869,0.160464,1.358941,3.933907,0.132544,0.718498,0.027920
38.040000,2.093818,3.893730,0.160357,1.406161,3.944250,0.146397,0.689510,0.013960
38.080000,2.105427,3.895601,0.159273,1.417796,3.945960,0.145313,0.689473,0.013960
38.140000,2.122821,3.898375,0.156954,1.435226,3.948491,0.142994,0.689419,0.013960
38.180000,2.134405,3.900198,0.155199,1.446834,3.950152,0.141239,0.689383,0.013960
38.240000,2.151767,3.902890,0.152379,1.464232,3.952601,0.138419,0.689329,0.013960
38.280000,2.163334,3.904655,0.150405,1.475823,3.954204,0.136445,0.689294,0.013960
38.340000,2.180674,3.907255,0.147321,1.493198,3.956562,0.133361,0.689242,0.013960
38.380000,2.192231,3.908958,0.145197,1.504777,3.958103,0.131237,0.689208,0.013960
38.440000,2.209568,3.911464,0.141937,1.522148,3.960368,0.127977,0.689158,0.013960
38.480000,2.221139,3.913105,0.139742,1.533741,3.961846,0.125782,0.689124,0.013960
38.540000,2.238517,3.915520,0.136438,1.530604,3.969735,0.132250,0.709986,0.004188
38.580000,2.249997,3.917082,0.133860,1.521312,3.976704,0.139444,0.731120,0.005584
38.640000,2.266927,3.919318,0.128454,1.527749,3.981704,0.138924,0.741806,0.010470
38.680000,2.278148,3.920742,0.124034,1.538955,3.983246,0.134504,0.741831,0.010470
38.740000,2.295016,3.922785,0.116993,1.555800,3.985466,0.127463,0.741868,0.010470
38.780000,2.306286,3.924083,0.112201,1.567056,3.986881,0.122671,0.741892,0.010470
38.840000,2.323232,3.925930,0.104965,1.583982,3.988905,0.115435,0.741927,0.010470
38.880000,2.334558,3.927095,0.100122,1.595295,3.990189,0.110592,0.741950,0.010470
38.940000,2.351587,3.928744,0.092842,1.612306,3.992016,0.103312,0.741984,0.010470
38.980000,2.362967,3.929775,0.087979,1.623674,3.993167,0.098449,0.742005,0.010470
39.040000,2.380077,3.931221,0.080669,1.640768,3.994792,0.091139,0.742036,0.010470
39.100000,2.397234,3.932545,0.073342,1.657911,3.996295,0.083812,0.742067,0.010470
39.140000,2.408699,3.933359,0.068449,1.669367,3.997229,0.078919,0.742086,0.010470
39.180000,2.420185,3.934119,0.063547,1.680844,3.998109,0.074017,0.742105,0.010470
39.240000,2.437455,3.935154,0.056180,1.698102,3.999325,0.066650,0.742132,0.010470
39.280000,2.448990,3.935774,0.051259,1.709631,4.000066,0.061729,0.742150,0.010470
39.340000,2.466331,3.936599,0.043864,1.726962,4.001073,0.054334,0.742175,0.010470
39.380000,2.477915,3.937079,0.038925,1.738540,4.001674,0.049395,0.742191,0.010470
39.440000,2.495328,3.937693,0.031501,1.755946,4.002469,0.041971,0.742215,0.010470
39.480000,2.506960,3.938030,0.026542,1.767574,4.002929,0.037012,0.742229,0.010470
39.540000,2.524443,3.938429,0.019089,1.785051,4.003511,0.029559,0.742250,0.010470
39.580000,2.536121,3.938623,0.014111,1.796727,4.003827,0.024581,0.742264,0.010470
39.640000,2.553532,3.938803,0.006374,1.843352,4.010341,0.027314,0.713774,0.020940
39.680000,2.564894,3.938840,-0.000151,1.854711,4.010616,0.020789,0.713801,0.020940
39.740000,2.582208,3.938737,-0.011758,1.872024,4.010875,0.009182,0.713839,0.020940
39.780000,2.594008,3.938556,-0.018581,1.883825,4.010942,0.002359,0.713863,0.020940
39.840000,2.611800,3.938152,-0.026415,1.901621,4.010910,-0.005475,0.713896,0.020940
39.880000,2.623698,3.937815,-0.030038,1.913524,4.010822,-0.009098,0.713917,0.020940
39.940000,2.641590,3.937245,-0.033073,1.931423,4.010627,-0.012133,0.713948,0.020940
39.980000,2.653536,3.936846,-0.033619,1.943375,4.010478,-0.012679,0.713968,0.020940
40.040000,2.671462,3.936239,-0.034066,1.961310,4.010247,-0.013126,0.713998,0.020940
40.080000,2.683414,3.935830,-0.034338,1.973268,4.010088,-0.013398,0.714018,0.020940
40.140000,2.701344,3.935211,-0.034734,1.991207,4.009844,-0.013794,0.714048,0.020940
40.180000,2.713298,3.934794,-0.034996,2.003167,4.009678,-0.014056,0.714068,0.020940
40.240000,2.731233,3.934162,-0.035381,2.021111,4.009422,-0.014441,0.714099,0.020940
40.280000,2.743194,3.933738,-0.035617,2.033078,4.009248,-0.014677,0.714119,0.020940
40.360000,2.767128,3.932880,-0.036007,2.057025,4.008891,-0.015067,0.714159,0.020940
40.360000,2.785088,3.932231,-0.036234,2.057025,4.008891,-0.015067,0.732087,0.021166
40.640000,2.850808,3.929824,-0.037472,2.140750,4.017589,-0.016532,0.715461,0.020940
40.680000,2.862669,3.929375,-0.038266,2.152619,4.017388,-0.017326,0.715484,0.020940
40.740000,2.880475,3.928682,-0.039509,2.170435,4.017068,-0.018569,0.715520,0.020940
40.780000,2.892356,3.928208,-0.040298,2.182324,4.016842,-0.019358,0.715543,0.020940
40.840000,2.910195,3.927479,-0.041382,2.200173,4.016487,-0.020442,0.715578,0.020940
40.880000,2.922096,3.926982,-0.042030,2.212083,4.016240,-0.021090,0.715602,0.020940
40.940000,2.939962,3.926223,-0.042906,2.229961,4.015854,-0.021966,0.715637,0.020940
40.980000,2.951884,3.925708,-0.043419,2.241890,4.015589,-0.022479,0.715660,0.020940
41.040000,2.969776,3.924924,-0.044097,2.259796,4.015181,-0.023157,0.715695,0.020940
41.080000,2.981713,3.924395,-0.044491,2.271741,4.014901,-0.023551,0.715718,0.020940
41.140000,2.999631,3.923593,-0.044990,2.289672,4.014474,-0.024050,0.715753,0.020940
41.180000,3.011583,3.923053,-0.045268,2.301633,4.014185,-0.024328,0.715776,0.020940
41.240000,3.029523,3.922237,-0.045607,2.319585,4.013745,-0.024667,0.715811,0.020940
41.280000,3.041491,3.921690,-0.045778,2.331562,4.013448,-0.024838,0.715834,0.020940
41.340000,3.059450,3.920865,-0.045968,2.349535,4.013000,-0.025028,0.715869,0.020940
41.380000,3.071429,3.920314,-0.046050,2.361523,4.012699,-0.025110,0.715893,0.020940
41.440000,3.089407,3.919484,-0.046110,2.379514,4.012247,-0.025170,0.715928,0.020940
41.480000,3.101391,3.918931,-0.046111,2.391507,4.011945,-0.025171,0.715952,0.020940
41.540000,3.119359,3.918103,-0.046055,2.397480,4.009126,-0.029303,0.727595,0.016752
41.600000,3.137206,3.917283,-0.045567,2.397222,4.004812,-0.035097,0.745142,0.010470
41.640000,3.149039,3.916748,-0.044755,2.409061,4.004401,-0.034285,0.745152,0.010470
41.680000,3.160853,3.916225,-0.043691,2.420879,4.004002,-0.033221,0.745162,0.010470
41.740000,3.178576,3.915466,-0.041952,2.438610,4.003428,-0.031482,0.745177,0.010470
41.780000,3.190396,3.914976,-0.040780,2.450434,4.003062,-0.030310,0.745187,0.010470
41.840000,3.208133,3.914268,-0.039045,2.468177,4.002540,-0.028575,0.745203,0.010470
41.880000,3.219961,3.913813,-0.037911,2.480010,4.002208,-0.027441,0.745213,0.010470
41.940000,3.237712,3.913154,-0.036253,2.497766,4.001736,-0.025783,0.745229,0.010470
41.980000,3.249551,3.912731,-0.035174,2.509608,4.001437,-0.024704,0.745240,0.010470
42.040000,3.267316,3.912120,-0.033598,2.527379,4.001012,-0.023128,0.745257,0.010470
42.080000,3.279163,3.911728,-0.032575,2.539230,4.000744,-0.022105,0.745268,0.010470
42.140000,3.296942,3.911162,-0.031082,2.557014,4.000364,-0.020612,0.745286,0.010470
42.200000,3.314729,3.910622,-0.029642,2.574805,4.000010,-0.019172,0.745303,0.010470
42.240000,3.326592,3.910276,-0.028712,2.586671,3.999788,-0.018242,0.745315,0.010470
42.280000,3.344392,3.909777,-0.027357,2.598540,3.999577,-0.017334,0.751239,0.010024
42.340000,3.356263,3.909457,-0.026481,2.616350,3.999280,-0.016011,0.745346,0.010470
42.380000,3.368139,3.909148,-0.025628,2.628227,3.999095,-0.015158,0.745358,0.010470
42.440000,3.385958,3.908702,-0.024391,2.646050,3.998836,-0.013921,0.745377,0.010470
42.480000,3.397842,3.908417,-0.023595,2.657937,3.998675,-0.013125,0.745390,0.010470
42.540000,3.415675,3.908006,-0.022446,2.671737,3.992087,-0.016164,0.748674,0.006282
42.580000,3.427491,3.907746,-0.021488,2.679458,3.985419,-0.019394,0.752054,0.002094
42.640000,3.444994,3.907390,-0.018977,2.694891,3.981796,-0.018977,0.753785,0.000000
42.700000,3.462420,3.907090,-0.015423,2.712317,3.981495,-0.015423,0.753785,0.000000
42.740000,3.474055,3.906925,-0.012959,2.723952,3.981330,-0.012959,0.753785,0.000000
42.780000,3.485705,3.906788,-0.010544,2.735601,3.981193,-0.010544,0.753785,0.000000
42.840000,3.503210,3.906634,-0.007081,2.753106,3.981039,-0.007081,0.753785,0.000000
42.880000,3.514897,3.906564,-0.004890,2.764793,3.980969,-0.004890,0.753785,0.000000
42.940000,3.532453,3.906506,-0.001770,2.782350,3.980911,-0.001770,0.753785,0.000000
43.000000,3.550040,3.906501,0.001150,2.799936,3.980906,0.001150,0.753785,0.000000
43.040000,3.561787,3.906525,0.002966,2.811683,3.980930,0.002966,0.753785,0.000000
43.080000,3.573541,3.906570,0.004695,2.823438,3.980975,0.004695,0.753785,0.000000
43.140000,3.591196,3.906675,0.007144,2.841093,3.981080,0.007144,0.753785,0.000000
43.180000,3.602984,3.906768,0.008664,2.852881,3.981173,0.008664,0.753785,0.000000
43.240000,3.620686,3.906941,0.010798,2.870583,3.981346,0.010798,0.753785,0.000000
43.280000,3.632500,3.907076,0.012122,2.882397,3.981481,0.012122,0.753785,0.000000
43.340000,3.650241,3.907308,0.013975,2.900138,3.981713,0.013975,0.753785,0.000000
43.380000,3.662082,3.907480,0.015120,2.911978,3.981886,0.015120,0.753785,0.000000
43.440000,3.679861,3.907763,0.016705,2.929758,3.982169,0.016705,0.753785,0.000000
43.480000,3.691726,3.907967,0.017674,2.941623,3.982373,0.017674,0.753785,0.000000
43.540000,3.709541,3.908294,0.019005,2.959438,3.982700,0.019005,0.753785,0.000000
43.580000,3.721429,3.908525,0.019811,2.971326,3.982931,0.019811,0.753785,0.000000
43.640000,3.739255,3.908888,0.020964,3.019119,3.981193,0.017474,0.723757,0.003490
43.680000,3.751112,3.909142,0.021867,3.030976,3.981405,0.018377,0.723752,0.003490
43.740000,3.768913,3.909544,0.023228,3.048779,3.981745,0.019738,0.723745,0.003490
43.780000,3.780791,3.909825,0.024083,3.060658,3.981984,0.020593,0.723739,0.003490
43.840000,3.798626,3.910265,0.025254,3.078494,3.982362,0.021764,0.723732,0.003490
43.880000,3.810527,3.910570,0.025960,3.090396,3.982626,0.022470,0.723727,0.003490
43.940000,3.828394,3.911043,0.026909,3.108264,3.983036,0.023419,0.723719,0.003490
43.980000,3.840316,3.911367,0.027463,3.120188,3.983318,0.023973,0.723714,0.003490
44.040000,3.858212,3.911865,0.028193,3.138086,3.983754,0.024703,0.723706,0.003490
44.100000,3.876124,3.912376,0.028810,3.156000,3.984203,0.025320,0.723698,0.003490
44.140000,3.888076,3.912722,0.029156,3.167952,3.984507,0.025666,0.723693,0.003490
44.180000,3.900032,3.913073,0.029454,3.179910,3.984816,0.025964,0.723688,0.003490
44.240000,3.917980,3.913605,0.029815,3.197859,3.985286,0.026325,0.723680,0.003490
44.300000,3.935939,3.914143,0.030086,3.215820,3.985761,0.026596,0.723672,0.003490
44.340000,3.947919,3.914505,0.030217,3.227801,3.986081,0.026727,0.723666,0.003490
44.380000,3.959904,3.914868,0.030311,3.239788,3.986402,0.026821,0.723661,0.003490
44.440000,3.977892,3.915414,0.030381,3.257777,3.986885,0.026891,0.723653,0.003490
44.480000,3.989882,3.915778,0.030381,3.269769,3.987208,0.026891,0.723648,0.003490
44.540000,4.007860,3.916324,0.030319,3.287748,3.987691,0.026829,0.723640,0.003490
44.580000,4.025829,3.916868,0.030193,3.299730,3.988012,0.026752,0.729577,0.003441
44.640000,4.037781,3.917228,0.030011,3.327642,3.990600,0.030011,0.713919,0.000000
44.680000,4.049699,3.917584,0.029614,3.339561,3.990956,0.029614,0.713919,0.000000
44.740000,4.067573,3.918107,0.028863,3.357434,3.991479,0.028863,0.713919,0.000000
44.780000,4.079488,3.918447,0.028320,3.369349,3.991819,0.028320,0.713919,0.000000
44.840000,4.097357,3.918946,0.027479,3.387219,3.992318,0.027479,0.713919,0.000000
44.880000,4.109270,3.919270,0.026908,3.399131,3.992642,0.026908,0.713919,0.000000
44.940000,4.127138,3.919743,0.026042,3.416999,3.993115,0.026042,0.713919,0.000000
44.980000,4.139050,3.920050,0.025460,3.428911,3.993422,0.025460,0.713919,0.000000
45.040000,4.156918,3.920497,0.024583,3.446779,3.993869,0.024583,0.713919,0.000000
45.080000,4.168829,3.920787,0.023996,3.458691,3.994159,0.023996,0.713919,0.000000
45.140000,4.186698,3.921208,0.023116,3.476559,3.994580,0.023116,0.713919,0.000000
45.180000,4.198610,3.921480,0.022530,3.488471,3.994852,0.022530,0.713919,0.000000
45.240000,4.216480,3.921874,0.021654,3.506341,3.995246,0.021654,0.713919,0.000000
45.280000,4.228394,3.922129,0.021072,3.518255,3.995501,0.021072,0.713919,0.000000
45.340000,4.246269,3.922498,0.020201,3.536130,3.995870,0.020201,0.713919,0.000000
45.380000,4.258189,3.922735,0.019620,3.548050,3.996107,0.019620,0.713919,0.000000
45.440000,4.276070,3.923078,0.018749,3.565932,3.996450,0.018749,0.713919,0.000000
45.480000,4.287992,3.923298,0.018168,3.577853,3.996670,0.018168,0.713919,0.000000
45.540000,4.305874,3.923616,0.017297,3.595719,3.997801,0.018693,0.714019,0.001396
45.580000,4.317796,3.923818,0.016716,3.607616,3.998842,0.019508,0.714132,0.002792
45.640000,4.335678,3.924109,0.015845,3.625482,3.999604,0.019335,0.714198,0.003490
45.680000,4.347595,3.924295,0.015232,3.637398,3.999831,0.018722,0.714203,0.003490
45.740000,4.365407,3.924554,0.013782,3.655209,4.000152,0.017272,0.714210,0.003490
45.780000,4.377283,3.924711,0.012635,3.667084,4.000351,0.016125,0.714215,0.003490
45.840000,4.395105,3.924920,0.010833,3.684905,4.000622,0.014323,0.714223,0.003490
45.880000,4.406991,3.925042,0.009611,3.696791,4.000785,0.013101,0.714228,0.003490
45.940000,4.424828,3.925197,0.007770,3.714627,4.001003,0.011260,0.714235,0.003490
45.980000,4.436725,3.925282,0.006539,3.726524,4.001129,0.010029,0.714240,0.003490
46.040000,4.454578,3.925382,0.004692,3.744377,4.001292,0.008182,0.714247,0.003490
46.080000,4.466487,3.925430,0.003459,3.756285,4.001382,0.006949,0.714252,0.003490
46.140000,4.484356,3.925476,0.001609,3.774154,4.001489,0.005099,0.714258,0.003490
46.180000,4.496275,3.925488,0.000375,3.786073,4.001543,0.003865,0.714263,0.003490
46.240000,4.514161,3.925478,-0.001476,3.803959,4.001595,0.002014,0.714270,0.003490
46.280000,4.526090,3.925453,-0.002711,3.815888,4.001612,0.000779,0.714274,0.003490
46.340000,4.543992,3.925388,-0.004565,3.833789,4.001609,-0.001075,0.714281,0.003490
46.380000,4.555931,3.925326,-0.005801,3.845729,4.001589,-0.002311,0.714285,0.003490
46.440000,4.573607,3.925206,-0.007896,3.863405,4.001532,-0.004406,0.714291,0.003490
46.480000,4.584032,3.925111,-0.010653,3.873830,4.001473,-0.007163,0.714295,0.003490
46.540000,4.597244,3.924932,-0.017213,3.887043,4.001339,-0.013723,0.714299,0.003490
46.580000,4.604436,3.924787,-0.023202,3.894235,4.001220,-0.019712,0.714302,0.003490
46.640000,4.612862,3.924549,-0.034545,3.892625,4.003060,-0.027565,0.724504,0.006980
46.680000,4.616884,3.924393,-0.043702,3.896648,4.002932,-0.036722,0.724506,0.006980
46.740000,4.620541,3.924208,-0.059813,3.900306,4.002772,-0.052833,0.724507,0.006980
46.780000,4.621332,3.924157,-0.072202,3.901098,4.002726,-0.065222,0.724508,0.006980
46.840000,4.621385,3.924153,-0.093114,3.901151,4.002723,-0.086134,0.724508,0.006980
46.880000,4.621385,3.924153,-0.108686,3.901151,4.002723,-0.101706,0.724508,0.006980
46.940000,4.621385,3.924153,-0.134398,3.901151,4.002723,-0.127418,0.724508,0.006980
46.980000,4.621385,3.924153,-0.153187,3.901151,4.002723,-0.146207,0.724508,0.006980
47.040000,4.621385,3.924153,-0.183746,3.901151,4.002723,-0.176766,0.724508,0.006980
47.080000,4.621385,3.924153,-0.205735,3.901151,4.002723,-0.198755,0.724508,0.006980
47.140000,4.621385,3.924153,-0.241094,3.901151,4.002723,-0.234114,0.724508,0.006980
47.180000,4.621385,3.924153,-0.279382,3.901151,4.002723,-0.259319,0.724508,0.020062
47.240000,4.621385,3.924153,-0.306475,3.901151,4.002723,-0.299495,0.724508,0.006980
47.280000,4.621385,3.924153,-0.334799,3.901151,4.002723,-0.327819,0.724508,0.006980
47.340000,4.621385,3.924153,-0.379759,3.901151,4.002723,-0.372779,0.724508,0.006980
47.380000,4.621385,3.924153,-0.411316,3.901151,4.002723,-0.404336,0.724508,0.006980
47.440000,4.621385,3.924153,-0.459313,3.901151,4.002723,-0.452333,0.724508,0.006980
47.480000,4.621385,3.924153,-0.491313,3.901151,4.002723,-0.484333,0.724508,0.006980
47.540000,4.621385,3.924153,-0.539313,3.901151,4.002723,-0.532333,0.724508,0.006980
47.580000,4.621385,3.924153,-0.571313,3.901151,4.002723,-0.564333,0.724508,0.006980
47.640000,4.621385,3.924153,-0.619313,3.901151,4.002723,-0.612333,0.724508,0.006980
47.700000,4.621907,3.923754,-0.667309,3.901675,4.002328,-0.660329,0.724505,0.006980
47.740000,4.622980,3.922878,-0.699214,3.902754,4.001459,-0.692234,0.724500,0.006980
47.780000,4.624629,3.921443,-0.730831,3.904413,4.000036,-0.723851,0.724491,0.006980
47.840000,4.628106,3.918167,-0.777325,3.907913,3.996784,-0.770345,0.724471,0.006980
47.880000,4.631043,3.915185,-0.807432,3.910871,3.993823,-0.800452,0.724453,0.006980
47.940000,4.636291,3.909445,-0.850865,3.916159,3.988120,-0.843885,0.724417,0.006980
47.980000,4.640303,3.904737,-0.878487,3.920204,3.983440,-0.871507,0.724388,0.006980
48.040000,4.647012,3.896302,-0.917753,3.926971,3.975052,-0.910773,0.724334,0.006980
48.080000,4.651903,3.889739,-0.942367,3.931908,3.968523,-0.935387,0.724293,0.006980
48.140000,4.659507,3.878882,-0.976887,3.939587,3.957719,-0.969907,0.724223,0.006980
48.180000,4.666627,3.867962,-1.008558,3.944411,3.950516,-0.991335,0.726919,0.017223
48.240000,4.671239,3.860479,-1.028113,3.951448,3.939398,-1.021133,0.724105,0.006980
48.280000,4.675748,3.852843,-1.046391,3.956010,3.931795,-1.039411,0.724056,0.006980
48.340000,4.682319,3.841141,-1.071407,3.962662,3.920139,-1.064427,0.723980,0.006980
48.380000,4.686576,3.833192,-1.086729,3.966974,3.912220,-1.079749,0.723928,0.006980
48.440000,4.692775,3.821071,-1.109325,3.973258,3.900142,-1.102345,0.723849,0.006980
48.480000,4.696781,3.812862,-1.124213,3.977321,3.891961,-1.117233,0.723795,0.006980
48.540000,4.702597,3.800362,-1.146278,3.979058,3.879375,-1.140694,0.727840,0.005584
48.580000,4.706363,3.791867,-1.160735,3.978685,3.870759,-1.156547,0.731942,0.004188
48.640000,4.711869,3.778824,-1.181775,3.982139,3.857663,-1.178285,0.733976,0.003490
48.680000,4.715425,3.769977,-1.195381,3.985726,3.848828,-1.191891,0.733947,0.003490
48.740000,4.720565,3.756540,-1.215373,3.990913,3.835410,-1.211883,0.733902,0.003490
48.780000,4.723862,3.747475,-1.228470,3.994242,3.826356,-1.224980,0.733872,0.003490
48.840000,4.728614,3.733722,-1.247788,3.999041,3.812619,-1.244298,0.733826,0.003490
48.880000,4.731652,3.724449,-1.260440,4.002112,3.803357,-1.256950,0.733795,0.003490
48.940000,4.736019,3.710383,-1.279047,4.006528,3.789306,-1.275557,0.733748,0.003490
48.980000,4.738799,3.700915,-1.291238,4.009342,3.779848,-1.287748,0.733716,0.003490
49.040000,4.742781,3.686560,-1.309149,4.013373,3.765507,-1.305659,0.733668,0.003490
49.100000,4.746530,3.672050,-1.326634,4.017173,3.751011,-1.323144,0.733619,0.003490
49.140000,4.748903,3.662286,-1.338046,4.019580,3.741255,-1.334556,0.733586,0.003490
49.180000,4.751176,3.652451,-1.349253,4.021887,3.731428,-1.345763,0.733553,0.003490
49.240000,4.754401,3.637563,-1.365670,4.025164,3.716551,-1.362180,0.733502,0.003490
49.280000,4.757403,3.622530,-1.381582,4.027225,3.706553,-1.372840,0.734997,0.008742
49.340000,4.759285,3.612418,-1.391908,4.030136,3.691423,-1.388418,0.733417,0.003490
49.380000,4.761070,3.602253,-1.402035,4.031956,3.681264,-1.398545,0.733382,0.003490
49.440000,4.763570,3.586892,-1.416839,4.034510,3.665912,-1.413349,0.733330,0.003490
49.480000,4.765119,3.576577,-1.426439,4.036095,3.655603,-1.422949,0.733295,0.003490
49.540000,4.767273,3.560996,-1.440414,4.038303,3.640029,-1.436924,0.733242,0.003490
49.580000,4.768596,3.550538,-1.449454,4.039662,3.629577,-1.445964,0.733206,0.003490
49.640000,4.770415,3.534748,-1.462577,4.041537,3.613793,-1.459087,0.733152,0.003490
49.680000,4.771521,3.524149,-1.471037,4.042680,3.603198,-1.467547,0.733115,0.003490
49.740000,4.773023,3.508154,-1.483247,4.044237,3.587207,-1.479757,0.733061,0.003490
49.780000,4.773921,3.497435,-1.491123,4.045173,3.576492,-1.487633,0.733024,0.003490
49.840000,4.775119,3.481261,-1.502512,4.046427,3.560323,-1.499022,0.732968,0.003490
49.880000,4.775820,3.470425,-1.509825,4.047166,3.549489,-1.506335,0.732931,0.003490
49.940000,4.776730,3.454087,-1.520387,4.048133,3.533154,-1.516897,0.732874,0.003490
49.980000,4.777245,3.443141,-1.527151,4.048686,3.522210,-1.523661,0.732837,0.003490
50.040000,4.777884,3.426639,-1.536885,4.049383,3.505710,-1.533395,0.732780,0.003490
50.080000,4.778225,3.415588,-1.543069,4.049762,3.494661,-1.539579,0.732741,0.003490
50.140000,4.778612,3.398941,-1.551959,4.050207,3.478015,-1.548469,0.732684,0.003490
50.180000,4.778790,3.387794,-1.557614,4.050424,3.466869,-1.554124,0.732645,0.003490
50.240000,4.778943,3.371007,-1.565703,4.050636,3.450082,-1.562213,0.732587,0.003490
50.280000,4.778971,3.359769,-1.570821,4.050703,3.438844,-1.567331,0.732548,0.003490
50.340000,4.778908,3.342849,-1.578110,4.050699,3.421925,-1.574620,0.732489,0.003490
50.380000,4.778799,3.331528,-1.582712,4.050630,3.410603,-1.579222,0.732450,0.003490
50.440000,4.778539,3.314532,-1.589509,4.022067,3.398688,-1.644651,0.761138,0.055142
50.480000,4.778163,3.297538,-1.596306,3.975158,3.382071,-1.707815,0.807442,0.111508
50.540000,4.777848,3.286211,-1.600838,3.942695,3.359063,-1.743928,0.838325,0.143090
50.600000,4.777280,3.269222,-1.607635,3.939710,3.342329,-1.750725,0.840755,0.143090
50.620000,4.777065,3.263560,-1.609901,3.938689,3.336756,-1.752991,0.841565,0.143090
50.680000,4.776380,3.247371,-1.616166,3.935702,3.320829,-1.759256,0.843880,0.143090
50.740000,4.775681,3.232640,-1.619771,3.932910,3.306349,-1.762861,0.845988,0.143090
50.780000,4.775198,3.222891,-1.620575,3.931042,3.296769,-1.763665,0.847382,0.143090
50.840000,4.774477,3.208310,-1.619380,3.928249,3.282440,-1.762470,0.849468,0.143090
50.880000,4.774016,3.198613,-1.616984,3.926410,3.272907,-1.760074,0.850856,0.143090
50.940000,4.773384,3.184082,-1.610989,3.923713,3.258615,-1.754079,0.852934,0.143090
50.980000,4.773021,3.174390,-1.605393,3.921971,3.249074,-1.748483,0.854321,0.143090
51.040000,4.772592,3.159824,-1.594598,3.922260,3.231547,-1.748856,0.853351,0.154258
51.080000,4.772402,3.150105,-1.585801,3.922616,3.218525,-1.751227,0.852536,0.165426
51.140000,4.772294,3.135547,-1.570207,3.920805,3.202363,-1.741217,0.854106,0.171010
51.200000,4.772433,3.120926,-1.552019,3.918455,3.187932,-1.723029,0.856604,0.171010
51.240000,4.772678,3.111094,-1.539808,3.917023,3.178202,-1.710818,0.858283,0.171010
51.280000,4.773044,3.101213,-1.527825,3.915702,3.168403,-1.698835,0.859971,0.171010
51.340000,4.773818,3.086278,-1.510351,3.913923,3.153554,-1.681361,0.862523,0.171010
51.380000,4.774482,3.076252,-1.499041,3.912871,3.143561,-1.670051,0.864236,0.171010
51.440000,4.775696,3.061108,-1.482614,3.911490,3.128431,-1.653624,0.866824,0.171010
51.480000,4.776650,3.050945,-1.472028,3.910700,3.118254,-1.643038,0.868562,0.171010
51.540000,4.778289,3.035605,-1.456692,3.909706,3.102859,-1.627702,0.871184,0.171010
51.580000,4.779520,3.025317,-1.446835,3.909168,3.092512,-1.617845,0.872943,0.171010
51.640000,4.781568,3.009793,-1.432626,3.909227,3.073512,-1.610616,0.874665,0.177990
51.680000,4.783060,2.999412,-1.423457,3.909213,3.059579,-1.608427,0.875915,0.184970
51.740000,4.785479,2.983839,-1.409952,3.908754,3.042063,-1.598412,0.878657,0.188460
51.780000,4.787215,2.973431,-1.401130,3.908509,3.031514,-1.589590,0.880623,0.188460
51.840000,4.790007,2.957741,-1.388365,3.908312,3.015579,-1.576825,0.883590,0.188460
51.880000,4.791993,2.947218,-1.380248,3.908291,3.004870,-1.568708,0.885580,0.188460
51.940000,4.795144,2.931382,-1.368583,3.908420,2.988724,-1.557043,0.888576,0.188460
51.980000,4.797360,2.920777,-1.361168,3.908610,2.977891,-1.549628,0.890583,0.188460
52.040000,4.800848,2.904803,-1.350588,3.909043,2.961547,-1.539048,0.893608,0.188460
52.080000,4.803279,2.894111,-1.343893,3.909428,2.950589,-1.532353,0.895633,0.188460
52.140000,4.807080,2.877996,-1.334462,3.910143,2.934047,-1.522922,0.898687,0.188460
52.180000,4.809711,2.867213,-1.328519,3.910708,2.922962,-1.516979,0.900731,0.188460
52.240000,4.813797,2.850977,-1.320189,3.911679,2.906249,-1.508649,0.903809,0.188460
52.280000,4.816605,2.840124,-1.314940,3.912405,2.895061,-1.503400,0.905868,0.188460
52.340000,4.820946,2.823779,-1.307588,3.913607,2.878192,-1.496048,0.908970,0.188460
52.380000,4.823918,2.812850,-1.303036,3.914478,2.866900,-1.491496,0.911045,0.188460
52.440000,4.828487,2.796404,-1.296676,3.915885,2.849890,-1.485136,0.914168,0.188460
52.480000,4.831603,2.785407,-1.292748,3.916886,2.838504,-1.481208,0.916257,0.188460
52.540000,4.836376,2.768859,-1.287342,3.918474,2.821354,-1.475802,0.919402,0.188460
52.580000,4.839619,2.757796,-1.284041,3.919587,2.809879,-1.472501,0.921505,0.188460
52.640000,4.844571,2.741143,-1.279594,3.921331,2.792593,-1.468054,0.924672,0.188460
52.680000,4.847924,2.730008,-1.276934,3.922539,2.781027,-1.465394,0.926791,0.188460
52.740000,4.852968,2.713450,-1.273159,3.903215,2.754430,-1.482559,0.950637,0.209400
52.800000,4.857979,2.697270,-1.267439,3.904753,2.737562,-1.476839,0.954077,0.209400
52.840000,4.861389,2.686457,-1.263167,3.905841,2.726276,-1.472567,0.956377,0.209400
52.880000,4.864859,2.675615,-1.259033,3.906981,2.714949,-1.468433,0.958685,0.209400
52.940000,4.870169,2.659303,-1.253241,3.908784,2.697890,-1.462641,0.962159,0.209400
53.000000,4.875599,2.642928,-1.248027,3.910692,2.680744,-1.457427,0.965648,0.209400
53.040000,4.879281,2.631979,-1.244867,3.912017,2.669269,-1.454267,0.967982,0.209400
53.080000,4.883009,2.621002,-1.241968,3.913382,2.657757,-1.451368,0.970323,0.209400
53.140000,4.888682,2.604483,-1.238121,3.915497,2.640419,-1.447521,0.973848,0.209400
53.200000,4.894439,2.587912,-1.234795,3.917684,2.623013,-1.444195,0.977385,0.209400
53.240000,4.898320,2.576834,-1.232859,3.919177,2.611371,-1.442259,0.979751,0.209400
53.280000,4.902233,2.565730,-1.231153,3.920697,2.599696,-1.440553,0.982124,0.209400
53.340000,4.908154,2.549031,-1.228996,3.923017,2.582131,-1.438396,0.985693,0.209400
53.380000,4.912135,2.537862,-1.227852,3.924590,2.570378,-1.437252,0.988081,0.209400
53.440000,4.918145,2.521067,-1.226521,3.926977,2.552700,-1.435921,0.991673,0.209400
53.480000,4.922173,2.509846,-1.225857,3.928584,2.540887,-1.435257,0.994073,0.209400
53.540000,4.928243,2.492972,-1.225191,3.931014,2.523120,-1.434591,0.997684,0.209400
53.580000,4.932305,2.481695,-1.224964,3.932643,2.511246,-1.434364,1.000098,0.209400
53.640000,4.938399,2.464784,-1.224942,3.935089,2.493437,-1.434342,1.003719,0.209400
53.680000,4.942453,2.453530,-1.225110,3.936715,2.481586,-1.434510,1.006129,0.209400
53.740000,4.948530,2.436648,-1.225477,3.939149,2.463810,-1.434877,1.009745,0.209400
53.780000,4.952577,2.425392,-1.225747,3.940769,2.451958,-1.435147,1.012157,0.209400
53.840000,4.958643,2.408503,-1.226163,3.950800,2.443095,-1.422999,1.008437,0.196836
53.880000,4.962632,2.397381,-1.226980,3.959449,2.440129,-1.411252,1.004093,0.184272
53.940000,4.968447,2.381061,-1.230505,3.965424,2.427313,-1.408495,1.004088,0.177990
53.980000,4.972245,2.370273,-1.234212,3.967252,2.416022,-1.412202,1.006033,0.177990
54.040000,4.977867,2.354044,-1.240493,3.969912,2.399055,-1.418483,1.008959,0.177990
54.080000,4.981562,2.343189,-1.244843,3.971627,2.387717,-1.422833,1.010916,0.177990
54.140000,4.987024,2.326852,-1.251440,3.974111,2.370671,-1.429430,1.013861,0.177990
54.180000,4.990612,2.315922,-1.255861,3.975706,2.359279,-1.433851,1.015831,0.177990
54.240000,4.995910,2.299472,-1.262510,3.978009,2.342150,-1.440500,1.018796,0.177990
54.280000,4.999388,2.288467,-1.266953,3.979483,2.330703,-1.444943,1.020779,0.177990
54.340000,5.004521,2.271903,-1.273628,3.981602,2.313492,-1.451618,1.023764,0.177990
54.380000,5.007888,2.260821,-1.278087,3.982953,2.301989,-1.456077,1.025761,0.177990
54.440000,5.012852,2.244146,-1.284787,3.984887,2.284699,-1.462777,1.028764,0.177990
54.480000,5.016105,2.232993,-1.289262,3.986114,2.273146,-1.467252,1.030773,0.177990
54.540000,5.020898,2.216209,-1.295985,3.987859,2.255779,-1.473975,1.033796,0.177990
54.580000,5.024036,2.204984,-1.300474,3.988960,2.244175,-1.478464,1.035817,0.177990
54.640000,5.028656,2.188088,-1.307222,3.990516,2.226728,-1.485212,1.038859,0.177990
54.700000,5.033171,2.171131,-1.313984,3.991957,2.209240,-1.491974,1.041911,0.177990
54.740000,5.036121,2.159791,-1.318500,3.992853,2.197556,-1.496490,1.043951,0.177990
54.780000,5.039025,2.148419,-1.323022,3.993698,2.185850,-1.501012,1.045997,0.177990
54.840000,5.043291,2.131314,-1.329819,3.995845,2.181032,-1.499433,1.048625,0.169614
54.900000,5.047404,2.114294,-1.337911,3.998011,2.182573,-1.494961,1.051612,0.157050
54.940000,5.050038,2.103020,-1.344777,3.998850,2.171026,-1.501827,1.053386,0.157050
54.980000,5.052587,2.091739,-1.352555,3.999602,2.159485,-1.509605,1.055161,0.157050
55.040000,5.056248,2.074736,-1.364998,4.000559,2.142118,-1.522048,1.057837,0.157050
55.080000,5.058581,2.063328,-1.372828,4.001079,2.130486,-1.529878,1.059632,0.157050
55.140000,5.061949,2.046100,-1.382221,4.001711,2.112943,-1.539271,1.062343,0.157050
55.180000,5.064124,2.034549,-1.386884,4.002053,2.101194,-1.543934,1.064160,0.157050
55.240000,5.067314,2.017154,-1.391479,4.002483,2.083514,-1.548529,1.066897,0.157050
55.280000,5.069411,2.005528,-1.392984,4.002736,2.071703,-1.550034,1.068726,0.157050
55.340000,5.072534,1.988069,-1.394628,4.003089,2.053970,-1.551678,1.071473,0.157050
55.380000,5.075630,1.970596,-1.396224,4.003309,2.042143,-1.552744,1.074705,0.156520
55.440000,5.077679,1.958940,-1.397281,4.003615,2.024395,-1.554331,1.076056,0.157050
55.480000,5.079717,1.947278,-1.398337,4.003804,2.012558,-1.555387,1.077891,0.157050
55.540000,5.082752,1.929773,-1.399920,4.004064,1.994794,-1.556970,1.080646,0.157050
55.580000,5.084760,1.918097,-1.400972,4.004221,1.982947,-1.558022,1.082483,0.157050
55.640000,5.087752,1.900569,-1.402510,4.004435,1.965167,-1.559560,1.085241,0.157050
55.680000,5.089733,1.888875,-1.403495,4.004562,1.953307,-1.560545,1.087082,0.157050
55.740000,5.092684,1.871322,-1.404914,4.004732,1.935508,-1.561964,1.089844,0.157050
55.780000,5.094639,1.859611,-1.405818,4.004831,1.923636,-1.562868,1.091687,0.157050
55.840000,5.097554,1.842032,-1.407111,4.008961,1.893818,-1.564161,1.089824,0.157050
55.880000,5.099479,1.830343,-1.408056,4.013034,1.869971,-1.565106,1.087168,0.157050
55.940000,5.102328,1.812896,-1.409954,4.015119,1.846294,-1.567004,1.087722,0.157050
55.980000,5.104203,1.801284,-1.411471,4.015155,1.834531,-1.568521,1.089556,0.157050
56.040000,5.106985,1.783840,-1.413785,4.015174,1.816867,-1.570835,1.092310,0.157050
56.080000,5.108820,1.772193,-1.415270,4.015165,1.805076,-1.572320,1.094149,0.157050
56.140000,5.111544,1.754701,-1.417378,4.015119,1.787374,-1.574428,1.096911,0.157050
56.180000,5.113341,1.743025,-1.418704,4.015069,1.775560,-1.575754,1.098755,0.157050
56.240000,5.116013,1.725487,-1.420568,4.014964,1.757820,-1.577618,1.101523,0.157050
56.280000,5.117777,1.713781,-1.421730,4.014876,1.745982,-1.578780,1.103371,0.157050
56.340000,5.120403,1.696201,-1.423353,4.014720,1.728207,-1.580403,1.106146,0.157050
56.380000,5.122139,1.684468,-1.424358,4.014600,1.716347,-1.581408,1.107998,0.157050
56.440000,5.124725,1.666848,-1.425752,4.014398,1.698540,-1.582802,1.110779,0.157050
56.480000,5.126438,1.655090,-1.426609,4.014250,1.686659,-1.583659,1.112635,0.157050
56.540000,5.128991,1.637432,-1.427773,4.014010,1.668819,-1.584823,1.115422,0.157050
56.580000,5.130683,1.625651,-1.428490,4.013839,1.656918,-1.585540,1.117282,0.157050
56.640000,5.133208,1.607963,-1.429470,4.013567,1.639053,-1.586520,1.120073,0.157050
56.680000,5.134884,1.596162,-1.430059,4.013376,1.627135,-1.587109,1.121936,0.157050
56.740000,5.137386,1.578446,-1.430859,4.013076,1.609245,-1.587909,1.124732,0.157050
56.780000,5.139877,1.560714,-1.431559,4.012869,1.597311,-1.588387,1.127602,0.156828
56.840000,5.141533,1.548884,-1.431972,4.012548,1.579398,-1.589022,1.129397,0.157050
56.880000,5.143184,1.537047,-1.432345,4.012328,1.567450,-1.589395,1.131265,0.157050
56.940000,5.145630,1.519474,-1.432358,3.995684,1.579701,-1.599878,1.151523,0.167520
56.980000,5.147257,1.507846,-1.431112,3.995349,1.567964,-1.598632,1.153476,0.167520
57.040000,5.149731,1.490403,-1.428662,3.994880,1.550354,-1.596182,1.156406,0.167520
57.100000,5.152251,1.472952,-1.426139,3.994454,1.532727,-1.593659,1.159338,0.167520
57.140000,5.153956,1.461312,-1.424496,3.994195,1.520965,-1.592016,1.161294,0.167520
57.180000,5.155682,1.449667,-1.422899,3.993955,1.509195,-1.590419,1.163251,0.167520
57.240000,5.158306,1.432190,-1.420597,3.993629,1.491526,-1.588117,1.166188,0.167520
57.280000,5.160079,1.420533,-1.419125,3.993433,1.479736,-1.586645,1.168147,0.167520
57.340000,5.162772,1.403039,-1.417012,3.993171,1.462038,-1.584532,1.171088,0.167520
57.380000,5.164589,1.391370,-1.415666,3.993017,1.450229,-1.583186,1.173050,0.167520
57.440000,5.167345,1.373858,-1.413738,3.992815,1.432502,-1.581258,1.175994,0.167520
57.480000,5.169203,1.362176,-1.412516,3.992698,1.420675,-1.580036,1.177958,0.167520
57.540000,5.172016,1.344646,-1.410772,3.992550,1.402921,-1.578292,1.180905,0.167520
57.580000,5.173910,1.332954,-1.409665,3.992468,1.391077,-1.577185,1.182871,0.167520
57.640000,5.176776,1.315409,-1.408085,3.992368,1.373299,-1.575605,1.185822,0.167520
57.680000,5.178704,1.303706,-1.407088,3.992317,1.361439,-1.574608,1.187790,0.167520
57.740000,5.181618,1.286144,-1.405672,3.992262,1.343637,-1.573192,1.190744,0.167520
57.780000,5.184558,1.268572,-1.404351,3.992239,1.331762,-1.572300,1.193992,0.167949
57.840000,5.186532,1.256852,-1.403530,3.992223,1.313935,-1.571050,1.195672,0.167520
57.880000,5.188516,1.245128,-1.402742,3.992225,1.302045,-1.570262,1.197644,0.167520
57.940000,5.191504,1.227580,-1.401531,3.988031,1.294327,-1.576031,1.205322,0.174500
58.000000,5.194501,1.210136,-1.399706,3.987954,1.276628,-1.574206,1.208378,0.174500
58.040000,5.196519,1.198501,-1.398404,3.987921,1.264819,-1.572904,1.210416,0.174500
58.080000,5.198553,1.186861,-1.397123,3.987904,1.253002,-1.571623,1.212455,0.174500
58.140000,5.201635,1.169389,-1.395286,3.987906,1.235261,-1.569786,1.215516,0.174500
58.180000,5.203709,1.157734,-1.394129,3.987925,1.223423,-1.568629,1.217558,0.174500
58.240000,5.206847,1.140241,-1.392499,3.987978,1.205650,-1.566999,1.220623,0.174500
58.280000,5.208956,1.128571,-1.391480,3.988029,1.193792,-1.565980,1.222668,0.174500
58.340000,5.212144,1.111055,-1.390062,3.988128,1.175988,-1.564562,1.225738,0.174500
58.380000,5.214284,1.099372,-1.389179,3.988207,1.164111,-1.563679,1.227785,0.174500
58.440000,5.217516,1.081836,-1.387953,3.988345,1.146281,-1.562453,1.230859,0.174500
58.480000,5.219683,1.070140,-1.387193,3.988449,1.134386,-1.561693,1.232910,0.174500
58.540000,5.222953,1.052587,-1.386138,3.988621,1.116532,-1.560638,1.235987,0.174500
58.580000,5.225143,1.040879,-1.385491,3.988746,1.104621,-1.559991,1.238040,0.174500
58.640000,5.228446,1.023307,-1.384603,3.988947,1.086743,-1.559103,1.241121,0.174500
58.680000,5.230657,1.011587,-1.384064,3.989090,1.074817,-1.558564,1.243176,0.174500
58.740000,5.233986,0.993999,-1.383330,3.989315,1.056918,-1.557830,1.246260,0.174500
58.800000,5.237331,0.976401,-1.382682,3.989553,1.039006,-1.557182,1.249347,0.174500
58.840000,5.239567,0.964664,-1.382296,3.989718,1.027059,-1.556796,1.251405,0.174500
58.880000,5.241809,0.952922,-1.381947,3.989888,1.015107,-1.556447,1.253465,0.174500
58.940000,5.245177,0.935327,-1.381423,3.988040,0.987211,-1.559413,1.258207,0.177990
59.000000,5.248548,0.917777,-1.380630,3.988251,0.969342,-1.558620,1.261351,0.177990
59.040000,5.250804,0.906072,-1.380075,3.988399,0.957422,-1.558065,1.263449,0.177990
59.080000,5.253068,0.894361,-1.379549,3.988554,0.945495,-1.557539,1.265548,0.177990
59.140000,5.256477,0.876788,-1.378824,3.988798,0.927596,-1.556814,1.268697,0.177990
59.180000,5.258758,0.865067,-1.378385,3.988968,0.915657,-1.556375,1.270798,0.177990
59.240000,5.262191,0.847477,-1.377798,3.989231,0.897737,-1.555788,1.273951,0.177990
59.280000,5.264486,0.835746,-1.377450,3.989413,0.885784,-1.555440,1.276054,0.177990
59.340000,5.267936,0.818145,-1.376969,3.989693,0.867850,-1.554959,1.279209,0.177990
59.380000,5.270241,0.806411,-1.376648,3.989884,0.855894,-1.554638,1.281313,0.177990
59.440000,5.273706,0.788813,-1.376168,3.990178,0.837960,-1.554158,1.284468,0.177990
59.480000,5.276020,0.777081,-1.375848,3.990379,0.826004,-1.553838,1.286572,0.177990
59.540000,5.279499,0.759485,-1.375368,3.990687,0.808070,-1.553358,1.289727,0.177990
59.600000,5.282990,0.741870,-1.374988,3.991004,0.790115,-1.552978,1.292886,0.177990
59.640000,5.285325,0.730102,-1.374889,3.991219,0.778120,-1.552879,1.294997,0.177990
59.700000,5.288829,0.712449,-1.374855,3.991542,0.760126,-1.552845,1.298163,0.177990
59.740000,5.291164,0.700685,-1.374877,3.991757,0.748134,-1.552867,1.300273,0.177990
59.780000,5.293498,0.688924,-1.374923,3.991972,0.736145,-1.552913,1.302382,0.177990
59.840000,5.296996,0.671286,-1.375029,3.992292,0.718166,-1.553019,1.305546,0.177990
59.880000,5.299327,0.659530,-1.375123,3.992505,0.706184,-1.553113,1.307655,0.177990
59.940000,5.302811,0.641944,-1.375420,3.997063,0.678314,-1.546430,1.306254,0.171010
59.980000,5.305113,0.630296,-1.376052,3.997349,0.666444,-1.547062,1.308263,0.171010
60.040000,5.308549,0.612820,-1.377260,3.997761,0.648638,-1.548270,1.311277,0.171010
60.080000,5.310828,0.601165,-1.378110,3.998024,0.636766,-1.549120,1.313287,0.171010
60.140000,5.314229,0.583676,-1.379381,3.998398,0.618953,-1.550391,1.316303,0.171010
60.180000,5.316484,0.572011,-1.380214,3.998636,0.607074,-1.551224,1.318315,0.171010
60.240000,5.319850,0.554505,-1.381434,3.998974,0.589251,-1.552444,1.321333,0.171010
60.280000,5.322083,0.542830,-1.382228,3.999187,0.577366,-1.553238,1.323347,0.171010
60.340000,5.325416,0.525309,-1.383386,3.999490,0.559533,-1.554396,1.326368,0.171010
60.380000,5.327628,0.513622,-1.384134,3.999681,0.547640,-1.555144,1.328383,0.171010
60.440000,5.330930,0.496085,-1.385225,3.999950,0.529797,-1.556235,1.331407,0.171010
60.480000,5.334214,0.478539,-1.386278,4.000119,0.517898,-1.556941,1.334676,0.170663
60.540000,5.336394,0.466837,-1.386959,4.000357,0.500046,-1.557969,1.336450,0.171010
60.580000,5.338567,0.455130,-1.387622,4.000506,0.488140,-1.558632,1.338468,0.171010
60.640000,5.341812,0.437564,-1.388597,4.000715,0.470278,-1.559607,1.341496,0.171010
60.680000,5.343967,0.425848,-1.389243,4.000844,0.458366,-1.560253,1.343516,0.171010
60.740000,5.347185,0.408268,-1.390209,4.001024,0.440495,-1.561219,1.346547,0.171010
60.780000,5.349322,0.396544,-1.390853,4.001134,0.428578,-1.561863,1.348568,0.171010
60.840000,5.352514,0.378950,-1.391819,4.005285,0.414698,-1.562829,1.347703,0.171010
60.880000,5.354624,0.367261,-1.392637,4.009375,0.406820,-1.563647,1.345830,0.171010
60.940000,5.357744,0.349843,-1.394681,4.011486,0.391125,-1.565691,1.346891,0.171010
60.980000,5.359794,0.338260,-1.396530,4.011535,0.379362,-1.567540,1.348885,0.171010
61.040000,5.362829,0.320870,-1.399553,4.011566,0.361710,-1.570563,1.351880,0.171010
61.080000,5.364824,0.309264,-1.401625,4.011557,0.349933,-1.572635,1.353878,0.171010
61.140000,5.367773,0.291833,-1.404760,4.011496,0.332255,-1.575770,1.356879,0.171010
61.180000,5.369710,0.280199,-1.406857,4.011425,0.320461,-1.577867,1.358881,0.171010
61.240000,5.372572,0.262727,-1.410009,4.011272,0.302756,-1.581019,1.361888,0.171010
61.280000,5.374451,0.251065,-1.412112,4.011139,0.290945,-1.583122,1.363895,0.171010
61.340000,5.377226,0.233548,-1.415270,4.010892,0.273211,-1.586280,1.366909,0.171010
61.380000,5.379046,0.221858,-1.417377,4.010697,0.261382,-1.588387,1.368920,0.171010
61.440000,5.381732,0.204304,-1.420540,4.010356,0.243626,-1.591550,1.371939,0.171010
61.480000,5.383493,0.192587,-1.422651,4.010098,0.231781,-1.593661,1.373954,0.171010
61.540000,5.386091,0.174991,-1.425819,4.009663,0.214000,-1.596829,1.376980,0.171010
61.580000,5.387793,0.163247,-1.427933,4.009342,0.202137,-1.598943,1.378999,0.171010
61.640000,5.390301,0.145609,-1.431107,4.008812,0.184329,-1.602117,1.382032,0.171010
61.680000,5.391943,0.133839,-1.433224,4.008427,0.172452,-1.604234,1.384055,0.171010
61.740000,5.394360,0.116179,-1.436399,4.007803,0.154638,-1.607409,1.387090,0.171010
61.780000,5.395940,0.104401,-1.438516,4.007356,0.142763,-1.609526,1.389114,0.171010
61.840000,5.398263,0.086728,-1.441691,4.006637,0.124953,-1.612701,1.392150,0.171010
61.880000,5.399780,0.074942,-1.443808,4.006127,0.113080,-1.614818,1.394175,0.171010
61.940000,5.402001,0.057328,-1.446862,4.003207,0.085354,-1.621362,1.399075,0.174500
61.980000,5.403439,0.045728,-1.447780,4.002609,0.073681,-1.622280,1.401109,0.174500
62.040000,5.405593,0.028344,-1.446757,4.001712,0.056186,-1.621257,1.404157,0.174500
62.080000,5.407048,0.016760,-1.444925,4.001134,0.044526,-1.619425,1.406188,0.174500
62.140000,5.409273,-0.000619,-1.442001,4.000308,0.027025,-1.616501,1.409236,0.174500
62.180000,5.410786,-0.012208,-1.440014,3.999785,0.015349,-1.614514,1.411269,0.174500
62.240000,5.413100,-0.029600,-1.437018,3.999045,-0.002180,-1.611518,1.414321,0.174500
62.280000,5.414673,-0.041198,-1.435017,3.998580,-0.013876,-1.609517,1.416356,0.174500
62.340000,5.417077,-0.058604,-1.432059,3.997926,-0.031435,-1.606559,1.419411,0.174500
62.380000,5.418709,-0.070214,-1.430138,3.997518,-0.043151,-1.604638,1.421449,0.174500
62.440000,5.421201,-0.087637,-1.427357,3.996947,-0.060743,-1.601857,1.424508,0.174500
62.480000,5.422890,-0.099258,-1.425561,3.996593,-0.072480,-1.600061,1.426549,0.174500
62.540000,5.425464,-0.116696,-1.422959,3.996100,-0.090101,-1.597459,1.429611,0.174500
62.580000,5.427207,-0.128328,-1.421285,3.995797,-0.101858,-1.595785,1.431655,0.174500
62.640000,5.429858,-0.145782,-1.418865,3.995377,-0.119508,-1.593365,1.434721,0.174500
62.680000,5.431649,-0.157424,-1.417315,3.995120,-0.131284,-1.591815,1.436767,0.174500
62.740000,5.434372,-0.174896,-1.415078,3.994769,-0.148963,-1.589578,1.439837,0.174500
62.780000,5.436210,-0.186550,-1.413654,3.994556,-0.160759,-1.588154,1.441886,0.174500
62.840000,5.439000,-0.204039,-1.411604,3.994267,-0.178467,-1.586104,1.444960,0.174500
62.880000,5.440881,-0.215702,-1.410296,3.994093,-0.190280,-1.584796,1.447010,0.174500
62.940000,5.443726,-0.233171,-1.408334,3.985960,-0.198031,-1.579344,1.458189,0.171010
62.980000,5.445635,-0.244761,-1.406745,3.985869,-0.209777,-1.577755,1.460185,0.171010
63.040000,5.448537,-0.262159,-1.404278,3.985768,-0.227415,-1.575288,1.463182,0.171010
63.080000,5.450497,-0.273765,-1.402676,3.985724,-0.239186,-1.573686,1.465181,0.171010
63.140000,5.453475,-0.291188,-1.400379,3.985694,-0.256861,-1.571389,1.468183,0.171010
63.180000,5.455484,-0.302812,-1.398931,3.985695,-0.268657,-1.569941,1.470186,0.171010
63.240000,5.458531,-0.320261,-1.396883,3.985729,-0.286370,-1.567893,1.473193,0.171010
63.280000,5.460584,-0.331902,-1.395602,3.985771,-0.298191,-1.566612,1.475199,0.171010
63.340000,5.463694,-0.349376,-1.393800,3.985861,-0.315940,-1.564810,1.478211,0.171010
63.380000,5.465786,-0.361034,-1.392680,3.985939,-0.327784,-1.563690,1.480221,0.171010
63.440000,5.468951,-0.378535,-1.391115,3.986079,-0.345567,-1.562125,1.483238,0.171010
63.480000,5.471077,-0.390209,-1.390150,3.986188,-0.357433,-1.561160,1.485251,0.171010
63.540000,5.474290,-0.407730,-1.388804,3.986372,-0.375246,-1.559814,1.488273,0.171010
63.580000,5.476446,-0.419419,-1.387974,3.986507,-0.387131,-1.558984,1.490288,0.171010
63.640000,5.479700,-0.436963,-1.386828,3.986728,-0.404973,-1.557838,1.493314,0.171010
63.680000,5.481882,-0.448666,-1.386128,3.986887,-0.416876,-1.557138,1.495333,0.171010
63.740000,5.485172,-0.466232,-1.385180,3.987140,-0.434746,-1.556190,1.498363,0.171010
63.780000,5.487376,-0.477948,-1.384604,3.987317,-0.446666,-1.555614,1.500384,0.171010
63.840000,5.490695,-0.495532,-1.383820,3.987596,-0.464558,-1.554830,1.503418,0.171010
63.880000,5.492917,-0.507261,-1.383354,3.987790,-0.476494,-1.554364,1.505442,0.171010
63.940000,5.496257,-0.524840,-1.382671,3.985990,-0.484358,-1.557171,1.510809,0.174500
63.980000,5.498486,-0.536528,-1.382061,3.986156,-0.496256,-1.556561,1.512866,0.174500
64.040000,5.501846,-0.554072,-1.381106,3.986419,-0.514117,-1.555606,1.515954,0.174500
64.080000,5.504096,-0.565775,-1.380507,3.986603,-0.526033,-1.555007,1.518013,0.174500
64.140000,5.507487,-0.583338,-1.379680,3.986893,-0.543918,-1.554180,1.521105,0.174500
64.180000,5.509757,-0.595053,-1.379180,3.987095,-0.555849,-1.553680,1.523167,0.174500
64.240000,5.513174,-0.612634,-1.378507,3.987407,-0.573756,-1.553007,1.526262,0.174500
64.280000,5.515459,-0.624361,-1.378110,3.987622,-0.585701,-1.552610,1.528326,0.174500
64.340000,5.518898,-0.641962,-1.377602,3.987953,-0.603632,-1.552102,1.531425,0.174500
64.380000,5.521196,-0.653700,-1.377308,3.988178,-0.615592,-1.551808,1.533492,0.174500
64.440000,5.524652,-0.671316,-1.376932,3.988523,-0.633540,-1.551432,1.536593,0.174500
64.480000,5.526960,-0.683066,-1.376725,3.988756,-0.645512,-1.551225,1.538662,0.174500
64.540000,5.530427,-0.700698,-1.376476,3.989110,-0.663478,-1.550976,1.541767,0.174500
64.580000,5.532743,-0.712457,-1.376350,3.989348,-0.675461,-1.550850,1.543838,0.174500
64.640000,5.536219,-0.730104,-1.376217,3.989708,-0.693443,-1.550717,1.546945,0.174500
64.680000,5.538539,-0.741873,-1.376164,3.989949,-0.705436,-1.550664,1.549018,0.174500
64.740000,5.542020,-0.759531,-1.376134,3.990312,-0.723430,-1.550634,1.552128,0.174500
64.780000,5.544340,-0.771300,-1.376146,3.990554,-0.735423,-1.550646,1.554201,0.174500
64.840000,5.547819,-0.788947,-1.376211,3.990916,-0.753406,-1.550711,1.557309,0.174500
64.880000,5.550137,-0.800708,-1.376282,3.991156,-0.765392,-1.550782,1.559380,0.174500
64.940000,5.553610,-0.818346,-1.376427,3.991515,-0.803364,-1.550927,1.562167,0.174500
64.980000,5.555923,-0.830101,-1.376546,3.991752,-0.815343,-1.551046,1.564241,0.174500
65.040000,5.559390,-0.847730,-1.376759,3.992105,-0.833306,-1.551259,1.567351,0.174500
65.100000,5.562851,-0.865355,-1.377009,3.992454,-0.851264,-1.551509,1.570460,0.174500
65.140000,5.565155,-0.877103,-1.377196,3.992683,-0.863233,-1.551696,1.572533,0.174500
65.200000,5.568607,-0.894722,-1.377502,3.993024,-0.881184,-1.552002,1.575641,0.174500
65.240000,5.570904,-0.906466,-1.377724,3.993247,-0.893149,-1.552224,1.577713,0.174500
65.280000,5.573199,-0.918209,-1.377956,3.993468,-0.905112,-1.552456,1.579785,0.174500
65.340000,5.576635,-0.935823,-1.378322,3.993794,-0.923055,-1.552822,1.582892,0.174500
65.380000,5.578921,-0.947565,-1.378579,3.994007,-0.935015,-1.553079,1.584964,0.174500
65.440000,5.582345,-0.965176,-1.378980,3.994322,-0.952954,-1.553480,1.588071,0.174500
65.480000,5.584624,-0.976916,-1.379257,3.994527,-0.964911,-1.553757,1.590142,0.174500
65.540000,5.588035,-0.994526,-1.379686,3.994829,-0.982846,-1.554186,1.593249,0.174500
65.580000,5.590304,-1.006266,-1.379980,3.995026,-0.994801,-1.554480,1.595320,0.174500
65.640000,5.593702,-1.023876,-1.380430,3.995314,-1.012734,-1.554930,1.598426,0.174500
65.680000,5.595962,-1.035616,-1.380737,3.995502,-1.024688,-1.555237,1.600497,0.174500
65.740000,5.599346,-1.053226,-1.381203,3.995777,-1.042618,-1.555703,1.603604,0.174500
65.780000,5.601597,-1.064967,-1.381518,3.995956,-1.054571,-1.556018,1.605675,0.174500
65.840000,5.604966,-1.082578,-1.381995,3.996216,-1.072500,-1.556495,1.608782,0.174500
65.880000,5.607208,-1.094320,-1.382315,3.996385,-1.084453,-1.556815,1.610853,0.174500
65.940000,5.610563,-1.111934,-1.382798,3.996632,-1.092382,-1.557298,1.614050,0.174500
65.980000,5.612795,-1.123677,-1.383121,3.996791,-1.104334,-1.557621,1.616120,0.174500
66.040000,5.616137,-1.141293,-1.383606,3.997023,-1.122263,-1.558106,1.619225,0.174500
66.080000,5.618359,-1.153039,-1.383928,3.997173,-1.134216,-1.558428,1.621296,0.174500
66.140000,5.621686,-1.170658,-1.384411,3.997390,-1.152145,-1.558911,1.624402,0.174500
66.180000,5.623900,-1.182405,-1.384731,3.997530,-1.164098,-1.559231,1.626472,0.174500
66.240000,5.627213,-1.200028,-1.385208,3.997733,-1.182029,-1.559708,1.629579,0.174500
66.280000,5.629417,-1.211778,-1.385524,3.997864,-1.193983,-1.560024,1.631650,0.174500
66.340000,5.632716,-1.229405,-1.385993,3.998053,-1.211915,-1.560493,1.634757,0.174500
66.380000,5.634911,-1.241158,-1.386303,3.998174,-1.223870,-1.560803,1.636828,0.174500
66.440000,5.638197,-1.258789,-1.386761,3.998349,-1.241804,-1.561261,1.639936,0.174500
66.480000,5.640383,-1.270544,-1.387063,3.998462,-1.253761,-1.561563,1.642008,0.174500
66.540000,5.643657,-1.288180,-1.387509,3.998623,-1.271696,-1.562009,1.645116,0.174500
66.580000,5.645834,-1.299938,-1.387801,3.998727,-1.283654,-1.562301,1.647188,0.174500
66.640000,5.649095,-1.317578,-1.388233,3.998875,-1.301592,-1.562733,1.650297,0.174500
66.680000,5.651265,-1.329340,-1.388515,3.998970,-1.313552,-1.563015,1.652370,0.174500
66.740000,5.654513,-1.346984,-1.388930,3.999106,-1.331493,-1.563430,1.655480,0.174500
66.780000,5.656675,-1.358749,-1.389201,3.999192,-1.343454,-1.563701,1.657554,0.174500
66.840000,5.659912,-1.376398,-1.389600,4.004133,-1.361388,-1.562704,1.655847,0.173104
66.880000,5.662056,-1.388114,-1.390032,4.009051,-1.373284,-1.561740,1.653072,0.171708
66.940000,5.665233,-1.405555,-1.391421,4.011621,-1.391003,-1.562431,1.653676,0.171010
66.980000,5.667327,-1.417148,-1.392759,4.011712,-1.402783,-1.563769,1.655677,0.171010
67.040000,5.670441,-1.434558,-1.394886,4.011817,-1.420469,-1.565896,1.658683,0.171010
67.080000,5.672498,-1.446179,-1.396277,4.011867,-1.432270,-1.567287,1.660689,0.171010
67.140000,5.675557,-1.463633,-1.398267,4.011911,-1.449991,-1.569277,1.663702,0.171010
67.180000,5.677580,-1.475282,-1.399521,4.011922,-1.461814,-1.570531,1.665712,0.171010
67.240000,5.680589,-1.492776,-1.401297,4.011911,-1.479565,-1.572307,1.668731,0.171010
67.280000,5.682581,-1.504452,-1.402412,4.011886,-1.491409,-1.573422,1.670746,0.171010
67.340000,5.685547,-1.521984,-1.403982,4.011825,-1.509191,-1.574992,1.673770,0.171010
67.380000,5.687511,-1.533683,-1.404972,4.011770,-1.521053,-1.575982,1.675789,0.171010
67.440000,5.690436,-1.551241,-1.406425,4.011664,-1.538852,-1.577435,1.678817,0.171010
67.480000,5.692373,-1.562953,-1.407388,4.011580,-1.550724,-1.578398,1.680838,0.171010
67.540000,5.695258,-1.580531,-1.408829,4.011432,-1.568536,-1.579839,1.683869,0.171010
67.580000,5.697168,-1.592256,-1.409789,4.011318,-1.580415,-1.580799,1.685891,0.171010
67.640000,5.700013,-1.609853,-1.411230,4.011127,-1.598239,-1.582240,1.688926,0.171010
67.680000,5.701896,-1.621590,-1.412191,4.010986,-1.610126,-1.583201,1.690950,0.171010
67.740000,5.704701,-1.639205,-1.413632,4.010751,-1.627962,-1.584642,1.693987,0.171010
67.780000,5.706557,-1.650955,-1.414594,4.010581,-1.639856,-1.585604,1.696012,0.171010
67.840000,5.709321,-1.668590,-1.416037,4.010304,-1.657703,-1.587047,1.699052,0.171010
67.900000,5.712061,-1.686235,-1.417480,4.010001,-1.675558,-1.588490,1.702094,0.171010
67.940000,5.713874,-1.698005,-1.418442,4.009784,-1.687465,-1.589452,1.704122,0.171010
67.980000,5.715676,-1.709780,-1.419405,4.009556,-1.699375,-1.590415,1.706151,0.171010
68.040000,5.718359,-1.727453,-1.420850,4.009193,-1.717246,-1.591860,1.709197,0.171010
68.080000,5.721018,-1.745136,-1.422295,4.008936,-1.729164,-1.592824,1.712156,0.170528
68.140000,5.722776,-1.756931,-1.423259,4.008529,-1.747046,-1.594269,1.714276,0.171010
68.180000,5.724524,-1.768731,-1.424224,4.008243,-1.758971,-1.595234,1.716309,0.171010
68.240000,5.727126,-1.786440,-1.425671,4.007793,-1.776865,-1.596681,1.719359,0.171010
68.280000,5.728846,-1.798252,-1.426636,4.007478,-1.788798,-1.597646,1.721394,0.171010
68.340000,5.731407,-1.815980,-1.428084,4.006985,-1.806703,-1.599094,1.724447,0.171010
68.380000,5.733100,-1.827806,-1.429049,4.006641,-1.818644,-1.600059,1.726483,0.171010
68.440000,5.735619,-1.845552,-1.430499,4.006103,-1.836559,-1.601509,1.729539,0.171010
68.480000,5.737285,-1.857388,-1.431465,4.005731,-1.848507,-1.602475,1.731577,0.171010
68.540000,5.739752,-1.875063,-1.432543,4.005154,-1.866343,-1.603553,1.734620,0.171010
68.600000,5.742204,-1.892640,-1.431713,4.004578,-1.884082,-1.602723,1.737646,0.171010
68.640000,5.743849,-1.904357,-1.430868,4.004205,-1.895907,-1.601878,1.739664,0.171010
68.680000,5.745504,-1.916074,-1.429959,4.003843,-1.907735,-1.600969,1.741681,0.171010
68.740000,5.748009,-1.933652,-1.428556,4.003320,-1.925483,-1.599566,1.744708,0.171010
68.780000,5.749693,-1.945373,-1.427611,4.002985,-1.937320,-1.598621,1.746727,0.171010
68.840000,5.752241,-1.962957,-1.426191,4.002503,-1.955081,-1.597201,1.749756,0.171010
68.880000,5.753954,-1.974681,-1.425243,4.002196,-1.966926,-1.596253,1.751776,0.171010
68.940000,5.756546,-1.992273,-1.423820,4.001756,-1.984702,-1.594830,1.754806,0.171010
68.980000,5.758288,-2.004002,-1.422871,4.001476,-1.996556,-1.593881,1.756827,0.171010
69.040000,5.760923,-2.021597,-1.421448,4.001078,-2.014343,-1.592458,1.759859,0.171010
69.080000,5.762694,-2.033330,-1.420510,4.000827,-2.026206,-1.591520,1.761881,0.171010
69.140000,5.765371,-2.050931,-1.419133,4.000470,-2.044006,-1.590143,1.764914,0.171010
69.180000,5.767170,-2.062667,-1.418238,4.000246,-2.055877,-1.589248,1.766937,0.171010
69.240000,5.769889,-2.080272,-1.416933,3.999929,-2.073689,-1.587943,1.769972,0.171010
69.280000,5.771715,-2.092012,-1.416090,3.999730,-2.085567,-1.587100,1.771996,0.171010
69.340000,5.774473,-2.109624,-1.414866,3.999451,-2.103392,-1.585876,1.775033,0.171010
69.400000,5.777252,-2.127239,-1.413688,3.999192,-2.121223,-1.584698,1.778070,0.171010
69.440000,5.779118,-2.138984,-1.412928,3.999032,-2.133114,-1.583938,1.780096,0.171010
69.480000,5.780992,-2.150731,-1.412189,3.998880,-2.145009,-1.583199,1.782122,0.171010
69.540000,5.783821,-2.168354,-1.411118,3.998668,-2.162856,-1.582128,1.785161,0.171010
69.580000,5.785717,-2.180105,-1.410430,3.998537,-2.174758,-1.581440,1.787188,0.171010
69.640000,5.788578,-2.197734,-1.409436,3.998356,-2.192617,-1.580446,1.790229,0.171010
69.680000,5.790495,-2.209489,-1.408798,3.998245,-2.204527,-1.579808,1.792257,0.171010
69.740000,5.793386,-2.227125,-1.407879,3.998092,-2.222397,-1.578889,1.795300,0.171010
69.780000,5.795322,-2.238884,-1.407292,3.997999,-2.234315,-1.578302,1.797329,0.171010
69.840000,5.798241,-2.256525,-1.406448,3.997873,-2.252195,-1.577458,1.800373,0.171010
69.880000,5.800195,-2.268288,-1.405908,3.997796,-2.264119,-1.576918,1.802403,0.171010
69.940000,5.803135,-2.285913,-1.405073,3.995578,-2.281940,-1.579573,1.807561,0.174500
69.980000,5.805098,-2.297627,-1.404330,3.995478,-2.293818,-1.578830,1.809624,0.174500
70.040000,5.808062,-2.315203,-1.403135,3.995345,-2.311641,-1.577635,1.812720,0.174500
70.080000,5.810051,-2.326923,-1.402346,3.995269,-2.323529,-1.576846,1.814785,0.174500
70.140000,5.813052,-2.344509,-1.401208,3.995171,-2.341368,-1.575708,1.817883,0.174500
70.180000,5.815064,-2.356236,-1.400485,3.995117,-2.353267,-1.574985,1.819950,0.174500
70.240000,5.818100,-2.373832,-1.399453,3.995051,-2.371122,-1.573953,1.823050,0.174500
70.280000,5.820134,-2.385566,-1.398802,3.995018,-2.383031,-1.573302,1.825118,0.174500
70.340000,5.823201,-2.403172,-1.397877,3.994981,-2.400903,-1.572377,1.828221,0.174500
70.380000,5.825255,-2.414913,-1.397294,3.994966,-2.412821,-1.571794,1.830290,0.174500
70.440000,5.828350,-2.432529,-1.396471,3.994956,-2.430708,-1.570971,1.833395,0.174500
70.480000,5.830422,-2.444276,-1.395957,3.994957,-2.442636,-1.570457,1.835466,0.174500
70.540000,5.833542,-2.461902,-1.395233,3.994969,-2.460536,-1.569733,1.838574,0.174500
70.580000,5.835630,-2.473655,-1.394781,3.994985,-2.472473,-1.569281,1.840646,0.174500
70.640000,5.838772,-2.491290,-1.394144,3.995018,-2.490385,-1.568644,1.843755,0.174500
70.680000,5.840874,-2.503049,-1.393747,3.995046,-2.502331,-1.568247,1.845828,0.174500
70.740000,5.844036,-2.520692,-1.393196,3.995096,-2.520255,-1.567696,1.848939,0.174500
70.780000,5.846149,-2.532457,-1.392854,3.995136,-2.532208,-1.567354,1.851014,0.174500
70.840000,5.849328,-2.550108,-1.392379,3.995202,-2.550143,-1.566879,1.854127,0.174500
70.880000,5.851453,-2.561878,-1.392087,3.995250,-2.562103,-1.566587,1.856202,0.174500
70.940000,5.854642,-2.579513,-1.391625,3.993210,-2.580001,-1.569615,1.861432,0.177990
70.980000,5.856768,-2.591236,-1.391129,3.993227,-2.591915,-1.569119,1.863541,0.177990
71.040000,5.859970,-2.608825,-1.390306,3.993265,-2.609793,-1.568296,1.866706,0.177990
71.080000,5.862114,-2.620554,-1.389766,3.993298,-2.621717,-1.567756,1.868817,0.177990
71.140000,5.865342,-2.638154,-1.388996,3.993359,-2.639609,-1.566986,1.871984,0.177990
71.180000,5.867503,-2.649890,-1.388515,3.993407,-2.651543,-1.566505,1.874096,0.177990
71.240000,5.870755,-2.667501,-1.387849,3.993490,-2.669452,-1.565839,1.877266,0.177990
71.280000,5.872930,-2.679245,-1.387438,3.993552,-2.681395,-1.565428,1.879380,0.177990
71.340000,5.876203,-2.696866,-1.386867,3.993653,-2.699317,-1.564857,1.882551,0.177990
71.380000,5.878391,-2.708616,-1.386519,3.993726,-2.711269,-1.564509,1.884667,0.177990
71.440000,5.881682,-2.726247,-1.386041,3.993844,-2.729204,-1.564031,1.887841,0.177990
71.480000,5.883881,-2.738004,-1.385752,3.993926,-2.741165,-1.563742,1.889957,0.177990
71.540000,5.887187,-2.755644,-1.385359,3.994056,-2.759111,-1.563349,1.893133,0.177990
71.580000,5.889395,-2.767407,-1.385125,3.994147,-2.771080,-1.563115,1.895251,0.177990
71.640000,5.892713,-2.785057,-1.384811,3.994288,-2.789037,-1.562801,1.898429,0.177990
71.680000,5.894928,-2.796825,-1.384626,3.994385,-2.801013,-1.562616,1.900548,0.177990
71.740000,5.898256,-2.814483,-1.384385,3.994534,-2.818980,-1.562375,1.903728,0.177990
71.780000,5.900478,-2.826257,-1.384246,3.994636,-2.830962,-1.562236,1.905848,0.177990
71.840000,5.903814,-2.843922,-1.384069,3.991607,-2.852943,-1.560663,1.912228,0.176594
71.880000,5.906036,-2.855678,-1.383896,3.988552,-2.868903,-1.559094,1.917530,0.175198
71.940000,5.909364,-2.873254,-1.383328,3.987185,-2.888785,-1.557828,1.922242,0.174500
71.980000,5.911587,-2.884957,-1.382781,3.987343,-2.900696,-1.557281,1.924309,0.174500
72.040000,5.914937,-2.902520,-1.381939,3.987592,-2.918574,-1.556439,1.927412,0.174500
72.080000,5.917179,-2.914234,-1.381409,3.987766,-2.930499,-1.555909,1.929481,0.174500
72.140000,5.920556,-2.931815,-1.380681,3.988040,-2.948399,-1.555181,1.932587,0.174500
72.180000,5.922815,-2.943540,-1.380247,3.988229,-2.960339,-1.554747,1.934659,0.174500
72.240000,5.926214,-2.961137,-1.379665,3.988522,-2.978259,-1.554165,1.937768,0.174500
72.280000,5.928488,-2.972874,-1.379325,3.988723,-2.990212,-1.553825,1.939842,0.174500
72.340000,5.931906,-2.990488,-1.378881,3.989031,-3.008151,-1.553381,1.942955,0.174500
72.380000,5.934190,-3.002235,-1.378629,3.989241,-3.020117,-1.553129,1.945031,0.174500
72.440000,5.937623,-3.019864,-1.378313,3.989561,-3.038074,-1.552813,1.948147,0.174500
72.480000,5.939916,-3.031621,-1.378142,3.989778,-3.050051,-1.552642,1.950225,0.174500
72.540000,5.943359,-3.049265,-1.377942,3.990106,-3.068024,-1.552442,1.953343,0.174500
72.580000,5.945658,-3.061031,-1.377844,3.990327,-3.080011,-1.552344,1.955423,0.174500
72.640000,5.949109,-3.078688,-1.377748,3.990660,-3.097999,-1.552248,1.958544,0.174500
72.680000,5.951411,-3.090463,-1.377715,3.990882,-3.109995,-1.552215,1.960626,0.174500
72.740000,5.954864,-3.108124,-1.377713,3.991217,-3.127987,-1.552213,1.963748,0.174500
72.780000,5.957165,-3.119895,-1.377741,3.991439,-3.139979,-1.552241,1.965828,0.174500
72.840000,5.960615,-3.137547,-1.377820,3.992590,-3.153956,-1.550924,1.968094,0.173104
72.880000,5.962911,-3.149297,-1.377946,3.993651,-3.161911,-1.549654,1.969300,0.171708
72.940000,5.966341,-3.166881,-1.378379,3.994446,-3.177812,-1.549389,1.971925,0.171010
72.980000,5.968620,-3.178590,-1.378806,3.994699,-3.189739,-1.549816,1.973952,0.171010
73.040000,5.972028,-3.196156,-1.379517,3.995068,-3.207628,-1.550527,1.976993,0.171010
73.080000,5.974293,-3.207867,-1.380008,3.995307,-3.219554,-1.551018,1.979020,0.171010
73.140000,5.977679,-3.225437,-1.380750,3.995654,-3.237444,-1.551760,1.982061,0.171010
73.200000,5.981053,-3.243009,-1.381491,3.995988,-3.255334,-1.552501,1.985103,0.171010
73.240000,5.983295,-3.254726,-1.381983,3.996204,-3.267262,-1.552993,1.987131,0.171010
73.280000,5.985531,-3.266444,-1.382473,3.996413,-3.279189,-1.553483,1.989159,0.171010
73.340000,5.988875,-3.284025,-1.383203,3.996716,-3.297082,-1.554213,1.992201,0.171010
73.380000,5.991097,-3.295747,-1.383684,3.996911,-3.309012,-1.554694,1.994230,0.171010
73.440000,5.994420,-3.313334,-1.384399,3.997193,-3.326907,-1.555409,1.997273,0.171010
73.480000,5.996629,-3.325060,-1.384871,3.997374,-3.338839,-1.555881,1.999302,0.171010
73.540000,5.999932,-3.342653,-1.385569,3.997635,-3.356737,-1.556579,2.002346,0.171010
73.580000,6.002127,-3.354384,-1.386027,3.997802,-3.368670,-1.557037,2.004376,0.171010
73.640000,6.005410,-3.371984,-1.386704,3.998042,-3.386572,-1.557714,2.007421,0.171010
73.680000,6.007593,-3.383719,-1.387149,3.998195,-3.398508,-1.558159,2.009452,0.171010
73.740000,6.010857,-3.401326,-1.387803,3.998416,-3.416414,-1.558813,2.012498,0.171010
73.780000,6.013027,-3.413066,-1.388231,3.998556,-3.428352,-1.559241,2.014529,0.171010
73.840000,6.016273,-3.430680,-1.388860,4.001957,-3.450281,-1.561266,2.014412,0.172406
73.880000,6.018427,-3.442402,-1.389351,4.005239,-3.466210,-1.563153,2.013328,0.173802
73.940000,6.021633,-3.459928,-1.390408,4.006936,-3.486029,-1.564908,2.014866,0.174500
73.980000,6.023756,-3.471599,-1.391286,4.007001,-3.497892,-1.565786,2.016927,0.174500
74.040000,6.026923,-3.489119,-1.392642,4.007078,-3.515695,-1.567142,2.020020,0.174500
74.080000,6.029022,-3.500805,-1.393540,4.007116,-3.527569,-1.568040,2.022083,0.174500
74.140000,6.032152,-3.518345,-1.394885,4.007153,-3.545385,-1.569385,2.025179,0.174500
74.180000,6.034226,-3.530043,-1.395781,4.007165,-3.557266,-1.570281,2.027244,0.174500
74.240000,6.037318,-3.547601,-1.397125,4.007162,-3.575094,-1.571625,2.030343,0.174500
74.280000,6.039368,-3.559312,-1.398022,4.007147,-3.586983,-1.572522,2.032409,0.174500
74.340000,6.042423,-3.576887,-1.399367,4.007104,-3.604822,-1.573867,2.035510,0.174500
74.380000,6.044447,-3.588611,-1.400264,4.007062,-3.616718,-1.574764,2.037579,0.174500
74.440000,6.047464,-3.606205,-1.401610,4.006979,-3.634569,-1.576110,2.040682,0.174500
74.480000,6.049464,-3.617941,-1.402507,4.006911,-3.646474,-1.577007,2.042752,0.174500
74.540000,6.052444,-3.635553,-1.403854,4.006788,-3.664336,-1.578354,2.045859,0.174500
74.580000,6.054418,-3.647300,-1.404753,4.006692,-3.676248,-1.579253,2.047930,0.174500
74.640000,6.057360,-3.664931,-1.406100,4.006529,-3.694122,-1.580600,2.051039,0.174500
74.700000,6.060280,-3.682572,-1.407449,4.006342,-3.712002,-1.581949,2.054149,0.174500
74.740000,6.062214,-3.694339,-1.408348,4.006203,-3.723926,-1.582848,2.056224,0.174500
74.780000,6.064138,-3.706110,-1.409247,4.006054,-3.735852,-1.583747,2.058298,0.174500
74.840000,6.067005,-3.723776,-1.410597,4.007455,-3.749762,-1.582305,2.059714,0.171708
74.880000,6.068895,-3.735518,-1.411765,4.008948,-3.757632,-1.580681,2.060066,0.168916
74.940000,6.071679,-3.753027,-1.414768,4.009576,-3.773336,-1.582288,2.062204,0.167520
74.980000,6.073495,-3.764674,-1.417575,4.009424,-3.785122,-1.585095,2.064172,0.167520
75.040000,6.076156,-3.782170,-1.422240,4.009130,-3.802818,-1.589760,2.067129,0.167520
75.080000,6.078736,-3.799699,-1.427082,4.008887,-3.814624,-1.592978,2.069902,0.165896
75.140000,6.080411,-3.811408,-1.430346,4.008451,-3.832356,-1.597866,2.072066,0.167520
75.180000,6.082049,-3.823134,-1.433623,4.008111,-3.844190,-1.601143,2.074045,0.167520
75.240000,6.084436,-3.840749,-1.438552,4.007528,-3.861957,-1.606072,2.077017,0.167520
75.280000,6.085860,-3.851617,-1.442737,4.007119,-3.872910,-1.610257,2.078850,0.167520
75.340000,6.087616,-3.865677,-1.451286,4.006506,-3.887066,-1.618806,2.081219,0.167520
75.400000,6.088892,-3.876797,-1.462811,4.005910,-3.898243,-1.630331,2.083092,0.167520
75.440000,6.089499,-3.882638,-1.472084,4.005535,-3.904104,-1.639604,2.084075,0.167520
75.500000,6.090079,-3.888973,-1.488441,4.005051,-3.910446,-1.655961,2.085139,0.167520
75.540000,6.090283,-3.891622,-1.500929,4.004810,-3.913092,-1.668449,2.085583,0.167520
75.600000,6.090381,-3.893196,-1.522070,4.004645,-3.914661,-1.689590,2.085847,0.167520
75.640000,6.090383,-3.893221,-1.537727,4.004642,-3.914686,-1.705247,2.085851,0.167520
75.680000,6.090383,-3.893221,-1.554712,4.004642,-3.914686,-1.722232,2.085851,0.167520
75.740000,6.090383,-3.893221,-1.582589,4.004642,-3.914686,-1.750109,2.085851,0.167520
75.780000,6.090383,-3.893221,-1.602774,4.004642,-3.914686,-1.770294,2.085851,0.167520
75.840000,6.090383,-3.893221,-1.635387,4.004642,-3.914686,-1.802907,2.085851,0.167520
75.880000,6.090383,-3.893221,-1.658771,4.004642,-3.914686,-1.826291,2.085851,0.167520
75.940000,6.090383,-3.893221,-1.696248,4.003069,-3.914668,-1.867258,2.087424,0.171010
75.980000,6.090383,-3.893221,-1.722833,4.003069,-3.914668,-1.893843,2.087424,0.171010
76.040000,6.090383,-3.893221,-1.765094,4.003069,-3.914668,-1.936104,2.087424,0.171010
76.080000,6.090383,-3.893221,-1.794879,4.003069,-3.914668,-1.965889,2.087424,0.171010
76.140000,6.090383,-3.893221,-1.841884,4.003069,-3.914668,-2.012894,2.087424,0.171010
76.180000,6.090383,-3.893221,-1.873884,4.003069,-3.914668,-2.044894,2.087424,0.171010
76.240000,6.090383,-3.893221,-1.921884,4.003069,-3.914668,-2.092894,2.087424,0.171010
76.280000,6.090383,-3.893221,-1.953884,4.003069,-3.914668,-2.124894,2.087424,0.171010
76.340000,6.090383,-3.893221,-2.001884,4.003069,-3.914668,-2.172894,2.087424,0.171010
76.380000,6.090383,-3.893221,-2.033884,4.003069,-3.914668,-2.204894,2.087424,0.171010
76.440000,6.090194,-3.893566,-2.081884,4.002825,-3.914975,-2.252894,2.087479,0.171010
76.480000,6.089597,-3.894589,-2.113825,4.002062,-3.915882,-2.284835,2.087643,0.171010
76.540000,6.087831,-3.897349,-2.161156,3.999852,-3.918302,-2.332166,2.088084,0.171010
76.580000,6.086016,-3.899966,-2.192066,3.997618,-3.920572,-2.363076,2.088499,0.171010
76.640000,6.082242,-3.904982,-2.236947,3.993046,-3.924872,-2.407957,2.089291,0.171010
76.680000,6.078978,-3.909010,-2.265801,3.989144,-3.928286,-2.436811,2.089923,0.171010
76.740000,6.072886,-3.916006,-2.307023,3.981950,-3.934143,-2.478033,2.091014,0.171010
76.800000,6.065285,-3.924063,-2.345569,3.973089,-3.940789,-2.516579,2.092263,0.171010
76.840000,6.059345,-3.929982,-2.369746,3.965746,-3.949519,-2.543548,2.093690,0.173802
76.880000,6.052956,-3.936059,-2.392683,3.957865,-3.958250,-2.569277,2.095209,0.176594
76.940000,6.043326,-3.944723,-2.424687,3.946569,-3.966982,-2.602677,2.096875,0.177990
76.980000,6.036694,-3.950388,-2.444424,3.939038,-3.971384,-2.622414,2.097761,0.177990
77.040000,6.026424,-3.958749,-2.471629,3.927451,-3.977794,-2.649619,2.099060,0.177990
77.100000,6.015825,-3.966933,-2.495970,3.915570,-3.983973,-2.673960,2.100324,0.177990
77.140000,6.008604,-3.972287,-2.511335,3.907515,-3.987963,-2.689325,2.101147,0.177990
77.180000,6.001258,-3.977560,-2.526542,3.899352,-3.991852,-2.704532,2.101955,0.177990
77.240000,5.990007,-3.985319,-2.549050,3.886905,-3.997497,-2.727040,2.103138,0.177990
77.280000,5.982361,-3.990385,-2.563840,3.878483,-4.001129,-2.741830,2.103906,0.177990
77.340000,5.970674,-3.997823,-2.585727,3.865663,-4.006380,-2.763717,2.105028,0.177990
77.380000,5.962739,-4.002673,-2.600106,3.856995,-4.009749,-2.778096,2.105756,0.177990
77.440000,5.950615,-4.009791,-2.621313,3.843802,-4.014607,-2.799303,2.106818,0.177990
77.480000,5.942399,-4.014422,-2.635221,3.834896,-4.017710,-2.813211,2.107506,0.177990
77.540000,5.929863,-4.021206,-2.655722,3.821357,-4.022168,-2.833712,2.108506,0.177990
77.580000,5.921374,-4.025616,-2.669124,3.812222,-4.025006,-2.847114,2.109153,0.177990
77.640000,5.908438,-4.032067,-2.688833,3.798348,-4.029064,-2.866823,2.110093,0.177990
77.680000,5.899690,-4.036253,-2.701725,3.788997,-4.031635,-2.879715,2.110699,0.177990
77.740000,5.886380,-4.042363,-2.720670,3.774815,-4.035292,-2.898660,2.111577,0.177990
77.780000,5.877383,-4.046324,-2.733023,3.765258,-4.037597,-2.911013,2.112142,0.177990
77.840000,5.863697,-4.052102,-2.751111,3.750766,-4.040861,-2.929101,2.112961,0.177990
77.880000,5.854461,-4.055839,-2.762882,3.741015,-4.042904,-2.940872,2.113486,0.177990
77.940000,5.840435,-4.061280,-2.780110,3.726247,-4.045776,-2.958100,2.114245,0.177990
77.980000,5.826199,-4.066527,-2.796796,3.716310,-4.047562,-2.969290,2.109975,0.172494
78.040000,5.816603,-4.069915,-2.807590,3.701262,-4.050054,-2.985580,2.115434,0.177990
78.080000,5.806924,-4.073216,-2.818162,3.691151,-4.051590,-2.996152,2.115883,0.177990
78.140000,5.792249,-4.078009,-2.833563,3.675860,-4.053708,-3.011553,2.116529,0.177990
78.180000,5.782365,-4.081099,-2.843525,3.665585,-4.055000,-3.021515,2.116941,0.177990
78.240000,5.767392,-4.085580,-2.857991,3.650056,-4.056759,-3.035981,2.117533,0.177990
78.280000,5.757315,-4.088466,-2.867318,3.639626,-4.057815,-3.045308,2.117910,0.177990
78.340000,5.742061,-4.092645,-2.880837,3.623874,-4.059228,-3.058827,2.118451,0.177990
78.380000,5.731802,-4.095335,-2.889528,3.613300,-4.060059,-3.067518,2.118795,0.177990
78.440000,5.716274,-4.099229,-2.902068,3.597328,-4.061142,-3.080058,2.119288,0.177990
78.480000,5.705842,-4.101732,-2.910090,3.586618,-4.061759,-3.088080,2.119601,0.177990
78.540000,5.690075,-4.105352,-2.921677,3.570459,-4.062530,-3.099667,2.120049,0.177990
78.580000,5.674166,-4.108815,-2.932696,3.559625,-4.062944,-3.107079,2.115039,0.174383
78.640000,5.663485,-4.111040,-2.939730,3.543282,-4.063420,-3.117720,2.120738,0.177990
78.680000,5.652744,-4.113200,-2.946512,3.532329,-4.063644,-3.124502,2.120995,0.177990
78.740000,5.636528,-4.116322,-2.956218,3.515815,-4.063846,-3.134208,2.121361,0.177990
78.780000,5.625647,-4.118327,-2.962377,3.504752,-4.063893,-3.140367,2.121594,0.177990
78.840000,5.609227,-4.121227,-2.971152,3.488078,-4.063839,3.134043,2.121926,0.177990
78.880000,5.598212,-4.123091,-2.976698,3.476906,-4.063724,3.128498,2.122136,0.177990
78.940000,5.581603,-4.125787,-2.984534,3.460082,-4.063437,3.120661,2.122436,0.177990
78.980000,5.570472,-4.127522,-2.989483,3.448820,-4.063173,3.115713,2.122627,0.177990
79.040000,5.553682,-4.130035,-2.996438,3.431851,-4.062674,3.108757,2.122900,0.177990
79.080000,5.542440,-4.131653,-3.000813,3.420500,-4.062276,3.104382,2.123074,0.177990
79.140000,5.525500,-4.134000,-3.006975,3.406804,-4.038576,3.045172,2.120844,0.231038
79.180000,5.513909,-4.135548,-3.010417,3.386166,-3.998922,2.988682,2.132126,0.284086
79.240000,5.497588,-4.137675,-3.013187,3.361062,-3.970925,2.959388,2.143023,0.310610
79.280000,5.487313,-4.138999,-3.013434,3.350874,-3.969045,2.959142,2.143188,0.310610
79.340000,5.471957,-4.140990,-3.011404,3.335644,-3.966248,2.961172,2.143447,0.310610
79.400000,5.456644,-4.143029,-3.006493,3.320441,-3.963509,2.966082,2.143733,0.310610
79.440000,5.446447,-4.144439,-3.001620,3.310301,-3.961736,2.970955,2.143945,0.310610
79.480000,5.436253,-4.145907,-2.995467,3.300146,-3.960017,2.977109,2.144180,0.310610
79.540000,5.420948,-4.148246,-2.983837,3.284859,-3.957567,2.988739,2.144583,0.310610
79.580000,5.410721,-4.149921,-2.974524,3.274609,-3.956036,2.998052,2.144893,0.310610
79.640000,5.395343,-4.152630,-2.960064,3.259139,-3.953914,3.012512,2.145427,0.310610
79.680000,5.385058,-4.154568,-2.950672,3.248754,-3.952616,3.021903,2.145829,0.310610
79.740000,5.369577,-4.157670,-2.937025,3.234052,-3.945651,3.024383,2.146024,0.321778
79.800000,5.354288,-4.160952,-2.923196,3.219140,-3.934565,3.021459,2.147116,0.338530
79.840000,5.344260,-4.163228,-2.913494,3.208925,-3.933382,3.031161,2.147669,0.338530
79.880000,5.334224,-4.165610,-2.903610,3.198668,-3.932296,3.041045,2.148263,0.338530
79.940000,5.319119,-4.169392,-2.889012,3.183164,-3.930846,3.055643,2.149234,0.338530
79.980000,5.309014,-4.172051,-2.879563,3.172750,-3.929999,3.065093,2.149934,0.338530
80.040000,5.293809,-4.176242,-2.865868,3.157016,-3.928902,3.078787,2.151060,0.338530
80.080000,5.283640,-4.179167,-2.857075,3.146453,-3.928285,3.087580,2.151863,0.338530
80.140000,5.268332,-4.183751,-2.844419,3.130491,-3.927524,3.100236,2.153141,0.338530
80.180000,5.258090,-4.186933,-2.836377,3.119773,-3.927124,3.108278,2.154042,0.338530
80.240000,5.242704,-4.191879,-2.824757,3.103618,-3.926680,3.119898,2.155463,0.338530
80.280000,5.232420,-4.195294,-2.817329,3.092784,-3.926486,3.127326,2.156455,0.338530
80.340000,5.216944,-4.200588,-2.806731,3.073253,-3.918332,3.129549,2.162194,0.346906
80.380000,5.206718,-4.204187,-2.799694,3.058994,-3.909739,3.128209,2.167814,0.355282
80.440000,5.191646,-4.209645,-2.788350,3.041165,-3.905145,3.135366,2.171932,0.359470
80.480000,5.181666,-4.213370,-2.780319,3.030513,-3.905121,-3.139789,2.173126,0.359470
80.540000,5.166658,-4.219144,-2.768445,3.014433,-3.905246,-3.127915,2.174995,0.359470
80.580000,5.156627,-4.223115,-2.760819,3.003646,-3.905435,-3.120289,2.176292,0.359470
80.640000,5.141539,-4.229252,-2.749916,2.987364,-3.905872,-3.109386,2.178312,0.359470
80.680000,5.131453,-4.233458,-2.743017,2.976443,-3.906262,-3.102487,2.179708,0.359470
80.740000,5.116289,-4.239933,-2.733216,2.959971,-3.906988,-3.092686,2.181871,0.359470
80.780000,5.106155,-4.244356,-2.727052,2.948928,-3.907563,-3.086522,2.183359,0.359470
80.840000,5.090908,-4.251145,-2.718398,2.932267,-3.908554,-3.077868,2.185657,0.359470
80.880000,5.080717,-4.255768,-2.712989,2.921102,-3.909298,-3.072459,2.187231,0.359470
80.940000,5.065412,-4.262833,-2.705367,2.904289,-3.910527,-3.064837,2.189651,0.359470
80.980000,5.055184,-4.267631,-2.700622,2.893028,-3.911420,-3.060092,2.191303,0.359470
81.040000,5.039804,-4.274953,-2.694019,2.876055,-3.912864,-3.053489,2.193837,0.359470
81.080000,5.024387,-4.282412,-2.688042,2.864694,-3.913891,-3.049440,2.190909,0.361399
81.140000,5.014087,-4.287457,-2.684360,2.847583,-3.915521,-3.043830,2.198198,0.359470
81.180000,5.003761,-4.292559,-2.680970,2.836122,-3.916665,-3.040440,2.199990,0.359470
81.240000,4.988242,-4.300306,-2.676335,2.818870,-3.918458,-3.035805,2.202722,0.359470
81.280000,4.977877,-4.305528,-2.673552,2.807330,-3.919699,-3.033022,2.204571,0.359470
81.340000,4.962296,-4.313441,-2.669788,2.802074,-3.915514,-3.033446,2.196567,0.363658
81.380000,4.951955,-4.318734,-2.667328,2.802579,-3.910519,-3.035174,2.187796,0.367846
81.440000,4.936599,-4.326657,-2.663044,2.791404,-3.909185,-3.032984,2.185439,0.369940
81.480000,4.926398,-4.331969,-2.659840,2.779972,-3.910450,-3.029780,2.187424,0.369940
81.540000,4.911065,-4.340032,-2.655210,2.762761,-3.912423,-3.025150,2.190447,0.369940
81.580000,4.900820,-4.345468,-2.652370,2.751244,-3.913787,-3.022310,2.192493,0.369940
81.640000,4.885419,-4.353706,-2.648539,2.733907,-3.915899,-3.018479,2.195605,0.369940
81.680000,4.875122,-4.359254,-2.646300,2.722300,-3.917349,-3.016240,2.197708,0.369940
81.740000,4.859643,-4.367645,-2.643393,2.704835,-3.919577,-3.013333,2.200901,0.369940
81.780000,4.849303,-4.373281,-2.641734,2.693156,-3.921093,-3.011674,2.203053,0.369940
81.840000,4.833758,-4.381793,-2.639625,2.675585,-3.923408,-3.009565,2.206315,0.369940
81.880000,4.823370,-4.387502,-2.638473,2.663836,-3.924975,-3.008413,2.208511,0.369940
81.940000,4.807751,-4.396113,-2.637120,2.634329,-3.937707,-3.002872,2.221239,0.365752
81.980000,4.797294,-4.401889,-2.636836,2.610622,-3.949659,-2.998400,2.232946,0.361564
82.040000,4.781903,-4.410381,-2.638414,2.587270,-3.957305,-2.997884,2.240913,0.359470
82.080000,4.771733,-4.415965,-2.640586,2.575786,-3.958954,-3.000056,2.242998,0.359470
82.140000,4.756469,-4.424287,-2.644451,2.558570,-3.961374,-3.003921,2.246118,0.359470
82.180000,4.746279,-4.429798,-2.647181,2.547093,-3.962948,-3.006651,2.248192,0.359470
82.240000,4.730970,-4.438009,-2.651361,2.529874,-3.965250,-3.010831,2.251294,0.359470
82.280000,4.720747,-4.443446,-2.654177,2.518392,-3.966743,-3.013647,2.253356,0.359470
82.340000,4.705386,-4.451547,-2.658425,2.501163,-3.968923,-3.017895,2.256441,0.359470
82.380000,4.695127,-4.456911,-2.661267,2.489673,-3.970335,-3.020737,2.258492,0.359470
82.440000,4.679699,-4.464907,-2.665536,2.472418,-3.972393,-3.025006,2.261562,0.359470
82.480000,4.669384,-4.470207,-2.668385,2.460897,-3.973725,-3.027855,2.263605,0.359470
82.540000,4.653864,-4.478112,-2.672665,2.443589,-3.975665,-3.032135,2.266665,0.359470
82.580000,4.643490,-4.483349,-2.675521,2.432035,-3.976918,-3.034991,2.268701,0.359470
82.640000,4.627938,-4.491130,-2.679950,2.445960,-3.978907,-3.021970,2.241295,0.342020
82.700000,4.612471,-4.498775,-2.685188,2.428824,-3.980922,-3.027208,2.244211,0.342020
82.740000,4.602124,-4.503832,-2.688865,2.417381,-3.982216,-3.030885,2.246149,0.342020
82.780000,4.591748,-4.508855,-2.692592,2.405921,-3.983468,-3.034612,2.248082,0.342020
82.840000,4.576128,-4.516327,-2.698219,2.388700,-3.985268,-3.040239,2.250970,0.342020
82.880000,4.565677,-4.521267,-2.701983,2.377197,-3.986416,-3.044003,2.252889,0.342020
82.940000,4.549942,-4.528612,-2.707640,2.359910,-3.988059,-3.049660,2.255756,0.342020
83.000000,4.534138,-4.535882,-2.713309,2.342583,-3.989607,-3.055329,2.258612,0.342020
83.040000,4.523566,-4.540684,-2.717094,2.331013,-3.990586,-3.059114,2.260508,0.342020
83.080000,4.512961,-4.545453,-2.720884,2.319423,-3.991522,-3.062904,2.262399,0.342020
83.140000,4.497002,-4.552539,-2.726577,2.302012,-3.992845,-3.068597,2.265224,0.342020
83.180000,4.486323,-4.557220,-2.730378,2.290381,-3.993673,-3.072398,2.267101,0.342020
83.240000,4.470253,-4.564174,-2.736087,2.272910,-3.994834,-3.078107,2.269904,0.342020
83.280000,4.459502,-4.568765,-2.739899,2.261242,-3.995553,-3.081919,2.271766,0.342020
83.340000,4.443321,-4.575584,-2.745625,2.243711,-3.996550,-3.087645,2.274547,0.342020
83.380000,4.432497,-4.580084,-2.749449,2.232004,-3.997160,-3.091469,2.276394,0.342020
83.440000,4.416205,-4.586767,-2.755192,2.214415,-3.997992,-3.097212,2.279153,0.342020
83.480000,4.405306,-4.591177,-2.759028,2.202667,-3.998491,-3.101048,2.280985,0.342020
83.540000,4.388905,-4.597722,-2.764789,2.173469,-4.006422,-3.101225,2.292988,0.336436
83.580000,4.378141,-4.601953,-2.769529,2.150279,-4.014012,-3.100381,2.304136,0.330852
83.640000,4.362468,-4.607988,-2.779006,2.127650,-4.018183,-3.107066,2.311337,0.328060
83.680000,4.351653,-4.612049,-2.785552,2.116104,-4.018543,-3.113612,2.312992,0.328060
83.740000,4.335321,-4.618048,-2.793084,2.098710,-4.018960,-3.121144,2.315456,0.328060
83.780000,4.318893,-4.623970,-2.797737,2.087077,-4.019177,-3.124566,2.312310,0.326829
83.840000,4.307910,-4.627890,-2.799807,2.069590,-4.019444,-3.127867,2.319544,0.328060
83.880000,4.296912,-4.631790,-2.801807,2.057922,-4.019593,-3.129867,2.321177,0.328060
83.940000,4.280388,-4.637603,-2.804763,2.040406,-4.019772,-3.132823,2.323626,0.328060
83.980000,4.269355,-4.641455,-2.806725,2.028719,-4.019863,-3.134785,2.325258,0.328060
84.040000,4.252778,-4.647196,-2.809666,2.011177,-4.019957,-3.137726,2.327703,0.328060
84.080000,4.241710,-4.650999,-2.811627,1.999474,-4.019990,-3.139687,2.329333,0.328060
84.140000,4.225080,-4.656667,-2.814561,1.981905,-4.019998,3.140564,2.331777,0.328060
84.180000,4.213970,-4.660424,-2.816460,1.970177,-4.019975,3.138665,2.333406,0.328060
84.240000,4.197267,-4.666029,-2.819163,1.952559,-4.019899,3.135962,2.335851,0.328060
84.280000,4.186109,-4.669746,-2.820861,1.940798,-4.019823,3.134265,2.337482,0.328060
84.340000,4.169337,-4.675295,-2.823245,1.923132,-4.019672,3.131881,2.339931,0.328060
84.380000,4.158134,-4.678978,-2.824729,1.911340,-4.019549,3.130396,2.341566,0.328060
84.440000,4.141298,-4.684479,-2.826801,1.893630,-4.019332,3.128324,2.344021,0.328060
84.480000,4.130055,-4.688132,-2.828083,1.881809,-4.019167,3.127042,2.345661,0.328060
84.540000,4.113161,-4.693592,-2.829861,1.868023,-4.018114,3.123868,2.344550,0.329456
84.580000,4.096200,-4.699043,-2.831340,1.860117,-4.017090,3.121439,2.337761,0.330406
84.640000,4.084857,-4.702675,-2.832106,1.844246,-4.016299,3.119530,2.343384,0.331550
84.680000,4.073497,-4.706303,-2.832713,1.832323,-4.016032,3.118922,2.345066,0.331550
84.740000,4.056440,-4.711739,-2.833472,1.814426,-4.015620,3.118163,2.347596,0.331550
84.780000,4.045057,-4.715358,-2.833902,1.802485,-4.015337,3.117733,2.349290,0.331550
84.840000,4.027968,-4.720784,-2.834446,1.784560,-4.014904,3.117190,2.351839,0.331550
84.880000,4.016566,-4.724398,-2.834750,1.772603,-4.014611,3.116885,2.353544,0.331550
84.940000,3.999450,-4.729818,-2.835126,1.754655,-4.014164,3.116509,2.356113,0.331550
84.980000,3.988032,-4.733430,-2.835324,1.742683,-4.013862,3.116311,2.357832,0.331550
85.040000,3.970893,-4.738847,-2.835546,1.724714,-4.013405,3.116089,2.360421,0.331550
85.080000,3.959460,-4.742459,-2.835644,1.712728,-4.013099,3.115991,2.362154,0.331550
85.140000,3.942302,-4.747878,-2.835725,1.694740,-4.012638,3.115911,2.364765,0.331550
85.180000,3.930861,-4.751490,-2.835734,1.682747,-4.012329,3.115901,2.366512,0.331550
85.240000,3.913706,-4.756908,-2.835695,1.664763,-4.011868,3.115940,2.369142,0.331550
85.280000,3.902275,-4.760518,-2.835633,1.652779,-4.011560,3.116003,2.370901,0.331550
85.340000,3.885135,-4.765934,-2.835487,1.634810,-4.011102,3.116148,2.373549,0.331550
85.380000,3.873714,-4.769544,-2.835358,1.622835,-4.010798,3.116277,2.375321,0.331550
85.440000,3.856589,-4.774961,-2.835116,1.604879,-4.010345,3.116520,2.377989,0.331550
85.480000,3.845176,-4.778573,-2.834927,1.592912,-4.010046,3.116708,2.379774,0.331550
85.540000,3.828064,-4.783995,-2.834607,1.579036,-4.003276,3.112840,2.380682,0.335738
85.580000,3.816759,-4.787581,-2.834052,1.571217,-3.996460,3.109207,2.380827,0.339926
85.640000,3.799986,-4.792924,-2.832163,1.555627,-3.992591,3.109002,2.382788,0.342020
85.680000,3.788869,-4.796490,-2.830222,1.543959,-3.992221,3.110943,2.384632,0.342020
85.740000,3.772197,-4.801884,-2.827063,1.526443,-3.991712,3.114103,2.387424,0.342020
85.780000,3.761080,-4.805514,-2.824960,1.514752,-3.991403,3.116205,2.389302,0.342020
85.840000,3.744401,-4.811007,-2.821903,1.497197,-3.990984,3.119263,2.392147,0.342020
85.900000,3.727717,-4.816558,-2.818988,1.479617,-3.990617,3.122178,2.395022,0.342020
85.940000,3.716589,-4.820289,-2.817135,1.467883,-3.990400,3.124030,2.396956,0.342020
85.980000,3.705461,-4.824043,-2.815344,1.456140,-3.990205,3.125822,2.398902,0.342020
86.040000,3.688764,-4.829717,-2.812773,1.438507,-3.989949,3.128393,2.401846,0.342020
86.080000,3.677629,-4.833526,-2.811138,1.426740,-3.989804,3.130027,2.403824,0.342020
86.140000,3.660922,-4.839279,-2.808806,1.409070,-3.989620,3.132359,2.406814,0.342020
86.200000,3.644209,-4.845077,-2.806610,1.391381,-3.989477,3.134555,2.409831,0.342020
86.240000,3.633063,-4.848966,-2.805224,1.379577,-3.989402,3.135942,2.411856,0.342020
86.280000,3.621913,-4.852873,-2.803900,1.367762,-3.989343,3.137265,2.413893,0.342020
86.340000,3.605185,-4.858764,-2.802019,1.350027,-3.989283,3.139146,2.416968,0.342020
86.380000,3.594028,-4.862713,-2.800837,1.338192,-3.989261,3.140329,2.419032,0.342020
86.440000,3.577289,-4.868664,-2.799161,1.320427,-3.989254,-3.141181,2.422146,0.342020
86.500000,3.560544,-4.874648,-2.797600,1.302645,-3.989275,-3.139620,2.425283,0.342020
86.540000,3.549377,-4.878655,-2.796623,1.290781,-3.989304,-3.138643,2.427386,0.342020
86.580000,3.538207,-4.882675,-2.795697,1.278910,-3.989345,-3.137717,2.429499,0.342020
86.640000,3.521491,-4.888712,-2.794293,1.251250,-3.985203,3.139892,2.443425,0.349000
86.680000,3.510414,-4.892729,-2.793003,1.239467,-3.985190,3.141182,2.445573,0.349000
86.740000,3.493795,-4.898789,-2.790913,1.221777,-3.985201,-3.139913,2.448817,0.349000
86.800000,3.477165,-4.904891,-2.788889,1.204063,-3.985249,-3.137889,2.452088,0.349000
86.840000,3.466073,-4.908982,-2.787623,1.192240,-3.985301,-3.136623,2.454282,0.349000
86.880000,3.454979,-4.913089,-2.786407,1.180411,-3.985367,-3.135407,2.456487,0.349000
86.940000,3.438332,-4.919280,-2.784694,1.162651,-3.985492,-3.133694,2.459814,0.349000
86.980000,3.427229,-4.923427,-2.783629,1.150799,-3.985592,-3.132629,2.462046,0.349000
87.040000,3.410565,-4.929675,-2.782152,1.133003,-3.985765,-3.131152,2.465412,0.349000
87.080000,3.399452,-4.933857,-2.781240,1.121130,-3.985894,-3.130240,2.467668,0.349000
87.140000,3.382775,-4.940153,-2.779973,1.103306,-3.986108,-3.128973,2.471069,0.349000
87.180000,3.371651,-4.944366,-2.779203,1.091411,-3.986263,-3.128203,2.473349,0.349000
87.240000,3.354960,-4.950704,-2.778140,1.073559,-3.986511,-3.127140,2.476784,0.349000
87.280000,3.343827,-4.954943,-2.777492,1.061648,-3.986687,-3.126492,2.479085,0.349000
87.340000,3.327120,-4.961318,-2.776620,1.043768,-3.986965,-3.125620,2.482551,0.349000
87.380000,3.315978,-4.965579,-2.776092,1.031841,-3.987159,-3.125092,2.484872,0.349000
87.440000,3.299258,-4.971984,-2.775383,1.013939,-3.987461,-3.124383,2.488368,0.349000
87.480000,3.288107,-4.976264,-2.774963,1.001996,-3.987669,-3.123963,2.490707,0.349000
87.540000,3.271373,-4.982695,-2.774411,0.984072,-3.987990,-3.123411,2.494230,0.349000
87.580000,3.260213,-4.986989,-2.774092,0.972116,-3.988210,-3.123092,2.496588,0.349000
87.640000,3.243460,-4.993443,-2.773745,0.964162,-3.990651,-3.119255,2.490139,0.345510
87.680000,3.232285,-4.997750,-2.773769,0.952188,-3.990918,-3.119279,2.492499,0.345510
87.740000,3.215528,-5.004205,-2.773984,0.934235,-3.991317,-3.119494,2.496045,0.345510
87.780000,3.204359,-5.008505,-2.774180,0.922270,-3.991580,-3.119690,2.498413,0.345510
87.840000,3.187608,-5.014950,-2.774518,0.904326,-3.991970,-3.120028,2.501972,0.345510
87.880000,3.176441,-5.019242,-2.774766,0.892366,-3.992227,-3.120276,2.504348,0.345510
87.940000,3.159693,-5.025673,-2.775163,0.874429,-3.992606,-3.120673,2.507919,0.345510
87.980000,3.148528,-5.029956,-2.775444,0.862473,-3.992854,-3.120954,2.510304,0.345510
88.040000,3.131781,-5.036373,-2.775888,0.844543,-3.993220,-3.121398,2.513886,0.345510
88.100000,3.115034,-5.042782,-2.776354,0.826615,-3.993578,-3.121864,2.517476,0.345510
88.140000,3.103868,-5.047049,-2.776675,0.814664,-3.993812,-3.122185,2.519874,0.345510
88.180000,3.092703,-5.051313,-2.777003,0.802714,-3.994042,-3.122513,2.522274,0.345510
88.240000,3.075953,-5.057700,-2.777509,0.784791,-3.994380,-3.123019,2.525881,0.345510
88.280000,3.064786,-5.061954,-2.777854,0.772843,-3.994600,-3.123364,2.528289,0.345510
88.340000,3.048033,-5.068326,-2.778381,0.754923,-3.994922,-3.123891,2.531907,0.345510
88.400000,3.031279,-5.074689,-2.778917,0.737003,-3.995234,-3.124427,2.535532,0.345510
88.440000,3.020107,-5.078925,-2.779279,0.725057,-3.995437,-3.124789,2.537952,0.345510
88.480000,3.008935,-5.083158,-2.779644,0.713112,-3.995636,-3.125154,2.540376,0.345510
88.540000,2.992174,-5.089499,-2.780194,0.695210,-3.996740,-3.124308,2.543652,0.344114
88.580000,2.981011,-5.093716,-2.780611,0.683294,-3.997765,-3.123329,2.545705,0.342718
88.640000,2.964300,-5.100017,-2.781445,0.665444,-3.998502,-3.123465,2.549132,0.342020
88.680000,2.953166,-5.104206,-2.782116,0.653550,-3.998714,-3.124136,2.551538,0.342020
88.740000,2.936457,-5.110475,-2.783167,0.635706,-3.999016,-3.125187,2.555151,0.342020
88.780000,2.925312,-5.114646,-2.783864,0.623808,-3.999207,-3.125884,2.557562,0.342020
88.840000,2.908585,-5.120889,-2.784888,0.605955,-3.999479,-3.126908,2.561184,0.342020
88.880000,2.897427,-5.125042,-2.785553,0.594051,-3.999649,-3.127573,2.563601,0.342020
88.940000,2.880682,-5.131260,-2.786523,0.576190,-3.999891,-3.128543,2.567232,0.342020
88.980000,2.869512,-5.135398,-2.787150,0.564280,-4.000043,-3.129170,2.569655,0.342020
89.040000,2.852749,-5.141593,-2.788063,0.546410,-4.000257,-3.130083,2.573295,0.342020
89.080000,2.841568,-5.145715,-2.788652,0.534494,-4.000390,-3.130672,2.575725,0.342020
89.140000,2.824788,-5.151888,-2.789507,0.516616,-4.000578,-3.131527,2.579375,0.342020
89.180000,2.813596,-5.155996,-2.790056,0.504694,-4.000694,-3.132076,2.581812,0.342020
89.240000,2.796800,-5.162149,-2.790854,0.486807,-4.000858,-3.132874,2.585472,0.342020
89.280000,2.779994,-5.168290,-2.791631,0.474879,-4.000958,-3.133393,2.583838,0.341762
89.340000,2.768786,-5.172378,-2.792146,0.456985,-4.001098,-3.134166,2.591586,0.342020
89.380000,2.757574,-5.176460,-2.792659,0.445054,-4.001184,-3.134679,2.594037,0.342020
89.440000,2.740750,-5.182574,-2.793430,0.427153,-4.001301,-3.135450,2.597718,0.342020
89.500000,2.723916,-5.188676,-2.794200,0.409248,-4.001404,-3.136220,2.601405,0.342020
89.540000,2.712689,-5.192738,-2.794713,0.393309,-4.005465,-3.136733,2.605598,0.342020
89.580000,2.695934,-5.198785,-2.795954,0.377415,-4.009519,-3.137442,2.605740,0.341488
89.640000,2.684843,-5.202770,-2.797460,0.357711,-4.011576,-3.139480,2.614285,0.342020
89.700000,2.668224,-5.208698,-2.800507,0.340066,-4.011587,3.140658,2.617899,0.342020
89.740000,2.657128,-5.212623,-2.802717,0.328296,-4.011563,3.138448,2.620306,0.342020
89.780000,2.646016,-5.216526,-2.804984,0.316519,-4.011513,3.136181,2.622711,0.342020
89.840000,2.629316,-5.222337,-2.808421,0.298838,-4.011387,3.132744,2.626315,0.342020
89.880000,2.618164,-5.226182,-2.810723,0.287041,-4.011269,3.130442,2.628716,0.342020
89.940000,2.601404,-5.231907,-2.814183,0.269333,-4.011041,3.126982,2.632313,0.342020
89.980000,2.590211,-5.235694,-2.816492,0.257518,-4.010855,3.124673,2.634709,0.342020
90.040000,2.573391,-5.241331,-2.819960,0.239781,-4.010524,3.121206,2.638299,0.342020
90.080000,2.562156,-5.245060,-2.822273,0.227946,-4.010269,3.118892,2.640690,0.342020
90.140000,2.545275,-5.250609,-2.825747,0.210182,-4.009835,3.115418,2.644273,0.342020
90.180000,2.534001,-5.254279,-2.828065,0.198330,-4.009511,3.113100,2.646659,0.342020
90.240000,2.517060,-5.259739,-2.831546,0.180539,-4.008973,3.109620,2.650235,0.342020
90.280000,2.505746,-5.263349,-2.833868,0.168669,-4.008579,3.107297,2.652616,0.342020
90.340000,2.488745,-5.268720,-2.837355,0.150852,-4.007937,3.103811,2.656185,0.342020
90.380000,2.477423,-5.272260,-2.839572,0.138999,-4.007475,3.101593,2.658554,0.342020
90.440000,2.460510,-5.277514,-2.840830,0.121303,-4.006751,3.100336,2.662090,0.342020
90.480000,2.449247,-5.281010,-2.840147,0.109520,-4.006268,3.101019,2.664449,0.342020
90.540000,2.432361,-5.286275,-2.838531,0.091846,-4.005565,3.102635,2.668001,0.342020
90.580000,2.421104,-5.289802,-2.837381,0.080058,-4.005112,3.103784,2.670379,0.342020
90.640000,2.404269,-5.295104,-2.835538,0.072420,-3.994460,3.105627,2.670055,0.342020
90.680000,2.393129,-5.298634,-2.833907,0.060741,-3.994049,3.107258,2.672447,0.342020
90.740000,2.376423,-5.303967,-2.831206,0.043215,-3.993471,3.109960,2.676054,0.342020
90.780000,2.365286,-5.307551,-2.829348,0.031521,-3.993112,3.111817,2.678472,0.342020
90.840000,2.348584,-5.312968,-2.826537,0.013968,-3.992614,3.114629,2.682119,0.342020
90.880000,2.337450,-5.316609,-2.824656,0.002258,-3.992309,3.116509,2.684565,0.342020
90.940000,2.320749,-5.322112,-2.821834,-0.015320,-3.991893,3.119331,2.688253,0.342020
90.980000,2.309613,-5.325811,-2.819992,-0.027053,-3.991642,3.121173,2.690727,0.342020
91.040000,2.292906,-5.331402,-2.817316,-0.044666,-3.991306,3.123849,2.694458,0.342020
91.080000,2.281765,-5.335158,-2.815607,-0.056422,-3.991108,3.125559,2.696960,0.342020
91.140000,2.265050,-5.340831,-2.813155,-0.074072,-3.990847,3.128010,2.700731,0.342020
91.180000,2.253905,-5.344639,-2.811591,-0.085849,-3.990696,3.129574,2.703259,0.342020
91.240000,2.237182,-5.350389,-2.809356,-0.103531,-3.990503,3.131809,2.707070,0.342020
91.280000,2.226030,-5.354245,-2.807938,-0.115331,-3.990396,3.133227,2.709622,0.342020
91.340000,2.209297,-5.360064,-2.805918,-0.133046,-3.990266,3.135247,2.713470,0.342020
91.380000,2.198139,-5.363965,-2.804640,-0.144866,-3.990199,3.136525,2.716046,0.342020
91.440000,2.181396,-5.369848,-2.802830,-0.162612,-3.990125,3.138336,2.719928,0.342020
91.480000,2.170230,-5.373789,-2.801694,-0.174454,-3.990093,3.139471,2.722527,0.342020
91.540000,2.153478,-5.379728,-2.800084,-0.188242,-3.990877,-3.140708,2.722601,0.340624
91.580000,2.142293,-5.383710,-2.799115,-0.196129,-3.991705,-3.138343,2.721377,0.339228
91.640000,2.125474,-5.389718,-2.797958,-0.211996,-3.992188,-3.136488,2.723391,0.338530
91.700000,2.108631,-5.395753,-2.797094,-0.229887,-3.992287,-3.135624,2.727340,0.338530
91.740000,2.097400,-5.399786,-2.796593,-0.241820,-3.992362,-3.135123,2.729981,0.338530
91.780000,2.086166,-5.403826,-2.796133,-0.253758,-3.992442,-3.134663,2.732628,0.338530
91.840000,2.069311,-5.409898,-2.795508,-0.271673,-3.992571,-3.134038,2.736608,0.338530
91.880000,2.058072,-5.413954,-2.795128,-0.283621,-3.992664,-3.133658,2.739268,0.338530
91.940000,2.041209,-5.420047,-2.794612,-0.301551,-3.992811,-3.133142,2.743269,0.338530
91.980000,2.029964,-5.424115,-2.794301,-0.313509,-3.992914,-3.132831,2.745942,0.338530
92.040000,2.013092,-5.430226,-2.793883,-0.331452,-3.993075,-3.132413,2.749962,0.338530
92.080000,2.001842,-5.434305,-2.793634,-0.343418,-3.993186,-3.132164,2.752648,0.338530
92.140000,1.984963,-5.440431,-2.793305,-0.361374,-3.993359,-3.131835,2.756685,0.338530
92.180000,1.973707,-5.444519,-2.793113,-0.373348,-3.993477,-3.131643,2.759383,0.338530
92.240000,1.956820,-5.450656,-2.792865,-0.391315,-3.993658,-3.131395,2.763437,0.338530
92.280000,1.945560,-5.454751,-2.792725,-0.403296,-3.993781,-3.131255,2.766146,0.338530
92.340000,1.928665,-5.460898,-2.792551,-0.421274,-3.993968,-3.131081,2.770216,0.338530
92.380000,1.917399,-5.464999,-2.792458,-0.433262,-3.994095,-3.130988,2.772935,0.338530
92.440000,1.900498,-5.471153,-2.792353,-0.451248,-3.994287,-3.130883,2.777021,0.338530
92.480000,1.889227,-5.475258,-2.792303,-0.463242,-3.994415,-3.130833,2.779749,0.338530
92.540000,1.872318,-5.481417,-2.792255,-0.481237,-3.994609,-3.130785,2.783850,0.338530
92.580000,1.861044,-5.485524,-2.792241,-0.493235,-3.994739,-3.130771,2.786588,0.338530
92.640000,1.844154,-5.491677,-2.792187,-0.501203,-3.992821,-3.134207,2.783392,0.342020
92.680000,1.832925,-5.495770,-2.791959,-0.513154,-3.992911,-3.133979,2.786157,0.342020
92.740000,1.816079,-5.501916,-2.791518,-0.531086,-3.993051,-3.133538,2.790315,0.342020
92.780000,1.804846,-5.506020,-2.791224,-0.543045,-3.993149,-3.133244,2.793093,0.342020
92.840000,1.787992,-5.512183,-2.790818,-0.560989,-3.993303,-3.132838,2.797268,0.342020
92.880000,1.776754,-5.516296,-2.790576,-0.572956,-3.993409,-3.132596,2.800058,0.342020
92.940000,1.759893,-5.522474,-2.790250,-0.590912,-3.993574,-3.132270,2.804250,0.342020
92.980000,1.748651,-5.526596,-2.790059,-0.602886,-3.993686,-3.132079,2.807051,0.342020
93.040000,1.731782,-5.532785,-2.789812,-0.620853,-3.993860,-3.131832,2.811260,0.342020
93.080000,1.720534,-5.536915,-2.789673,-0.632835,-3.993977,-3.131693,2.814072,0.342020
93.140000,1.703659,-5.543113,-2.789498,-0.650812,-3.994157,-3.131518,2.818297,0.342020
93.180000,1.692406,-5.547248,-2.789403,-0.662799,-3.994278,-3.131423,2.821118,0.342020
93.240000,1.675524,-5.553454,-2.789292,-0.680785,-3.994462,-3.131312,2.825358,0.342020
93.280000,1.664266,-5.557593,-2.789239,-0.692779,-3.994586,-3.131259,2.828189,0.342020
93.340000,1.647377,-5.563803,-2.789186,-0.710772,-3.994773,-3.131206,2.832442,0.342020
93.380000,1.636116,-5.567945,-2.789168,-0.722771,-3.994897,-3.131188,2.835282,0.342020
93.440000,1.619224,-5.574157,-2.789166,-0.740768,-3.995085,-3.131186,2.839548,0.342020
93.480000,1.607965,-5.578298,-2.789181,-0.752764,-3.995209,-3.131201,2.842395,0.342020
93.540000,1.591079,-5.584508,-2.789225,-0.778754,-3.995396,-3.131245,2.853311,0.342020
93.580000,1.579823,-5.588647,-2.789269,-0.798746,-3.995520,-3.131289,2.862804,0.342020
93.640000,1.562941,-5.594853,-2.789353,-0.820732,-3.995704,-3.131373,2.870396,0.342020
93.680000,1.551688,-5.598988,-2.789422,-0.832720,-3.995826,-3.131442,2.873244,0.342020
93.740000,1.534810,-5.605190,-2.789541,-0.850701,-3.996008,-3.131561,2.877521,0.342020
93.780000,1.523558,-5.609323,-2.789631,-0.862687,-3.996128,-3.131651,2.880375,0.342020
93.840000,1.506682,-5.615519,-2.789780,-0.880663,-3.996305,-3.131800,2.884662,0.342020
93.880000,1.495432,-5.619648,-2.789888,-0.892646,-3.996422,-3.131908,2.887522,0.342020
93.940000,1.478558,-5.625839,-2.790062,-0.910620,-3.996594,-3.132082,2.891817,0.342020
93.980000,1.467309,-5.629964,-2.790186,-0.922601,-3.996708,-3.132206,2.894684,0.342020
94.040000,1.450435,-5.636148,-2.790381,-0.940571,-3.996874,-3.132401,2.898988,0.342020
94.080000,1.439186,-5.640269,-2.790517,-0.952551,-3.996984,-3.132537,2.901860,0.342020
94.140000,1.422313,-5.646447,-2.790729,-0.970519,-3.997145,-3.132749,2.906173,0.342020
94.180000,1.411064,-5.650563,-2.790876,-0.982497,-3.997250,-3.132896,2.909051,0.342020
94.240000,1.394190,-5.656734,-2.791101,-1.000463,-3.997404,-3.133121,2.913373,0.342020
94.280000,1.382940,-5.660846,-2.791256,-1.012441,-3.997504,-3.133276,2.916257,0.342020
94.340000,1.366065,-5.667010,-2.791492,-1.030406,-3.997652,-3.133512,2.920587,0.342020
94.380000,1.354814,-5.671117,-2.791652,-1.042382,-3.997748,-3.133672,2.923477,0.342020
94.440000,1.337937,-5.677274,-2.791895,-1.060346,-3.997888,-3.133915,2.927816,0.342020
94.480000,1.326686,-5.681376,-2.792059,-1.072322,-3.997979,-3.134079,2.930711,0.342020
94.540000,1.309807,-5.687526,-2.792308,-1.090286,-3.998111,-3.134328,2.935059,0.342020
94.580000,1.298554,-5.691624,-2.792474,-1.102262,-3.998197,-3.134494,2.937960,0.342020
94.640000,1.281673,-5.697767,-2.792725,-1.120225,-3.998323,-3.134745,2.942316,0.342020
94.680000,1.270418,-5.701860,-2.792892,-1.132201,-3.998404,-3.134912,2.945223,0.342020
94.740000,1.253534,-5.707995,-2.793143,-1.150165,-3.998521,-3.135163,2.949588,0.342020
94.780000,1.242277,-5.712084,-2.793309,-1.162141,-3.998597,-3.135329,2.952501,0.342020
94.840000,1.225391,-5.718212,-2.793559,-1.180105,-3.998708,-3.135579,2.956874,0.342020
94.880000,1.214132,-5.722296,-2.793724,-1.192081,-3.998779,-3.135744,2.959793,0.342020
94.940000,1.197242,-5.728418,-2.793970,-1.210045,-3.998882,-3.135990,2.964175,0.342020
94.980000,1.185982,-5.732497,-2.794132,-1.222022,-3.998948,-3.136152,2.967099,0.342020
95.040000,1.169089,-5.738613,-2.794374,-1.239987,-3.999043,-3.136394,2.971490,0.342020
95.100000,1.152194,-5.744724,-2.794612,-1.257953,-3.999135,-3.136632,2.975886,0.342020
95.140000,1.140930,-5.748797,-2.794768,-1.269931,-3.999193,-3.136788,2.978819,0.342020
95.180000,1.129665,-5.752867,-2.794923,-1.281909,-3.999250,-3.136943,2.981755,0.342020
95.240000,1.112766,-5.758970,-2.795151,-1.299876,-3.999331,-3.137171,2.986163,0.342020
95.280000,1.101498,-5.763037,-2.795301,-1.311855,-3.999383,-3.137321,2.989105,0.342020
95.340000,1.084595,-5.769133,-2.795522,-1.329823,-3.999458,-3.137542,2.993521,0.342020
95.380000,1.073326,-5.773196,-2.795666,-1.341803,-3.999506,-3.137686,2.996469,0.342020
95.440000,1.056420,-5.779287,-2.795879,-1.359773,-3.999574,-3.137899,3.000894,0.342020
95.480000,1.045148,-5.783346,-2.796017,-1.371753,-3.999617,-3.138037,3.003847,0.342020
95.540000,1.028239,-5.789432,-2.796220,-1.389724,-3.999679,-3.138240,3.008282,0.342020
95.580000,1.016965,-5.793488,-2.796353,-1.401705,-3.999719,-3.138373,3.011241,0.342020
95.640000,1.000073,-5.799561,-2.796609,-1.409637,-4.001907,-3.135139,3.006370,0.338530
95.680000,0.988846,-5.803593,-2.796989,-1.421566,-4.001982,-3.135519,3.009300,0.338530
95.740000,0.971999,-5.809633,-2.797667,-1.439462,-4.002084,-3.136197,3.013699,0.338530
95.780000,0.960764,-5.813654,-2.798129,-1.451396,-4.002146,-3.136659,3.016633,0.338530
95.840000,0.943903,-5.819678,-2.798805,-1.469300,-4.002228,-3.137335,3.021038,0.338530
95.880000,0.932657,-5.823689,-2.799237,-1.481240,-4.002276,-3.137767,3.023977,0.338530
95.940000,0.915781,-5.829697,-2.799856,-1.499153,-4.002339,-3.138386,3.028389,0.338530
95.980000,0.904526,-5.833698,-2.800249,-1.511098,-4.002375,-3.138779,3.031333,0.338530
96.040000,0.887637,-5.839692,-2.800820,-1.529019,-4.002421,-3.139350,3.035753,0.338530
96.080000,0.876375,-5.843684,-2.801196,-1.540968,-4.002445,-3.139726,3.038701,0.338530
96.140000,0.859476,-5.849663,-2.801759,-1.558893,-4.002474,-3.140289,3.043127,0.338530
96.180000,0.848207,-5.853645,-2.802134,-1.570846,-4.002487,-3.140664,3.046080,0.338530
96.240000,0.831297,-5.859611,-2.802695,-1.588776,-4.002499,-3.141225,3.050512,0.338530
96.280000,0.820021,-5.863583,-2.803070,-1.600731,-4.002501,3.141585,3.053469,0.338530
96.340000,0.803102,-5.869535,-2.803632,-1.618667,-4.002496,3.141023,3.057908,0.338530
96.380000,0.791819,-5.873498,-2.804007,-1.630625,-4.002486,3.140649,3.060870,0.338530
96.440000,0.774890,-5.879435,-2.804569,-1.648566,-4.002464,3.140086,3.065315,0.338530
96.480000,0.763600,-5.883389,-2.804944,-1.660527,-4.002444,3.139712,3.068281,0.338530
96.540000,0.746661,-5.889312,-2.805506,-1.678469,-4.003224,3.140545,3.072227,0.337134
96.580000,0.735382,-5.893249,-2.805973,-1.690409,-4.004033,3.141474,3.074671,0.335738
96.640000,0.718504,-5.899126,-2.807102,-1.708277,-4.004441,3.141043,3.078814,0.335040
96.680000,0.707262,-5.903027,-2.808162,-1.720176,-4.004429,3.139983,3.081742,0.335040
96.740000,0.690387,-5.908855,-2.809906,-1.738029,-4.004384,3.138240,3.086133,0.335040
96.780000,0.679127,-5.912726,-2.811106,-1.749936,-4.004337,3.137039,3.089060,0.335040
96.840000,0.662221,-5.918509,-2.812925,-1.767803,-4.004240,3.135220,3.093452,0.335040
96.880000,0.650939,-5.922349,-2.814143,-1.779720,-4.004157,3.134003,3.096379,0.335040
96.940000,0.634000,-5.928085,-2.815972,-1.797604,-4.004004,3.132173,3.100771,0.335040
97.000000,0.617042,-5.933794,-2.817803,-1.815496,-4.003820,3.130342,3.105163,0.335040
97.040000,0.605726,-5.937583,-2.819025,-1.827429,-4.003678,3.129121,3.108092,0.335040
97.080000,0.594402,-5.941361,-2.820247,-1.839366,-4.003522,3.127899,3.111020,0.335040
97.140000,0.577399,-5.947004,-2.822081,-1.857278,-4.003260,3.126065,3.115412,0.335040
97.180000,0.566069,-5.950747,-2.822765,-1.869209,-4.003070,3.125380,3.118337,0.335040
97.240000,0.549086,-5.956353,-2.822558,-1.887091,-4.002780,3.125587,3.122724,0.335040
97.300000,0.532108,-5.961966,-2.821985,-1.904970,-4.002499,3.126160,3.127118,0.335040
97.340000,0.520790,-5.965715,-2.821554,-1.916892,-4.002318,3.126591,3.130051,0.335040
97.380000,0.509473,-5.969469,-2.821111,-1.928814,-4.002141,3.127034,3.132989,0.335040
97.440000,0.492497,-5.975110,-2.820438,-1.946701,-4.001887,3.127708,3.137402,0.335040
97.480000,0.481180,-5.978877,-2.819987,-1.958627,-4.001724,3.128159,3.140350,0.335040
97.540000,0.464205,-5.984539,-2.819310,-1.976520,-4.001490,3.128836,3.144777,0.335040
97.580000,0.452889,-5.988321,-2.818858,-1.988451,-4.001340,3.129287,3.147734,0.335040
97.640000,0.435957,-5.993990,-2.818086,-2.016278,-3.996879,3.123079,3.162580,0.342020
97.680000,0.424743,-5.997755,-2.817148,-2.028105,-3.996665,3.124017,3.165569,0.342020
97.740000,0.407923,-6.003428,-2.815516,-2.045854,-3.996367,3.125649,3.170065,0.342020
97.780000,0.396710,-6.007226,-2.814405,-2.057691,-3.996185,3.126761,3.173070,0.342020
97.840000,0.379889,-6.012950,-2.812777,-2.075458,-3.995936,3.128389,3.177589,0.342020
97.880000,0.368674,-6.016783,-2.811730,-2.087308,-3.995786,3.129436,3.180610,0.342020
97.940000,0.351850,-6.022558,-2.810224,-2.105095,-3.995583,3.130942,3.185154,0.342020
97.980000,0.340633,-6.026423,-2.809263,-2.116959,-3.995462,3.131902,3.188190,0.342020
98.040000,0.323805,-6.032244,-2.807886,-2.134764,-3.995302,3.133280,3.192757,0.342020
98.080000,0.312585,-6.036139,-2.807010,-2.146641,-3.995209,3.134156,3.195808,0.342020
98.140000,0.295752,-6.042003,-2.805758,-2.164465,-3.995087,3.135407,3.200396,0.342020
98.180000,0.284529,-6.045926,-2.804966,-2.176354,-3.995019,3.136199,3.203461,0.342020
98.240000,0.267692,-6.051829,-2.803839,-2.194196,-3.994933,3.137327,3.208070,0.342020
98.280000,0.256466,-6.055776,-2.803123,-2.206096,-3.994886,3.138043,3.211148,0.342020
98.340000,0.239624,-6.061714,-2.802103,-2.223953,-3.994832,3.139062,3.215776,0.342020
98.380000,0.228395,-6.065684,-2.801460,-2.235863,-3.994806,3.139706,3.218867,0.342020
98.440000,0.211549,-6.071654,-2.800548,-2.253737,-3.994780,3.140617,3.223513,0.342020
98.480000,0.200316,-6.075645,-2.799976,-2.265657,-3.994772,3.141190,3.226616,0.342020
98.540000,0.183464,-6.081644,-2.799166,-2.283545,-3.994772,-3.141186,3.231280,0.342020
98.580000,0.172228,-6.085653,-2.798659,-2.295474,-3.994780,-3.140679,3.234394,0.342020
98.640000,0.155371,-6.091678,-2.797946,-2.303376,-3.994803,-3.139966,3.231458,0.342020
98.680000,0.144131,-6.095703,-2.797502,-2.315315,-3.994825,-3.139522,3.234589,0.342020
98.740000,0.127268,-6.101752,-2.796882,-2.333230,-3.994868,-3.138902,3.239292,0.342020
98.780000,0.116025,-6.105791,-2.796498,-2.345177,-3.994902,-3.138518,3.242432,0.342020
98.840000,0.099157,-6.111860,-2.795962,-2.363103,-3.994962,-3.137982,3.247150,0.342020
98.880000,0.082286,-6.117940,-2.795471,-2.375057,-3.995007,-3.137649,3.247365,0.342178
98.940000,0.071036,-6.121999,-2.795172,-2.392995,-3.995082,-3.137192,3.255031,0.342020
99.000000,0.054160,-6.128095,-2.794761,-2.410939,-3.995165,-3.136781,3.259770,0.342020
99.040000,0.042906,-6.132164,-2.794512,-2.422905,-3.995224,-3.136532,3.262934,0.342020
99.100000,0.026024,-6.138274,-2.794172,-2.440859,-3.995318,-3.136192,3.267686,0.342020
99.140000,0.014768,-6.142351,-2.793965,-2.452831,-3.995384,-3.135985,3.270858,0.342020
99.180000,0.003510,-6.146432,-2.793775,-2.464805,-3.995452,-3.135795,3.274033,0.342020
99.240000,-0.013379,-6.152558,-2.793518,-2.482770,-3.995559,-3.135538,3.278801,0.342020
99.280000,-0.024641,-6.156645,-2.793369,-2.494751,-3.995632,-3.135389,3.281984,0.342020
99.340000,-0.041535,-6.162780,-2.793171,-2.512724,-3.995745,-3.135191,3.286763,0.342020
99.400000,-0.058433,-6.168919,-2.793003,-2.530702,-3.995862,-3.135023,3.291549,0.342020
99.440000,-0.069699,-6.173014,-2.792908,-2.542689,-3.995941,-3.134928,3.294742,0.342020
99.480000,-0.080967,-6.177111,-2.792825,-2.554678,-3.996022,-3.134845,3.297939,0.342020
99.540000,-0.097871,-6.183259,-2.792725,-2.576666,-3.995345,-3.136141,3.306265,0.343416
99.580000,-0.109125,-6.187353,-2.792616,-2.592638,-3.994584,-3.137428,3.313015,0.344812
99.640000,-0.125976,-6.193488,-2.792261,-2.612567,-3.994232,-3.137771,3.319618,0.345510
99.680000,-0.137200,-6.197579,-2.791926,-2.624513,-3.994279,-3.137436,3.322838,0.345510
99.740000,-0.154039,-6.203724,-2.791403,-2.642438,-3.994359,-3.136913,3.327676,0.345510
99.780000,-0.165266,-6.207827,-2.791069,-2.654391,-3.994417,-3.136579,3.330905,0.345510
99.840000,-0.182110,-6.213990,-2.790603,-2.672327,-3.994511,-3.136113,3.335756,0.345510
99.880000,-0.193342,-6.218104,-2.790319,-2.684289,-3.994578,-3.135829,3.338994,0.345510
99.940000,-0.210193,-6.224283,-2.789932,-2.702236,-3.994685,-3.135442,3.343859,0.345510
99.980000,-0.221428,-6.228407,-2.789700,-2.714205,-3.994760,-3.135210,3.347105,0.345510
100.040000,-0.238285,-6.234599,-2.789384,-2.732162,-3.994877,-3.134894,3.351981,0.345510
100.080000,-0.249524,-6.238732,-2.789197,-2.744137,-3.994959,-3.134707,3.355236,0.345510
100.140000,-0.266387,-6.244935,-2.788949,-2.762103,-3.995085,-3.134459,3.360123,0.345510
100.180000,-0.277630,-6.249074,-2.788803,-2.774084,-3.995171,-3.134313,3.363385,0.345510
100.240000,-0.294498,-6.255286,-2.788615,-2.792059,-3.995304,-3.134125,3.368284,0.345510
100.300000,-0.311369,-6.261503,-2.788460,-2.810039,-3.995439,-3.133970,3.373188,0.345510
100.340000,-0.322618,-6.265650,-2.788374,-2.822027,-3.995531,-3.133884,3.376461,0.345510
100.380000,-0.333869,-6.269798,-2.788301,-2.834018,-3.995624,-3.133811,3.379736,0.345510
100.440000,-0.350747,-6.276024,-2.788216,-2.852007,-3.995765,-3.133726,3.384654,0.345510
100.480000,-0.362001,-6.280175,-2.788176,-2.864003,-3.995860,-3.133686,3.387936,0.345510
100.540000,-0.378885,-6.286404,-2.788136,-2.877997,-3.996821,-3.132250,3.389358,0.344114
100.580000,-0.390126,-6.290551,-2.788192,-2.885972,-3.997757,-3.130910,3.389123,0.342718
100.640000,-0.406956,-6.296757,-2.788489,-2.901904,-3.998367,-3.130509,3.392250,0.342020
100.680000,-0.418165,-6.300886,-2.788810,-2.913849,-3.998498,-3.130830,3.395502,0.342020
100.740000,-0.434984,-6.307073,-2.789344,-2.931769,-3.998686,-3.131364,3.400381,0.342020
100.780000,-0.446199,-6.311194,-2.789706,-2.943716,-3.998806,-3.131726,3.403635,0.342020
100.840000,-0.463025,-6.317366,-2.790247,-2.961638,-3.998978,-3.132267,3.408517,0.342020
100.880000,-0.474245,-6.321477,-2.790601,-2.973587,-3.999087,-3.132621,3.411774,0.342020
100.940000,-0.491080,-6.327636,-2.791121,-2.991512,-3.999243,-3.133141,3.416661,0.342020
100.980000,-0.502306,-6.331738,-2.791459,-3.003464,-3.999342,-3.133479,3.419921,0.342020
101.040000,-0.519150,-6.337884,-2.791955,-3.021393,-3.999483,-3.133975,3.424812,0.342020
101.080000,-0.530382,-6.341977,-2.792277,-3.033348,-3.999573,-3.134297,3.428075,0.342020
101.140000,-0.547234,-6.348111,-2.792747,-3.051281,-3.999699,-3.134767,3.432971,0.342020
101.180000,-0.558471,-6.352197,-2.793052,-3.063237,-3.999779,-3.135072,3.436237,0.342020
101.240000,-0.575331,-6.358319,-2.793495,-3.081174,-3.999892,-3.135515,3.441138,0.342020
101.280000,-0.586574,-6.362397,-2.793783,-3.093134,-3.999963,-3.135803,3.444406,0.342020
101.340000,-0.603442,-6.368508,-2.794201,-3.111074,-4.000063,-3.136221,3.449312,0.342020
101.380000,-0.614690,-6.372579,-2.794471,-3.123036,-4.000126,-3.136491,3.452584,0.342020
101.440000,-0.631566,-6.378680,-2.794864,-3.140981,-4.000214,-3.136884,3.457495,0.342020
101.480000,-0.642819,-6.382745,-2.795117,-3.152945,-4.000268,-3.137137,3.460770,0.342020
101.540000,-0.659702,-6.388837,-2.795483,-3.170893,-4.000345,-3.137503,3.465686,0.342020
101.580000,-0.670960,-6.392895,-2.795718,-3.182860,-4.000393,-3.137738,3.468964,0.342020
101.640000,-0.687829,-6.398971,-2.796121,-3.200768,-4.002588,-3.134651,3.472393,0.338530
101.680000,-0.699042,-6.403003,-2.796595,-3.212684,-4.002668,-3.135125,3.475631,0.338530
101.740000,-0.715869,-6.409043,-2.797403,-3.230562,-4.002776,-3.135933,3.480488,0.338530
101.780000,-0.727094,-6.413063,-2.797946,-3.242484,-4.002841,-3.136476,3.483728,0.338530
101.840000,-0.743939,-6.419083,-2.798735,-3.260373,-4.002925,-3.137265,3.488590,0.338530
101.880000,-0.755175,-6.423091,-2.799240,-3.272302,-4.002974,-3.137770,3.491833,0.338530
101.940000,-0.772038,-6.429094,-2.799960,-3.290201,-4.003036,-3.138490,3.496700,0.338530
101.980000,-0.783285,-6.433090,-2.800417,-3.302137,-4.003070,-3.138947,3.499945,0.338530
102.040000,-0.800164,-6.439077,-2.801066,-3.320047,-4.003111,-3.139596,3.504817,0.338530
102.080000,-0.811422,-6.443064,-2.801476,-3.331990,-4.003133,-3.140006,3.508066,0.338530
102.140000,-0.828317,-6.449036,-2.802057,-3.349909,-4.003156,-3.140587,3.512942,0.338530
102.180000,-0.839584,-6.453014,-2.802425,-3.361858,-4.003166,-3.140955,3.516194,0.338530
102.240000,-0.856493,-6.458974,-2.802944,-3.379787,-4.003172,-3.141474,3.521076,0.338530
102.280000,-0.867770,-6.462944,-2.803268,-3.391742,-4.003172,3.141387,3.524332,0.338530
102.340000,-0.884691,-6.468893,-2.803725,-3.409678,-4.003164,3.140930,3.529219,0.338530
102.380000,-0.895976,-6.472856,-2.804011,-3.421639,-4.003154,3.140644,3.532478,0.338530
102.440000,-0.912909,-6.478796,-2.804414,-3.439583,-4.003134,3.140241,3.537371,0.338530
102.480000,-0.924201,-6.482753,-2.804665,-3.451549,-4.003116,3.139991,3.540634,0.338530
102.540000,-0.941145,-6.488685,-2.805012,-3.469502,-4.003084,3.139644,3.545532,0.338530
102.580000,-0.952444,-6.492638,-2.805226,-3.481472,-4.003060,3.139429,3.548800,0.338530
102.640000,-0.969398,-6.498563,-2.805524,-3.499431,-4.003018,3.139132,3.553704,0.338530
102.680000,-0.980704,-6.502511,-2.805707,-3.511406,-4.002987,3.138948,3.556975,0.338530
102.740000,-0.997665,-6.508430,-2.805969,-3.529370,-4.002937,3.138687,3.561885,0.338530
102.780000,-1.008974,-6.512373,-2.806140,-3.541347,-4.002902,3.138516,3.565160,0.338530
102.840000,-1.025940,-6.518286,-2.806395,-3.559314,-4.002844,3.138260,3.570074,0.338530
102.880000,-1.037252,-6.522225,-2.806565,-3.571292,-4.002803,3.138091,3.573352,0.338530
102.940000,-1.054222,-6.528131,-2.806819,-3.589260,-4.002738,3.137836,3.578272,0.338530
102.980000,-1.065537,-6.532066,-2.806989,-3.601240,-4.002692,3.137666,3.581553,0.338530
103.040000,-1.082512,-6.537965,-2.807243,-3.619211,-4.002619,3.137412,3.586478,0.338530
103.080000,-1.093830,-6.541896,-2.807413,-3.631192,-4.002568,3.137242,3.589762,0.338530
103.140000,-1.110810,-6.547789,-2.807668,-3.649165,-4.002487,3.136988,3.594691,0.338530
103.180000,-1.122131,-6.551715,-2.807838,-3.661148,-4.002431,3.136818,3.597979,0.338530
103.240000,-1.139115,-6.557602,-2.808092,-3.679123,-4.002343,3.136563,3.602913,0.338530
103.280000,-1.156102,-6.563484,-2.808347,-3.691107,-4.002282,3.136393,3.603610,0.338445
103.340000,-1.167428,-6.567404,-2.808517,-3.709084,-4.002186,3.136139,3.611143,0.338530
103.380000,-1.184419,-6.573280,-2.808771,-3.721069,-4.002120,3.135969,3.611850,0.338445
103.440000,-1.195748,-6.577195,-2.808941,-3.739049,-4.002016,3.135714,3.619381,0.338530
103.480000,-1.207079,-6.581108,-2.809111,-3.751036,-4.001945,3.135545,3.622679,0.338530
103.540000,-1.224077,-6.586975,-2.809366,-3.773020,-4.001032,3.133894,3.631007,0.339926
103.580000,-1.235409,-6.590885,-2.809383,-3.789003,-4.000110,3.132480,3.637713,0.341322
103.640000,-1.252342,-6.596732,-2.808623,-3.808912,-3.999520,3.132542,3.644387,0.342020
103.680000,-1.263606,-6.600634,-2.807499,-3.820832,-3.999419,3.133666,3.647702,0.342020
103.740000,-1.280496,-6.606516,-2.805437,-3.838717,-3.999295,3.135729,3.652683,0.342020
103.780000,-1.291754,-6.610459,-2.803964,-3.850645,-3.999234,3.137201,3.656011,0.342020
103.840000,-1.307807,-6.616110,-2.802598,-3.867663,-3.999174,3.138568,3.660768,0.342020
103.880000,-1.317023,-6.619358,-2.803260,-3.877435,-3.999142,3.137906,3.663501,0.342020
103.940000,-1.328585,-6.623408,-2.806660,-3.889685,-3.999080,3.134505,3.666924,0.342020
103.980000,-1.334795,-6.625557,-2.810522,-3.896257,-3.999022,3.130643,3.668756,0.342020
104.040000,-1.341850,-6.627953,-2.818723,-3.903706,-3.998913,3.122442,3.670826,0.342020
104.080000,-1.345051,-6.629013,-2.825785,-3.907078,-3.998838,3.115380,3.671757,0.342020
104.140000,-1.347544,-6.629813,-2.838818,-3.909694,-3.998756,3.102347,3.672476,0.342020
104.180000,-1.347791,-6.629889,-2.849096,-3.909953,-3.998745,3.092070,3.672546,0.342020
104.240000,-1.347791,-6.629889,-2.866897,-3.909953,-3.998745,3.074269,3.672546,0.342020
104.280000,-1.347791,-6.629889,-2.880358,-3.909953,-3.998745,3.060807,3.672546,0.342020
104.340000,-1.347791,-6.629889,-2.902991,-3.909953,-3.998745,3.038174,3.672546,0.342020
104.380000,-1.347791,-6.629889,-2.919669,-3.909953,-3.998745,3.021496,3.672546,0.342020
104.440000,-1.347791,-6.629889,-2.947086,-3.909953,-3.998745,2.994079,3.672546,0.342020
104.480000,-1.347791,-6.629889,-2.966932,-3.909953,-3.998745,2.974233,3.672546,0.342020
104.540000,-1.347791,-6.629889,-2.999133,-3.909953,-3.998745,2.942033,3.672546,0.342020
104.600000,-1.347791,-6.629889,-3.034230,-3.909953,-3.998745,2.906936,3.672546,0.342020
104.640000,-1.347791,-6.629889,-3.059196,-3.909953,-3.998745,2.881970,3.672546,0.342020
104.680000,-1.347791,-6.629889,-3.085473,-3.909953,-3.998745,2.855692,3.672546,0.342020
104.740000,-1.347791,-6.629889,-3.127306,-3.909953,-3.998745,2.813859,3.672546,0.342020
104.780000,-1.347791,-6.629889,3.126385,-3.909953,-3.998745,2.784365,3.672546,0.342020
104.840000,-1.347791,-6.629889,3.079816,-3.909953,-3.998745,2.737796,3.672546,0.342020
104.880000,-1.347791,-6.629889,3.047827,-3.909953,-3.998745,2.705807,3.672546,0.342020
104.940000,-1.347791,-6.629889,2.999827,-3.909953,-3.998745,2.657807,3.672546,0.342020
104.980000,-1.347791,-6.629889,2.967827,-3.909953,-3.998745,2.625807,3.672546,0.342020
105.040000,-1.347791,-6.629889,2.919827,-3.909953,-3.998745,2.577807,3.672546,0.342020
105.080000,-1.347791,-6.629889,2.887827,-3.909953,-3.998745,2.545807,3.672546,0.342020
105.140000,-1.347854,-6.629870,2.839827,-3.910006,-3.998706,2.497807,3.672554,0.342020
105.180000,-1.348369,-6.629698,2.807827,-3.910434,-3.998371,2.465807,3.672609,0.342020
105.240000,-1.350533,-6.628882,2.760060,-3.912198,-3.996876,2.418040,3.672817,0.342020
105.280000,-1.352876,-6.627897,2.728629,-3.914075,-3.995162,2.386609,3.673014,0.342020
105.340000,-1.357688,-6.625647,2.682764,-3.917854,-3.991428,2.340744,3.673358,0.342020
105.380000,-1.361729,-6.623573,2.653052,-3.920965,-3.988120,2.311032,3.673596,0.342020
105.440000,-1.368980,-6.619509,2.610465,-3.926433,-3.981859,2.268445,3.673931,0.342020
105.480000,-1.374574,-6.616118,2.583352,-3.930566,-3.976788,2.241332,3.674120,0.342020
105.540000,-1.384047,-6.609935,2.544854,-3.933417,-3.967786,2.202834,3.671544,0.342020
105.580000,-1.391053,-6.605048,2.520749,-3.934377,-3.960833,2.178729,3.668839,0.342020
105.640000,-1.401722,-6.597140,2.486990,-3.939776,-3.949805,2.144970,3.667439,0.342020
105.680000,-1.408687,-6.591676,2.466084,-3.944506,-3.942321,2.124064,3.667351,0.342020
105.740000,-1.419053,-6.583117,2.437125,-3.951400,-3.930781,2.095105,3.667106,0.342020
105.780000,-1.425889,-6.577200,2.419419,-3.955856,-3.922913,2.077399,3.666874,0.342020
105.840000,-1.436041,-6.568032,2.395260,-3.962345,-3.910872,2.053240,3.666430,0.342020
105.880000,-1.442739,-6.561745,2.380487,-3.966546,-3.902703,2.038467,3.666076,0.342020
105.940000,-1.452673,-6.552072,2.358708,-3.972661,-3.890258,2.016688,3.665460,0.342020
105.980000,-1.459218,-6.545467,2.344369,-3.976611,-3.881840,2.002349,3.664993,0.342020
106.040000,-1.468913,-6.535325,2.323137,-3.982344,-3.869034,1.981117,3.664211,0.342020
106.080000,-1.475299,-6.528406,2.309175,-3.986039,-3.860374,1.967155,3.663633,0.342020
106.140000,-1.484748,-6.517806,2.288543,-3.991385,-3.847219,1.946523,3.662685,0.342020
106.180000,-1.490962,-6.510590,2.274982,-3.994819,-3.838337,1.932962,3.661999,0.342020
106.240000,-1.500155,-6.499544,2.254959,-3.999776,-3.824848,1.912939,3.660888,0.342020
106.280000,-1.506197,-6.492035,2.241830,-4.002949,-3.815747,1.899810,3.660094,0.342020
106.340000,-1.515129,-6.480558,2.222469,-4.007514,-3.801939,1.880449,3.658823,0.342020
106.380000,-1.520996,-6.472765,2.209798,-4.010428,-3.792630,1.867778,3.657922,0.342020
106.440000,-1.529664,-6.460868,2.191153,-4.014603,-3.778515,1.849133,3.656493,0.342020
106.480000,-1.535354,-6.452799,2.178974,-4.017258,-3.769005,1.836954,3.655489,0.342020
106.540000,-1.543760,-6.440490,2.161088,-4.021049,-3.754589,1.819068,3.653905,0.342020
106.580000,-1.549273,-6.432157,2.149440,-4.023448,-3.744889,1.807420,3.652799,0.342020
106.640000,-1.557408,-6.419466,2.132333,-4.026855,-3.730206,1.790313,3.651067,0.342020
106.680000,-1.562743,-6.410881,2.121187,-4.029001,-3.720328,1.779167,3.649863,0.342020
106.740000,-1.570612,-6.397817,2.104880,-4.032033,-3.705382,1.762860,3.647986,0.342020
106.780000,-1.575771,-6.388987,2.094286,-4.033932,-3.695333,1.752266,3.646687,0.342020
106.840000,-1.583379,-6.375566,2.078813,-4.036598,-3.680138,1.736793,3.644669,0.342020
106.880000,-1.588369,-6.366496,2.068806,-4.038257,-3.669920,1.726786,3.643278,0.342020
106.940000,-1.595721,-6.352736,2.054204,-4.040568,-3.654491,1.712184,3.641127,0.342020
106.980000,-1.600538,-6.343453,2.044750,-4.041992,-3.644130,1.702730,3.639649,0.342020
107.040000,-1.607639,-6.329369,2.031000,-4.043959,-3.628480,1.688980,3.637369,0.342020
107.080000,-1.612292,-6.319876,2.022121,-4.045158,-3.617976,1.680101,3.635808,0.342020
107.140000,-1.619152,-6.305486,2.009243,-4.046795,-3.602120,1.667223,3.633406,0.342020
107.180000,-1.623647,-6.295795,2.000954,-4.047779,-3.591482,1.658934,3.631766,0.342020
107.240000,-1.630274,-6.281117,1.988955,-4.049099,-3.575431,1.646935,3.629249,0.342020
107.280000,-1.634618,-6.271239,1.981247,-4.049878,-3.564669,1.639227,3.627535,0.342020
107.340000,-1.641025,-6.256287,1.970137,-4.050900,-3.548433,1.628117,3.624909,0.342020
107.380000,-1.645226,-6.246232,1.963021,-4.051485,-3.537552,1.621001,3.623124,0.342020
107.440000,-1.651425,-6.231025,1.952782,-4.052225,-3.521147,1.610762,3.620398,0.342020
107.480000,-1.655491,-6.220806,1.946243,-4.052628,-3.510156,1.604223,3.618548,0.342020
107.540000,-1.661516,-6.205305,1.936956,-3.987031,-3.491737,1.479766,3.573720,0.457190
107.600000,-1.667469,-6.189603,1.929878,-3.985442,-3.475020,1.472688,3.569588,0.457190
107.640000,-1.671366,-6.179169,1.926735,-3.984332,-3.463937,1.469545,3.566833,0.457190
107.680000,-1.675223,-6.168761,1.924871,-3.983199,-3.452896,1.467681,3.564082,0.457190
107.740000,-1.680970,-6.153193,1.924477,-3.981483,-3.436390,1.467287,3.559970,0.457190
107.780000,-1.684797,-6.142843,1.925814,-3.980349,-3.425413,1.468624,3.557244,0.457190
107.840000,-1.690579,-6.127342,1.930219,-3.978694,-3.408952,1.473029,3.553184,0.457190
107.880000,-1.694482,-6.117023,1.934756,-3.977641,-3.397970,1.477566,3.550502,0.457190
107.940000,-1.700451,-6.101552,1.943550,-3.976168,-3.381453,1.486360,3.546523,0.457190
107.980000,-1.704519,-6.091241,1.949527,-3.975266,-3.370405,1.492337,3.543902,0.457190
108.040000,-1.710753,-6.075771,1.958217,-3.974032,-3.353772,1.501027,3.540015,0.457190
108.080000,-1.714997,-6.065455,1.963806,-3.973285,-3.342642,1.506616,3.537454,0.457190
108.140000,-1.721410,-6.050161,1.972046,-3.959956,-3.316202,1.472976,3.533500,0.499070
108.180000,-1.725648,-6.040258,1.978587,-3.958938,-3.305479,1.479517,3.530808,0.499070
108.240000,-1.732160,-6.025411,1.989565,-3.957549,-3.289326,1.490495,3.526828,0.499070
108.280000,-1.736613,-6.015502,1.996797,-3.956717,-3.278495,1.497727,3.524212,0.499070
108.340000,-1.743450,-6.000645,2.007351,-3.955610,-3.262178,1.508281,3.520349,0.499070
108.380000,-1.748114,-5.990739,2.014150,-3.954963,-3.251248,1.515080,3.517811,0.499070
108.440000,-1.755267,-5.975865,2.023905,-3.954125,-3.234764,1.524835,3.514059,0.499070
108.480000,-1.760136,-5.965944,2.030143,-3.953652,-3.223723,1.531073,3.511593,0.499070
108.540000,-1.767579,-5.951066,2.039101,-3.953066,-3.207097,1.540031,3.507951,0.499070
108.580000,-1.772633,-5.941145,2.044825,-3.952756,-3.195967,1.545755,3.505557,0.499070
108.640000,-1.780349,-5.926257,2.053020,-3.946971,-3.176145,1.542782,3.501052,0.510238
108.680000,-1.785532,-5.916421,2.058507,-3.940576,-3.161441,1.537101,3.497732,0.521406
108.740000,-1.793304,-5.901925,2.067585,-3.936736,-3.143009,1.540595,3.493697,0.526990
108.780000,-1.798541,-5.892340,2.074196,-3.936442,-3.132091,1.547206,3.491360,0.526990
108.840000,-1.806548,-5.877969,2.084053,-3.936135,-3.115642,1.557063,3.487921,0.526990
108.880000,-1.811990,-5.868386,2.090414,-3.936019,-3.104622,1.563424,3.485669,0.526990
108.940000,-1.820306,-5.854004,2.099538,-3.935973,-3.088009,1.572548,3.482352,0.526990
108.980000,-1.825951,-5.844406,2.105270,-3.936025,-3.076874,1.578280,3.480179,0.526990
109.040000,-1.834549,-5.830017,2.113477,-3.936220,-3.060113,1.586487,3.476979,0.526990
109.080000,-1.840370,-5.820421,2.118672,-3.936425,-3.048892,1.591682,3.474884,0.526990
109.140000,-1.849238,-5.806008,2.125969,-3.936841,-3.031974,1.598979,3.471793,0.526990
109.180000,-1.855227,-5.796402,2.130551,-3.937186,-3.020659,1.603561,3.469770,0.526990
109.240000,-1.864325,-5.781987,2.137044,-3.931629,-3.015886,1.605866,3.453268,0.531178
109.280000,-1.870425,-5.772437,2.141322,-3.925752,-3.016751,1.605956,3.437758,0.535366
109.340000,-1.879573,-5.758288,2.148309,-3.923188,-3.005981,1.610849,3.428054,0.537460
109.380000,-1.885720,-5.748906,2.153283,-3.923665,-2.994774,1.615823,3.426143,0.537460
109.440000,-1.895068,-5.734828,2.160565,-3.924487,-2.977895,1.623105,3.423334,0.537460
109.480000,-1.901383,-5.725437,2.165174,-3.925105,-2.966596,1.627714,3.421499,0.537460
109.540000,-1.910978,-5.711343,2.171648,-3.926131,-2.949576,1.634188,3.418800,0.537460
109.580000,-1.917451,-5.701940,2.175663,-3.926877,-2.938185,1.638203,3.417036,0.537460
109.640000,-1.927268,-5.687824,2.181244,-3.928084,-2.921033,1.643784,3.414439,0.537460
109.680000,-1.933882,-5.678405,2.184669,-3.928943,-2.909556,1.647209,3.412739,0.537460
109.740000,-1.943898,-5.664263,2.189384,-3.930307,-2.892280,1.651924,3.410236,0.537460
109.780000,-1.950637,-5.654825,2.192247,-3.931264,-2.880724,1.654787,3.408596,0.537460
109.840000,-1.960827,-5.640654,2.196142,-3.932763,-2.863333,1.658682,3.406177,0.537460
109.880000,-1.967673,-5.631196,2.198483,-3.933801,-2.851704,1.661023,3.404591,0.537460
109.940000,-1.978022,-5.616981,2.201558,-3.935413,-2.834195,1.664098,3.402246,0.537460
109.980000,-1.984960,-5.607498,2.203371,-3.936519,-2.822496,1.665911,3.400708,0.537460
110.040000,-1.995429,-5.593254,2.205768,-3.938219,-2.804902,1.668308,3.398433,0.537460
110.080000,-2.002447,-5.583742,2.207131,-3.939378,-2.793137,1.669671,3.396936,0.537460
110.140000,-2.013022,-5.569457,2.208861,-3.941149,-2.775452,1.671401,3.394721,0.537460
110.200000,-2.023651,-5.555144,2.210226,-3.942952,-2.757716,1.672766,3.392539,0.537460
110.240000,-2.030764,-5.545587,2.210941,-3.944942,-2.741890,1.674877,3.394819,0.536064
110.280000,-2.037904,-5.536006,2.211457,-3.946967,-2.726025,1.676789,3.397134,0.534668
110.340000,-2.048644,-5.521606,2.211705,-3.949270,-2.706169,1.677735,3.396919,0.533970
110.380000,-2.055798,-5.512015,2.211583,-3.950546,-2.694273,1.677613,3.395547,0.533970
110.440000,-2.066506,-5.497650,2.211147,-3.952453,-2.676458,1.677177,3.393512,0.533970
110.480000,-2.073629,-5.488086,2.210714,-3.953717,-2.664600,1.676744,3.392168,0.533970
110.540000,-2.084289,-5.473754,2.209874,-3.955599,-2.646838,1.675904,3.390171,0.533970
110.580000,-2.091377,-5.464208,2.209188,-3.956842,-2.635013,1.675218,3.388850,0.533970
110.640000,-2.101984,-5.449898,2.207994,-3.958688,-2.617296,1.674024,3.386884,0.533970
110.680000,-2.112556,-5.435594,2.206617,-3.959905,-2.605498,1.673125,3.379666,0.533492
110.740000,-2.119585,-5.426060,2.205605,-3.961708,-2.587819,1.671635,3.383642,0.533970
110.780000,-2.126599,-5.416527,2.204523,-3.962893,-2.576043,1.670553,3.382355,0.533970
110.840000,-2.137089,-5.402226,2.202781,-3.964644,-2.558394,1.668811,3.380435,0.533970
110.880000,-2.144062,-5.392689,2.201548,-3.965793,-2.546636,1.667578,3.379160,0.533970
110.940000,-2.154492,-5.378379,2.199601,-3.967487,-2.529009,1.665631,3.377256,0.533970
110.980000,-2.161423,-5.368834,2.198240,-3.968596,-2.517265,1.664270,3.375992,0.533970
111.040000,-2.171790,-5.354508,2.196120,-3.970228,-2.499657,1.662150,3.374100,0.533970
111.080000,-2.178680,-5.344951,2.194655,-3.971294,-2.487924,1.660685,3.372843,0.533970
111.140000,-2.188991,-5.330590,2.192419,-3.972862,-2.470314,1.658449,3.370960,0.533970
111.180000,-2.195851,-5.320999,2.190920,-3.973885,-2.458567,1.656950,3.369707,0.533970
111.240000,-2.206120,-5.306584,2.188667,-3.975388,-2.440933,1.654697,3.367829,0.533970
111.280000,-2.212952,-5.296957,2.187164,-3.976369,-2.429168,1.653194,3.366579,0.533970
111.340000,-2.223071,-5.282637,2.184603,-3.996099,-2.382503,1.664593,3.399176,0.520010
111.380000,-2.229640,-5.273286,2.181563,-3.997153,-2.371126,1.661553,3.398035,0.520010
111.440000,-2.239426,-5.259210,2.174793,-3.998651,-2.354047,1.654783,3.396299,0.520010
111.480000,-2.245902,-5.249774,2.169755,-3.999583,-2.342641,1.649745,3.395117,0.520010
111.540000,-2.255543,-5.235534,2.162034,-4.000873,-2.325492,1.642024,3.393305,0.520010
111.580000,-2.261921,-5.225980,2.156842,-4.001661,-2.314032,1.636832,3.392069,0.520010
111.640000,-2.271412,-5.211560,2.149023,-4.002733,-2.296802,1.629013,3.390175,0.520010
111.680000,-2.277692,-5.201883,2.143795,-4.003374,-2.285284,1.623785,3.388883,0.520010
111.740000,-2.287030,-5.187284,2.135936,-4.004224,-2.267975,1.615926,3.386904,0.520010
111.800000,-2.296275,-5.172578,2.128058,-4.004939,-2.250619,1.608048,3.384875,0.520010
111.840000,-2.302386,-5.162714,2.122795,-4.005341,-2.239022,1.602785,3.383493,0.520010
111.880000,-2.308454,-5.152803,2.117523,-4.005682,-2.227406,1.597513,3.382089,0.520010
111.940000,-2.317475,-5.137847,2.109598,-4.006079,-2.209945,1.589588,3.379940,0.520010
111.980000,-2.323435,-5.127817,2.104303,-4.006267,-2.198280,1.584293,3.378478,0.520010
112.040000,-2.332291,-5.112685,2.096345,-4.006434,-2.180747,1.576335,3.376243,0.520010
112.080000,-2.338140,-5.102538,2.091028,-4.006468,-2.169035,1.571018,3.374723,0.520010
112.140000,-2.346829,-5.087229,2.083035,-4.006401,-2.151433,1.563025,3.372400,0.520010
112.180000,-2.352564,-5.076965,2.077694,-4.006279,-2.139675,1.557684,3.370822,0.520010
112.240000,-2.361211,-5.061262,2.071034,-4.003588,-2.125899,1.553816,3.363593,0.517218
112.280000,-2.366915,-5.050788,2.068112,-4.000973,-2.118095,1.553686,3.357206,0.514426
112.340000,-2.375408,-5.035095,2.066121,-3.999460,-2.102305,1.553091,3.352432,0.513030
112.380000,-2.381053,-5.024648,2.066363,-3.999251,-2.090433,1.553333,3.350848,0.513030
112.440000,-2.389529,-5.008987,2.067413,-3.998949,-2.072628,1.554383,3.348498,0.513030
112.480000,-2.395190,-4.998550,2.068154,-3.998758,-2.060756,1.555124,3.346949,0.513030
112.540000,-2.403699,-4.982897,2.069283,-3.998489,-2.042942,1.556253,3.344651,0.513030
112.580000,-2.409383,-4.972465,2.070039,-3.998321,-2.031063,1.557009,3.343138,0.513030
112.640000,-2.417925,-4.956820,2.071176,-3.998085,-2.013240,1.558146,3.340894,0.513030
112.680000,-2.423632,-4.946393,2.071935,-3.997939,-2.001354,1.558905,3.339416,0.513030
112.740000,-2.432209,-4.930756,2.073071,-3.997737,-1.983520,1.560041,3.337226,0.513030
112.780000,-2.437939,-4.920333,2.073816,-3.997614,-1.971627,1.560786,3.335784,0.513030
112.840000,-2.446552,-4.904701,2.074897,-3.997445,-1.953780,1.561867,3.333648,0.513030
112.880000,-2.452304,-4.894281,2.075589,-3.997343,-1.941878,1.562559,3.332241,0.513030
112.940000,-2.460950,-4.878653,2.076585,-3.997205,-1.924018,1.563555,3.330157,0.513030
112.980000,-2.466724,-4.868235,2.077217,-3.997122,-1.912107,1.564187,3.328785,0.513030
113.040000,-2.475400,-4.852610,2.078127,-3.997012,-1.894235,1.565097,3.326753,0.513030
113.080000,-2.481194,-4.842194,2.078706,-3.996948,-1.882316,1.565676,3.325415,0.513030
113.140000,-2.489899,-4.826571,2.079535,-3.996864,-1.864433,1.566505,3.323433,0.513030
113.180000,-2.495711,-4.816156,2.080058,-3.996816,-1.852506,1.567028,3.322129,0.513030
113.240000,-2.504441,-4.800535,2.080807,-3.997557,-1.838630,1.569173,3.316968,0.511634
113.280000,-2.510279,-4.790103,2.081207,-3.998350,-1.830689,1.570969,3.312474,0.510238
113.340000,-2.519060,-4.774429,2.081592,-3.998771,-1.814728,1.572052,3.308984,0.509540
113.380000,-2.524923,-4.763968,2.081712,-3.998787,-1.802736,1.572172,3.307744,0.509540
113.440000,-2.533720,-4.748277,2.081819,-3.998812,-1.784747,1.572279,3.305905,0.509540
113.480000,-2.539586,-4.737816,2.081872,-3.998831,-1.772753,1.572332,3.304692,0.509540
113.540000,-2.548386,-4.722123,2.081936,-3.998859,-1.754761,1.572396,3.302894,0.509540
113.580000,-2.554254,-4.711661,2.081973,-3.998878,-1.742766,1.572433,3.301708,0.509540
113.640000,-2.563057,-4.695968,2.082022,-3.998908,-1.724773,1.572482,3.299950,0.509540
113.680000,-2.568927,-4.685505,2.082049,-3.998929,-1.712776,1.572509,3.298791,0.509540
113.740000,-2.577732,-4.669811,2.082084,-3.998960,-1.694781,1.572544,3.297074,0.509540
113.780000,-2.583602,-4.659348,2.082102,-3.998981,-1.682783,1.572562,3.295942,0.509540
113.840000,-2.592409,-4.643652,2.082125,-3.999013,-1.664786,1.572585,3.294265,0.509540
113.880000,-2.598280,-4.633189,2.082137,-3.999034,-1.652787,1.572597,3.293160,0.509540
113.940000,-2.607088,-4.617492,2.082150,-3.999067,-1.634789,1.572610,3.291523,0.509540
114.000000,-2.615896,-4.601795,2.082157,-3.999100,-1.616789,1.572617,3.289911,0.509540
114.040000,-2.621768,-4.591330,2.082158,-3.999121,-1.604789,1.572618,3.288849,0.509540
114.080000,-2.627641,-4.580866,2.082158,-3.999143,-1.592790,1.572618,3.287798,0.509540
114.140000,-2.636449,-4.565169,2.082152,-3.999176,-1.574791,1.572612,3.286242,0.509540
114.180000,-2.642320,-4.554705,2.082146,-3.999198,-1.562792,1.572606,3.285219,0.509540
114.240000,-2.651128,-4.539009,2.082134,-3.997895,-1.533065,1.562822,3.293856,0.519312
114.300000,-2.659868,-4.523437,2.082573,-3.994674,-1.497150,1.548603,3.307586,0.533970
114.340000,-2.665641,-4.513171,2.083605,-3.994419,-1.485374,1.549635,3.306540,0.533970
114.380000,-2.671426,-4.502913,2.084974,-3.994177,-1.473600,1.551004,3.305512,0.533970
114.440000,-2.680136,-4.487531,2.087155,-3.993847,-1.455926,1.553185,3.304007,0.533970
114.480000,-2.685966,-4.477281,2.088597,-3.993648,-1.444136,1.554627,3.303029,0.533970
114.540000,-2.694744,-4.461909,2.090690,-3.993380,-1.426436,1.556720,3.301598,0.533970
114.580000,-2.700618,-4.451663,2.092029,-3.993222,-1.414627,1.558059,3.300669,0.533970
114.640000,-2.709461,-4.436297,2.093950,-3.993013,-1.396899,1.559980,3.299310,0.533970
114.700000,-2.718341,-4.420933,2.095760,-3.992837,-1.379155,1.561790,3.297993,0.533970
114.740000,-2.724280,-4.410692,2.096906,-3.992738,-1.367316,1.562936,3.297138,0.533970
114.780000,-2.730234,-4.400453,2.098010,-3.992651,-1.355472,1.564040,3.296301,0.533970
114.840000,-2.739191,-4.385095,2.099586,-3.992545,-1.337694,1.565616,3.295080,0.533970
114.900000,-2.748178,-4.369740,2.101067,-3.992466,-1.319902,1.567097,3.293898,0.533970
114.940000,-2.754186,-4.359503,2.102001,-3.992428,-1.308033,1.568031,3.293132,0.533970
114.980000,-2.760206,-4.349267,2.102895,-3.992400,-1.296158,1.568925,3.292382,0.533970
115.040000,-2.769259,-4.333914,2.104161,-3.992378,-1.278334,1.570191,3.291290,0.533970
115.080000,-2.775308,-4.323678,2.104956,-3.992376,-1.266445,1.570986,3.290582,0.533970
115.140000,-2.784401,-4.308325,2.106076,-3.992389,-1.248600,1.572106,3.289552,0.533970
115.180000,-2.790476,-4.298089,2.106776,-3.992409,-1.236697,1.572806,3.288884,0.533970
115.240000,-2.799607,-4.282735,2.107760,-3.992454,-1.222834,1.573790,3.284186,0.533970
115.280000,-2.805705,-4.272498,2.108373,-3.992493,-1.214918,1.574403,3.279826,0.533970
115.340000,-2.814868,-4.257142,2.109229,-3.992566,-1.199036,1.575259,3.277039,0.533970
115.380000,-2.820987,-4.246904,2.109758,-3.992622,-1.187109,1.575788,3.276442,0.533970
115.440000,-2.830180,-4.231546,2.110495,-3.992718,-1.169211,1.576525,3.275575,0.533970
115.500000,-2.839388,-4.216186,2.111164,-3.992827,-1.151302,1.577194,3.274742,0.533970
115.540000,-2.845535,-4.205944,2.111570,-3.992906,-1.139358,1.577600,3.274204,0.533970
115.580000,-2.851688,-4.195702,2.111951,-3.992989,-1.127410,1.577981,3.273681,0.533970
115.640000,-2.860928,-4.180337,2.112470,-3.993123,-1.109481,1.578500,3.272923,0.533970
115.680000,-2.867094,-4.170092,2.112784,-3.993217,-1.097523,1.578814,3.272435,0.533970
115.740000,-2.876353,-4.154723,2.113210,-3.993365,-1.079582,1.579240,3.271729,0.533970
115.780000,-2.882531,-4.144476,2.113466,-3.993467,-1.067616,1.579496,3.271275,0.533970
115.840000,-2.891806,-4.129102,2.113807,-3.993626,-1.049662,1.579837,3.270620,0.533970
115.900000,-2.901090,-4.113725,2.114095,-3.993792,-1.031701,1.580125,3.269995,0.533970
115.940000,-2.907283,-4.103472,2.114260,-3.993904,-1.019723,1.580290,3.269595,0.533970
115.980000,-2.913479,-4.093218,2.114408,-3.994019,-1.007743,1.580438,3.269208,0.533970
116.040000,-2.922778,-4.077834,2.114597,-3.994194,-0.989768,1.580627,3.268652,0.533970
116.080000,-2.928981,-4.067576,2.114698,-3.994312,-0.977781,1.580728,3.268297,0.533970
116.140000,-2.938289,-4.052187,2.114820,-3.994492,-0.959796,1.580850,3.267789,0.533970
116.180000,-2.944497,-4.041926,2.114883,-3.994613,-0.947804,1.580913,3.267466,0.533970
116.240000,-2.953811,-4.026531,2.114948,-3.996435,-0.933830,1.583770,3.263719,0.531178
116.280000,-2.960009,-4.016287,2.114879,-3.998226,-0.925860,1.586493,3.260158,0.528386
116.340000,-2.969260,-4.000988,2.114326,-3.999332,-0.909980,1.587336,3.258125,0.526990
116.380000,-2.975409,-3.990805,2.113707,-3.999525,-0.898086,1.586717,3.257871,0.526990
116.440000,-2.984621,-3.975521,2.112677,-3.999800,-0.880242,1.585687,3.257505,0.526990
116.480000,-2.990755,-3.965323,2.111981,-3.999973,-0.868344,1.584991,3.257270,0.526990
116.540000,-2.999944,-3.950016,2.110956,-4.000218,-0.850491,1.583966,3.256931,0.526990
116.580000,-3.006064,-3.939803,2.110291,-4.000371,-0.838587,1.583301,3.256715,0.526990
116.640000,-3.015233,-3.924473,2.109324,-4.000585,-0.820725,1.582334,3.256405,0.526990
116.680000,-3.021339,-3.914245,2.108701,-4.000719,-0.808813,1.581711,3.256208,0.526990
116.740000,-3.030489,-3.898892,2.107797,-4.000906,-0.790942,1.580807,3.255928,0.526990
116.780000,-3.036583,-3.888649,2.107218,-4.001022,-0.779024,1.580228,3.255751,0.526990
116.840000,-3.045715,-3.873275,2.106381,-4.001183,-0.761142,1.579391,3.255501,0.526990
116.880000,-3.051798,-3.863019,2.105842,-4.001282,-0.749219,1.578852,3.255345,0.526990
116.940000,-3.060914,-3.847625,2.105063,-4.001419,-0.731329,1.578073,3.255127,0.526990
116.980000,-3.066986,-3.837357,2.104564,-4.001503,-0.719400,1.577574,3.254993,0.526990
117.040000,-3.076087,-3.821944,2.103844,-4.001618,-0.701501,1.576854,3.254808,0.526990
117.080000,-3.082150,-3.811663,2.103384,-4.001687,-0.689566,1.576394,3.254695,0.526990
117.140000,-3.091237,-3.796233,2.102723,-4.001782,-0.671659,1.575733,3.254544,0.526990
117.180000,-3.097291,-3.785941,2.102301,-4.001838,-0.659718,1.575311,3.254455,0.526990
117.240000,-3.106367,-3.770494,2.101697,-4.001913,-0.641802,1.574707,3.254338,0.526990
117.280000,-3.112413,-3.760191,2.101313,-4.001958,-0.629856,1.574323,3.254272,0.526990
117.340000,-3.121470,-3.744742,2.100718,-4.004141,-0.611979,1.577218,3.254738,0.523500
117.380000,-3.127481,-3.734474,2.100121,-4.004214,-0.600080,1.576621,3.254702,0.523500
117.440000,-3.136488,-3.719059,2.099133,-4.004310,-0.582227,1.575633,3.254663,0.523500
117.480000,-3.142487,-3.708775,2.098476,-4.004363,-0.570321,1.574976,3.254646,0.523500
117.540000,-3.151476,-3.693334,2.097527,-4.004429,-0.552455,1.574027,3.254636,0.523500
117.580000,-3.157463,-3.683031,2.096925,-4.004464,-0.540539,1.573425,3.254638,0.523500
117.640000,-3.166436,-3.667564,2.096073,-4.004503,-0.522657,1.572573,3.254658,0.523500
117.680000,-3.172413,-3.657246,2.095534,-4.004521,-0.510732,1.572034,3.254681,0.523500
117.740000,-3.181372,-3.641755,2.094773,-4.004537,-0.492838,1.571273,3.254732,0.523500
117.780000,-3.187340,-3.631422,2.094291,-4.004540,-0.480905,1.570791,3.254777,0.523500
117.840000,-3.196284,-3.615913,2.093582,-4.004533,-0.463002,1.570082,3.254860,0.523500
117.880000,-3.202242,-3.605569,2.093113,-4.004522,-0.451065,1.569613,3.254927,0.523500
117.940000,-3.211171,-3.590045,2.092410,-4.004494,-0.433156,1.568910,3.255044,0.523500
117.980000,-3.217119,-3.579690,2.091942,-4.004469,-0.421215,1.568442,3.255133,0.523500
118.040000,-3.226033,-3.564150,2.091240,-4.004420,-0.403300,1.567740,3.255282,0.523500
118.080000,-3.231970,-3.553785,2.090772,-4.004381,-0.391355,1.567272,3.255393,0.523500
118.140000,-3.240869,-3.538230,2.090069,-4.004312,-0.373434,1.566569,3.255577,0.523500
118.180000,-3.246796,-3.527855,2.089601,-4.004258,-0.361485,1.566101,3.255710,0.523500
118.240000,-3.255680,-3.512283,2.088899,-4.004168,-0.343558,1.565399,3.255926,0.523500
118.280000,-3.261597,-3.501897,2.088430,-4.004101,-0.331605,1.564930,3.256081,0.523500
118.340000,-3.270454,-3.486330,2.087637,-4.006112,-0.323712,1.567627,3.247052,0.520010
118.380000,-3.276326,-3.475989,2.086701,-4.006069,-0.311820,1.566691,3.247228,0.520010
118.440000,-3.285115,-3.460462,2.085057,-4.005981,-0.293979,1.565047,3.247502,0.520010
118.480000,-3.290962,-3.450099,2.083900,-4.005906,-0.282080,1.563890,3.247690,0.520010
118.540000,-3.299713,-3.434535,2.082137,-4.005767,-0.264225,1.562127,3.247981,0.520010
118.580000,-3.305534,-3.424146,2.080955,-4.005656,-0.252317,1.560945,3.248180,0.520010
118.640000,-3.314247,-3.408544,2.079178,-4.005464,-0.234448,1.559168,3.248487,0.520010
118.680000,-3.320042,-3.398129,2.077992,-4.005319,-0.222530,1.557982,3.248697,0.520010
118.740000,-3.328716,-3.382488,2.076212,-4.005074,-0.204646,1.556202,3.249021,0.520010
118.780000,-3.334485,-3.372046,2.075024,-4.004893,-0.192718,1.555014,3.249242,0.520010
118.840000,-3.343120,-3.356366,2.073242,-4.004594,-0.174820,1.553232,3.249582,0.520010
118.900000,-3.351731,-3.340662,2.071459,-4.004264,-0.156913,1.551449,3.249931,0.520010
118.940000,-3.357459,-3.330178,2.070269,-4.004025,-0.144969,1.550259,3.250170,0.520010
118.980000,-3.363167,-3.319701,2.069176,-4.003773,-0.133041,1.549166,3.250412,0.520010
119.040000,-3.371693,-3.304030,2.069204,-4.003385,-0.115205,1.549194,3.250791,0.520010
119.080000,-3.377379,-3.293588,2.069678,-4.003131,-0.103318,1.549668,3.251060,0.520010
119.140000,-3.385919,-3.277930,2.070553,-4.002762,-0.085486,1.550543,3.251491,0.520010
119.200000,-3.394475,-3.262276,2.071484,-4.002409,-0.067650,1.551474,3.251956,0.520010
119.240000,-3.400189,-3.251842,2.072113,-4.002183,-0.055756,1.552103,3.252286,0.520010
119.280000,-3.405910,-3.241410,2.072744,-4.001964,-0.043860,1.552734,3.252631,0.520010
119.340000,-3.414468,-3.225836,2.073821,-3.989531,-0.026108,1.550321,3.250993,0.523500
119.380000,-3.420126,-3.215569,2.075208,-3.989298,-0.014387,1.551708,3.251387,0.523500
119.440000,-3.428646,-3.200180,2.077746,-3.988985,0.003199,1.554246,3.252018,0.523500
119.500000,-3.437213,-3.184803,2.080429,-3.988717,0.020800,1.556929,3.252698,0.523500
119.540000,-3.442953,-3.174554,2.082191,-3.988564,0.032546,1.558691,3.253180,0.523500
119.580000,-3.448716,-3.164305,2.083890,-3.988432,0.044304,1.560390,3.253684,0.523500
119.640000,-3.457401,-3.148935,2.086329,-3.988270,0.061956,1.562829,3.254481,0.523500
119.680000,-3.463217,-3.138690,2.087878,-3.988185,0.073737,1.564378,3.255039,0.523500
119.740000,-3.471980,-3.123321,2.090068,-3.988091,0.091429,1.566568,3.255915,0.523500
119.780000,-3.477845,-3.113076,2.091456,-3.988050,0.103233,1.567956,3.256525,0.523500
119.840000,-3.486677,-3.097710,2.093423,-3.988017,0.120957,1.569923,3.257477,0.523500
119.880000,-3.492586,-3.087465,2.094660,-3.988014,0.132784,1.571160,3.258136,0.523500
119.940000,-3.501482,-3.072099,2.096406,-3.988036,0.150540,1.572906,3.259161,0.523500
119.980000,-3.507432,-3.061854,2.097500,-3.988068,0.162387,1.574000,3.259868,0.523500
120.040000,-3.516385,-3.046485,2.099035,-3.988138,0.180173,1.575535,3.260962,0.523500
120.080000,-3.522371,-3.036238,2.099992,-3.988200,0.192040,1.576492,3.261714,0.523500
120.140000,-3.531375,-3.020866,2.101330,-3.988314,0.209855,1.577830,3.262874,0.523500
120.180000,-3.537394,-3.010617,2.102158,-3.988403,0.221740,1.578658,3.263670,0.523500
120.240000,-3.546443,-2.995241,2.103311,-3.988553,0.239581,1.579811,3.264894,0.523500
120.280000,-3.552490,-2.984988,2.104020,-3.988665,0.251483,1.580520,3.265730,0.523500
120.340000,-3.561587,-2.969592,2.104944,-3.996736,0.279340,1.577954,3.277943,0.526990
120.380000,-3.567696,-2.959267,2.105135,-3.996823,0.291336,1.578145,3.278807,0.526990
120.440000,-3.576859,-2.943785,2.105174,-3.996956,0.309326,1.578184,3.280124,0.526990
120.480000,-3.582966,-2.933466,2.105138,-3.997044,0.321317,1.578148,3.281016,0.526990
120.540000,-3.592124,-2.917987,2.105050,-3.997176,0.339301,1.578060,3.282376,0.526990
120.580000,-3.598229,-2.907669,2.104980,-3.997263,0.351290,1.577990,3.283297,0.526990
120.640000,-3.607383,-2.892191,2.104863,-3.997391,0.369272,1.577873,3.284699,0.526990
120.680000,-3.613485,-2.881873,2.104778,-3.997475,0.381259,1.577788,3.285647,0.526990
120.740000,-3.622635,-2.866395,2.104643,-3.997600,0.399238,1.577653,3.287090,0.526990
120.780000,-3.631783,-2.850917,2.104500,-3.997681,0.411224,1.577558,3.282598,0.526941
120.840000,-3.637879,-2.840598,2.104400,-3.997802,0.429202,1.577410,3.289550,0.526990
120.880000,-3.643975,-2.830279,2.104297,-3.997880,0.441187,1.577307,3.290553,0.526990
120.940000,-3.653116,-2.814800,2.104137,-3.997996,0.459163,1.577147,3.292078,0.526990
120.980000,-3.659208,-2.804480,2.104026,-3.998071,0.471146,1.577036,3.293108,0.526990
121.040000,-3.668344,-2.789000,2.103857,-3.998182,0.489122,1.576867,3.294673,0.526990
121.080000,-3.674433,-2.778679,2.103742,-3.998254,0.501105,1.576752,3.295730,0.526990
121.140000,-3.683564,-2.763196,2.103566,-3.998359,0.519079,1.576576,3.297336,0.526990
121.180000,-3.689649,-2.752874,2.103448,-3.998428,0.531062,1.576458,3.298420,0.526990
121.240000,-3.698776,-2.737389,2.103268,-3.998528,0.549035,1.576278,3.300066,0.526990
121.280000,-3.707899,-2.721903,2.103086,-3.998593,0.561018,1.576157,3.295765,0.526929
121.340000,-3.713967,-2.711598,2.102899,-4.000806,0.568964,1.579399,3.293078,0.523500
121.380000,-3.720018,-2.701316,2.102528,-4.000906,0.580894,1.579028,3.294207,0.523500
121.440000,-3.729087,-2.685888,2.101857,-4.001048,0.598790,1.578357,3.295917,0.523500
121.480000,-3.735128,-2.675597,2.101394,-4.001135,0.610722,1.577894,3.297067,0.523500
121.540000,-3.744183,-2.660152,2.100712,-4.001256,0.628625,1.577212,3.298809,0.523500
121.600000,-3.753229,-2.644697,2.100056,-4.001365,0.646533,1.576556,3.300571,0.523500
121.640000,-3.759257,-2.634388,2.099639,-4.001431,0.658474,1.576139,3.301756,0.523500
121.680000,-3.765280,-2.624075,2.099233,-4.001493,0.670417,1.575733,3.302950,0.523500
121.740000,-3.774310,-2.608599,2.098650,-4.001576,0.688335,1.575150,3.304758,0.523500
121.780000,-3.780326,-2.598276,2.098277,-4.001626,0.700283,1.574777,3.305974,0.523500
121.840000,-3.789344,-2.582784,2.097743,-4.001692,0.718208,1.574243,3.307816,0.523500
121.880000,-3.795354,-2.572452,2.097404,-4.001731,0.730161,1.573904,3.309055,0.523500
121.940000,-3.804363,-2.556947,2.096919,-4.001783,0.748093,1.573419,3.310931,0.523500
121.980000,-3.810366,-2.546606,2.096610,-4.001812,0.760050,1.573110,3.312194,0.523500
122.040000,-3.819366,-2.531089,2.096172,-4.001850,0.777989,1.572672,3.314105,0.523500
122.080000,-3.825364,-2.520740,2.095893,-4.001870,0.789950,1.572393,3.315392,0.523500
122.140000,-3.834356,-2.505211,2.095496,-4.001895,0.807895,1.571996,3.317339,0.523500
122.180000,-3.840349,-2.494854,2.095246,-4.001908,0.819860,1.571746,3.318649,0.523500
122.240000,-3.849335,-2.479315,2.094890,-4.001922,0.837811,1.571390,3.320633,0.523500
122.280000,-3.855323,-2.468951,2.094667,-4.001928,0.849780,1.571167,3.321968,0.523500
122.340000,-3.864291,-2.453422,2.094285,-4.004061,0.867694,1.574275,3.324056,0.520010
122.380000,-3.870248,-2.443097,2.093834,-4.004100,0.879614,1.573824,3.325406,0.520010
122.440000,-3.879175,-2.427600,2.093067,-4.004148,0.897498,1.573057,3.327446,0.520010
122.500000,-3.888094,-2.412091,2.092299,-4.004181,0.915389,1.572289,3.329505,0.520010
122.540000,-3.894036,-2.401744,2.091810,-4.004196,0.927321,1.571800,3.330887,0.520010
122.600000,-3.902942,-2.386212,2.091119,-4.004208,0.945225,1.571109,3.332976,0.520010
122.640000,-3.908876,-2.375852,2.090681,-4.004209,0.957164,1.570671,3.334379,0.520010
122.680000,-3.914806,-2.365486,2.090264,-4.004205,0.969106,1.570254,3.335791,0.520010
122.740000,-3.923697,-2.349929,2.089676,-4.004190,0.987025,1.569666,3.337925,0.520010
122.780000,-3.932582,-2.334361,2.089132,-4.004174,0.998974,1.569299,3.334104,0.519834
122.840000,-3.938502,-2.323976,2.088794,-4.004143,1.016904,1.568784,3.341525,0.520010
122.880000,-3.944420,-2.313588,2.088475,-4.004117,1.028860,1.568465,3.342980,0.520010
122.940000,-3.953294,-2.297997,2.088029,-4.004071,1.046799,1.568019,3.345181,0.520010
123.000000,-3.962164,-2.282398,2.087623,-4.004017,1.064743,1.567613,3.347403,0.520010
123.040000,-3.968076,-2.271994,2.087375,-4.003978,1.076709,1.567365,3.348896,0.520010
123.080000,-3.973986,-2.261587,2.087143,-4.003935,1.088677,1.567133,3.350398,0.520010
123.140000,-3.982848,-2.245970,2.086822,-4.003866,1.106634,1.566812,3.352670,0.520010
123.180000,-3.988756,-2.235555,2.086628,-4.003818,1.118608,1.566618,3.354196,0.520010
123.240000,-3.997615,-2.219926,2.086367,-4.003740,1.136572,1.566357,3.356504,0.520010
123.280000,-4.003520,-2.209504,2.086207,-4.003686,1.148551,1.566197,3.358055,0.520010
123.340000,-4.012364,-2.193887,2.085927,-4.005728,1.166488,1.569407,3.360382,0.516520
123.400000,-4.021176,-2.178311,2.085328,-4.005698,1.184384,1.568808,3.362730,0.516520
123.440000,-4.027047,-2.167920,2.084887,-4.005672,1.196319,1.568367,3.364307,0.516520
123.480000,-4.032916,-2.157523,2.084450,-4.005640,1.208257,1.567930,3.365891,0.516520
123.540000,-4.041713,-2.141919,2.083827,-4.005583,1.226170,1.567307,3.368283,0.516520
123.580000,-4.047574,-2.131509,2.083439,-4.005539,1.238117,1.566919,3.369888,0.516520
123.640000,-4.056362,-2.115886,2.082897,-4.005465,1.256042,1.566377,3.372312,0.516520
123.680000,-4.062218,-2.105463,2.082566,-4.005410,1.267997,1.566046,3.373939,0.516520
123.740000,-4.070999,-2.089822,2.082107,-4.005321,1.285934,1.565587,3.376395,0.516520
123.800000,-4.079776,-2.074172,2.081692,-4.005224,1.303878,1.565172,3.378872,0.516520
123.840000,-4.085625,-2.063733,2.081440,-4.005155,1.315843,1.564920,3.380534,0.516520
123.880000,-4.091474,-2.053290,2.081208,-4.005083,1.327812,1.564688,3.382206,0.516520
123.940000,-4.100245,-2.037619,2.080896,-4.004970,1.345770,1.564376,3.384730,0.516520
123.980000,-4.106091,-2.027168,2.080711,-4.004892,1.357745,1.564191,3.386425,0.516520
124.040000,-4.114857,-2.011488,2.080439,-4.004771,1.375708,1.563919,3.388985,0.516520
124.080000,-4.120698,-2.001034,2.080259,-4.004688,1.387684,1.563739,3.390703,0.516520
124.140000,-4.129457,-1.985350,2.079987,-4.004559,1.405647,1.563467,3.393297,0.516520
124.180000,-4.135294,-1.974893,2.079807,-4.004470,1.417622,1.563287,3.395037,0.516520
124.240000,-4.144046,-1.959206,2.079535,-4.004332,1.435586,1.563015,3.397665,0.516520
124.280000,-4.149879,-1.948745,2.079362,-4.004238,1.447562,1.562842,3.399428,0.516520
124.340000,-4.158587,-1.933122,2.079361,-3.989839,1.475426,1.555861,3.412723,0.523500
124.380000,-4.164316,-1.922855,2.080349,-3.989668,1.487183,1.556849,3.414507,0.523500
124.440000,-4.172939,-1.907462,2.082565,-3.989441,1.504824,1.559065,3.417217,0.523500
124.500000,-4.181605,-1.892076,2.084907,-3.989255,1.522482,1.561407,3.419971,0.523500
124.540000,-4.187406,-1.881824,2.086477,-3.989154,1.534261,1.562977,3.421833,0.523500
124.580000,-4.193225,-1.871576,2.088048,-3.989071,1.546045,1.564548,3.423714,0.523500
124.640000,-4.201989,-1.856213,2.090409,-3.988981,1.563732,1.566909,3.426573,0.523500
124.680000,-4.207856,-1.845977,2.091983,-3.988944,1.575530,1.568483,3.428503,0.523500
124.740000,-4.216691,-1.830630,2.094347,-3.988924,1.593239,1.570847,3.431436,0.523500
124.780000,-4.222604,-1.820405,2.095924,-3.988934,1.605050,1.572424,3.433416,0.523500
124.840000,-4.231510,-1.805077,2.098290,-3.988984,1.622778,1.574790,3.436424,0.523500
124.880000,-4.237470,-1.794864,2.099869,-3.989041,1.634603,1.576369,3.438453,0.523500
124.940000,-4.246447,-1.779553,2.102238,-3.989161,1.652351,1.578738,3.441534,0.523500
124.980000,-4.252455,-1.769351,2.103818,-3.989264,1.664190,1.580318,3.443613,0.523500
125.040000,-4.261502,-1.754058,2.106191,-3.989454,1.681958,1.582691,3.446768,0.523500
125.080000,-4.267557,-1.743869,2.107773,-3.989605,1.693809,1.584273,3.448896,0.523500
125.140000,-4.276674,-1.728595,2.110148,-3.989865,1.711595,1.586648,3.452125,0.523500
125.180000,-4.282777,-1.718417,2.111732,-3.990063,1.723461,1.588232,3.454303,0.523500
125.240000,-4.291966,-1.703162,2.114110,-3.990395,1.741267,1.590610,3.457605,0.523500
125.280000,-4.298115,-1.692998,2.115697,-3.990639,1.753144,1.592197,3.459831,0.523500
125.340000,-4.307347,-1.677807,2.117837,-4.003157,1.760920,1.597827,3.452156,0.520010
125.380000,-4.313450,-1.667789,2.117921,-4.003475,1.772647,1.597911,3.454372,0.520010
125.440000,-4.322574,-1.652780,2.115598,-4.003935,1.790206,1.595588,3.457698,0.520010
125.480000,-4.328623,-1.642763,2.112433,-4.004208,1.801904,1.592423,3.459910,0.520010
125.540000,-4.337625,-1.627688,2.105528,-4.004530,1.819460,1.585518,3.463204,0.520010
125.580000,-4.343574,-1.617588,2.100472,-4.004673,1.831180,1.580462,3.465379,0.520010
125.640000,-4.352416,-1.602351,2.092753,-4.004775,1.848797,1.572743,3.468613,0.520010
125.680000,-4.358255,-1.592137,2.087561,-4.004767,1.860562,1.567551,3.470747,0.520010
125.740000,-4.367055,-1.576525,2.081087,-4.004647,1.878483,1.561077,3.473963,0.520010
125.800000,-4.375804,-1.560819,2.077490,-4.004435,1.896460,1.557480,3.477168,0.520010
125.840000,-4.381604,-1.550357,2.076692,-4.004270,1.908421,1.556682,3.479300,0.520010
125.880000,-4.387398,-1.539900,2.076821,-4.004102,1.920375,1.556811,3.481439,0.520010
125.940000,-4.396091,-1.524220,2.077195,-4.003854,1.938302,1.557185,3.484667,0.520010
125.980000,-4.401890,-1.513767,2.077472,-4.003693,1.950254,1.557462,3.486833,0.520010
126.040000,-4.410595,-1.498090,2.077899,-4.003458,1.968185,1.557889,3.490103,0.520010
126.080000,-4.416403,-1.487640,2.078186,-4.003305,1.980139,1.558176,3.492297,0.520010
126.140000,-4.425121,-1.471966,2.078617,-4.003083,1.998073,1.558607,3.495610,0.520010
126.180000,-4.430938,-1.461518,2.078905,-4.002939,2.010031,1.558895,3.497832,0.520010
126.240000,-4.439668,-1.445848,2.079338,-4.001934,2.027970,1.557932,3.501288,0.521406
126.280000,-4.445486,-1.435416,2.079672,-4.000962,2.039913,1.556870,3.503643,0.522802
126.340000,-4.454201,-1.419806,2.080383,-4.000292,2.057788,1.556883,3.507092,0.523500
126.380000,-4.460012,-1.409413,2.080928,-4.000130,2.069695,1.557428,3.509371,0.523500
126.440000,-4.468740,-1.393830,2.081745,-3.999899,2.087554,1.558245,3.512812,0.523500
126.480000,-4.474566,-1.383445,2.082290,-3.999752,2.099460,1.558790,3.515121,0.523500
126.540000,-4.483314,-1.367874,2.083107,-3.999545,2.117320,1.559607,3.518609,0.523500
126.580000,-4.489154,-1.357497,2.083651,-3.999415,2.129227,1.560151,3.520949,0.523500
126.640000,-4.497926,-1.341934,2.084507,-3.999232,2.147090,1.561007,3.524484,0.523500
126.700000,-4.506721,-1.326364,2.085355,-3.999065,2.164972,1.561855,3.528050,0.523500
126.740000,-4.512592,-1.315984,2.085889,-3.998962,2.176897,1.562389,3.530444,0.523500
126.800000,-4.521412,-1.300417,2.086659,-3.998818,2.194788,1.563159,3.534058,0.523500
126.840000,-4.527300,-1.290041,2.087152,-3.998730,2.206719,1.563652,3.536483,0.523500
126.880000,-4.533194,-1.279665,2.087630,-3.998648,2.218651,1.564130,3.538920,0.523500
126.940000,-4.542046,-1.264103,2.088319,-3.998535,2.236554,1.564819,3.542599,0.523500
126.980000,-4.547954,-1.253730,2.088761,-3.998466,2.248492,1.565261,3.545066,0.523500
127.040000,-4.556827,-1.238171,2.089395,-3.998372,2.266403,1.565895,3.548790,0.523500
127.080000,-4.562749,-1.227799,2.089800,-3.998316,2.278346,1.566300,3.551287,0.523500
127.140000,-4.571642,-1.212243,2.090380,-3.998241,2.296264,1.566880,3.555054,0.523500
127.180000,-4.577576,-1.201872,2.090751,-3.998196,2.308213,1.567251,3.557580,0.523500
127.240000,-4.586487,-1.186318,2.091280,-3.998138,2.326139,1.567780,3.561391,0.523500
127.280000,-4.592433,-1.175948,2.091616,-3.998104,2.338092,1.568116,3.563945,0.523500
127.340000,-4.601375,-1.160367,2.091924,-4.000177,2.366066,1.571914,3.577313,0.520010
127.380000,-4.607344,-1.149969,2.091930,-4.000191,2.378056,1.571920,3.579887,0.520010
127.440000,-4.616298,-1.134371,2.091856,-4.000210,2.396040,1.571846,3.583765,0.520010
127.480000,-4.622266,-1.123973,2.091791,-4.000223,2.408030,1.571781,3.586360,0.520010
127.540000,-4.631217,-1.108373,2.091689,-4.000239,2.426015,1.571679,3.590269,0.520010
127.580000,-4.640167,-1.092772,2.091589,-4.000250,2.438006,1.571612,3.588299,0.519977
127.640000,-4.646133,-1.082370,2.091526,-4.000263,2.455993,1.571516,3.596826,0.520010
127.680000,-4.652099,-1.071968,2.091464,-4.000272,2.467984,1.571454,3.599464,0.520010
127.740000,-4.661046,-1.056364,2.091375,-4.000283,2.485972,1.571365,3.603436,0.520010
127.780000,-4.667011,-1.045960,2.091318,-4.000289,2.497964,1.571308,3.606094,0.520010
127.840000,-4.675956,-1.030353,2.091237,-4.000298,2.515952,1.571227,3.610097,0.520010
127.880000,-4.681920,-1.019948,2.091186,-4.000302,2.527945,1.571176,3.612776,0.520010
127.940000,-4.690864,-1.004339,2.091113,-4.000309,2.545935,1.571103,3.616810,0.520010
127.980000,-4.696826,-0.993933,2.091067,-4.000312,2.557929,1.571057,3.619510,0.520010
128.040000,-4.705769,-0.978322,2.091001,-4.000316,2.575920,1.570991,3.623575,0.520010
128.080000,-4.711731,-0.967914,2.090960,-4.000318,2.587914,1.570950,3.626296,0.520010
128.140000,-4.720673,-0.952302,2.090901,-4.000320,2.605906,1.570891,3.630392,0.520010
128.180000,-4.726634,-0.941893,2.090863,-4.000321,2.617901,1.570853,3.633134,0.520010
128.240000,-4.735575,-0.926279,2.090811,-4.000322,2.635893,1.570801,3.637261,0.520010
128.280000,-4.741535,-0.915869,2.090778,-4.000322,2.647889,1.570768,3.640023,0.520010
128.340000,-4.750465,-0.900272,2.090795,-3.998192,2.655854,1.567295,3.634824,0.523500
128.380000,-4.756404,-0.889901,2.091018,-3.998152,2.667805,1.567518,3.637611,0.523500
128.440000,-4.765319,-0.874347,2.091474,-3.998097,2.685733,1.567974,3.641812,0.523500
128.480000,-4.771267,-0.863978,2.091792,-3.998065,2.697686,1.568292,3.644625,0.523500
128.540000,-4.780198,-0.848425,2.092259,-3.998024,2.715621,1.568759,3.648865,0.523500
128.580000,-4.786156,-0.838057,2.092557,-3.998002,2.727579,1.569057,3.651705,0.523500
128.640000,-4.795101,-0.822505,2.092983,-3.997974,2.745520,1.569483,3.655983,0.523500
128.680000,-4.801070,-0.812138,2.093252,-3.997960,2.757482,1.569752,3.658848,0.523500
128.740000,-4.810028,-0.796587,2.093634,-3.997945,2.775429,1.570134,3.663165,0.523500
128.780000,-4.816005,-0.786219,2.093875,-3.997938,2.787396,1.570375,3.666055,0.523500
128.840000,-4.824976,-0.770669,2.094214,-3.997934,2.805349,1.570714,3.670409,0.523500
128.880000,-4.830961,-0.760301,2.094427,-3.997934,2.817320,1.570927,3.673323,0.523500
128.940000,-4.839943,-0.744750,2.094727,-3.997939,2.835278,1.571227,3.677713,0.523500
128.980000,-4.845934,-0.734383,2.094914,-3.997946,2.847252,1.571414,3.680652,0.523500
129.040000,-4.854926,-0.718831,2.095177,-3.997959,2.865216,1.571677,3.685077,0.523500
129.100000,-4.863924,-0.703280,2.095418,-3.997977,2.883183,1.571918,3.689523,0.523500
129.140000,-4.869925,-0.692912,2.095567,-3.997991,2.895163,1.572067,3.692499,0.523500
129.200000,-4.878931,-0.677359,2.095774,-3.998016,2.913135,1.572274,3.696979,0.523500
129.240000,-4.884937,-0.666991,2.095901,-3.998035,2.925117,1.572401,3.699978,0.523500
129.280000,-4.890945,-0.656622,2.096020,-3.998055,2.937101,1.572520,3.702985,0.523500
129.340000,-4.899955,-0.641078,2.096116,-4.000219,2.955067,1.576106,3.706991,0.520010
129.380000,-4.905952,-0.630729,2.095960,-4.000282,2.967028,1.575950,3.709999,0.520010
129.440000,-4.914945,-0.615204,2.095602,-4.000371,2.984969,1.575592,3.714524,0.520010
129.480000,-4.920936,-0.604852,2.095342,-4.000427,2.996930,1.575332,3.717549,0.520010
129.540000,-4.929920,-0.589318,2.094952,-4.000505,3.014875,1.574942,3.722099,0.520010
129.580000,-4.935907,-0.578959,2.094699,-4.000553,3.026839,1.574689,3.725140,0.520010
129.640000,-4.944883,-0.563417,2.094332,-4.000620,3.044787,1.574322,3.729714,0.520010
129.680000,-4.950865,-0.553052,2.094096,-4.000660,3.056754,1.574086,3.732772,0.520010
129.740000,-4.959834,-0.537500,2.093756,-4.000716,3.074706,1.573746,3.737371,0.520010
129.780000,-4.965811,-0.527130,2.093539,-4.000750,3.086676,1.573529,3.740445,0.520010
129.840000,-4.974773,-0.511570,2.093226,-4.000797,3.104632,1.573216,3.745070,0.520010
129.900000,-4.983732,-0.496006,2.092930,-4.000837,3.122590,1.572920,3.749709,0.520010
129.940000,-4.989702,-0.485627,2.092741,-4.000862,3.134564,1.572731,3.752811,0.520010
129.980000,-4.995672,-0.475246,2.092559,-4.000884,3.146539,1.572549,3.755919,0.520010
130.040000,-5.004623,-0.459672,2.092298,-4.000913,3.164502,1.572288,3.760594,0.520010
130.080000,-5.010589,-0.449286,2.092133,-4.000930,3.176479,1.572123,3.763720,0.520010
130.140000,-5.019535,-0.433705,2.091896,-4.000951,3.194446,1.571886,3.768421,0.520010
130.180000,-5.025498,-0.423315,2.091746,-4.000964,3.206426,1.571736,3.771563,0.520010
130.240000,-5.034440,-0.407728,2.091533,-4.000979,3.224396,1.571523,3.776290,0.520010
130.280000,-5.040400,-0.397334,2.091398,-4.000986,3.236377,1.571388,3.779450,0.520010
130.340000,-5.049339,-0.381741,2.091206,-4.000995,3.254351,1.571196,3.784202,0.520010
130.380000,-5.055297,-0.371344,2.091086,-4.000999,3.266334,1.571076,3.787379,0.520010
130.440000,-5.064232,-0.355745,2.090916,-4.001003,3.284311,1.570906,3.792158,0.520010
130.480000,-5.070188,-0.345344,2.090809,-4.001004,3.296296,1.570799,3.795352,0.520010
130.540000,-5.079121,-0.329741,2.090659,-4.001002,3.314275,1.570649,3.800157,0.520010
130.580000,-5.085075,-0.319337,2.090565,-4.001000,3.326262,1.570555,3.803369,0.520010
130.640000,-5.094005,-0.303730,2.090432,-4.000994,3.344244,1.570422,3.808200,0.520010
130.680000,-5.099958,-0.293323,2.090350,-4.000989,3.356233,1.570340,3.811429,0.520010
130.740000,-5.108886,-0.277712,2.090235,-4.000980,3.374217,1.570225,3.816286,0.520010
130.780000,-5.114838,-0.267303,2.090164,-4.000973,3.386207,1.570154,3.819533,0.520010
130.840000,-5.123764,-0.251688,2.090065,-4.000960,3.404194,1.570055,3.824416,0.520010
130.880000,-5.129715,-0.241276,2.090005,-4.000951,3.416186,1.569995,3.827680,0.520010
130.940000,-5.138640,-0.225658,2.089921,-4.000936,3.434174,1.569911,3.832589,0.520010
130.980000,-5.144589,-0.215245,2.089870,-4.000925,3.446167,1.569860,3.835871,0.520010
131.040000,-5.153514,-0.199624,2.089800,-4.000908,3.464158,1.569790,3.840807,0.520010
131.080000,-5.159463,-0.189209,2.089758,-4.000895,3.476152,1.569748,3.844106,0.520010
131.140000,-5.168386,-0.173585,2.089700,-4.000876,3.494144,1.569690,3.849067,0.520010
131.180000,-5.174335,-0.163169,2.089666,-4.000862,3.506140,1.569656,3.852384,0.520010
131.240000,-5.183257,-0.147543,2.089619,-4.000841,3.524134,1.569609,3.857372,0.520010
131.280000,-5.189206,-0.137126,2.089590,-4.000827,3.536129,1.569580,3.860705,0.520010
131.340000,-5.198127,-0.121499,2.089546,-4.000805,3.544124,1.569536,3.856212,0.520010
131.380000,-5.204075,-0.111081,2.089518,-4.000789,3.556120,1.569508,3.859567,0.520010
131.440000,-5.212996,-0.095453,2.089478,-4.000766,3.574115,1.569468,3.864613,0.520010
131.480000,-5.218943,-0.085034,2.089452,-4.000750,3.586112,1.569442,3.867985,0.520010
131.540000,-5.227863,-0.069405,2.089412,-4.000725,3.604107,1.569402,3.873056,0.520010
131.580000,-5.233810,-0.058985,2.089385,-4.000708,3.616104,1.569375,3.876445,0.520010
131.640000,-5.242729,-0.043356,2.089346,-4.000682,3.634100,1.569336,3.881541,0.520010
131.680000,-5.248675,-0.032935,2.089319,-4.000665,3.646097,1.569309,3.884947,0.520010
131.740000,-5.257594,-0.017305,2.089279,-4.000637,3.664093,1.569269,3.890068,0.520010
131.780000,-5.263539,-0.006884,2.089253,-4.000619,3.676090,1.569243,3.893490,0.520010
131.840000,-5.272457,0.008747,2.089213,-4.000591,3.694087,1.569203,3.898637,0.520010
131.880000,-5.278401,0.019169,2.089187,-4.000571,3.706084,1.569177,3.902076,0.520010
131.940000,-5.287318,0.034801,2.089147,-4.000542,3.724081,1.569137,3.907247,0.520010
131.980000,-5.293262,0.045223,2.089121,-4.000522,3.736079,1.569111,3.910702,0.520010
132.040000,-5.302178,0.060856,2.089081,-4.000491,3.754076,1.569071,3.915898,0.520010
132.080000,-5.308122,0.071279,2.089054,-4.000470,3.766074,1.569044,3.919370,0.520010
132.140000,-5.317037,0.086913,2.089015,-4.000438,3.784071,1.569005,3.924590,0.520010
132.180000,-5.322980,0.097336,2.088988,-4.000417,3.796069,1.568978,3.928079,0.520010
132.240000,-5.331894,0.112971,2.088948,-4.000384,3.818067,1.568938,3.937087,0.520010
132.280000,-5.337836,0.123395,2.088920,-4.000361,3.834065,1.568910,3.944353,0.520010
132.340000,-5.346749,0.139030,2.088866,-4.000327,3.854062,1.568856,3.951496,0.520010
132.380000,-5.352555,0.149217,2.088550,-4.000303,3.865788,1.568540,3.954932,0.520010
132.440000,-5.360093,0.162487,2.085748,-4.000251,3.881049,1.565738,3.959404,0.520010
132.480000,-5.364304,0.169955,2.082280,-4.000194,3.889623,1.562270,3.961909,0.520010
132.540000,-5.369377,0.179067,2.074647,-4.000070,3.900051,1.554637,3.964937,0.520010
132.580000,-5.371949,0.183767,2.067963,-3.999967,3.905408,1.547953,3.966478,0.520010
132.640000,-5.374591,0.188701,2.055497,-3.999808,3.911002,1.535487,3.968067,0.520010
132.680000,-5.375581,0.190600,2.045597,-3.999723,3.913143,1.525587,3.968666,0.520010
132.740000,-5.375977,0.191379,2.028331,-3.999680,3.914015,1.508321,3.968906,0.520010
132.780000,-5.375977,0.191379,2.015232,-3.999680,3.914015,1.495222,3.968906,0.520010
132.840000,-5.375977,0.191379,1.993214,-3.999680,3.914015,1.473204,3.968906,0.520010
132.880000,-5.375977,0.191379,1.976946,-3.999680,3.914015,1.456936,3.968906,0.520010
132.940000,-5.375977,0.191379,1.950096,-3.999680,3.914015,1.430086,3.968906,0.520010
132.980000,-5.375977,0.191379,1.930613,-3.999680,3.914015,1.410603,3.968906,0.520010
133.040000,-5.375977,0.191379,1.898995,-3.999680,3.914015,1.378985,3.968906,0.520010
133.080000,-5.375977,0.191379,1.876295,-3.999680,3.914015,1.356285,3.968906,0.520010
133.140000,-5.375977,0.191379,1.839877,-3.999680,3.914015,1.319867,3.968906,0.520010
133.180000,-5.375977,0.191379,1.813977,-3.999680,3.914015,1.293967,3.968906,0.520010
133.240000,-5.375977,0.191379,1.772744,-3.999680,3.914015,1.252734,3.968906,0.520010
133.280000,-5.375977,0.191379,1.743644,-3.999680,3.914015,1.223634,3.968906,0.520010
133.340000,-5.375977,0.191379,1.697594,-4.000977,3.904017,1.181074,3.959079,0.516520
133.380000,-5.375977,0.191379,1.665609,-4.000977,3.904017,1.149089,3.959079,0.516520
133.440000,-5.375977,0.191379,1.617609,-4.000977,3.904017,1.101089,3.959079,0.516520
133.480000,-5.375977,0.191379,1.585609,-4.000977,3.904017,1.069089,3.959079,0.516520
133.540000,-5.375977,0.191379,1.537609,-4.000977,3.904017,1.021089,3.959079,0.516520
133.580000,-5.375977,0.191379,1.505609,-4.000977,3.904017,0.989089,3.959079,0.516520
133.640000,-5.375977,0.191379,1.457609,-4.000977,3.904017,0.941089,3.959079,0.516520
133.680000,-5.375977,0.191379,1.425609,-4.000977,3.904017,0.909089,3.959079,0.516520
133.740000,-5.375977,0.191379,1.377609,-4.000977,3.904017,0.861089,3.959079,0.516520
133.780000,-5.375977,0.191379,1.345609,-4.000977,3.904017,0.829089,3.959079,0.516520
133.840000,-5.375760,0.192207,1.298970,-4.000380,3.904629,0.782450,3.959009,0.516520
133.880000,-5.375314,0.193712,1.269439,-3.999249,3.905718,0.752919,3.958856,0.516520
133.940000,-5.374086,0.197366,1.227478,-3.996377,3.908289,0.710958,3.958413,0.516520
133.980000,-5.372838,0.200710,1.201058,-3.993640,3.910581,0.684538,3.957945,0.516520
134.040000,-5.370236,0.207052,1.163828,-3.988245,3.914810,0.647308,3.956939,0.516520
134.080000,-5.367970,0.212140,1.140609,-3.983762,3.918115,0.624089,3.956044,0.516520
134.140000,-5.363709,0.221026,1.108179,-3.975669,3.923737,0.591659,3.954330,0.516520
134.180000,-5.360261,0.227765,1.088159,-3.969342,3.927894,0.571639,3.952925,0.516520
134.240000,-5.354132,0.239063,1.060530,-3.958434,3.934692,0.544010,3.950399,0.516520
134.280000,-5.349601,0.246999,1.043710,-3.950574,3.939355,0.527190,3.948515,0.516520
134.340000,-5.342578,0.258749,1.020771,-3.938665,3.956104,0.504251,3.954922,0.516520
134.380000,-5.337752,0.266492,1.005989,-3.930644,3.960453,0.489469,3.952885,0.516520
134.440000,-5.330256,0.278037,0.983960,-3.918424,3.966790,0.467440,3.949705,0.516520
134.480000,-5.325089,0.285686,0.969417,-3.910154,3.970889,0.452897,3.947501,0.516520
134.540000,-5.317085,0.297085,0.947853,-3.897565,3.976848,0.431333,3.944071,0.516520
134.580000,-5.311581,0.304632,0.933656,-3.889052,3.980693,0.417136,3.941702,0.516520
134.640000,-5.303077,0.315873,0.912643,-3.876106,3.986267,0.396123,3.938025,0.516520
134.680000,-5.297243,0.323312,0.898831,-3.867359,3.989854,0.382311,3.935493,0.516520
134.740000,-5.288249,0.334384,0.878416,-3.854070,3.995040,0.361896,3.931574,0.516520
134.780000,-5.282086,0.341713,0.865026,-3.845092,3.998370,0.348506,3.928879,0.516520
134.840000,-5.272612,0.352609,0.845278,-3.831473,4.003166,0.328758,3.924723,0.516520
134.880000,-5.266140,0.359812,0.832328,-3.822288,4.006233,0.315808,3.921874,0.516520
134.940000,-5.256194,0.370531,0.813262,-3.808346,4.010641,0.296742,3.917483,0.516520
134.980000,-5.249414,0.377610,0.800804,-3.798954,4.013449,0.284284,3.914481,0.516520
135.040000,-5.239015,0.388139,0.782471,-3.784712,4.017468,0.265951,3.909863,0.516520
135.080000,-5.231938,0.395090,0.770509,-3.775125,4.020018,0.253989,3.906713,0.516520
135.140000,-5.221108,0.405418,0.752920,-3.760608,4.023650,0.236400,3.901880,0.516520
135.180000,-5.213745,0.412239,0.741453,-3.750837,4.025944,0.224933,3.898586,0.516520
135.240000,-5.202491,0.422371,0.724652,-3.736047,4.029197,0.208132,3.893540,0.516520
135.280000,-5.194850,0.429061,0.713725,-3.726099,4.031241,0.197205,3.890107,0.516520
135.340000,-5.183190,0.438997,0.697738,-3.711053,4.034122,0.181218,3.884856,0.516520
135.380000,-5.175283,0.445556,0.687363,-3.700939,4.035920,0.170843,3.881290,0.516520
135.440000,-5.163232,0.455296,0.672223,-3.685649,4.038439,0.155703,3.875843,0.516520
135.480000,-5.155071,0.461726,0.662420,-3.675377,4.039999,0.145900,3.872148,0.516520
135.540000,-5.142646,0.471275,0.648144,-3.659858,4.042166,0.131624,3.866513,0.516520
135.580000,-5.134243,0.477577,0.638916,-3.649438,4.043496,0.122396,3.862696,0.516520
135.640000,-5.121466,0.486935,0.625495,-3.633707,4.045323,0.108975,3.856884,0.516520
135.680000,-5.112832,0.493114,0.616853,-3.623148,4.046432,0.100333,3.852951,0.516520
135.740000,-5.099716,0.502291,0.604331,-3.607211,4.047935,0.087811,3.846968,0.516520
135.780000,-5.090865,0.508350,0.596274,-3.596522,4.048832,0.079754,3.842925,0.516520
135.840000,-5.077417,0.517363,0.584699,-3.580377,4.050028,0.068179,3.836776,0.516520
135.880000,-5.068360,0.523309,0.577257,-3.569565,4.050726,0.060737,3.832630,0.516520
135.940000,-5.054624,0.532150,0.566534,-3.553255,4.051629,0.050014,3.826335,0.516520
135.980000,-5.045375,0.537988,0.559656,-3.542330,4.052138,0.043136,3.822093,0.516520
136.040000,-5.031364,0.546668,0.549770,-3.525859,4.052767,0.033250,3.815661,0.516520
136.080000,-5.021928,0.552410,0.543486,-3.514819,4.053099,0.026966,3.811325,0.516520
136.140000,-5.007656,0.560944,0.534465,-3.498194,4.053472,0.017945,3.804763,0.516520
136.180000,-4.998058,0.566588,0.528726,-3.487061,4.053639,0.012206,3.800347,0.516520
136.240000,-4.983544,0.574987,0.520523,-3.470292,4.053774,0.004003,3.793665,0.516520
136.280000,-4.973812,0.580531,0.515184,-3.459092,4.053789,-0.001336,3.789182,0.516520
136.320000,-4.959159,0.588750,0.507177,-3.447892,4.053744,-0.006674,3.780227,0.513851
136.340000,-4.954261,0.591464,0.504507,-3.442292,4.053700,-0.009343,3.777979,0.513851
136.420000,-4.934593,0.602187,0.493830,-3.412127,3.960186,-0.163110,3.687013,0.656941
136.480000,-4.924717,0.607469,0.488492,-3.395561,3.957392,-0.171118,3.682431,0.659610
136.540000,-4.910104,0.615162,0.480786,-3.379298,3.954516,-0.178824,3.673506,0.659610
136.580000,-4.901081,0.619846,0.476968,-3.369298,3.952688,-0.182642,3.667996,0.659610
136.640000,-4.887608,0.626775,0.473640,-3.354405,3.949908,-0.185970,3.659771,0.659610
136.680000,-4.878666,0.631354,0.473022,-3.344532,3.948046,-0.186588,3.654314,0.659610
136.740000,-4.865304,0.638201,0.474494,-3.329778,3.945268,-0.185116,3.646167,0.659610
136.780000,-4.856429,0.642773,0.477075,-3.319963,3.943442,-0.182535,3.640762,0.659610
136.840000,-4.843160,0.649680,0.483347,-3.305244,3.940769,-0.176263,3.632692,0.659610
136.880000,-4.834339,0.654341,0.489129,-3.295418,3.939047,-0.170481,3.627337,0.659610
136.940000,-4.821142,0.661456,0.500201,-3.280629,3.936582,-0.159409,3.619341,0.659610
136.980000,-4.812364,0.666304,0.509183,-3.270721,3.935034,-0.150427,3.614036,0.659610
137.040000,-4.799334,0.673709,0.525055,-3.247484,3.926207,-0.165965,3.603745,0.691020
137.080000,-4.790851,0.678691,0.536856,-3.237772,3.924639,-0.154164,3.598365,0.691020
137.140000,-4.778147,0.686406,0.554563,-3.223065,3.922487,-0.136457,3.590334,0.691020
137.180000,-4.769688,0.691713,0.566134,-3.213164,3.921186,-0.124886,3.585005,0.691020
137.240000,-4.757016,0.699918,0.583011,-3.198170,3.919433,-0.108009,3.577049,0.691020
137.300000,-4.744367,0.708410,0.599269,-3.183011,3.917915,-0.091751,3.569140,0.691020
137.340000,-4.735940,0.714231,0.609726,-3.172807,3.917030,-0.081294,3.563889,0.691020
137.380000,-4.727532,0.720169,0.619908,-3.162544,3.916247,-0.071112,3.558666,0.691020
137.440000,-4.714923,0.729310,0.634588,-3.147001,3.915255,-0.056432,3.550862,0.691020
137.480000,-4.706543,0.735541,0.644025,-3.136572,3.914716,-0.046995,3.545696,0.691020
137.540000,-4.693989,0.745102,0.657639,-3.120805,3.914083,-0.033381,3.537986,0.691020
137.580000,-4.685641,0.751608,0.666382,-3.110226,3.913776,-0.024638,3.532880,0.691020
137.640000,-4.673290,0.761448,0.679166,-3.086118,3.892388,-0.032794,3.510256,0.711960
137.680000,-4.665304,0.767956,0.688545,-3.075821,3.892098,-0.023415,3.505242,0.711960
137.740000,-4.653349,0.777938,0.702794,-3.060248,3.891844,-0.009166,3.497768,0.711960
137.780000,-4.645404,0.784732,0.712070,-3.049794,3.891797,0.000110,3.492825,0.711960
137.840000,-4.633514,0.795136,0.725480,-3.033996,3.891906,0.013520,3.485462,0.711960
137.880000,-4.625606,0.802210,0.734039,-3.023387,3.892095,0.022079,3.480588,0.711960
137.940000,-4.613772,0.813021,0.746304,-3.007364,3.892548,0.034344,3.473332,0.711960
138.000000,-4.601966,0.824066,0.757842,-2.991210,3.893198,0.045882,3.466137,0.711960
138.040000,-4.594103,0.831562,0.765099,-2.980360,3.893736,0.053139,3.461369,0.711960
138.100000,-4.582346,0.842970,0.775442,-2.964006,3.894691,0.063482,3.454276,0.711960
138.140000,-4.574513,0.850698,0.781916,-2.953027,3.895425,0.069956,3.449577,0.711960
138.180000,-4.566698,0.858508,0.788097,-2.942008,3.896232,0.076137,3.444907,0.711960
138.240000,-4.554994,0.870380,0.796823,-2.925391,3.897573,0.084863,3.437951,0.711960
138.280000,-4.547187,0.878411,0.802204,-2.914234,3.898553,0.090244,3.433336,0.711960
138.340000,-4.535511,0.890579,0.809753,-2.897444,3.900137,0.097793,3.426471,0.711960
138.380000,-4.527735,0.898782,0.814450,-2.886198,3.901267,0.102490,3.421924,0.711960
138.440000,-4.516081,0.911217,0.820974,-2.869251,3.903067,0.109014,3.415145,0.711960
138.480000,-4.508309,0.919595,0.824946,-2.857894,3.904333,0.112986,3.410650,0.711960
138.540000,-4.496664,0.932271,0.830385,-2.840796,3.906321,0.118425,3.403950,0.711960
138.580000,-4.488901,0.940794,0.833687,-2.829350,3.907703,0.121727,3.399508,0.711960
138.640000,-4.477317,0.953614,0.838331,-2.802925,3.906804,0.101941,3.394837,0.736390
138.680000,-4.469693,0.962120,0.841872,-2.791564,3.907986,0.105482,3.390316,0.736390
138.740000,-4.458265,0.974987,0.847166,-2.774456,3.909843,0.110776,3.383578,0.736390
138.780000,-4.450651,0.983634,0.850474,-2.763006,3.911136,0.114084,3.379114,0.736390
138.840000,-4.439230,0.996708,0.854990,-2.745764,3.913152,0.118600,3.372458,0.736390
138.880000,-4.431615,1.005488,0.857690,-2.734225,3.914543,0.121300,3.368046,0.736390
138.940000,-4.420185,1.018752,0.861274,-2.716849,3.916694,0.124884,3.361461,0.736390
138.980000,-4.412559,1.027652,0.863337,-2.705221,3.918166,0.126947,3.357093,0.736390
139.040000,-4.401116,1.041071,0.866024,-2.687731,3.920423,0.129634,3.350576,0.736390
139.080000,-4.393476,1.050068,0.867530,-2.676027,3.921958,0.131140,3.346249,0.736390
139.140000,-4.382008,1.063620,0.869429,-2.658429,3.924297,0.133039,3.339790,0.736390
139.180000,-4.374348,1.072700,0.870419,-2.646656,3.925878,0.134029,3.335498,0.736390
139.240000,-4.362839,1.086369,0.871529,-2.628948,3.928277,0.135139,3.329086,0.736390
139.280000,-4.355155,1.095510,0.872059,-2.617116,3.929889,0.135669,3.324828,0.736390
139.340000,-4.343603,1.109268,0.872518,-2.599317,3.932323,0.136128,3.318460,0.736390
139.380000,-4.335892,1.118456,0.872601,-2.587433,3.933952,0.136211,3.314231,0.736390
139.440000,-4.324351,1.132206,0.872442,-2.569648,3.936388,0.136052,3.307933,0.736390
139.480000,-4.316673,1.141351,0.872146,-2.557817,3.938006,0.135756,3.303764,0.736390
139.540000,-4.305172,1.155033,0.871435,-2.540107,3.940419,0.135045,3.297549,0.736390
139.580000,-4.297513,1.164132,0.870795,-2.528322,3.942017,0.134405,3.293431,0.736390
139.640000,-4.286034,1.177745,0.869605,-2.510674,3.944393,0.133215,3.287286,0.736390
139.680000,-4.278385,1.186796,0.868667,-2.498928,3.945962,0.132277,3.283209,0.736390
139.740000,-4.266908,1.200341,0.867067,-2.490746,3.957440,0.146033,3.279687,0.721034
139.780000,-4.259353,1.209230,0.865392,-2.488079,3.967579,0.159714,3.278094,0.705678
139.840000,-4.248266,1.222192,0.860583,-2.475477,3.974284,0.162583,3.273651,0.698000
139.880000,-4.240911,1.230707,0.856048,-2.464369,3.976081,0.158048,3.270042,0.698000
139.940000,-4.229787,1.243431,0.848597,-2.447669,3.978679,0.150597,3.264587,0.698000
139.980000,-4.222304,1.251881,0.843478,-2.436506,3.980344,0.145478,3.260918,0.698000
140.040000,-4.210974,1.264511,0.835725,-2.419708,3.982738,0.137725,3.255364,0.698000
140.080000,-4.203350,1.272899,0.830530,-2.408477,3.984265,0.132530,3.251627,0.698000
140.140000,-4.191813,1.285430,0.822718,-2.391584,3.986450,0.124718,3.245972,0.698000
140.200000,-4.180152,1.297897,0.814884,-2.374638,3.988507,0.116884,3.240257,0.698000
140.240000,-4.172306,1.306176,0.809650,-2.363306,3.989808,0.111650,3.236412,0.698000
140.280000,-4.164407,1.314424,0.804409,-2.351954,3.991051,0.106409,3.232541,0.698000
140.340000,-4.152455,1.326742,0.796531,-2.334880,3.992806,0.098531,3.226682,0.698000
140.380000,-4.144418,1.334917,0.791268,-2.323468,3.993904,0.093268,3.222742,0.698000
140.440000,-4.132256,1.347125,0.783357,-2.306305,3.995441,0.085357,3.216780,0.698000
140.480000,-4.124079,1.355226,0.778072,-2.294834,3.996392,0.080072,3.212770,0.698000
140.540000,-4.111709,1.367320,0.770128,-2.277585,3.997707,0.072128,3.206704,0.698000
140.580000,-4.103393,1.375343,0.764821,-2.266057,3.998509,0.066821,3.202625,0.698000
140.640000,-4.090814,1.387318,0.756844,-2.248724,3.999600,0.058844,3.196453,0.698000
140.680000,-4.082356,1.395264,0.751514,-2.237137,4.000252,0.053514,3.192302,0.698000
140.740000,-4.069568,1.407118,0.743502,-2.219722,4.001114,0.045502,3.186024,0.698000
140.780000,-4.060974,1.414979,0.738149,-2.208085,4.001613,0.040149,3.181804,0.698000
140.840000,-4.048076,1.426617,0.729802,-2.222848,4.006565,0.056232,3.160315,0.673570
140.880000,-4.039548,1.434195,0.722918,-2.211456,4.007169,0.049348,3.156282,0.673570
140.940000,-4.026624,1.445456,0.710361,-2.194330,4.007909,0.036791,3.150154,0.673570
140.980000,-4.017904,1.452890,0.701426,-2.182877,4.008280,0.027856,3.146004,0.673570
141.040000,-4.004655,1.463928,0.687784,-2.165637,4.008643,0.014214,3.139676,0.673570
141.080000,-3.995705,1.471213,0.678603,-2.154096,4.008754,0.005033,3.135384,0.673570
141.140000,-3.982061,1.482059,0.664886,-2.136667,4.008721,-0.008684,3.128817,0.673570
141.180000,-3.972629,1.489391,0.656852,-2.124722,4.008568,-0.016718,3.124262,0.673570
141.240000,-3.958353,1.500284,0.647201,-2.106769,4.008177,-0.026369,3.117353,0.673570
141.280000,-3.948823,1.507449,0.642367,-2.094850,4.007832,-0.031203,3.112737,0.673570
141.340000,-3.934528,1.518086,0.637516,-2.077043,4.007229,-0.036054,3.105815,0.673570
141.380000,-3.925004,1.525127,0.635883,-2.065206,4.006791,-0.037687,3.101210,0.673570
141.440000,-3.910730,1.535657,0.635832,-2.047481,4.006118,-0.037738,3.094329,0.673570
141.500000,-3.896476,1.546196,0.637467,-2.029766,4.005463,-0.036103,3.087491,0.673570
141.540000,-3.886980,1.553237,0.638601,-2.017952,4.005043,-0.034969,3.082956,0.673570
141.580000,-3.877489,1.560291,0.639747,-2.006134,4.004637,-0.033823,3.078440,0.673570
141.640000,-3.863261,1.570898,0.641473,-1.988397,4.004052,-0.032097,3.071702,0.673570
141.680000,-3.853783,1.577985,0.642619,-1.976568,4.003679,-0.030951,3.067234,0.673570
141.740000,-3.839578,1.588638,0.644314,-1.958820,4.003144,-0.029256,3.060570,0.673570
141.780000,-3.830114,1.595756,0.645422,-1.946983,4.002805,-0.028148,3.056152,0.673570
141.840000,-3.815930,1.606455,0.647048,-1.909223,4.002319,-0.026522,3.061975,0.673570
141.880000,-3.806480,1.613603,0.648106,-1.897378,4.002011,-0.025464,3.057640,0.673570
141.940000,-3.792314,1.624347,0.649655,-1.879604,4.001572,-0.023915,3.051173,0.673570
141.980000,-3.782877,1.631524,0.650663,-1.867751,4.001295,-0.022907,3.046887,0.673570
142.040000,-3.768729,1.642311,0.652131,-1.849965,4.000900,-0.021439,3.040493,0.673570
142.080000,-3.759303,1.649515,0.653084,-1.838103,4.000652,-0.020486,3.036256,0.673570
142.140000,-3.745171,1.660342,0.654475,-1.820305,4.000299,-0.019095,3.029936,0.673570
142.180000,-3.735756,1.667574,0.655375,-1.808435,4.000078,-0.018195,3.025747,0.673570
142.240000,-3.721640,1.678440,0.656687,-1.790624,3.999766,-0.016883,3.019500,0.673570
142.280000,-3.712234,1.685696,0.657534,-1.778745,3.999570,-0.016036,3.015359,0.673570
142.340000,-3.698132,1.696599,0.658765,-1.760922,3.999295,-0.014805,3.009184,0.673570
142.380000,-3.688734,1.703880,0.659559,-1.749035,3.999124,-0.014011,3.005092,0.673570
142.440000,-3.674645,1.714818,0.660709,-1.731200,3.998885,-0.012861,2.998989,0.673570
142.480000,-3.665255,1.722122,0.661449,-1.719305,3.998736,-0.012121,2.994945,0.673570
142.540000,-3.651177,1.733093,0.662521,-1.701458,3.998529,-0.011049,2.988914,0.673570
142.580000,-3.641794,1.740418,0.663209,-1.689555,3.998402,-0.010361,2.984917,0.673570
142.640000,-3.627726,1.751421,0.664201,-1.671696,3.998226,-0.009369,2.978957,0.673570
142.680000,-3.618350,1.758765,0.664838,-1.659786,3.998118,-0.008732,2.975008,0.673570
142.740000,-3.604290,1.769797,0.665756,-1.630181,3.996639,-0.017586,2.975892,0.683342
142.780000,-3.594967,1.777125,0.666523,-1.606433,3.994640,-0.026591,2.978530,0.693114
142.840000,-3.581121,1.788036,0.668441,-1.582808,3.993071,-0.029559,2.975809,0.698000
142.880000,-3.571945,1.795295,0.670274,-1.571112,3.992736,-0.027726,2.971881,0.698000
142.940000,-3.558196,1.806227,0.673191,-1.553553,3.992275,-0.024809,2.966041,0.698000
142.980000,-3.549039,1.813544,0.675115,-1.541835,3.991995,-0.022885,2.962181,0.698000
143.040000,-3.535315,1.824563,0.677908,-1.524239,3.991617,-0.020092,2.956442,0.698000
143.080000,-3.526174,1.831936,0.679700,-1.512497,3.991392,-0.018300,2.952650,0.698000
143.140000,-3.512474,1.843038,0.682275,-1.494866,3.991092,-0.015725,2.947012,0.698000
143.180000,-3.503348,1.850465,0.683917,-1.483101,3.990917,-0.014083,2.943286,0.698000
143.240000,-3.489667,1.861644,0.686267,-1.465435,3.990689,-0.011733,2.937745,0.698000
143.280000,-3.480553,1.869121,0.687759,-1.453647,3.990559,-0.010241,2.934084,0.698000
143.340000,-3.466889,1.880371,0.689890,-1.435949,3.990397,-0.008110,2.928639,0.698000
143.380000,-3.457785,1.887894,0.691239,-1.424139,3.990309,-0.006761,2.925041,0.698000
143.440000,-3.444136,1.899210,0.693159,-1.406409,3.990207,-0.004841,2.919691,0.698000
143.500000,-3.430494,1.910562,0.694958,-1.388662,3.990137,-0.003042,2.914397,0.698000
143.540000,-3.421404,1.918150,0.696092,-1.376821,3.990108,-0.001908,2.910898,0.698000
143.580000,-3.412314,1.925754,0.697167,-1.364971,3.990092,-0.000833,2.907423,0.698000
143.640000,-3.398685,1.937185,0.698684,-1.347182,3.990090,0.000684,2.902255,0.698000
143.680000,-3.389603,1.944822,0.699639,-1.335316,3.990104,0.001639,2.898840,0.698000
143.740000,-3.375983,1.956302,0.700987,-1.317503,3.990146,0.002987,2.893762,0.698000
143.780000,-3.366905,1.963970,0.701829,-1.305620,3.990186,0.003829,2.890406,0.698000
143.840000,-3.353325,1.975465,0.703107,-1.317949,3.986054,-0.001873,2.860983,0.704980
143.880000,-3.344333,1.983096,0.704326,-1.306156,3.986039,-0.000654,2.857612,0.704980
143.940000,-3.330852,1.994573,0.706310,-1.288451,3.986045,0.001330,2.852606,0.704980
143.980000,-3.321868,2.002248,0.707608,-1.276635,3.986068,0.002628,2.849301,0.704980
144.040000,-3.308398,2.013792,0.709456,-1.258895,3.986131,0.004476,2.844395,0.704980
144.080000,-3.299420,2.021509,0.710613,-1.247056,3.986191,0.005633,2.841157,0.704980
144.140000,-3.285957,2.033115,0.712230,-1.229282,3.986306,0.007250,2.836347,0.704980
144.180000,-3.276984,2.040870,0.713243,-1.217423,3.986398,0.008263,2.833174,0.704980
144.240000,-3.263527,2.052530,0.714650,-1.199618,3.986558,0.009670,2.828460,0.704980
144.280000,-3.254558,2.060319,0.715521,-1.187739,3.986678,0.010541,2.825349,0.704980
144.340000,-3.241105,2.072026,0.716733,-1.169907,3.986877,0.011753,2.820730,0.704980
144.400000,-3.227652,2.083761,0.717820,-1.152056,3.987096,0.012840,2.816165,0.704980
144.440000,-3.218684,2.091598,0.718480,-1.140147,3.987253,0.013500,2.813152,0.704980
144.480000,-3.209716,2.099444,0.719097,-1.128233,3.987418,0.014117,2.810163,0.704980
144.540000,-3.196263,2.111232,0.719933,-1.110347,3.987678,0.014953,2.805725,0.704980
144.580000,-3.187294,2.119101,0.720438,-1.098417,3.987859,0.015458,2.802796,0.704980
144.640000,-3.173839,2.130920,0.721120,-1.080511,3.988142,0.016140,2.798446,0.704980
144.680000,-3.164867,2.138810,0.721520,-1.068565,3.988338,0.016540,2.795575,0.704980
144.740000,-3.151409,2.150657,0.722051,-1.050638,3.988639,0.017071,2.791311,0.704980
144.780000,-3.142434,2.158563,0.722354,-1.038679,3.988845,0.017374,2.788498,0.704980
144.840000,-3.128993,2.170413,0.722590,-0.921009,4.012221,-0.009715,2.875317,0.732305
144.880000,-3.120067,2.178280,0.722181,-0.909112,4.012103,-0.010124,2.872495,0.732305
144.940000,-3.106664,2.190076,0.721283,-0.891258,4.011914,-0.011022,2.868295,0.732305
144.980000,-3.097717,2.197938,0.720658,-0.879349,4.011779,-0.011647,2.865515,0.732305
145.040000,-3.084280,2.209729,0.719769,-0.861473,4.011563,-0.012536,2.861377,0.732305
145.080000,-3.075310,2.217588,0.719222,-0.849549,4.011410,-0.013083,2.858638,0.732305
145.140000,-3.061840,2.229375,0.718479,-0.831651,4.011169,-0.013826,2.854564,0.732305
145.180000,-3.052850,2.237232,0.718031,-0.819712,4.011002,-0.014274,2.851870,0.732305
145.240000,-3.039351,2.249018,0.717431,-0.801794,4.010740,-0.014874,2.847863,0.732305
145.280000,-3.030343,2.256874,0.717077,-0.789843,4.010560,-0.015228,2.845216,0.732305
145.340000,-3.016819,2.268660,0.716612,-0.771906,4.010283,-0.015693,2.841282,0.732305
145.380000,-3.007795,2.276518,0.716345,-0.759942,4.010094,-0.015960,2.838684,0.732305
145.440000,-2.994251,2.288306,0.716003,-0.741988,4.009804,-0.016301,2.834826,0.732305
145.480000,-2.985215,2.296166,0.715814,-0.730014,4.009607,-0.016491,2.832280,0.732305
145.540000,-2.971652,2.307959,0.715586,-0.712044,4.009309,-0.016719,2.828502,0.732305
145.580000,-2.962606,2.315822,0.715471,-0.700060,4.009108,-0.016834,2.826010,0.732305
145.640000,-2.949030,2.327619,0.715341,-0.682077,4.008804,-0.016964,2.822314,0.732305
145.680000,-2.939975,2.335485,0.715285,-0.670084,4.008600,-0.017020,2.819879,0.732305
145.740000,-2.926388,2.347289,0.715246,-0.648083,4.008698,-0.016361,2.819744,0.731607
145.800000,-2.912807,2.359086,0.715199,-0.624086,4.009026,-0.015361,2.821444,0.730560
145.840000,-2.903759,2.366945,0.715121,-0.612103,4.008841,-0.015439,2.819133,0.730560
145.880000,-2.894711,2.374802,0.715017,-0.600121,4.008656,-0.015543,2.816846,0.730560
145.940000,-2.881133,2.386590,0.714875,-0.582142,4.008375,-0.015685,2.813458,0.730560
145.980000,-2.867547,2.398381,0.714773,-0.570152,4.008186,-0.015758,2.805263,0.730532
146.040000,-2.858487,2.406244,0.714732,-0.552160,4.007902,-0.015828,2.807926,0.730560
146.100000,-2.844893,2.418040,0.714710,-0.534164,4.007617,-0.015850,2.804679,0.730560
146.140000,-2.835832,2.425903,0.714719,-0.522169,4.007427,-0.015841,2.802545,0.730560
146.180000,-2.826774,2.433764,0.714747,-0.510177,4.007237,-0.015813,2.800436,0.730560
146.240000,-2.813190,2.445553,0.714823,-0.492192,4.006953,-0.015737,2.797320,0.730560
146.280000,-2.804136,2.453412,0.714891,-0.480205,4.006765,-0.015668,2.795275,0.730560
146.340000,-2.790556,2.465202,0.715005,-0.462224,4.006484,-0.015555,2.792254,0.730560
146.380000,-2.781503,2.473063,0.715084,-0.450235,4.006298,-0.015476,2.790272,0.730560
146.440000,-2.767925,2.484856,0.715202,-0.432253,4.006021,-0.015358,2.787348,0.730560
146.480000,-2.758873,2.492719,0.715281,-0.420264,4.005837,-0.015279,2.785430,0.730560
146.540000,-2.745296,2.504515,0.715400,-0.402281,4.005564,-0.015160,2.782601,0.730560
146.580000,-2.736245,2.512381,0.715479,-0.390291,4.005382,-0.015081,2.780747,0.730560
146.640000,-2.722670,2.524180,0.715598,-0.372307,4.005112,-0.014962,2.778015,0.730560
146.680000,-2.709096,2.535982,0.715717,-0.360316,4.004933,-0.014882,2.770304,0.730600
146.740000,-2.700047,2.543851,0.715797,-0.346318,4.005895,-0.012669,2.770850,0.728466
146.780000,-2.691007,2.551712,0.715744,-0.338324,4.006980,-0.010628,2.766391,0.726372
146.840000,-2.677496,2.563455,0.715104,-0.322417,4.007416,-0.010221,2.762503,0.725325
146.880000,-2.668499,2.571262,0.714326,-0.310505,4.007290,-0.010999,2.760853,0.725325
146.940000,-2.654989,2.582961,0.712973,-0.292635,4.007081,-0.012352,2.758412,0.725325
146.980000,-2.645970,2.590752,0.712026,-0.280718,4.006928,-0.013298,2.756805,0.725325
147.040000,-2.632424,2.602426,0.710587,-0.262837,4.006678,-0.014738,2.754426,0.725325
147.080000,-2.623379,2.610202,0.709622,-0.250911,4.006496,-0.015703,2.752861,0.725325
147.140000,-2.609796,2.621851,0.708171,-0.233019,4.006202,-0.017154,2.750545,0.725325
147.180000,-2.600727,2.629609,0.707203,-0.221086,4.005992,-0.018122,2.749022,0.725325
147.240000,-2.587106,2.641234,0.705751,-0.203182,4.005654,-0.019574,2.746768,0.725325
147.280000,-2.578013,2.648976,0.704782,-0.191242,4.005415,-0.020543,2.745287,0.725325
147.340000,-2.564354,2.660575,0.703328,-0.173327,4.005034,-0.021997,2.743097,0.725325
147.380000,-2.555235,2.668300,0.702358,-0.161378,4.004765,-0.022967,2.741658,0.725325
147.440000,-2.541538,2.679875,0.700903,-0.143451,4.004340,-0.024422,2.739531,0.725325
147.480000,-2.533067,2.687012,0.699053,-0.132378,4.004061,-0.026272,2.738234,0.725325
147.540000,-2.522172,2.696129,0.693870,-0.118177,4.003655,-0.031455,2.736570,0.725325
147.580000,-2.516117,2.701142,0.688804,-0.110321,4.003389,-0.036521,2.735636,0.725325
147.640000,-2.508852,2.707068,0.678789,-0.100954,4.003005,-0.046536,2.734489,0.725325
147.680000,-2.505201,2.709990,0.670538,-0.096283,4.002769,-0.054787,2.733892,0.725325
147.740000,-2.501561,2.712840,0.655771,-0.089731,4.001399,-0.071648,2.734466,0.727419
147.780000,-2.500386,2.713734,0.644321,-0.086322,4.000179,-0.085192,2.735442,0.729513
147.840000,-2.500155,2.713907,0.624738,-0.085066,3.999593,-0.105822,2.735991,0.730560
147.880000,-2.500155,2.713907,0.610072,-0.085066,3.999593,-0.120488,2.735991,0.730560
147.940000,-2.500155,2.713907,0.585640,-0.085066,3.999593,-0.144920,2.735991,0.730560
147.980000,-2.500155,2.713907,0.567774,-0.085066,3.999593,-0.162786,2.735991,0.730560
148.040000,-2.500155,2.713907,0.538575,-0.085066,3.999593,-0.191985,2.735991,0.730560
148.080000,-2.500155,2.713907,0.517525,-0.085066,3.999593,-0.213035,2.735991,0.730560
148.140000,-2.500155,2.713907,0.483542,-0.085066,3.999593,-0.247018,2.735991,0.730560
148.180000,-2.500155,2.713907,0.459275,-0.085066,3.999593,-0.271285,2.735991,0.730560
148.240000,-2.500155,2.713907,0.420508,-0.085066,3.999593,-0.310052,2.735991,0.730560
148.280000,-2.500155,2.713907,0.393026,-0.085066,3.999593,-0.337534,2.735991,0.730560
148.340000,-2.500155,2.713907,0.349411,-0.085066,3.999593,-0.381149,2.735991,0.730560
148.380000,-2.500155,2.713907,0.318761,-0.085066,3.999593,-0.411799,2.735991,0.730560
148.440000,-2.500155,2.713907,0.270995,-0.085066,3.999593,-0.459565,2.735991,0.730560
148.480000,-2.500155,2.713907,0.238995,-0.085066,3.999593,-0.491565,2.735991,0.730560
148.540000,-2.500155,2.713907,0.190995,-0.085066,3.999593,-0.539565,2.735991,0.730560
148.580000,-2.500155,2.713907,0.158995,-0.085066,3.999593,-0.571565,2.735991,0.730560
148.640000,-2.500155,2.713907,0.110995,-0.085066,3.999593,-0.619565,2.735991,0.730560
148.680000,-2.500116,2.713910,0.078995,-0.085035,3.999570,-0.651565,2.735971,0.730560
148.740000,-2.499104,2.713959,0.031004,-0.084249,3.998931,-0.699556,2.735449,0.730560
148.780000,-2.496292,2.713971,-0.016666,-0.082986,3.997830,-0.731411,2.733558,0.714744
148.840000,-2.493418,2.713876,-0.047942,-0.080790,3.995943,-0.775012,2.732119,0.727070
148.880000,-2.489751,2.713642,-0.078618,-0.078206,3.993330,-0.805688,2.730046,0.727070
148.940000,-2.482775,2.712928,-0.123102,-0.073468,3.988160,-0.850172,2.725982,0.727070
148.980000,-2.477154,2.712149,-0.151547,-0.069787,3.983841,-0.878617,2.722613,0.727070
149.040000,-2.467290,2.710429,-0.191946,-0.063560,3.976001,-0.919016,2.716540,0.727070
149.080000,-2.459776,2.708867,-0.217323,-0.058984,3.969839,-0.944393,2.711799,0.727070
149.140000,-2.447124,2.705826,-0.253172,-0.051553,3.959157,-0.980242,2.703627,0.727070
149.180000,-2.438341,2.703449,-0.275484,-0.046571,3.951543,-1.002554,2.697833,0.727070
149.240000,-2.425781,2.699683,-0.306551,-0.039690,3.940381,-1.033621,2.689379,0.727070
149.280000,-2.417386,2.696937,-0.325663,-0.035244,3.932750,-1.052733,2.683624,0.727070
149.340000,-2.404770,2.692487,-0.351930,-0.028775,3.921040,-1.079000,2.674826,0.727070
149.380000,-2.396349,2.689317,-0.367842,-0.024590,3.913074,-1.094912,2.668861,0.727070
149.440000,-2.383719,2.684284,-0.390543,-0.018500,3.900918,-1.117613,2.659785,0.727070
149.480000,-2.375296,2.680742,-0.405456,-0.014561,3.892674,-1.132526,2.653648,0.727070
149.540000,-2.362683,2.675162,-0.427532,-0.008847,3.880121,-1.154602,2.644328,0.727070
149.580000,-2.354296,2.671267,-0.442064,-0.005170,3.871636,-1.169134,2.638045,0.727070
149.640000,-2.341740,2.665157,-0.463570,0.000150,3.858726,-1.190640,2.628508,0.727070
149.680000,-2.333388,2.660908,-0.477698,0.003566,3.849999,-1.204768,2.622078,0.727070
149.740000,-2.320892,2.654272,-0.498561,0.008491,3.836735,-1.225631,2.612325,0.727070
149.780000,-2.308426,2.647318,-0.518986,0.011646,3.827769,-1.239300,2.603113,0.720314
149.840000,-2.300149,2.642516,-0.532378,0.016175,3.814165,-1.259448,2.595788,0.727070
149.880000,-2.291890,2.637577,-0.545572,0.019062,3.804985,-1.272642,2.589082,0.727070
149.940000,-2.279544,2.629916,-0.564993,0.023194,3.791056,-1.292063,2.578924,0.727070
149.980000,-2.271342,2.624643,-0.577683,0.025818,3.781664,-1.304753,2.572088,0.727070
150.040000,-2.259084,2.616488,-0.596318,0.029555,3.767424,-1.323388,2.561742,0.727070
150.080000,-2.250944,2.610890,-0.608471,0.031916,3.757831,-1.335541,2.554784,0.727070
150.140000,-2.238783,2.602256,-0.626290,0.035262,3.743297,-1.353360,2.544260,0.727070
150.180000,-2.230710,2.596343,-0.637889,0.037364,3.733513,-1.364959,2.537186,0.727070
150.240000,-2.218645,2.587239,-0.654838,0.040327,3.718692,-1.381908,2.526487,0.727070
150.280000,-2.210642,2.581023,-0.665848,0.042175,3.708728,-1.392918,2.519306,0.727070
150.340000,-2.198690,2.571477,-0.681928,0.044759,3.693652,-1.408998,2.508453,0.727070
150.380000,-2.190758,2.564969,-0.692357,0.046359,3.683517,-1.419427,2.501169,0.727070
150.440000,-2.178916,2.554995,-0.707551,0.048577,3.668194,-1.434621,2.490168,0.727070
150.480000,-2.171058,2.548206,-0.717374,0.049936,3.657899,-1.444444,2.482787,0.727070
150.540000,-2.159325,2.537821,-0.731650,0.051798,3.642341,-1.458720,2.471646,0.727070
150.580000,-2.151541,2.530766,-0.740864,0.052925,3.631896,-1.467934,2.464175,0.727070
150.640000,-2.139912,2.519985,-0.754194,0.054447,3.616112,-1.481264,2.452898,0.727070
150.680000,-2.132194,2.512671,-0.762760,0.055352,3.605518,-1.489830,2.445337,0.727070
150.740000,-2.120677,2.501526,-0.775141,0.056549,3.589536,-1.502211,2.433943,0.727070
150.780000,-2.113035,2.493979,-0.783110,0.057242,3.578817,-1.510180,2.426309,0.727070
150.840000,-2.101618,2.482481,-0.794596,0.058130,3.562638,-1.521666,2.414798,0.727070
150.880000,-2.094034,2.474700,-0.801901,0.058623,3.551784,-1.528971,2.407082,0.727070
150.940000,-2.082711,2.462872,-0.812386,0.059222,3.535421,-1.539456,2.395462,0.727070
150.980000,-2.075199,2.454889,-0.819115,0.059528,3.524464,-1.546185,2.387687,0.727070
151.040000,-2.063977,2.442765,-0.828776,0.059854,3.507946,-1.555846,2.375977,0.727070
151.080000,-2.056519,2.434580,-0.834909,0.059985,3.496874,-1.561979,2.368134,0.727070
151.140000,-2.045375,2.422165,-0.843634,0.060059,3.480191,-1.570704,2.356326,0.727070
151.180000,-2.037975,2.413802,-0.849153,0.060029,3.469024,-1.576223,2.348428,0.727070
151.240000,-2.027056,2.401294,-0.856941,-0.022834,3.432677,-1.715422,2.254032,0.858481
151.280000,-2.020061,2.393185,-0.860944,-0.024399,3.422083,-1.719425,2.245283,0.858481
151.340000,-2.009677,2.381050,-0.864595,-0.026797,3.406293,-1.723076,2.232250,0.858481
151.380000,-2.002810,2.372990,-0.865430,-0.028409,3.395828,-1.723911,2.223614,0.858481
151.440000,-1.992539,2.360936,-0.864312,-0.030819,3.380176,-1.722793,2.210701,0.858481
151.500000,-1.982261,2.348935,-0.860333,-0.033184,3.364552,-1.718813,2.197812,0.858481
151.540000,-1.975378,2.340968,-0.856080,-0.034716,3.354137,-1.714560,2.189220,0.858481
151.580000,-1.968454,2.333031,-0.850547,-0.036197,3.343708,-1.709027,2.180616,0.858481
151.640000,-1.957952,2.321186,-0.839847,-0.038298,3.328018,-1.698328,2.167667,0.858481
151.680000,-1.950851,2.313333,-0.831300,-0.039600,3.317511,-1.689780,2.158993,0.858481
151.740000,-1.940022,2.301613,-0.818556,-0.041393,3.301655,-1.677037,2.145897,0.858481
151.780000,-1.932685,2.293838,-0.810319,-0.042482,3.291021,-1.668800,2.137110,0.858481
151.840000,-1.921610,2.282335,-0.798207,-0.054029,3.282338,-1.687098,2.118458,0.888891
151.880000,-1.914278,2.274879,-0.789358,-0.055197,3.271946,-1.678249,2.109580,0.888891
151.940000,-1.903105,2.263769,-0.775849,-0.056780,3.256269,-1.664740,2.096180,0.888891
151.980000,-1.895532,2.256404,-0.767001,-0.057725,3.245748,-1.655892,2.087184,0.888891
152.040000,-1.883987,2.245420,-0.754143,-0.058976,3.229862,-1.643034,2.073594,0.888891
152.080000,-1.876171,2.238139,-0.745868,-0.059703,3.219205,-1.634759,2.064473,0.888891
152.140000,-1.864272,2.227278,-0.733924,-0.060636,3.203121,-1.622815,2.050701,0.888891
152.180000,-1.856225,2.220075,-0.726281,-0.061156,3.192334,-1.615172,2.041460,0.888891
152.240000,-1.843990,2.209328,-0.715287,-0.061788,3.176061,-1.604178,2.027515,0.888891
152.280000,-1.831564,2.198647,-0.704861,-0.062114,3.165153,-1.597166,2.016206,0.892305
152.340000,-1.823172,2.191557,-0.698248,-0.062464,3.148698,-1.587139,2.004049,0.888891
152.380000,-1.814708,2.184499,-0.691864,-0.062609,3.137678,-1.580755,1.994593,0.888891
152.440000,-1.801972,2.174046,-0.682539,-0.071557,3.122923,-1.597605,1.973500,0.915066
152.480000,-1.793547,2.167245,-0.675629,-0.071810,3.112099,-1.590695,1.963956,0.915066
152.540000,-1.780757,2.157105,-0.665111,-0.072049,3.095779,-1.580177,1.949562,0.915066
152.600000,-1.767781,2.147035,-0.654978,-0.072119,3.079354,-1.570044,1.935068,0.915066
152.640000,-1.759030,2.140358,-0.648521,-0.072075,3.068346,-1.563587,1.925351,0.915066
152.680000,-1.750201,2.133710,-0.642312,-0.071961,3.057295,-1.557378,1.915593,0.915066
152.740000,-1.736816,2.123789,-0.633479,-0.071663,3.040637,-1.548545,1.900880,0.915066
152.780000,-1.727792,2.117200,-0.627954,-0.071383,3.029467,-1.543020,1.891011,0.915066
152.840000,-1.714140,2.107372,-0.620093,-0.070849,3.012654,-1.535159,1.876151,0.915066
152.880000,-1.704948,2.100843,-0.615177,-0.070419,3.001387,-1.530243,1.866190,0.915066
152.940000,-1.691052,2.091096,-0.608246,-0.069672,2.984430,-1.523312,1.851194,0.915066
152.980000,-1.681713,2.084623,-0.603907,-0.069108,2.973081,-1.518973,1.841155,0.915066
153.040000,-1.667752,2.075054,-0.597706,-0.094041,2.957256,-1.530493,1.804119,0.932786
153.080000,-1.658645,2.068888,-0.592499,-0.093570,2.946269,-1.525285,1.794229,0.932786
153.140000,-1.644868,2.059702,-0.583573,-0.092743,2.929730,-1.516359,1.779336,0.932786
153.180000,-1.635588,2.053614,-0.577737,-0.092107,2.918650,-1.510523,1.769356,0.932786
153.240000,-1.621527,2.044531,-0.569423,-0.091028,2.901945,-1.502210,1.754305,0.932786
153.280000,-1.612062,2.038507,-0.564216,-0.090230,2.890754,-1.497003,1.744218,0.932786
153.340000,-1.597734,2.029514,-0.556922,-0.088920,2.873888,-1.489708,1.729013,0.932786
153.380000,-1.588098,2.023544,-0.552404,-0.087976,2.862592,-1.485191,1.718827,0.932786
153.440000,-1.573520,2.014622,-0.546147,-0.086461,2.845568,-1.478934,1.703472,0.932786
153.480000,-1.563723,2.008693,-0.542343,-0.085388,2.834167,-1.475130,1.693186,0.932786
153.540000,-1.548932,1.999833,-0.537092,-0.083696,2.817009,-1.469879,1.677705,0.932786
153.580000,-1.539005,1.993944,-0.533882,-0.082514,2.805527,-1.466668,1.667343,0.932786
153.640000,-1.524020,1.985131,-0.529518,-0.080669,2.788241,-1.462304,1.651741,0.932786
153.680000,-1.513970,1.979267,-0.526905,-0.079393,2.776675,-1.459691,1.641302,0.932786
153.740000,-1.498812,1.970484,-0.523418,-0.077420,2.759268,-1.456204,1.625587,0.932786
153.780000,-1.488653,1.964635,-0.521376,-0.076068,2.747624,-1.454162,1.615076,0.932786
153.840000,-1.473341,1.955868,-0.518727,-0.073990,2.730102,-1.451513,1.599256,0.932786
153.880000,-1.457948,1.947104,-0.516542,-0.072577,2.718386,-1.450008,1.585601,0.933466
153.940000,-1.447639,1.941257,-0.515365,-0.070419,2.700754,-1.448151,1.572759,0.932786
153.980000,-1.437305,1.935410,-0.514367,-0.068961,2.688970,-1.447153,1.562120,0.932786
154.040000,-1.421751,1.926633,-0.513202,-0.066747,2.671248,-1.445988,1.546120,0.932786
154.080000,-1.411348,1.920774,-0.512648,-0.065258,2.659403,-1.445435,1.535426,0.932786
154.140000,-1.395895,1.912079,-0.512880,-0.047024,2.642100,-1.435196,1.533749,0.922316
154.180000,-1.385689,1.906322,-0.514334,-0.045447,2.630489,-1.436650,1.523373,0.922316
154.240000,-1.370419,1.897666,-0.517098,-0.043123,2.613091,-1.439415,1.507828,0.922316
154.300000,-1.355191,1.888975,-0.520151,-0.040853,2.595705,-1.442467,1.492297,0.922316
154.340000,-1.345062,1.883160,-0.522279,-0.039370,2.584120,-1.444595,1.481951,0.922316
154.380000,-1.334951,1.877325,-0.524452,-0.037913,2.572537,-1.446769,1.471607,0.922316
154.440000,-1.319815,1.868536,-0.527782,-0.035777,2.555166,-1.450099,1.456096,0.922316
154.480000,-1.309746,1.862651,-0.530043,-0.034386,2.543587,-1.452359,1.445758,0.922316
154.540000,-1.294673,1.853784,-0.533483,-0.032349,2.526218,-1.455799,1.430255,0.922316
154.580000,-1.284645,1.847846,-0.535805,-0.031025,2.514639,-1.458121,1.419921,0.922316
154.640000,-1.269633,1.838896,-0.539321,-0.029091,2.497269,-1.461637,1.404421,0.922316
154.680000,-1.259641,1.832900,-0.541682,-0.027835,2.485684,-1.463998,1.394085,0.922316
154.740000,-1.244671,1.823856,-0.545237,-0.026001,2.468290,-1.467553,1.378568,0.922316
154.780000,-1.234700,1.817792,-0.547612,-0.024813,2.456681,-1.469928,1.368213,0.922316
154.840000,-1.219759,1.808644,-0.551177,-0.023080,2.439248,-1.473494,1.352665,0.922316
154.880000,-1.209808,1.802511,-0.553557,-0.021958,2.427612,-1.475873,1.342289,0.922316
154.940000,-1.194894,1.793257,-0.557130,-0.020325,2.410137,-1.479446,1.326707,0.922316
154.980000,-1.184962,1.787053,-0.559513,-0.019271,2.398474,-1.481830,1.316310,0.922316
155.040000,-1.170079,1.777695,-0.563093,-0.017740,2.380961,-1.485409,1.300698,0.922316
155.080000,-1.160167,1.771422,-0.565481,-0.016754,2.369272,-1.487797,1.290279,0.922316
155.140000,-1.145425,1.762028,-0.569354,-0.007418,2.353079,-1.470730,1.282342,0.901376
155.180000,-1.135786,1.755834,-0.573233,-0.006294,2.341676,-1.474609,1.272385,0.901376
155.240000,-1.121368,1.746453,-0.580584,-0.004704,2.324549,-1.481961,1.257432,0.901376
155.280000,-1.111782,1.740129,-0.585744,-0.003714,2.313107,-1.487120,1.247445,0.901376
155.340000,-1.097438,1.730531,-0.593598,-0.002339,2.295904,-1.494975,1.232431,0.901376
155.380000,-1.087899,1.724058,-0.598869,-0.001497,2.284407,-1.500246,1.222400,0.901376
155.440000,-1.073628,1.714235,-0.606803,-0.000344,2.267119,-1.508180,1.207319,0.901376
155.480000,-1.064138,1.707610,-0.612107,0.000350,2.255567,-1.513483,1.197243,0.901376
155.540000,-1.049942,1.697559,-0.620079,0.001277,2.238198,-1.521455,1.182096,0.901376
155.580000,-1.040505,1.690783,-0.625406,0.001819,2.226592,-1.526782,1.171977,0.901376
155.640000,-1.026389,1.680503,-0.633412,0.002518,2.209144,-1.534789,1.156767,0.901376
155.680000,-1.017006,1.673574,-0.638762,0.002906,2.197486,-1.540138,1.146606,0.901376
155.740000,-1.002974,1.663066,-0.646803,0.003373,2.179962,-1.548180,1.131333,0.901376
155.780000,-0.993648,1.655984,-0.652176,0.003607,2.168254,-1.553552,1.121132,0.901376
155.840000,-0.979703,1.645245,-0.660253,0.003839,2.150655,-1.561629,1.105800,0.901376
155.880000,-0.970437,1.638010,-0.665649,0.003915,2.138899,-1.567025,1.095560,0.901376
155.940000,-0.956414,1.626917,-0.672347,0.003918,2.121019,-1.573724,1.079988,0.901376
155.980000,-0.947062,1.619449,-0.675263,0.003865,2.109051,-1.576639,1.069566,0.901376
156.040000,-0.933035,1.608186,-0.677290,0.003737,2.091062,-1.578666,1.053903,0.901376
156.080000,-0.923691,1.600671,-0.677374,0.003642,2.079072,-1.578750,1.043462,0.901376
156.140000,-0.909763,1.589468,-0.677608,0.019713,2.061794,-1.568443,1.042601,0.890835
156.180000,-0.900618,1.582101,-0.678667,0.019735,2.050050,-1.569502,1.032485,0.890835
156.240000,-0.886916,1.571028,-0.680808,0.019739,2.032433,-1.571643,1.017310,0.890835
156.280000,-0.877791,1.563625,-0.682356,0.019720,2.020683,-1.573191,1.007189,0.890835
156.340000,-0.864119,1.552488,-0.684732,0.019657,2.003049,-1.575567,0.992001,0.890835
156.380000,-0.850463,1.541311,-0.687125,0.019592,1.991287,-1.577164,0.979527,0.890039
156.440000,-0.841364,1.533833,-0.688686,0.019458,1.973626,-1.579522,0.966661,0.890835
156.480000,-0.832266,1.526333,-0.690175,0.019346,1.961835,-1.581010,0.956507,0.890835
156.540000,-0.818625,1.515046,-0.692276,0.019147,1.944131,-1.583111,0.941263,0.890835
156.580000,-0.809532,1.507496,-0.693583,0.018993,1.932313,-1.584419,0.931088,0.890835
156.640000,-0.795895,1.496137,-0.695401,0.018735,1.914567,-1.586237,0.915809,0.890835
156.680000,-0.786805,1.488543,-0.696523,0.018546,1.902723,-1.587358,0.905613,0.890835
156.740000,-0.773169,1.477120,-0.698066,0.018237,1.884938,-1.588901,0.890303,0.890835
156.780000,-0.764077,1.469485,-0.699001,0.018017,1.873067,-1.589836,0.880085,0.890835
156.840000,-0.750440,1.458007,-0.700286,0.017666,1.855247,-1.591122,0.864746,0.890835
156.880000,-0.741348,1.450338,-0.701065,0.017419,1.843355,-1.591901,0.854512,0.890835
156.940000,-0.727707,1.438811,-0.702108,0.017033,1.825499,-1.592944,0.839145,0.890835
156.980000,-0.718612,1.431113,-0.702735,0.016765,1.813587,-1.593570,0.828894,0.890835
157.040000,-0.704966,1.419545,-0.703570,0.016350,1.795703,-1.594405,0.813506,0.890835
157.080000,-0.695866,1.411820,-0.704052,0.016065,1.783769,-1.594888,0.803239,0.890835
157.140000,-0.682272,1.400269,-0.704560,-0.000047,1.759631,-1.604490,0.771086,0.899931
157.180000,-0.673303,1.392648,-0.703784,-0.000440,1.747868,-1.603715,0.760872,0.899931
157.240000,-0.659833,1.381239,-0.701694,-0.001003,1.730225,-1.601625,0.745553,0.899931
157.280000,-0.650836,1.373647,-0.700171,-0.001357,1.718458,-1.600101,0.735335,0.899931
157.340000,-0.637311,1.362277,-0.697890,-0.001854,1.700795,-1.597821,0.720000,0.899931
157.380000,-0.628274,1.354709,-0.696405,-0.002164,1.689012,-1.596335,0.709769,0.899931
157.440000,-0.614689,1.343375,-0.694245,-0.002597,1.671326,-1.594176,0.694413,0.899931
157.500000,-0.601069,1.332061,-0.692181,-0.002992,1.653624,-1.592112,0.679043,0.899931
157.540000,-0.591971,1.324528,-0.690854,-0.003236,1.641815,-1.590785,0.668790,0.899931
157.600000,-0.578298,1.313246,-0.688937,-0.003573,1.624091,-1.588867,0.653401,0.899931
157.640000,-0.569164,1.305733,-0.687709,-0.003780,1.612266,-1.587640,0.643135,0.899931
157.680000,-0.560018,1.298229,-0.686516,-0.003972,1.600437,-1.586447,0.632864,0.899931
157.740000,-0.546274,1.286985,-0.684799,-0.004234,1.582682,-1.584730,0.617449,0.899931
157.780000,-0.537095,1.279498,-0.683706,-0.004393,1.570837,-1.583637,0.607165,0.899931
157.840000,-0.523303,1.268279,-0.682134,-0.004607,1.553060,-1.582065,0.591732,0.899931
157.880000,-0.514095,1.260808,-0.681130,-0.004735,1.541203,-1.581060,0.581438,0.899931
157.940000,-0.500262,1.249612,-0.679685,-0.004904,1.523408,-1.579616,0.565989,0.899931
157.980000,-0.491026,1.242155,-0.678765,-0.005004,1.511537,-1.578696,0.555684,0.899931
158.040000,-0.477152,1.230979,-0.677448,-0.005132,1.493723,-1.577379,0.540219,0.899931
158.080000,-0.467890,1.223535,-0.676612,-0.005206,1.481840,-1.576543,0.529904,0.899931
158.140000,-0.454061,1.212443,-0.675291,-0.016441,1.463922,-1.589296,0.504731,0.914005
158.180000,-0.444964,1.205170,-0.673469,-0.016646,1.452278,-1.587473,0.494488,0.914005
158.240000,-0.431277,1.194286,-0.670161,-0.016909,1.434793,-1.584166,0.479108,0.914005
158.280000,-0.422122,1.187047,-0.667921,-0.017052,1.423121,-1.581926,0.468842,0.914005
158.340000,-0.408339,1.176210,-0.664669,-0.017218,1.405589,-1.578673,0.453420,0.914005
158.380000,-0.399118,1.169000,-0.662600,-0.017298,1.393884,-1.576605,0.443124,0.914005
158.440000,-0.385239,1.158204,-0.659658,-0.017374,1.376302,-1.573662,0.427658,0.914005
158.480000,-0.375957,1.151019,-0.657807,-0.017397,1.364564,-1.571811,0.417333,0.914005
158.540000,-0.361989,1.140257,-0.655197,-0.017392,1.346931,-1.569202,0.401823,0.914005
158.580000,-0.352652,1.133094,-0.653554,-0.017363,1.335162,-1.567559,0.391472,0.914005
158.640000,-0.338607,1.122364,-0.651237,-0.017285,1.317488,-1.565241,0.375927,0.914005
158.680000,-0.329219,1.115220,-0.649788,-0.017211,1.305691,-1.563793,0.365551,0.914005
158.740000,-0.315099,1.104514,-0.647771,-0.017069,1.287972,-1.561776,0.349970,0.914005
158.780000,-0.305666,1.097385,-0.646511,-0.016955,1.276148,-1.560516,0.339574,0.914005
158.840000,-0.291484,1.086701,-0.644751,-0.016756,1.258393,-1.558756,0.323965,0.914005
158.880000,-0.282009,1.079585,-0.643663,-0.016607,1.246545,-1.557668,0.313550,0.914005
158.940000,-0.267769,1.068918,-0.642157,-0.016360,1.228754,-1.556161,0.297916,0.914005
158.980000,-0.258257,1.061811,-0.641232,-0.016181,1.216882,-1.555237,0.287486,0.914005
159.040000,-0.243965,1.051157,-0.639963,-0.015892,1.199058,-1.553967,0.271831,0.914005
159.080000,-0.234421,1.044057,-0.639191,-0.015687,1.187165,-1.553196,0.261389,0.914005
159.140000,-0.220079,1.033409,-0.638156,-0.013052,1.169263,-1.554678,0.247621,0.916521
159.180000,-0.210495,1.026305,-0.637595,-0.012856,1.157335,-1.554116,0.237129,0.916521
159.240000,-0.196103,1.015651,-0.636877,-0.012551,1.139431,-1.553398,0.221388,0.916521
159.280000,-0.186498,1.008549,-0.636463,-0.012341,1.127488,-1.552984,0.210896,0.916521
159.340000,-0.172076,0.997897,-0.635920,-0.012016,1.109562,-1.552441,0.195162,0.916521
159.380000,-0.162453,0.990796,-0.635608,-0.011795,1.097605,-1.552130,0.184678,0.916521
159.440000,-0.148007,0.980143,-0.635212,-0.011456,1.079659,-1.551734,0.168966,0.916521
159.480000,-0.138370,0.973041,-0.634991,-0.011227,1.067689,-1.551513,0.158504,0.916521
159.540000,-0.123903,0.962385,-0.634724,-0.010878,1.049725,-1.551245,0.142839,0.916521
159.580000,-0.114253,0.955279,-0.634590,-0.010643,1.037743,-1.551111,0.132421,0.916521
159.640000,-0.099770,0.944619,-0.634441,-0.010287,1.019763,-1.550963,0.116849,0.916521
159.680000,-0.090110,0.937511,-0.634376,-0.010049,1.007772,-1.550898,0.106519,0.916521
159.740000,-0.075614,0.926845,-0.634332,-0.009690,0.989779,-1.550854,0.091141,0.916521
159.780000,-0.065951,0.919735,-0.634335,-0.009451,0.977784,-1.550856,0.081006,0.916521
159.840000,-0.051461,0.909073,-0.634382,-0.009093,0.959798,-1.550903,0.066091,0.916521
159.880000,-0.041805,0.901967,-0.634441,-0.008855,0.947811,-1.550962,0.056457,0.916521
159.940000,-0.027326,0.891310,-0.634569,-0.008499,0.929837,-1.551090,0.042880,0.916521
159.980000,-0.017676,0.884206,-0.634679,-0.008264,0.917857,-1.551200,0.034942,0.916521
160.040000,-0.003208,0.873551,-0.634878,-0.007913,0.899892,-1.551400,0.026758,0.916521
160.080000,0.006434,0.866447,-0.635032,-0.007682,0.887918,-1.551553,0.025695,0.916521
160.140000,0.020874,0.855804,-0.635351,-0.005226,0.870006,-1.548383,0.029714,0.913031
160.200000,0.035259,0.845190,-0.636051,-0.004831,0.852133,-1.549082,0.040687,0.913031
160.240000,0.044844,0.838108,-0.636593,-0.004575,0.840219,-1.549624,0.049464,0.913031
160.280000,0.054425,0.831021,-0.637156,-0.004326,0.828304,-1.550187,0.058814,0.913031
160.340000,0.068790,0.820380,-0.638008,-0.003965,0.810431,-1.551039,0.073433,0.913031
160.380000,0.078362,0.813279,-0.638575,-0.003733,0.798515,-1.551606,0.083412,0.913031
160.440000,0.092713,0.802616,-0.639418,-0.003398,0.780639,-1.552449,0.098592,0.913031
160.480000,0.102277,0.795500,-0.639974,-0.003182,0.768720,-1.553006,0.108806,0.913031
160.540000,0.116616,0.784815,-0.640798,-0.002872,0.750841,-1.553830,0.124224,0.913031
160.580000,0.126171,0.777685,-0.641340,-0.002673,0.738920,-1.554372,0.134549,0.913031
160.640000,0.140499,0.766978,-0.642140,-0.002386,0.721036,-1.555171,0.150090,0.913031
160.680000,0.150047,0.759834,-0.642664,-0.002203,0.709112,-1.555696,0.160477,0.913031
160.740000,0.164364,0.749106,-0.643438,-0.001940,0.691225,-1.556470,0.176088,0.913031
160.780000,0.173905,0.741948,-0.643945,-0.001772,0.679298,-1.556976,0.186513,0.913031
160.840000,0.188211,0.731200,-0.644690,-0.001531,0.661405,-1.557721,0.202172,0.913031
160.880000,0.197746,0.724027,-0.645176,-0.001378,0.649475,-1.558207,0.212622,0.913031
160.940000,0.212043,0.713259,-0.645889,-0.001159,0.631578,-1.558920,0.228313,0.913031
160.980000,0.221571,0.706074,-0.646353,-0.001020,0.619645,-1.559384,0.238782,0.913031
161.040000,0.235859,0.695286,-0.647034,-0.000822,0.601743,-1.560065,0.254497,0.913031
161.080000,0.245382,0.688088,-0.647476,-0.000697,0.589806,-1.560508,0.264980,0.913031
161.140000,0.259659,0.677284,-0.648136,-0.003119,0.572017,-1.554172,0.283079,0.906035
161.180000,0.269167,0.670080,-0.648613,-0.002924,0.560090,-1.554648,0.293481,0.906035
161.240000,0.283423,0.659266,-0.649345,-0.002641,0.542198,-1.555380,0.309092,0.906035
161.280000,0.292923,0.652050,-0.649832,-0.002460,0.530269,-1.555867,0.319503,0.906035
161.340000,0.307168,0.641216,-0.650554,-0.002200,0.512374,-1.556590,0.335125,0.906035
161.380000,0.316662,0.633987,-0.651029,-0.002033,0.500443,-1.557064,0.345544,0.906035
161.440000,0.330897,0.623135,-0.651729,-0.001794,0.482544,-1.557764,0.361177,0.906035
161.480000,0.340385,0.615893,-0.652192,-0.001641,0.470610,-1.558227,0.371603,0.906035
161.540000,0.354612,0.605020,-0.652884,-0.001422,0.452705,-1.558919,0.387247,0.906035
161.580000,0.364094,0.597765,-0.653345,-0.001283,0.440766,-1.559380,0.397680,0.906035
161.640000,0.378314,0.586872,-0.654036,-0.001085,0.422855,-1.560071,0.413334,0.906035
161.680000,0.387791,0.579604,-0.654497,-0.000959,0.410912,-1.560532,0.423773,0.906035
161.740000,0.402002,0.568691,-0.655188,-0.000781,0.392995,-1.561224,0.439436,0.906035
161.800000,0.416209,0.557766,-0.655880,-0.000616,0.375074,-1.561915,0.455104,0.906035
161.840000,0.425678,0.550476,-0.656341,-0.000513,0.363124,-1.562377,0.465553,0.906035
161.880000,0.435145,0.543181,-0.656802,-0.000415,0.351173,-1.562838,0.476003,0.906035
161.940000,0.449341,0.532228,-0.657494,-0.000278,0.333244,-1.563530,0.491683,0.906035
161.980000,0.458802,0.524920,-0.657956,-0.000194,0.321289,-1.563991,0.502139,0.906035
162.040000,0.472990,0.513947,-0.658648,-0.000078,0.303353,-1.564683,0.517826,0.906035
162.080000,0.482446,0.506625,-0.659110,-0.000008,0.291394,-1.565145,0.528286,0.906035
162.140000,0.496610,0.495645,-0.659897,0.002035,0.280591,-1.565941,0.539307,0.906043
162.200000,0.510726,0.484677,-0.661208,0.002110,0.262715,-1.567251,0.554938,0.906043
162.240000,0.520129,0.477353,-0.662210,0.002147,0.250795,-1.568253,0.565362,0.906043
162.280000,0.529528,0.470017,-0.663244,0.002171,0.238873,-1.569287,0.575790,0.906043
162.340000,0.543617,0.458992,-0.664820,0.002184,0.220982,-1.570863,0.591438,0.906043
162.380000,0.553004,0.451626,-0.665877,0.002177,0.209051,-1.571920,0.601875,0.906043
162.440000,0.567074,0.440554,-0.667466,0.002142,0.191147,-1.573509,0.617538,0.906043
162.480000,0.576449,0.433158,-0.668526,0.002104,0.179206,-1.574570,0.627984,0.906043
162.540000,0.590500,0.422041,-0.670118,0.002022,0.161289,-1.576162,0.643661,0.906043
162.580000,0.599862,0.414615,-0.671180,0.001951,0.149339,-1.577223,0.654116,0.906043
162.640000,0.605476,0.410153,-0.672245,0.001903,0.142168,-1.578288,0.660391,0.906043
162.700000,0.605476,0.410153,-0.672245,0.001903,0.142168,-1.578288,0.660391,0.906043
162.740000,0.605476,0.410153,-0.672245,0.001903,0.142168,-1.578288,0.660391,0.906043
162.780000,0.605476,0.410153,-0.672245,0.001903,0.142168,-1.578288,0.660391,0.906043
162.840000,0.605476,0.410153,-0.672245,0.001903,0.142168,-1.578288,0.660391,0.906043
162.880000,0.605476,0.410153,-0.672245,0.001903,0.142168,-1.578288,0.660391,0.906043
162.940000,0.605476,0.410153,-0.672245,0.001903,0.142168,-1.578288,0.660391,0.906043
162.980000,0.605476,0.410153,-0.672245,0.001903,0.142168,-1.578288,0.660391,0.906043
163.040000,0.605476,0.410153,-0.672245,0.001903,0.142168,-1.578288,0.660391,0.906043
163.080000,0.605476,0.410153,-0.672245,0.001903,0.142168,-1.578288,0.660391,0.906043
163.140000,0.605476,0.410153,-0.672245,0.000336,0.142159,-1.581778,0.661827,0.909533
163.180000,0.605476,0.410153,-0.672245,0.000336,0.142159,-1.581778,0.661827,0.909533
163.240000,0.605476,0.410153,-0.672245,0.000336,0.142159,-1.581778,0.661827,0.909533
163.300000,0.605476,0.410153,-0.672245,0.000336,0.142159,-1.581778,0.661827,0.909533
163.340000,0.605476,0.410153,-0.672245,0.000336,0.142159,-1.581778,0.661827,0.909533
163.400000,0.605476,0.410153,-0.672245,0.000336,0.142159,-1.581778,0.661827,0.909533
163.440000,0.605476,0.410153,-0.672245,0.000336,0.142159,-1.581778,0.661827,0.909533
163.480000,0.605476,0.410153,-0.672245,0.000336,0.142159,-1.581778,0.661827,0.909533
163.540000,0.605476,0.410153,-0.672245,0.000336,0.142159,-1.581778,0.661827,0.909533
163.580000,0.605476,0.410153,-0.672245,0.000336,0.142159,-1.581778,0.661827,0.909533
163.640000,0.605476,0.410153,-0.672245,0.000336,0.142159,-1.581778,0.661827,0.909533
163.680000,0.605476,0.410153,-0.672245,0.000336,0.142159,-1.581778,0.661827,0.909533
163.740000,0.605476,0.410153,-0.672245,0.000336,0.142159,-1.581778,0.661827,0.909533
163.780000,0.605476,0.410153,-0.672245,0.000336,0.142159,-1.581778,0.661827,0.909533
163.840000,0.605476,0.410153,-0.672245,0.000336,0.142159,-1.581778,0.661827,0.909533
163.880000,0.605476,0.410153,-0.672245,0.000336,0.142159,-1.581778,0.661827,0.909533
163.940000,0.605476,0.410153,-0.672245,0.000336,0.142159,-1.581778,0.661827,0.909533
163.980000,0.605476,0.410153,-0.672245,0.000336,0.142159,-1.581778,0.661827,0.909533
164.040000,0.605476,0.410153,-0.672245,0.000336,0.142159,-1.581778,0.661827,0.909533
164.080000,0.605476,0.410153,-0.672245,0.000336,0.142159,-1.581778,0.661827,0.909533
164.140000,0.605476,0.410153,-0.672245,-0.006929,0.142397,-1.581791,0.668381,0.909547
164.180000,0.605476,0.410153,-0.672245,-0.006929,0.142397,-1.581791,0.668381,0.909547
164.240000,0.605476,0.410153,-0.672245,-0.006929,0.142397,-1.581791,0.668381,0.909547
164.280000,0.605476,0.410153,-0.672245,-0.006929,0.142397,-1.581791,0.668381,0.909547
164.340000,0.605476,0.410153,-0.672245,-0.006929,0.142397,-1.581791,0.668381,0.909547
164.380000,0.605476,0.410153,-0.672245,-0.006929,0.142397,-1.581791,0.668381,0.909547
164.440000,0.605476,0.410153,-0.672245,-0.006929,0.142397,-1.581791,0.668381,0.909547
164.500000,0.605476,0.410153,-0.672245,-0.006929,0.142397,-1.581791,0.668381,0.909547
164.540000,0.605476,0.410153,-0.672245,-0.006929,0.142397,-1.581791,0.668381,0.909547
164.580000,0.605476,0.410153,-0.672245,-0.006929,0.142397,-1.581791,0.668381,0.909547
164.640000,0.605476,0.410153,-0.672245,-0.006929,0.142397,-1.581791,0.668381,0.909547
164.700000,0.605476,0.410153,-0.672245,-0.006929,0.142397,-1.581791,0.668381,0.909547
164.740000,0.605476,0.410153,-0.672245,-0.006929,0.142397,-1.581791,0.668381,0.909547
164.780000,0.605476,0.410153,-0.672245,-0.006929,0.142397,-1.581791,0.668381,0.909547
164.840000,0.605476,0.410153,-0.672245,-0.006929,0.142397,-1.581791,0.668381,0.909547
164.880000,0.605476,0.410153,-0.672245,-0.006929,0.142397,-1.581791,0.668381,0.909547
164.940000,0.605476,0.410153,-0.672245,-0.006929,0.142397,-1.581791,0.668381,0.909547
164.980000,0.605476,0.410153,-0.672245,-0.006929,0.142397,-1.581791,0.668381,0.909547
165.040000,0.605476,0.410153,-0.672245,-0.006929,0.142397,-1.581791,0.668381,0.909547
165.080000,0.605476,0.410153,-0.672245,-0.006929,0.142397,-1.581791,0.668381,0.909547
165.140000,0.605476,0.410153,-0.672245,-0.006929,0.142397,-1.581791,0.668381,0.909547
165.180000,0.605476,0.410153,-0.672245,-0.006929,0.142397,-1.581791,0.668381,0.909547
165.240000,0.605476,0.410153,-0.672245,-0.006929,0.142397,-1.581791,0.668381,0.909547
165.280000,0.605476,0.410153,-0.672245,-0.006929,0.142397,-1.581791,0.668381,0.909547
165.340000,0.605476,0.410153,-0.672245,-0.006929,0.142397,-1.581791,0.668381,0.909547
165.380000,0.605476,0.410153,-0.672245,-0.006929,0.142397,-1.581791,0.668381,0.909547
165.440000,0.605476,0.410153,-0.672245,-0.006929,0.142397,-1.581791,0.668381,0.909547
165.480000,0.605476,0.410153,-0.672245,-0.006929,0.142397,-1.581791,0.668381,0.909547
165.540000,0.605476,0.410153,-0.672245,-0.006929,0.142397,-1.581791,0.668381,0.909547
165.580000,0.605476,0.410153,-0.672245,-0.006929,0.142397,-1.581791,0.668381,0.909547
165.640000,0.605476,0.410153,-0.672245,-0.006929,0.142397,-1.581791,0.668381,0.909547
165.680000,0.605476,0.410153,-0.672245,-0.006929,0.142397,-1.581791,0.668381,0.909547
165.740000,0.605476,0.410153,-0.672245,-0.006929,0.142397,-1.581791,0.668381,0.909547
165.780000,0.605476,0.410153,-0.672245,-0.006929,0.142397,-1.581791,0.668381,0.909547
165.840000,0.605476,0.410153,-0.672245,-0.006929,0.142397,-1.581791,0.668381,0.909547
165.880000,0.605476,0.410153,-0.672245,-0.006929,0.142397,-1.581791,0.668381,0.909547
165.940000,0.605476,0.410153,-0.672245,-0.006929,0.142397,-1.581791,0.668381,0.909547
165.980000,0.605476,0.410153,-0.672245,-0.006929,0.142397,-1.581791,0.668381,0.909547
166.040000,0.605476,0.410153,-0.672245,-0.006929,0.142397,-1.581791,0.668381,0.909547
166.080000,0.605476,0.410153,-0.672245,-0.006929,0.142397,-1.581791,0.668381,0.909547
166.140000,0.605476,0.410153,-0.672245,-0.006929,0.142397,-1.581791,0.668381,0.909547
166.180000,0.605476,0.410153,-0.672245,-0.006929,0.142397,-1.581791,0.668381,0.909547
166.240000,0.605476,0.410153,-0.672245,-0.006929,0.142397,-1.581791,0.668381,0.909547
166.280000,0.605476,0.410153,-0.672245,-0.006929,0.142397,-1.581791,0.668381,0.909547
166.340000,0.605476,0.410153,-0.672245,-0.006929,0.142397,-1.581791,0.668381,0.909547
166.380000,0.605476,0.410153,-0.672245,-0.006929,0.142397,-1.581791,0.668381,0.909547
166.440000,0.605476,0.410153,-0.672245,-0.006929,0.142397,-1.581791,0.668381,0.909547
166.480000,0.605476,0.410153,-0.672245,-0.006929,0.142397,-1.581791,0.668381,0.909547
166.540000,0.605476,0.410153,-0.672245,-0.006929,0.142397,-1.581791,0.668381,0.909547
166.580000,0.605476,0.410153,-0.672245,-0.006929,0.142397,-1.581791,0.668381,0.909547
166.640000,0.605476,0.410153,-0.672245,-0.006929,0.142397,-1.581791,0.668381,0.909547
166.700000,0.605476,0.410153,-0.672245,-0.006929,0.142397,-1.581791,0.668381,0.909547
166.740000,0.605476,0.410153,-0.672245,-0.006929,0.142397,-1.581791,0.668381,0.909547
166.800000,0.605476,0.410153,-0.672245,-0.006929,0.142397,-1.581791,0.668381,0.909547
166.840000,0.605476,0.410153,-0.672245,-0.006929,0.142397,-1.581791,0.668381,0.909547
166.880000,0.605476,0.410153,-0.672245,-0.006929,0.142397,-1.581791,0.668381,0.909547
166.940000,0.605476,0.410153,-0.672245,-0.006929,0.142397,-1.581791,0.668381,0.909547
166.980000,0.605476,0.410153,-0.672245,-0.006929,0.142397,-1.581791,0.668381,0.909547
167.040000,0.605476,0.410153,-0.672245,-0.006929,0.142397,-1.581791,0.668381,0.909547
167.080000,0.605476,0.410153,-0.672245,-0.006929,0.142397,-1.581791,0.668381,0.909547
167.140000,0.605476,0.410153,-0.672245,-0.006929,0.142397,-1.581791,0.668381,0.909547
167.180000,0.605476,0.410153,-0.672245,-0.006929,0.142397,-1.581791,0.668381,0.909547
167.240000,0.605476,0.410153,-0.672245,-0.006929,0.142397,-1.581791,0.668381,0.909547
167.280000,0.605476,0.410153,-0.672245,-0.006929,0.142397,-1.581791,0.668381,0.909547
167.340000,0.605476,0.410153,-0.672245,-0.006929,0.142397,-1.581791,0.668381,0.909547
167.400000,0.605476,0.410153,-0.672245,-0.006929,0.142397,-1.581791,0.668381,0.909547
167.440000,0.605476,0.410153,-0.672245,-0.006929,0.142397,-1.581791,0.668381,0.909547
167.480000,0.605476,0.410153,-0.672245,-0.006929,0.142397,-1.581791,0.668381,0.909547
167.540000,0.605476,0.410153,-0.672245,-0.006929,0.142397,-1.581791,0.668381,0.909547
167.580000,0.605476,0.410153,-0.672245,-0.006929,0.142397,-1.581791,0.668381,0.909547
167.640000,0.605476,0.410153,-0.672245,-0.006929,0.142397,-1.581791,0.668381,0.909547
167.680000,0.605476,0.410153,-0.672245,-0.006929,0.142397,-1.581791,0.668381,0.909547
167.740000,0.605476,0.410153,-0.672245,-0.006929,0.142397,-1.581791,0.668381,0.909547
167.800000,0.605476,0.410153,-0.672245,-0.006929,0.142397,-1.581791,0.668381,0.909547
167.840000,0.605476,0.410153,-0.672245,-0.006929,0.142397,-1.581791,0.668381,0.909547
167.880000,0.605476,0.410153,-0.672245,-0.006929,0.142397,-1.581791,0.668381,0.909547
167.940000,0.605476,0.410153,-0.672245,-0.006929,0.142397,-1.581791,0.668381,0.909547
167.980000,0.605476,0.410153,-0.672245,-0.006929,0.142397,-1.581791,0.668381,0.909547
168.040000,0.605476,0.410153,-0.672245,-0.006929,0.142397,-1.581791,0.668381,0.909547
168.080000,0.605476,0.410153,-0.672245,-0.006929,0.142397,-1.581791,0.668381,0.909547
