timestamp,odom_x,odom_y,odom_yaw,slam_x,slam_y,slam_yaw,pos_delta,angle_delta
8.760000,-0.000000,0.000000,-0.000000,-0.000000,0.000000,-0.000000,0.000000,0.000000
8.780000,-0.000000,0.000000,-0.000000,-0.000000,0.000000,-0.000000,0.000000,0.000000
9.480000,-0.000000,0.000000,-0.000000,-0.000000,0.000000,-0.000000,0.000000,0.000000
9.540000,-0.000000,0.000000,-0.000000,-0.000000,0.000000,-0.000000,0.000000,0.000000
9.580000,-0.000000,0.000000,-0.000000,-0.000000,0.000000,-0.000000,0.000000,0.000000
9.640000,-0.000000,0.000000,-0.000000,-0.000000,0.000000,-0.000000,0.000000,0.000000
9.680000,-0.000000,0.000000,-0.000000,-0.000000,0.000000,-0.000000,0.000000,0.000000
9.740000,-0.000000,0.000000,-0.000000,-0.000000,0.000000,-0.000000,0.000000,0.000000
9.780000,-0.000000,0.000000,-0.000000,-0.000000,0.000000,-0.000000,0.000000,0.000000
9.840000,-0.000000,0.000000,-0.000000,-0.000000,0.000000,-0.000000,0.000000,0.000000
9.880000,-0.000000,0.000000,-0.000000,-0.000000,0.000000,-0.000000,0.000000,0.000000
9.940000,-0.000000,0.000000,-0.000000,-0.000000,0.000000,-0.000000,0.000000,0.000000
9.980000,-0.000000,0.000000,-0.000000,-0.000000,0.000000,-0.000000,0.000000,0.000000
10.040000,-0.000000,0.000000,-0.000000,-0.000000,0.000000,-0.000000,0.000000,0.000000
10.080000,-0.000000,0.000000,-0.000000,-0.000000,0.000000,-0.000000,0.000000,0.000000
10.140000,-0.000000,0.000000,-0.000000,-0.000000,0.000000,-0.000000,0.000000,0.000000
10.180000,-0.000000,0.000000,-0.000000,-0.000000,0.000000,-0.000000,0.000000,0.000000
10.240000,-0.000000,0.000000,-0.000000,-0.000000,0.000000,-0.000000,0.000000,0.000000
10.280000,-0.000000,0.000000,-0.000000,-0.000000,0.000000,-0.000000,0.000000,0.000000
10.340000,-0.000000,0.000000,-0.000000,-0.000000,0.000000,-0.000000,0.000000,0.000000
10.380000,-0.000000,0.000000,-0.000000,-0.000000,0.000000,-0.000000,0.000000,0.000000
10.440000,-0.000000,0.000000,-0.000000,-0.000000,0.000000,-0.000000,0.000000,0.000000
10.480000,-0.000000,0.000000,-0.000000,-0.000000,0.000000,-0.000000,0.000000,0.000000
10.540000,-0.000000,0.000000,-0.000000,-0.000000,0.000000,-0.000000,0.000000,0.000000
10.580000,-0.000000,0.000000,-0.000000,-0.000000,0.000000,-0.000000,0.000000,0.000000
10.640000,-0.000000,0.000000,-0.000000,-0.000000,0.000000,-0.000000,0.000000,0.000000
10.680000,-0.000000,0.000000,-0.000000,-0.000000,0.000000,-0.000000,0.000000,0.000000
10.740000,-0.000000,0.000000,-0.000000,-0.000000,0.000000,-0.000000,0.000000,0.000000
10.780000,-0.000000,0.000000,-0.000000,-0.000000,0.000000,-0.000000,0.000000,0.000000
10.840000,-0.000000,0.000000,-0.000000,-0.000000,0.000000,-0.000000,0.000000,0.000000
10.880000,-0.000000,0.000000,-0.000000,-0.000000,0.000000,-0.000000,0.000000,0.000000
10.940000,-0.000000,0.000000,-0.000000,-0.000000,0.000000,-0.000000,0.000000,0.000000
10.980000,-0.000000,0.000000,-0.000000,-0.000000,0.000000,-0.000000,0.000000,0.000000
11.040000,-0.000000,0.000000,-0.000000,-0.000000,0.000000,-0.000000,0.000000,0.000000
11.080000,-0.000000,0.000000,-0.000000,-0.000000,0.000000,-0.000000,0.000000,0.000000
11.140000,-0.000000,0.000000,-0.000000,-0.000000,0.000000,-0.000000,0.000000,0.000000
11.200000,-0.000000,0.000000,-0.000000,-0.000000,0.000000,-0.000000,0.000000,0.000000
11.240000,-0.000000,0.000000,-0.000000,-0.000000,0.000000,-0.000000,0.000000,0.000000
11.280000,-0.000000,0.000000,-0.000000,-0.000000,0.000000,-0.000000,0.000000,0.000000
11.340000,-0.000000,0.000000,-0.000000,-0.000000,0.000000,-0.000000,0.000000,0.000000
11.380000,-0.000000,0.000000,-0.000000,-0.000000,0.000000,-0.000000,0.000000,0.000000
11.440000,-0.000000,0.000000,-0.000000,-0.000000,0.000000,-0.000000,0.000000,0.000000
11.500000,-0.000000,0.000000,-0.000000,-0.000000,0.000000,-0.000000,0.000000,0.000000
11.540000,-0.000000,0.000000,-0.000000,-0.000000,0.000000,-0.000000,0.000000,0.000000
11.600000,-0.000000,0.000000,-0.000000,-0.000000,0.000000,-0.000000,0.000000,0.000000
11.640000,-0.000000,0.000000,-0.000000,-0.000000,0.000000,-0.000000,0.000000,0.000000
11.680000,-0.000000,0.000000,-0.000000,-0.000000,0.000000,-0.000000,0.000000,0.000000
11.740000,-0.000000,0.000000,-0.000000,-0.000000,0.000000,-0.000000,0.000000,0.000000
11.780000,-0.000000,0.000000,-0.000000,-0.000000,0.000000,-0.000000,0.000000,0.000000
11.840000,-0.000000,0.000000,-0.000000,-0.000000,0.000000,-0.000000,0.000000,0.000000
11.880000,-0.000000,0.000000,-0.000000,-0.000000,0.000000,-0.000000,0.000000,0.000000
11.940000,-0.000000,0.000000,-0.000000,-0.000000,0.000000,-0.000000,0.000000,0.000000
11.980000,-0.000000,0.000000,-0.000000,-0.000000,0.000000,-0.000000,0.000000,0.000000
12.040000,-0.000000,0.000000,-0.000000,-0.000000,0.000000,-0.000000,0.000000,0.000000
12.080000,-0.000000,0.000000,-0.000000,-0.000000,0.000000,-0.000000,0.000000,0.000000
12.140000,-0.000000,0.000000,-0.000000,-0.000000,0.000000,-0.000000,0.000000,0.000000
12.180000,-0.000000,0.000000,-0.000000,-0.000000,0.000000,-0.000000,0.000000,0.000000
12.240000,-0.000000,0.000000,-0.000000,-0.000000,0.000000,-0.000000,0.000000,0.000000
12.280000,-0.000000,0.000000,-0.000000,-0.000000,0.000000,-0.000000,0.000000,0.000000
12.340000,-0.000000,0.000000,-0.000000,-0.000000,0.000000,-0.000000,0.000000,0.000000
12.380000,-0.000000,0.000000,-0.000000,-0.000000,0.000000,-0.000000,0.000000,0.000000
12.440000,-0.000000,0.000000,-0.000000,-0.000000,0.000000,-0.000000,0.000000,0.000000
12.480000,-0.000000,0.000000,-0.000000,-0.000000,0.000000,-0.000000,0.000000,0.000000
12.540000,-0.000000,0.000000,-0.000000,-0.000000,0.000000,-0.000000,0.000000,0.000000
12.580000,-0.000000,0.000000,-0.000000,-0.000000,0.000000,-0.000000,0.000000,0.000000
12.640000,-0.000000,0.000000,-0.000000,-0.000000,0.000000,-0.000000,0.000000,0.000000
12.680000,-0.000000,0.000000,-0.000000,-0.000000,0.000000,-0.000000,0.000000,0.000000
12.740000,-0.000000,0.000000,-0.000000,-0.000000,0.000000,-0.000000,0.000000,0.000000
12.780000,-0.000000,0.000000,-0.000000,-0.000000,0.000000,-0.000000,0.000000,0.000000
12.840000,-0.000000,0.000000,-0.000000,-0.000000,0.000000,-0.000000,0.000000,0.000000
12.880000,-0.000000,0.000000,-0.000000,-0.000000,0.000000,-0.000000,0.000000,0.000000
12.940000,-0.000000,0.000000,-0.000000,-0.000000,0.000000,-0.000000,0.000000,0.000000
12.980000,-0.000000,0.000000,-0.000000,-0.000000,0.000000,-0.000000,0.000000,0.000000
13.040000,-0.000000,0.000000,-0.000000,-0.000000,0.000000,-0.000000,0.000000,0.000000
13.080000,-0.000000,0.000000,-0.000000,-0.000000,0.000000,-0.000000,0.000000,0.000000
13.140000,-0.000000,0.000000,-0.000000,-0.000000,0.000000,-0.000000,0.000000,0.000000
13.180000,-0.000000,0.000000,-0.000000,-0.000000,0.000000,-0.000000,0.000000,0.000000
13.240000,-0.000000,0.000000,-0.000000,-0.000000,0.000000,-0.000000,0.000000,0.000000
13.280000,-0.000000,0.000000,-0.000000,-0.000000,0.000000,-0.000000,0.000000,0.000000
13.340000,-0.000000,0.000000,-0.000000,-0.000000,0.000000,-0.000000,0.000000,0.000000
13.380000,-0.000000,0.000000,-0.000000,-0.000000,0.000000,-0.000000,0.000000,0.000000
13.440000,-0.000000,0.000000,-0.000000,-0.000000,0.000000,-0.000000,0.000000,0.000000
13.480000,-0.000000,0.000000,-0.000000,-0.000000,0.000000,-0.000000,0.000000,0.000000
13.540000,-0.000000,0.000000,-0.000000,-0.000000,0.000000,-0.000000,0.000000,0.000000
13.580000,-0.000000,0.000000,-0.000000,-0.000000,0.000000,-0.000000,0.000000,0.000000
13.640000,-0.000000,0.000000,-0.000000,-0.000000,0.000000,-0.000000,0.000000,0.000000
13.680000,-0.000000,0.000000,-0.000000,-0.000000,0.000000,-0.000000,0.000000,0.000000
13.740000,-0.000000,0.000000,-0.000000,-0.000000,0.000000,-0.000000,0.000000,0.000000
13.780000,-0.000000,0.000000,-0.000000,-0.000000,0.000000,-0.000000,0.000000,0.000000
13.840000,-0.000000,0.000000,-0.000000,-0.000000,0.000000,-0.000000,0.000000,0.000000
13.880000,-0.000000,0.000000,-0.000000,-0.000000,0.000000,-0.000000,0.000000,0.000000
13.940000,-0.000000,0.000000,-0.000000,-0.000000,0.000000,-0.000000,0.000000,0.000000
13.980000,-0.000000,0.000000,-0.000000,-0.000000,0.000000,-0.000000,0.000000,0.000000
14.040000,-0.000000,0.000000,-0.000000,-0.000000,0.000000,-0.000000,0.000000,0.000000
14.080000,-0.000000,0.000000,-0.000000,-0.000000,0.000000,-0.000000,0.000000,0.000000
14.140000,-0.000000,0.000000,-0.000000,-0.000000,0.000000,-0.000000,0.000000,0.000000
14.180000,-0.000000,0.000000,-0.000000,-0.000000,0.000000,-0.000000,0.000000,0.000000
14.240000,-0.000000,0.000000,-0.000000,-0.000000,0.000000,-0.000000,0.000000,0.000000
14.280000,-0.000000,0.000000,-0.000000,-0.000000,0.000000,-0.000000,0.000000,0.000000
14.340000,-0.000000,0.000000,-0.000000,-0.000000,0.000000,-0.000000,0.000000,0.000000
14.380000,-0.000000,0.000000,-0.000000,-0.000000,0.000000,-0.000000,0.000000,0.000000
14.440000,-0.000000,0.000000,-0.000000,-0.000000,0.000000,-0.000000,0.000000,0.000000
14.480000,-0.000000,0.000000,-0.000000,-0.000000,0.000000,-0.000000,0.000000,0.000000
14.540000,-0.000000,0.000000,-0.000000,-0.000000,0.000000,-0.000000,0.000000,0.000000
14.580000,-0.000000,0.000000,-0.000000,-0.000000,0.000000,-0.000000,0.000000,0.000000
14.640000,-0.000000,0.000000,-0.000000,-0.000000,0.000000,-0.000000,0.000000,0.000000
14.680000,-0.000000,0.000000,-0.000000,-0.000000,0.000000,-0.000000,0.000000,0.000000
14.740000,-0.000000,0.000000,-0.000000,-0.000000,0.000000,-0.000000,0.000000,0.000000
14.800000,-0.000000,0.000000,-0.000000,-0.000000,0.000000,-0.000000,0.000000,0.000000
14.840000,-0.000000,0.000000,-0.000000,-0.000000,0.000000,-0.000000,0.000000,0.000000
14.880000,-0.000000,0.000000,-0.000000,-0.000000,0.000000,-0.000000,0.000000,0.000000
14.940000,-0.000000,0.000000,-0.000000,-0.000000,0.000000,-0.000000,0.000000,0.000000
14.980000,-0.000000,0.000000,-0.000000,-0.000000,0.000000,-0.000000,0.000000,0.000000
15.040000,-0.000000,0.000000,-0.000000,-0.000000,0.000000,-0.000000,0.000000,0.000000
15.080000,-0.000000,0.000000,-0.000000,-0.000000,0.000000,-0.000000,0.000000,0.000000
15.140000,-0.000000,0.000000,-0.000000,-0.000000,0.000000,-0.000000,0.000000,0.000000
15.180000,-0.000000,0.000000,-0.000000,-0.000000,0.000000,-0.000000,0.000000,0.000000
15.240000,-0.000000,0.000000,-0.000000,-0.000000,0.000000,-0.000000,0.000000,0.000000
15.280000,-0.000000,0.000000,-0.000000,-0.000000,0.000000,-0.000000,0.000000,0.000000
15.340000,-0.000000,0.000000,-0.000000,-0.000000,0.000000,-0.000000,0.000000,0.000000
15.380000,-0.000000,0.000000,-0.000000,-0.000000,0.000000,-0.000000,0.000000,0.000000
15.440000,-0.000000,0.000000,-0.000000,-0.000000,0.000000,-0.000000,0.000000,0.000000
15.480000,-0.000000,0.000000,-0.000000,-0.000000,0.000000,-0.000000,0.000000,0.000000
15.540000,-0.000000,0.000000,-0.000000,-0.000000,0.000000,-0.000000,0.000000,0.000000
15.580000,-0.000000,0.000000,-0.000000,-0.000000,0.000000,-0.000000,0.000000,0.000000
15.640000,-0.000000,0.000000,-0.000000,-0.000000,0.000000,-0.000000,0.000000,0.000000
15.700000,-0.000000,0.000000,-0.000000,-0.000000,0.000000,-0.000000,0.000000,0.000000
15.740000,-0.000000,0.000000,-0.000000,-0.000000,0.000000,-0.000000,0.000000,0.000000
15.780000,-0.000000,0.000000,-0.000000,-0.000000,0.000000,-0.000000,0.000000,0.000000
15.840000,-0.000000,0.000000,-0.000000,-0.000000,0.000000,-0.000000,0.000000,0.000000
15.880000,-0.000000,0.000000,-0.000000,-0.000000,0.000000,-0.000000,0.000000,0.000000
15.940000,-0.000000,0.000000,-0.000000,-0.000000,0.000000,-0.000000,0.000000,0.000000
15.980000,-0.000000,0.000000,-0.000000,-0.000000,0.000000,-0.000000,0.000000,0.000000
16.040000,-0.000000,0.000000,-0.000000,-0.000000,0.000000,-0.000000,0.000000,0.000000
16.080000,-0.000000,0.000000,-0.000000,-0.000000,0.000000,-0.000000,0.000000,0.000000
16.140000,-0.000000,0.000000,-0.000000,-0.000000,0.000000,-0.000000,0.000000,0.000000
16.180000,-0.000000,0.000000,-0.000000,-0.000000,0.000000,-0.000000,0.000000,0.000000
16.240000,-0.000000,0.000000,-0.000000,-0.000000,0.000000,-0.000000,0.000000,0.000000
16.280000,-0.000000,0.000000,-0.000000,-0.000000,0.000000,-0.000000,0.000000,0.000000
16.340000,-0.000000,0.000000,-0.000000,-0.000000,0.000000,-0.000000,0.000000,0.000000
16.380000,-0.000000,0.000000,-0.000000,-0.000000,0.000000,-0.000000,0.000000,0.000000
16.440000,-0.000000,0.000000,-0.000000,-0.000000,0.000000,-0.000000,0.000000,0.000000
16.480000,-0.000000,0.000000,-0.000000,-0.000000,0.000000,-0.000000,0.000000,0.000000
16.540000,-0.000000,0.000000,-0.000000,-0.000000,0.000000,-0.000000,0.000000,0.000000
16.580000,-0.000000,0.000000,-0.000000,-0.000000,0.000000,-0.000000,0.000000,0.000000
16.640000,-0.000000,0.000000,-0.000000,-0.000000,0.000000,-0.000000,0.000000,0.000000
16.680000,-0.000000,0.000000,-0.000000,-0.000000,0.000000,-0.000000,0.000000,0.000000
16.740000,-0.000000,0.000000,-0.000000,-0.000000,0.000000,-0.000000,0.000000,0.000000
16.780000,-0.000000,0.000000,-0.000000,-0.000000,0.000000,-0.000000,0.000000,0.000000
16.840000,-0.000000,0.000000,-0.000000,-0.000000,0.000000,-0.000000,0.000000,0.000000
16.880000,-0.000000,0.000000,-0.000000,-0.000000,0.000000,-0.000000,0.000000,0.000000
16.940000,-0.000000,0.000000,-0.000000,-0.000000,0.000000,-0.000000,0.000000,0.000000
16.980000,-0.000000,0.000000,-0.000000,-0.000000,0.000000,-0.000000,0.000000,0.000000
17.040000,-0.000000,0.000000,-0.000000,-0.000000,0.000000,-0.000000,0.000000,0.000000
17.080000,-0.000000,0.000000,-0.000000,-0.000000,0.000000,-0.000000,0.000000,0.000000
17.140000,-0.000000,0.000000,-0.000000,-0.000000,0.000000,-0.000000,0.000000,0.000000
17.180000,-0.000000,0.000000,-0.000000,-0.000000,0.000000,-0.000000,0.000000,0.000000
17.240000,-0.000000,-0.000000,0.000397,-0.000000,-0.000000,0.000397,0.000000,0.000000
17.280000,-0.000000,-0.000000,0.002045,-0.000000,-0.000000,0.002045,0.000000,0.000000
17.340000,-0.000000,-0.000000,0.006917,-0.000000,-0.000000,0.006917,0.000000,0.000000
17.400000,-0.000000,0.000000,0.014669,-0.000000,0.000000,0.014669,0.000000,0.000000
17.440000,-0.000000,-0.000000,0.021437,-0.000000,-0.000000,0.021437,0.000000,0.000000
17.480000,-0.000000,-0.000000,0.029485,-0.000000,-0.000000,0.029485,0.000000,0.000000
17.540000,-0.000000,-0.000000,0.043957,-0.000000,-0.000000,0.043957,0.000000,0.000000
17.580000,-0.000000,-0.000000,0.055205,-0.000000,-0.000000,0.055205,0.000000,0.000000
17.640000,-0.000000,-0.000000,0.074477,-0.000000,-0.000000,0.074477,0.000000,0.000000
17.680000,-0.000000,-0.000000,0.088925,-0.000000,-0.000000,0.088925,0.000000,0.000000
17.740000,-0.000000,-0.000000,0.112997,-0.000000,-0.000000,0.112997,0.000000,0.000000
17.780000,-0.000000,-0.000000,0.130645,-0.000000,-0.000000,0.130645,0.000000,0.000000
17.840000,-0.000000,-0.000000,0.159517,-0.000000,-0.000000,0.159517,0.000000,0.000000
17.880000,-0.000000,-0.000000,0.180365,-0.000000,-0.000000,0.180365,0.000000,0.000000
17.940000,-0.000000,-0.000000,0.214037,-0.000000,-0.000000,0.214037,0.000000,0.000000
17.980000,-0.000000,-0.000000,0.238085,-0.000000,-0.000000,0.238085,0.000000,0.000000
18.040000,-0.000000,-0.000000,0.276557,-0.000000,-0.000000,0.276557,0.000000,0.000000
18.080000,-0.000000,-0.000000,0.303805,-0.000000,-0.000000,0.303805,0.000000,0.000000
18.140000,-0.000000,-0.000000,0.347077,-0.000000,-0.000000,0.347077,0.000000,0.000000
18.180000,-0.000000,-0.000000,0.377525,-0.000000,-0.000000,0.377525,0.000000,0.000000
18.240000,-0.000000,-0.000000,0.425200,-0.000000,-0.000000,0.425200,0.000000,0.000000
18.280000,-0.000000,0.000000,0.457200,-0.000000,0.000000,0.457200,0.000000,0.000000
18.340000,-0.000000,0.000000,0.505200,-0.000000,0.000000,0.505200,0.000000,0.000000
18.380000,-0.000000,-0.000000,0.537200,-0.000000,-0.000000,0.537200,0.000000,0.000000
18.440000,-0.000000,-0.000000,0.585200,-0.000000,-0.000000,0.585200,0.000000,0.000000
18.480000,-0.000000,-0.000000,0.617200,-0.000000,-0.000000,0.617200,0.000000,0.000000
18.540000,-0.000000,-0.000000,0.665200,-0.000000,-0.000000,0.665200,0.000000,0.000000
18.580000,-0.000000,-0.000000,0.697200,-0.000000,-0.000000,0.697200,0.000000,0.000000
18.640000,-0.000000,-0.000000,0.745200,-0.000000,-0.000000,0.745200,0.000000,0.000000
18.680000,-0.000000,-0.000000,0.777200,-0.000000,-0.000000,0.777200,0.000000,0.000000
18.740000,0.000050,0.000053,0.825151,0.000050,0.000053,0.825151,0.000000,0.000000
18.780000,0.000446,0.000500,0.856543,0.000446,0.000500,0.856543,0.000000,0.000000
18.840000,0.001969,0.002349,0.901602,0.001969,0.002349,0.901602,0.000000,0.000000
18.880000,0.003549,0.004410,0.930068,0.003549,0.004410,0.930068,0.000000,0.000000
18.940000,0.006680,0.008803,0.970319,0.006680,0.008803,0.970319,0.000000,0.000000
18.980000,0.009228,0.012629,0.995601,0.009228,0.012629,0.995601,0.000000,0.000000
19.040000,0.013662,0.019756,1.031052,0.013662,0.019756,1.031052,0.000000,0.000000
19.080000,0.018589,0.028303,1.063607,0.016911,0.025321,1.053086,0.003422,0.010521
19.140000,0.022011,0.034614,1.083737,0.022011,0.034614,1.083737,0.000000,0.000000
19.180000,0.025507,0.041371,1.102603,0.025507,0.041371,1.102603,0.000000,0.000000
19.240000,0.030348,0.051255,1.128470,0.030348,0.051255,1.128470,0.000000,0.000000
19.280000,0.032849,0.056642,1.144120,0.032849,0.056642,1.144120,0.000000,0.000000
19.340000,0.036330,0.064522,1.165139,0.036330,0.064522,1.165139,0.000000,0.000000
19.380000,0.038584,0.069863,1.177589,0.038584,0.069863,1.177589,0.000000,0.000000
19.440000,0.041876,0.077993,1.194035,0.041876,0.077993,1.194035,0.000000,0.000000
19.500000,0.045062,0.086235,1.209791,0.045062,0.086235,1.209791,0.000000,0.000000
19.540000,0.047129,0.091796,1.220174,0.047129,0.091796,1.220174,0.000000,0.000000
19.580000,0.049145,0.097399,1.230477,0.049145,0.097399,1.230477,0.000000,0.000000
19.640000,0.052080,0.105893,1.245768,0.052080,0.105893,1.245768,0.000000,0.000000
19.680000,0.053976,0.111614,1.255850,0.053976,0.111614,1.255850,0.000000,0.000000
19.740000,0.056728,0.120282,1.270799,0.056728,0.120282,1.270799,0.000000,0.000000
19.800000,0.059370,0.129053,1.285532,0.059370,0.129053,1.285532,0.000000,0.000000
19.840000,0.061070,0.134957,1.295229,0.061070,0.134957,1.295229,0.000000,0.000000
19.880000,0.062721,0.140904,1.304828,0.062721,0.140904,1.304828,0.000000,0.000000
19.940000,0.065105,0.149907,1.319032,0.065105,0.149907,1.319032,0.000000,0.000000
19.980000,0.066632,0.155962,1.328372,0.066632,0.155962,1.328372,0.000000,0.000000
20.040000,0.068831,0.165123,1.342187,0.068831,0.165123,1.342187,0.000000,0.000000
20.080000,0.070234,0.171282,1.351264,0.070234,0.171282,1.351264,0.000000,0.000000
20.140000,0.072247,0.180598,1.364666,0.072247,0.180598,1.364666,0.000000,0.000000
20.180000,0.073527,0.186858,1.373462,0.073527,0.186858,1.373462,0.000000,0.000000
20.240000,0.075355,0.196321,1.386445,0.075355,0.196321,1.386445,0.000000,0.000000
20.280000,0.076512,0.202679,1.394957,0.076512,0.202679,1.394957,0.000000,0.000000
20.340000,0.078157,0.212285,1.407506,0.078157,0.212285,1.407506,0.000000,0.000000
20.380000,0.079192,0.218735,1.415723,0.079192,0.218735,1.415723,0.000000,0.000000
20.440000,0.080656,0.228484,1.427819,0.080656,0.228484,1.427819,0.000000,0.000000
20.480000,0.081571,0.235025,1.435724,0.081571,0.235025,1.435724,0.000000,0.000000
20.540000,0.082854,0.244900,1.447368,0.082854,0.244900,1.447368,0.000000,0.000000
20.580000,0.083650,0.251526,1.454979,0.083650,0.251526,1.454979,0.000000,0.000000
20.640000,0.084758,0.261535,1.466145,0.084758,0.261535,1.466145,0.000000,0.000000
20.680000,0.085438,0.268243,1.473439,0.085438,0.268243,1.473439,0.000000,0.000000
20.740000,0.086372,0.278373,1.484134,0.086372,0.278373,1.484134,0.000000,0.000000
20.780000,0.086938,0.285160,1.491111,0.086938,0.285160,1.491111,0.000000,0.000000
20.840000,0.087703,0.295400,1.501342,0.087703,0.295400,1.501342,0.000000,0.000000
20.880000,0.088157,0.302269,1.507989,0.088157,0.302269,1.507989,0.000000,0.000000
20.940000,0.088757,0.312620,1.517737,0.088757,0.312620,1.517737,0.000000,0.000000
20.980000,0.089104,0.319560,1.524071,0.089104,0.319560,1.524071,0.000000,0.000000
21.040000,0.089544,0.330016,1.533330,0.089544,0.330016,1.533330,0.000000,0.000000
21.080000,0.089785,0.337020,1.539353,0.089785,0.337020,1.539353,0.000000,0.000000
21.140000,0.090071,0.347583,1.548126,0.090071,0.347583,1.548126,0.000000,0.000000
21.180000,0.090211,0.354653,1.553817,0.090211,0.354653,1.553817,0.000000,0.000000
21.240000,0.090348,0.365307,1.562117,0.090348,0.365307,1.562117,0.000000,0.000000
21.280000,0.090390,0.372442,1.567489,0.090390,0.372442,1.567489,0.000000,0.000000
21.340000,0.090383,0.383188,1.575308,0.090383,0.383188,1.575308,0.000000,0.000000
21.380000,0.090333,0.390383,1.580360,0.090333,0.390383,1.580360,0.000000,0.000000
21.440000,0.090189,0.401217,1.587698,0.090189,0.401217,1.587698,0.000000,0.000000
21.480000,0.090049,0.408469,1.592429,0.090049,0.408469,1.592429,0.000000,0.000000
21.540000,0.089775,0.419388,1.599290,0.089775,0.419388,1.599290,0.000000,0.000000
21.580000,0.089551,0.426698,1.603699,0.089551,0.426698,1.603699,0.000000,0.000000
21.640000,0.089153,0.437698,1.610067,0.089153,0.437698,1.610067,0.000000,0.000000
21.680000,0.088849,0.445057,1.614163,0.088849,0.445057,1.614163,0.000000,0.000000
21.740000,0.088335,0.456141,1.620053,0.088335,0.456141,1.620053,0.000000,0.000000
21.780000,0.087956,0.463550,1.623831,0.087956,0.463550,1.623831,0.000000,0.000000
21.840000,0.087341,0.474565,1.628994,0.018135,0.474286,1.800004,0.069207,0.171010
21.880000,0.086919,0.481678,1.631089,0.016508,0.481223,1.802099,0.070412,0.171010
21.940000,0.086271,0.492299,1.631840,0.014062,0.491579,1.802850,0.072212,0.171010
21.980000,0.085843,0.499357,1.630751,0.012439,0.498460,1.801761,0.073409,0.171010
22.040000,0.085228,0.509924,1.626670,0.010035,0.508769,1.797680,0.075202,0.171010
22.080000,0.084848,0.516967,1.622349,0.008462,0.515644,1.793359,0.076397,0.171010
22.140000,0.084346,0.527542,1.613966,0.006168,0.525980,1.784976,0.078194,0.171010
22.180000,0.084061,0.534608,1.608239,0.004685,0.532894,1.779249,0.079395,0.171010
22.240000,0.083709,0.545233,1.599755,0.002529,0.543304,1.770765,0.081203,0.171010
22.280000,0.083523,0.552334,1.594180,0.001137,0.550270,1.765190,0.082411,0.171010
22.340000,0.083317,0.563013,1.585944,-0.000882,0.560758,1.756954,0.084230,0.171010
22.380000,0.083228,0.570149,1.580545,-0.002184,0.567775,1.751555,0.085446,0.171010
22.440000,0.083167,0.580875,1.572565,-0.004070,0.578334,1.743575,0.087274,0.171010
22.480000,0.083173,0.588043,1.567331,-0.005284,0.585398,1.738341,0.088497,0.171010
22.540000,0.083252,0.598818,1.559610,-0.007040,0.596030,1.730620,0.090335,0.171010
22.580000,0.083351,0.606017,1.554552,-0.008168,0.603141,1.725562,0.091564,0.171010
22.640000,0.083567,0.616840,1.547098,-0.009796,0.613843,1.718108,0.093412,0.171010
22.680000,0.083756,0.624072,1.542227,-0.010841,0.621001,1.713237,0.094647,0.171010
22.740000,0.084102,0.634799,1.534757,-0.032284,0.639721,1.733687,0.116490,0.198930
22.800000,0.084523,0.645228,1.525902,-0.033932,0.650027,1.724832,0.118552,0.198930
22.840000,0.084858,0.652207,1.519814,-0.034983,0.656934,1.718744,0.119934,0.198930
22.880000,0.085236,0.659193,1.513735,-0.035993,0.663858,1.712665,0.121319,0.198930
22.940000,0.085884,0.669703,1.504733,-0.037435,0.674289,1.703663,0.123404,0.198930
22.980000,0.086370,0.676734,1.498848,-0.038348,0.681277,1.697778,0.124801,0.198930
23.040000,0.087178,0.687304,1.490200,-0.039645,0.691798,1.689130,0.126902,0.198930
23.080000,0.087769,0.694370,1.484548,-0.040462,0.698841,1.683478,0.128309,0.198930
23.140000,0.088732,0.704999,1.476254,-0.041618,0.709450,1.675184,0.130426,0.198930
23.180000,0.089425,0.712101,1.470855,-0.042342,0.716550,1.669785,0.131842,0.198930
23.240000,0.090539,0.722781,1.462931,-0.043361,0.727240,1.661861,0.133974,0.198930
23.280000,0.091331,0.729919,1.457769,-0.043995,0.734393,1.656699,0.135400,0.198930
23.340000,0.092590,0.740650,1.450207,-0.044881,0.745161,1.649137,0.137546,0.198930
23.380000,0.093935,0.751412,1.442868,-0.045429,0.752367,1.644220,0.139367,0.201352
23.440000,0.094877,0.758603,1.438098,-0.046187,0.763212,1.637028,0.141140,0.198930
23.480000,0.095856,0.765806,1.433424,-0.046652,0.770466,1.632354,0.142584,0.198930
23.540000,0.097391,0.776637,1.426611,-0.047287,0.781388,1.625541,0.144756,0.198930
23.580000,0.098458,0.783875,1.422199,-0.047671,0.788694,1.621129,0.146209,0.198930
23.640000,0.100122,0.794748,1.415744,-0.048189,0.799681,1.614674,0.148393,0.198930
23.680000,0.101273,0.802012,1.411557,-0.048496,0.807029,1.610487,0.149853,0.198930
23.740000,0.103061,0.812928,1.405451,-0.048901,0.818083,1.604381,0.152049,0.198930
23.780000,0.104292,0.820219,1.401501,-0.049135,0.825474,1.600431,0.153517,0.198930
23.840000,0.106198,0.831177,1.395750,-0.049432,0.836592,1.594680,0.155724,0.198930
23.880000,0.107507,0.838498,1.392045,-0.049596,0.844027,1.590975,0.157200,0.198930
23.940000,0.109525,0.849495,1.386654,-0.049791,0.855207,1.585584,0.159418,0.198930
23.980000,0.110906,0.856840,1.383172,-0.049889,0.862679,1.582102,0.160900,0.198930
24.040000,0.113030,0.867875,1.378118,-0.049987,0.873917,1.577048,0.163129,0.198930
24.100000,0.115215,0.878933,1.373266,-0.050030,0.885188,1.572196,0.165364,0.198930
24.140000,0.116706,0.886319,1.370153,-0.050029,0.892723,1.569083,0.166857,0.198930
24.180000,0.118221,0.893713,1.367127,-0.050004,0.900270,1.566057,0.168353,0.198930
24.240000,0.120541,0.904820,1.362741,-0.051877,0.911442,1.567255,0.172544,0.204514
24.280000,0.122111,0.912206,1.359838,-0.053830,0.918792,1.569936,0.176065,0.210098
24.340000,0.124496,0.923223,1.355253,-0.054821,0.929951,1.568143,0.179444,0.212890
24.400000,0.126932,0.934223,1.350500,-0.054765,0.941218,1.563390,0.181832,0.212890
24.440000,0.128590,0.941571,1.347392,-0.054697,0.948750,1.560282,0.183428,0.212890
24.480000,0.130273,0.948926,1.344361,-0.054606,0.956295,1.557251,0.185026,0.212890
24.540000,0.132844,0.959976,1.339969,-0.054428,0.967638,1.552859,0.187428,0.212890
24.580000,0.134590,0.967357,1.337164,-0.054281,0.975221,1.550054,0.189034,0.212890
24.640000,0.137252,0.978443,1.333119,-0.054021,0.986620,1.546009,0.191448,0.212890
24.680000,0.139055,0.985843,1.330529,-0.053822,0.994234,1.543419,0.193060,0.212890
24.740000,0.141801,0.996960,1.326793,-0.053487,1.005679,1.539683,0.195483,0.212890
24.780000,0.143658,1.004381,1.324410,-0.053240,1.013326,1.537300,0.197101,0.212890
24.840000,0.146482,1.015529,1.320992,-0.052835,1.024819,1.533882,0.199534,0.212890
24.880000,0.148390,1.022974,1.318821,-0.052543,1.032499,1.531711,0.201159,0.212890
24.940000,0.151287,1.034153,1.315717,-0.052074,1.044038,1.528607,0.203601,0.212890
24.980000,0.153241,1.041616,1.313746,-0.051741,1.051745,1.526636,0.205232,0.212890
25.040000,0.156204,1.052825,1.310936,-0.051213,1.063327,1.523826,0.207682,0.212890
25.080000,0.158201,1.060308,1.309158,-0.050842,1.071063,1.522048,0.209319,0.212890
25.140000,0.161226,1.071550,1.306650,-0.050260,1.082691,1.519540,0.211780,0.212890
25.180000,0.163262,1.079052,1.305071,-0.049856,1.090453,1.517961,0.213422,0.212890
25.240000,0.166342,1.090318,1.302825,-0.049226,1.102115,1.515715,0.215890,0.212890
25.280000,0.168412,1.097837,1.301412,-0.048791,1.109902,1.514302,0.217538,0.212890
25.340000,0.171542,1.109131,1.299427,-0.048117,1.121602,1.512317,0.220013,0.212890
25.380000,0.173644,1.116668,1.298185,-0.047655,1.129413,1.511075,0.221666,0.212890
25.440000,0.176820,1.127987,1.296452,-0.046943,1.141148,1.509342,0.224150,0.212890
25.480000,0.178951,1.135542,1.295378,-0.046457,1.148983,1.508268,0.225808,0.212890
25.540000,0.182166,1.146887,1.293882,-0.045711,1.160751,1.506772,0.228298,0.212890
25.580000,0.184322,1.154459,1.292967,-0.045204,1.168608,1.505857,0.229961,0.212890
25.640000,0.187573,1.165830,1.291706,-0.044429,1.180408,1.504596,0.232459,0.212890
25.680000,0.189750,1.173418,1.290939,-0.043903,1.188285,1.503829,0.234126,0.212890
25.740000,0.193032,1.184813,1.289896,-0.043103,1.200116,1.502786,0.236631,0.212890
25.780000,0.195229,1.192418,1.289273,-0.042563,1.208014,1.502163,0.238303,0.212890
25.840000,0.198536,1.203836,1.288444,-0.033588,1.219796,1.490166,0.232672,0.201722
25.880000,0.200757,1.211486,1.288190,-0.024696,1.227499,1.478744,0.226021,0.190554
25.940000,0.204022,1.222742,1.289059,-0.019430,1.238988,1.474029,0.224042,0.184970
25.980000,0.206168,1.230174,1.290488,-0.018688,1.246688,1.475458,0.225462,0.184970
26.040000,0.209363,1.241327,1.293020,-0.017598,1.258238,1.477990,0.227591,0.184970
26.080000,0.211478,1.248768,1.294782,-0.016888,1.265941,1.479752,0.229011,0.184970
26.140000,0.214626,1.259940,1.297437,-0.015848,1.277501,1.482407,0.231143,0.184970
26.180000,0.216709,1.267394,1.299200,-0.015172,1.285211,1.484170,0.232565,0.184970
26.240000,0.219810,1.278585,1.301826,-0.014182,1.296782,1.486796,0.234699,0.184970
26.280000,0.221861,1.286053,1.303561,-0.013539,1.304500,1.488531,0.236122,0.184970
26.340000,0.224916,1.297266,1.306138,-0.012599,1.316083,1.491108,0.238259,0.184970
26.380000,0.226936,1.304747,1.307840,-0.011989,1.323809,1.492810,0.239685,0.184970
26.440000,0.229945,1.315980,1.310368,-0.011098,1.335403,1.495338,0.241824,0.184970
26.480000,0.231936,1.323476,1.312035,-0.010520,1.343137,1.497005,0.243251,0.184970
26.540000,0.234900,1.334729,1.314507,-0.009676,1.354744,1.499477,0.245393,0.184970
26.580000,0.236861,1.342238,1.316140,-0.009129,1.362485,1.501110,0.246822,0.184970
26.640000,0.239779,1.353507,1.318588,-0.008333,1.374099,1.503558,0.248965,0.184970
26.680000,0.241710,1.361024,1.320220,-0.007818,1.381842,1.505190,0.250395,0.184970
26.740000,0.244583,1.372305,1.322668,-0.014309,1.393223,1.500658,0.259736,0.177990
26.780000,0.246483,1.379830,1.324300,-0.013772,1.400966,1.502290,0.261111,0.177990
26.840000,0.249309,1.391123,1.326745,-0.012989,1.412581,1.504735,0.263175,0.177990
26.880000,0.251191,1.398705,1.328190,-0.012479,1.420376,1.506180,0.264560,0.177990
26.940000,0.253997,1.410091,1.330145,-0.011733,1.432080,1.508135,0.266639,0.177990
26.980000,0.255856,1.417687,1.331396,-0.011249,1.439885,1.509386,0.268026,0.177990
27.040000,0.258628,1.429088,1.333238,-0.010539,1.451596,1.511228,0.270107,0.177990
27.100000,0.261379,1.440496,1.335056,-0.009851,1.463311,1.513046,0.272189,0.177990
27.140000,0.263202,1.448106,1.336256,-0.009404,1.471123,1.514246,0.273577,0.177990
27.180000,0.265017,1.455720,1.337447,-0.008967,1.478938,1.515437,0.274966,0.177990
27.240000,0.267722,1.467147,1.339214,-0.008327,1.490664,1.517204,0.277049,0.177990
27.280000,0.269515,1.474769,1.340381,-0.007912,1.498483,1.518371,0.278439,0.177990
27.340000,0.272188,1.486210,1.342113,-0.007307,1.510216,1.520103,0.280524,0.177990
27.380000,0.273960,1.493842,1.343261,-0.006914,1.518042,1.521251,0.281915,0.177990
27.440000,0.276602,1.505299,1.344979,-0.006342,1.529786,1.522969,0.284002,0.177990
27.480000,0.278354,1.512943,1.346124,-0.005972,1.537619,1.524114,0.285394,0.177990
27.540000,0.280966,1.524418,1.347842,-0.005433,1.549375,1.525832,0.287484,0.177990
27.580000,0.282697,1.532073,1.348988,-0.005084,1.557216,1.526978,0.288878,0.177990
27.640000,0.285278,1.543566,1.350707,-0.004579,1.568983,1.528697,0.290969,0.177990
27.680000,0.286989,1.551233,1.351854,-0.004252,1.576832,1.529844,0.292364,0.177990
27.740000,0.289539,1.562741,1.353575,-0.003780,1.588610,1.531565,0.294458,0.177990
27.780000,0.291229,1.570419,1.354723,-0.003476,1.596466,1.532713,0.295854,0.177990
27.840000,0.293748,1.581944,1.356445,-0.003037,1.608255,1.534435,0.297950,0.177990
27.880000,0.295418,1.589633,1.357594,-0.002756,1.616118,1.535584,0.299347,0.177990
27.940000,0.297906,1.601175,1.359318,-0.002350,1.627919,1.537308,0.301445,0.177990
27.980000,0.299555,1.608875,1.360467,-0.002091,1.635789,1.538457,0.302844,0.177990
28.040000,0.302012,1.620434,1.362193,-0.001192,1.647570,1.538787,0.304415,0.176594
28.080000,0.304446,1.631985,1.364014,-0.000406,1.655404,1.538582,0.305750,0.174568
28.140000,0.306054,1.639675,1.365359,0.000240,1.667168,1.539859,0.307047,0.174500
28.180000,0.307651,1.647365,1.366800,0.000477,1.675019,1.541300,0.308415,0.174500
28.240000,0.310026,1.658910,1.369020,0.000812,1.686801,1.543520,0.310469,0.174500
28.280000,0.311596,1.666614,1.370514,0.001021,1.694660,1.545014,0.311839,0.174500
28.340000,0.313930,1.678180,1.372761,0.001312,1.706456,1.547261,0.313895,0.174500
28.380000,0.315473,1.685898,1.374262,0.001491,1.714325,1.548762,0.315266,0.174500
28.440000,0.317766,1.697486,1.376514,0.001738,1.726135,1.551014,0.317325,0.174500
28.480000,0.319282,1.705218,1.378017,0.001888,1.734013,1.552517,0.318698,0.174500
28.540000,0.321534,1.716827,1.380272,0.002091,1.745836,1.554772,0.320758,0.174500
28.600000,0.323762,1.728449,1.382529,0.002267,1.757669,1.557029,0.322820,0.174500
28.640000,0.325234,1.736205,1.384035,0.002370,1.765563,1.558535,0.324196,0.174500
28.700000,0.327421,1.747849,1.386294,0.002502,1.777409,1.560794,0.326261,0.174500
28.740000,0.328864,1.755618,1.387802,0.002575,1.785311,1.562302,0.327638,0.174500
28.780000,0.330297,1.763393,1.389310,0.002636,1.793216,1.563810,0.329016,0.174500
28.840000,0.332425,1.775064,1.391573,0.002705,1.805080,1.566073,0.331083,0.174500
28.880000,0.333830,1.782853,1.393083,0.002737,1.812994,1.567583,0.332463,0.174500
28.940000,0.335917,1.794546,1.395349,0.002761,1.824872,1.569849,0.334533,0.174500
28.980000,0.337294,1.802347,1.396860,0.002763,1.832794,1.571360,0.335913,0.174500
29.040000,0.339338,1.814061,1.399128,0.002743,1.844684,1.573628,0.337986,0.174500
29.080000,0.340687,1.821876,1.400642,0.002714,1.852615,1.575142,0.339368,0.174500
29.140000,0.342701,1.833665,1.402196,0.002651,1.864575,1.576696,0.341452,0.174500
29.180000,0.344041,1.841545,1.402455,0.002603,1.872568,1.576955,0.342845,0.174500
29.240000,0.346049,1.853362,1.402516,0.002528,1.884554,1.577016,0.344934,0.174500
29.280000,0.347387,1.861239,1.402486,0.002479,1.892544,1.576986,0.346326,0.174500
29.340000,0.349395,1.873055,1.402415,0.002405,1.904529,1.576915,0.348415,0.174500
29.380000,0.350735,1.880933,1.402362,0.002356,1.912519,1.576862,0.349808,0.174500
29.440000,0.352744,1.892744,1.402268,0.001215,1.924528,1.579560,0.352963,0.177292
29.480000,0.354082,1.900606,1.402156,0.000053,1.932515,1.582240,0.355464,0.180084
29.540000,0.356085,1.912361,1.401812,-0.000644,1.944439,1.583292,0.358168,0.181480
29.580000,0.357421,1.920185,1.401471,-0.000742,1.952375,1.582951,0.359607,0.181480
29.640000,0.359431,1.931922,1.400907,-0.000883,1.964282,1.582387,0.361764,0.181480
29.680000,0.360775,1.939746,1.400519,-0.000974,1.972220,1.581999,0.363203,0.181480
29.740000,0.362797,1.951484,1.399932,-0.001103,1.984130,1.581412,0.365362,0.181480
29.780000,0.364148,1.959309,1.399540,-0.001186,1.992071,1.581020,0.366801,0.181480
29.840000,0.366182,1.971048,1.398951,-0.001304,2.003984,1.580431,0.368960,0.181480
29.880000,0.367542,1.978874,1.398560,-0.001379,2.011928,1.580040,0.370399,0.181480
29.940000,0.369588,1.990615,1.397983,-0.001486,2.023845,1.579463,0.372559,0.181480
29.980000,0.370956,1.998443,1.397605,-0.001554,2.031791,1.579085,0.373999,0.181480
30.040000,0.373014,2.010186,1.397053,-0.001649,2.043712,1.578533,0.376160,0.181480
30.080000,0.374389,2.018015,1.396694,-0.001709,2.051661,1.578174,0.377600,0.181480
30.140000,0.376458,2.029760,1.396171,-0.001794,2.063587,1.577651,0.379762,0.181480
30.180000,0.377841,2.037591,1.395832,-0.001847,2.071539,1.577312,0.381203,0.181480
30.240000,0.379921,2.049338,1.395338,-0.001922,2.083468,1.576818,0.383365,0.181480
30.280000,0.381311,2.057170,1.395017,-0.001969,2.091423,1.576497,0.384807,0.181480
30.340000,0.383400,2.068920,1.394549,-0.002034,2.103356,1.576029,0.386969,0.181480
30.380000,0.384797,2.076753,1.394245,-0.002074,2.111313,1.575725,0.388411,0.181480
30.440000,0.386896,2.088505,1.393803,-0.002130,2.123251,1.575283,0.390575,0.181480
30.480000,0.388298,2.096340,1.393517,-0.002165,2.131210,1.574997,0.392017,0.181480
30.540000,0.390407,2.108094,1.393101,-0.002213,2.143151,1.574581,0.394181,0.181480
30.580000,0.392520,2.119849,1.392701,-0.002242,2.151113,1.574313,0.395998,0.181612
30.640000,0.393932,2.127686,1.392442,-0.002281,2.163058,1.573922,0.397789,0.181480
30.680000,0.395346,2.135524,1.392190,-0.002305,2.171023,1.573670,0.399233,0.181480
30.740000,0.397471,2.147282,1.391825,-0.002337,2.182971,1.573305,0.401398,0.181480
30.780000,0.398890,2.155122,1.391590,-0.002356,2.190938,1.573070,0.402842,0.181480
30.840000,0.401023,2.166882,1.391249,0.001080,2.202888,1.574125,0.401560,0.182876
30.880000,0.402450,2.174740,1.391087,0.004504,2.210868,1.575359,0.399582,0.184272
30.940000,0.404590,2.186518,1.391110,0.006166,2.222834,1.576080,0.400075,0.184970
30.980000,0.406013,2.194357,1.391272,0.006124,2.230801,1.576242,0.401546,0.184970
31.040000,0.408146,2.206119,1.391574,0.006057,2.242754,1.576544,0.403754,0.184970
31.080000,0.410275,2.217884,1.391880,0.006010,2.250725,1.576750,0.405597,0.184870
31.140000,0.411693,2.225730,1.392076,0.005937,2.262683,1.577046,0.407435,0.184970
31.180000,0.413110,2.233577,1.392264,0.005887,2.270657,1.577234,0.408908,0.184970
31.240000,0.415233,2.245350,1.392531,0.005808,2.282620,1.577501,0.411118,0.184970
31.280000,0.417353,2.257125,1.392789,0.005754,2.290596,1.577673,0.412958,0.184884
31.340000,0.418765,2.264975,1.392962,0.005670,2.302560,1.577932,0.414801,0.184970
31.380000,0.420175,2.272826,1.393134,0.005612,2.310536,1.578104,0.416274,0.184970
31.440000,0.422288,2.284602,1.393393,0.005523,2.322500,1.578363,0.418484,0.184970
31.480000,0.423695,2.292453,1.393565,0.005462,2.330476,1.578535,0.419957,0.184970
31.540000,0.425803,2.304235,1.393804,0.005368,2.342445,1.578774,0.422168,0.184970
31.580000,0.427209,2.312098,1.393919,0.005304,2.350431,1.578889,0.423643,0.184970
31.640000,0.429317,2.323894,1.394057,0.005206,2.362414,1.579027,0.425856,0.184970
31.680000,0.431423,2.335692,1.394172,0.005140,2.370403,1.579105,0.427694,0.184934
31.740000,0.432827,2.343559,1.394239,0.005040,2.382389,1.579209,0.429546,0.184970
31.780000,0.434231,2.351427,1.394298,0.004972,2.390381,1.579268,0.431022,0.184970
31.840000,0.436336,2.363230,1.394376,0.004870,2.402370,1.579346,0.433237,0.184970
31.880000,0.437738,2.371101,1.394420,0.004802,2.410364,1.579390,0.434713,0.184970
31.940000,0.439842,2.382908,1.394476,0.004698,2.422357,1.579446,0.436928,0.184970
31.980000,0.441245,2.390780,1.394506,0.004629,2.430353,1.579476,0.438405,0.184970
32.040000,0.443348,2.402590,1.394540,0.004525,2.442349,1.579510,0.440621,0.184970
32.080000,0.444751,2.410464,1.394556,0.004455,2.450347,1.579526,0.442098,0.184970
32.140000,0.446854,2.422277,1.394571,0.004350,2.462345,1.579541,0.444315,0.184970
32.180000,0.448257,2.430153,1.394575,0.004280,2.470344,1.579545,0.445792,0.184970
32.240000,0.450360,2.441966,1.394571,0.004175,2.482343,1.579541,0.448008,0.184970
32.300000,0.452464,2.453778,1.394558,-0.007322,2.494327,1.583018,0.461570,0.188460
32.340000,0.453848,2.461544,1.394161,-0.007417,2.502215,1.582621,0.463055,0.188460
32.380000,0.455235,2.469299,1.393467,-0.007507,2.510092,1.581927,0.464537,0.188460
32.440000,0.457327,2.480932,1.392284,-0.007632,2.521912,1.580744,0.466762,0.188460
32.480000,0.458730,2.488691,1.391484,-0.007707,2.529796,1.579944,0.468245,0.188460
32.540000,0.460847,2.500331,1.390307,-0.007809,2.541626,1.578767,0.470472,0.188460
32.580000,0.462267,2.508093,1.389542,-0.007869,2.549517,1.578002,0.471957,0.188460
32.640000,0.464408,2.519741,1.388435,-0.007947,2.561360,1.576895,0.474185,0.188460
32.680000,0.465843,2.527508,1.387721,-0.007993,2.569258,1.576181,0.475672,0.188460
32.740000,0.468007,2.539162,1.386687,-0.008050,2.581111,1.575147,0.477902,0.188460
32.800000,0.470184,2.550820,1.385694,-0.008096,2.592970,1.574154,0.480134,0.188460
32.840000,0.471642,2.558594,1.385059,-0.008120,2.600880,1.573519,0.481622,0.188460
32.880000,0.473106,2.566370,1.384441,-0.008139,2.608793,1.572901,0.483111,0.188460
32.940000,0.475311,2.578037,1.383546,-0.008159,2.620666,1.572006,0.485346,0.188460
32.980000,0.476788,2.585818,1.382974,-0.008166,2.628586,1.571434,0.486836,0.188460
33.040000,0.479011,2.597491,1.382149,-0.008169,2.640469,1.570609,0.489072,0.188460
33.080000,0.480500,2.605276,1.381621,-0.008165,2.648395,1.570081,0.490563,0.188460
33.140000,0.482741,2.616955,1.380859,-0.008152,2.660287,1.569319,0.492801,0.188460
33.180000,0.484240,2.624744,1.380371,-0.008138,2.668219,1.568831,0.494294,0.188460
33.240000,0.486497,2.636429,1.379670,-0.008111,2.680120,1.568130,0.496533,0.188460
33.280000,0.488762,2.648118,1.379005,-0.008088,2.688057,1.567683,0.498453,0.188678
33.340000,0.490278,2.655913,1.378583,-0.008047,2.699967,1.567043,0.500268,0.188460
33.380000,0.491797,2.663709,1.378176,-0.008015,2.707910,1.566636,0.501763,0.188460
33.440000,0.494082,2.675407,1.377592,-0.007962,2.719828,1.566052,0.504005,0.188460
33.480000,0.495609,2.683207,1.377223,-0.007923,2.727777,1.565683,0.505501,0.188460
33.540000,0.497907,2.694910,1.376696,-0.007859,2.739703,1.565156,0.507745,0.188460
33.580000,0.499442,2.702713,1.376360,-0.007813,2.747656,1.564820,0.509242,0.188460
33.640000,0.501751,2.714422,1.375884,-0.007739,2.759589,1.564344,0.511487,0.188460
33.680000,0.503293,2.722229,1.375582,-0.007686,2.767547,1.564042,0.512985,0.188460
33.740000,0.505612,2.733942,1.375155,-0.007603,2.779488,1.563615,0.515232,0.188460
33.780000,0.507161,2.741753,1.374886,-0.007545,2.787450,1.563346,0.516730,0.188460
33.840000,0.509489,2.753471,1.374506,-0.007453,2.799397,1.562966,0.518978,0.188460
33.880000,0.511043,2.761285,1.374268,-0.007390,2.807364,1.562728,0.520477,0.188460
33.940000,0.513380,2.773009,1.373934,-0.007291,2.819317,1.562394,0.522726,0.188460
33.980000,0.514940,2.780826,1.373726,-0.007224,2.827288,1.562186,0.524226,0.188460
34.040000,0.517283,2.792553,1.373433,-0.007119,2.839248,1.561893,0.526477,0.188460
34.080000,0.518848,2.800374,1.373252,-0.007047,2.847222,1.561712,0.527977,0.188460
34.140000,0.521197,2.812106,1.373000,-0.006937,2.859187,1.561460,0.530229,0.188460
34.180000,0.522766,2.819929,1.372844,-0.006862,2.867166,1.561304,0.531730,0.188460
34.240000,0.525121,2.831666,1.372631,-0.006747,2.879136,1.561091,0.533982,0.188460
34.280000,0.526693,2.839492,1.372501,-0.006669,2.887118,1.560961,0.535484,0.188460
34.340000,0.529054,2.851234,1.372324,-0.006550,2.899094,1.560784,0.537738,0.188460
34.380000,0.530629,2.859062,1.372217,-0.006470,2.907079,1.560677,0.539240,0.188460
34.440000,0.532993,2.870807,1.372072,-0.006347,2.919059,1.560532,0.541495,0.188460
34.480000,0.534570,2.878638,1.371986,-0.006265,2.927047,1.560446,0.542998,0.188460
34.540000,0.536938,2.890387,1.371871,-0.006140,2.939031,1.560331,0.545253,0.188460
34.580000,0.538518,2.898221,1.371805,-0.006056,2.947022,1.560265,0.546756,0.188460
34.640000,0.540888,2.909973,1.371720,-0.005930,2.959011,1.560180,0.549012,0.188460
34.680000,0.542469,2.917809,1.371673,-0.005845,2.967004,1.560133,0.550516,0.188460
34.740000,0.544842,2.929565,1.371615,-0.005716,2.978996,1.560075,0.552773,0.188460
34.780000,0.546424,2.937403,1.371586,-0.005631,2.986992,1.560046,0.554278,0.188460
34.840000,0.548799,2.949162,1.371553,-0.005501,2.998988,1.560013,0.556535,0.188460
34.880000,0.550382,2.957003,1.371539,-0.005415,3.006986,1.559999,0.558040,0.188460
34.940000,0.552757,2.968765,1.371531,-0.005285,3.018985,1.559991,0.560298,0.188460
34.980000,0.555132,2.980526,1.371536,-0.005199,3.026984,1.559993,0.562254,0.188457
35.040000,0.556715,2.988366,1.371546,-0.004530,3.038979,1.558610,0.563523,0.187064
35.080000,0.558296,2.996197,1.371588,-0.003882,3.046961,1.557256,0.564465,0.185668
35.140000,0.560663,3.007922,1.371777,-0.003437,3.058915,1.556747,0.566400,0.184970
35.180000,0.562237,3.015732,1.371974,-0.003326,3.066882,1.556944,0.567871,0.184970
35.240000,0.564595,3.027447,1.372303,-0.003162,3.078831,1.557273,0.570078,0.184970
35.280000,0.566166,3.035258,1.372530,-0.003055,3.086798,1.557500,0.571549,0.184970
35.340000,0.568518,3.046975,1.372873,-0.002898,3.098747,1.557843,0.573757,0.184970
35.380000,0.570083,3.054787,1.373101,-0.002796,3.106714,1.558071,0.575228,0.184970
35.440000,0.572429,3.066505,1.373443,-0.002646,3.118664,1.558413,0.577435,0.184970
35.480000,0.573990,3.074318,1.373670,-0.002548,3.126631,1.558640,0.578907,0.184970
35.540000,0.576329,3.086039,1.374008,-0.002405,3.138581,1.558978,0.581114,0.184970
35.580000,0.577886,3.093853,1.374233,-0.002312,3.146549,1.559203,0.582586,0.184970
35.640000,0.580218,3.105575,1.374567,-0.002175,3.158500,1.559537,0.584793,0.184970
35.680000,0.581771,3.113391,1.374789,-0.002086,3.166468,1.559759,0.586265,0.184970
35.740000,0.584097,3.125115,1.375119,-0.001956,3.178420,1.560089,0.588472,0.184970
35.780000,0.585645,3.132932,1.375337,-0.001872,3.186388,1.560307,0.589944,0.184970
35.840000,0.587965,3.144659,1.375661,-0.001749,3.198341,1.560631,0.592152,0.184970
35.880000,0.589509,3.152477,1.375875,-0.001668,3.206310,1.560845,0.593624,0.184970
35.940000,0.591823,3.164205,1.376194,-0.001551,3.218264,1.561164,0.595832,0.184970
35.980000,0.593363,3.172025,1.376404,-0.001475,3.226234,1.561374,0.597304,0.184970
36.040000,0.595671,3.183756,1.376715,-0.001365,3.238189,1.561685,0.599512,0.184970
36.080000,0.597207,3.191577,1.376920,-0.001293,3.246159,1.561890,0.600984,0.184970
36.140000,0.599509,3.203310,1.377225,-0.001188,3.258115,1.562195,0.603192,0.184970
36.180000,0.601042,3.211133,1.377426,-0.001120,3.266087,1.562396,0.604665,0.184970
36.240000,0.603338,3.222868,1.377722,-0.001022,3.278044,1.562692,0.606873,0.184970
36.280000,0.604867,3.230692,1.377917,-0.000958,3.286016,1.562887,0.608346,0.184970
36.340000,0.607157,3.242429,1.378207,-0.000865,3.297974,1.563177,0.610554,0.184970
36.380000,0.608683,3.250255,1.378397,-0.000805,3.305947,1.563367,0.612027,0.184970
36.440000,0.610968,3.261995,1.378678,0.003282,3.317907,1.563648,0.610253,0.184970
36.480000,0.612485,3.269797,1.378944,0.007338,3.325854,1.563914,0.607738,0.184970
36.540000,0.614742,3.281437,1.379688,0.009416,3.337711,1.564658,0.607936,0.184970
36.580000,0.616237,3.289179,1.380395,0.009461,3.345596,1.565365,0.609393,0.184970
36.640000,0.618469,3.300799,1.381526,0.009519,3.357428,1.566496,0.611578,0.184970
36.680000,0.619951,3.308550,1.382277,0.009550,3.365320,1.567247,0.613036,0.184970
36.740000,0.622165,3.320186,1.383373,0.009585,3.377164,1.568343,0.615223,0.184970
36.780000,0.623634,3.327948,1.384078,0.009602,3.385064,1.569048,0.616683,0.184970
36.840000,0.625829,3.339599,1.385097,0.009617,3.396920,1.570067,0.618872,0.184970
36.880000,0.627286,3.347371,1.385750,0.009620,3.404828,1.570720,0.620333,0.184970
36.940000,0.629464,3.359036,1.386692,0.009615,3.416695,1.571662,0.622525,0.184970
36.980000,0.630911,3.366818,1.387294,0.009606,3.424610,1.572264,0.623987,0.184970
37.040000,0.633073,3.378497,1.388161,0.009583,3.436487,1.573131,0.626181,0.184970
37.080000,0.634510,3.386288,1.388714,0.009562,3.444410,1.573684,0.627644,0.184970
37.140000,0.636658,3.397981,1.389509,0.009523,3.456298,1.574479,0.629840,0.184970
37.180000,0.638085,3.405781,1.390012,0.009492,3.464227,1.574982,0.631305,0.184970
37.240000,0.640220,3.417486,1.390738,0.009438,3.476125,1.575708,0.633502,0.184970
37.280000,0.641640,3.425293,1.391199,0.009397,3.484060,1.576169,0.634968,0.184970
37.340000,0.643763,3.437010,1.391859,0.009329,3.495967,1.576829,0.637167,0.184970
37.380000,0.645175,3.444825,1.392278,0.009280,3.503909,1.577248,0.638634,0.184970
37.440000,0.647287,3.456551,1.392880,0.009199,3.515824,1.577850,0.640835,0.184970
37.480000,0.648692,3.464372,1.393274,0.009142,3.523769,1.578244,0.642302,0.184970
37.540000,0.650793,3.476104,1.393863,0.009049,3.535688,1.578833,0.644504,0.184970
37.580000,0.652190,3.483928,1.394255,0.008984,3.543635,1.579225,0.645972,0.184970
37.640000,0.654281,3.495666,1.394843,0.008880,3.555557,1.579813,0.648174,0.184970
37.680000,0.655671,3.503493,1.395235,0.008807,3.563507,1.580205,0.649642,0.184970
37.740000,0.657750,3.515236,1.395823,0.008691,3.575432,1.580793,0.651845,0.184970
37.780000,0.659133,3.523067,1.396215,0.008610,3.583384,1.581185,0.653313,0.184970
37.840000,0.661202,3.534816,1.396804,0.008482,3.595312,1.581774,0.655517,0.184970
37.880000,0.662577,3.542650,1.397196,0.008394,3.603266,1.582166,0.656986,0.184970
37.940000,0.664635,3.554404,1.397784,0.008254,3.615198,1.582754,0.659190,0.184970
37.980000,0.666003,3.562242,1.398176,0.008158,3.623154,1.583146,0.660659,0.184970
38.040000,0.668050,3.574001,1.398765,0.008007,3.635089,1.583735,0.662864,0.184970
38.080000,0.669410,3.581842,1.399157,0.007902,3.643047,1.584127,0.664334,0.184970
38.140000,0.671446,3.593607,1.399746,0.007740,3.654985,1.584716,0.666539,0.184970
38.180000,0.673475,3.605375,1.400335,0.007627,3.662945,1.585109,0.668332,0.184774
38.240000,0.674825,3.613222,1.400727,0.007453,3.674887,1.585697,0.670215,0.184970
38.280000,0.676171,3.621070,1.401120,0.007332,3.682849,1.586090,0.671685,0.184970
38.340000,0.678185,3.632845,1.401709,0.007146,3.694793,1.586679,0.673892,0.184970
38.380000,0.679523,3.640697,1.402102,0.007018,3.702757,1.587072,0.675363,0.184970
38.440000,0.681526,3.652476,1.402691,0.006820,3.714703,1.587661,0.677569,0.184970
38.480000,0.682857,3.660329,1.403084,0.006684,3.722667,1.588054,0.679040,0.184970
38.540000,0.684848,3.672109,1.403673,0.006475,3.734613,1.588643,0.681247,0.184970
38.580000,0.686171,3.679964,1.404066,0.006331,3.742577,1.589036,0.682718,0.184970
38.640000,0.688151,3.691747,1.404655,0.006110,3.754523,1.589625,0.684924,0.184970
38.680000,0.689468,3.699609,1.405048,0.005958,3.762494,1.590018,0.686396,0.184970
38.740000,0.691437,3.711406,1.405637,0.005724,3.774451,1.590607,0.688605,0.184970
38.780000,0.692747,3.719272,1.406031,0.005565,3.782424,1.591001,0.690078,0.184970
38.840000,0.694706,3.731073,1.406621,0.005320,3.794384,1.591591,0.692287,0.184970
38.880000,0.696008,3.738943,1.407014,0.005152,3.802359,1.591984,0.693760,0.184970
38.940000,0.697955,3.750750,1.407604,0.004895,3.814323,1.592574,0.695970,0.184970
38.980000,0.699250,3.758623,1.407998,0.004720,3.822299,1.592968,0.697443,0.184970
39.040000,0.701187,3.770435,1.408588,0.004451,3.834266,1.593558,0.699654,0.184970
39.080000,0.703117,3.782250,1.409178,0.004268,3.842245,1.593951,0.701419,0.184773
39.140000,0.704400,3.790128,1.409572,0.003987,3.854215,1.594542,0.703338,0.184970
39.180000,0.705536,3.797107,1.409054,0.003820,3.861284,1.594024,0.704644,0.184970
39.240000,0.706876,3.805260,1.405932,-0.000894,3.869540,1.592298,0.710683,0.186366
39.300000,0.707768,3.810535,1.399899,-0.007806,3.874870,1.588359,0.718459,0.188460
39.340000,0.708112,3.812503,1.394308,-0.007836,3.876868,1.582768,0.718836,0.188460
39.380000,0.708234,3.813179,1.387406,-0.007842,3.877555,1.575866,0.718965,0.188460
39.440000,0.708237,3.813194,1.374700,-0.007842,3.877570,1.563160,0.718968,0.188460
39.480000,0.708237,3.813194,1.359067,-0.007842,3.877570,1.553074,0.718968,0.194007
39.540000,0.708237,3.813194,1.347061,-0.007842,3.877570,1.535521,0.718968,0.188460
39.580000,0.708237,3.813194,1.333758,-0.007842,3.877570,1.522218,0.718968,0.188460
39.640000,0.708237,3.813194,1.311437,-0.007842,3.877570,1.499897,0.718968,0.188460
39.680000,0.708237,3.813194,1.294935,-0.007842,3.877570,1.483395,0.718968,0.188460
39.740000,0.708237,3.813194,1.267813,-0.007842,3.877570,1.456273,0.718968,0.188460
39.780000,0.708237,3.813194,1.248127,-0.007842,3.877570,1.436587,0.718968,0.188460
39.840000,0.708237,3.813194,1.216189,-0.007842,3.877570,1.404649,0.718968,0.188460
39.880000,0.708237,3.813194,1.193287,-0.007842,3.877570,1.381747,0.718968,0.188460
39.940000,0.708237,3.813194,1.156533,-0.007842,3.877570,1.344993,0.718968,0.188460
39.980000,0.708237,3.813194,1.130415,-0.007842,3.877570,1.318875,0.718968,0.188460
40.040000,0.708237,3.813194,1.088878,-0.007842,3.877570,1.277338,0.718968,0.188460
40.080000,0.708237,3.813194,1.059687,-0.007842,3.877570,1.248147,0.718968,0.188460
40.140000,0.708237,3.813194,1.013350,-0.007842,3.877570,1.201810,0.718968,0.188460
40.180000,0.708237,3.813194,0.981370,-0.007842,3.877570,1.169830,0.718968,0.188460
40.240000,0.708237,3.813194,0.933370,-0.007842,3.877570,1.121830,0.718968,0.188460
40.280000,0.708237,3.813194,0.901370,-0.007842,3.877570,1.089830,0.718968,0.188460
40.340000,0.708237,3.813194,0.853370,-0.007842,3.877570,1.041830,0.718968,0.188460
40.380000,0.708237,3.813194,0.821370,-0.007842,3.877570,1.009830,0.718968,0.188460
40.440000,0.708486,3.813442,0.773660,-0.007645,3.877860,0.962120,0.719022,0.188460
40.480000,0.709307,3.814217,0.742773,-0.006983,3.878775,0.931233,0.719194,0.188460
40.540000,0.711712,3.816319,0.698701,-0.005015,3.881291,0.887161,0.719666,0.188460
40.580000,0.714137,3.818297,0.670897,-0.003003,3.883688,0.859357,0.720115,0.188460
40.640000,0.719068,3.822046,0.631591,0.001138,3.888295,0.820051,0.720980,0.188460
40.680000,0.723247,3.825022,0.606986,0.004685,3.892000,0.795446,0.721676,0.188460
40.740000,0.730793,3.830064,0.572435,0.011153,3.898367,0.760895,0.722874,0.188460
40.780000,0.736465,3.833632,0.550998,0.016057,3.902934,0.739458,0.723734,0.188460
40.840000,0.745762,3.839150,0.521244,0.024155,3.910097,0.709704,0.725086,0.188460
40.880000,0.752421,3.842892,0.503008,0.029995,3.915020,0.691468,0.726018,0.188460
40.940000,0.761093,3.847528,0.478053,0.037645,3.921198,0.666513,0.727189,0.188460
40.980000,0.766145,3.850097,0.463017,0.042126,3.924668,0.651477,0.727849,0.188460
41.040000,0.773832,3.853835,0.442863,0.048977,3.929781,0.631323,0.728823,0.188460
41.080000,0.779032,3.856264,0.431027,0.053630,3.933140,0.619487,0.729464,0.188460
41.140000,0.786925,3.859815,0.414823,0.060717,3.938108,0.603283,0.730415,0.188460
41.180000,0.792240,3.862122,0.404135,0.065507,3.941370,0.592595,0.731042,0.188460
41.240000,0.800298,3.865492,0.388196,0.072790,3.946190,0.576656,0.731970,0.188460
41.280000,0.805719,3.867676,0.377627,0.077706,3.949350,0.566087,0.732580,0.188460
41.340000,0.813927,3.870857,0.361857,0.085173,3.954013,0.550317,0.733483,0.188460
41.400000,0.822227,3.873924,0.346196,0.092751,3.958581,0.534656,0.734371,0.188460
41.440000,0.827812,3.875907,0.335819,0.097866,3.961574,0.524279,0.734956,0.188460
41.500000,0.836264,3.878783,0.320364,0.105630,3.965984,0.508824,0.735820,0.188460
41.540000,0.841944,3.880636,0.310123,0.110862,3.968867,0.498583,0.736387,0.188460
41.600000,0.850536,3.883317,0.294865,0.118799,3.973110,0.483325,0.737225,0.188460
41.640000,0.856315,3.885040,0.284775,0.124154,3.975886,0.473235,0.737776,0.188460
41.680000,0.862127,3.886710,0.274741,0.129550,3.978615,0.463201,0.738320,0.188460
41.740000,0.870913,3.889116,0.259804,0.137730,3.982624,0.448264,0.739123,0.188460
41.780000,0.876816,3.890653,0.249925,0.143239,3.985240,0.438385,0.739649,0.188460
41.840000,0.885735,3.892860,0.235231,0.151588,3.989079,0.423691,0.740426,0.188460
41.880000,0.891730,3.894266,0.225528,0.157213,3.991583,0.413988,0.740936,0.188460
41.940000,0.900783,3.896275,0.211111,0.165729,3.995252,0.399571,0.741688,0.188460
41.980000,0.906857,3.897546,0.201586,0.171457,3.997639,0.390046,0.742180,0.188460
42.040000,0.916036,3.899354,0.187450,0.180136,4.001135,0.375910,0.742906,0.188460
42.080000,0.922193,3.900492,0.178114,0.185970,4.003406,0.366574,0.743381,0.188460
42.140000,0.931488,3.902099,0.164255,0.194800,4.006726,0.352715,0.744081,0.188460
42.200000,0.940854,3.903585,0.150577,0.203721,4.009941,0.339037,0.744766,0.188460
42.240000,0.947136,3.904509,0.141559,0.209719,4.012025,0.330019,0.745214,0.188460
42.280000,0.953447,3.905380,0.132625,0.215755,4.014063,0.321085,0.745655,0.188460
42.340000,0.962971,3.906586,0.119387,0.224884,4.017032,0.307847,0.746304,0.188460
42.380000,0.969355,3.907324,0.110669,0.231017,4.018953,0.299129,0.746729,0.188460
42.440000,0.978988,3.908331,0.097761,0.240291,4.021747,0.286221,0.747353,0.188460
42.480000,0.985443,3.908937,0.089277,0.246518,4.023551,0.277737,0.747761,0.188460
42.540000,0.995176,3.909746,0.076714,0.255928,4.026170,0.265174,0.748360,0.188460
42.580000,1.001698,3.910220,0.068450,0.262244,4.027857,0.256910,0.748752,0.188460
42.640000,1.011534,3.910834,0.056241,0.271791,4.030303,0.244701,0.749327,0.188460
42.680000,1.018121,3.911178,0.048229,0.278197,4.031875,0.236689,0.749703,0.188460
42.740000,1.028046,3.911598,0.036379,0.289670,4.027833,0.180167,0.747469,0.143788
42.780000,1.034858,3.911820,0.028908,0.297317,4.014395,0.128024,0.744639,0.099116
42.840000,1.045687,3.912079,0.019530,0.308104,4.005174,0.096310,0.743434,0.076780
42.880000,1.053196,3.912208,0.014858,0.315581,4.005878,0.091638,0.743538,0.076780
42.940000,1.064483,3.912345,0.009673,0.326825,4.006881,0.086453,0.743691,0.076780
43.000000,1.075793,3.912428,0.004995,0.338095,4.007831,0.081775,0.743842,0.076780
43.040000,1.083345,3.912454,0.001986,0.345622,4.008437,0.078766,0.743940,0.076780
43.080000,1.090904,3.912458,-0.000961,0.353159,4.009020,0.075819,0.744037,0.076780
43.140000,1.102259,3.912422,-0.005280,0.364483,4.009856,0.071500,0.744181,0.076780
43.180000,1.109838,3.912372,-0.008096,0.372044,4.010387,0.068684,0.744276,0.076780
43.240000,1.121226,3.912256,-0.012215,0.383407,4.011145,0.064565,0.744416,0.076780
43.280000,1.128826,3.912153,-0.014893,0.390993,4.011625,0.061887,0.744508,0.076780
43.340000,1.140241,3.911960,-0.018818,0.402389,4.012309,0.057962,0.744644,0.076780
43.380000,1.151671,3.911723,-0.022643,0.409996,4.012740,0.055400,0.748522,0.078043
43.440000,1.159300,3.911541,-0.025134,0.421424,4.013352,0.051646,0.744867,0.076780
43.480000,1.166936,3.911340,-0.027576,0.429053,4.013737,0.049204,0.744954,0.076780
43.540000,1.178404,3.911003,-0.031149,0.440513,4.014281,0.045631,0.745084,0.076780
43.580000,1.186058,3.910755,-0.033470,0.448163,4.014621,0.043310,0.745169,0.076780
43.640000,1.197553,3.910351,-0.036854,0.464470,4.006726,0.024570,0.739391,0.061424
43.700000,1.209256,3.909902,-0.039544,0.482976,3.992408,-0.001154,0.730951,0.038390
43.740000,1.217202,3.909584,-0.040333,0.490929,3.992395,-0.001943,0.730979,0.038390
43.780000,1.225118,3.909264,-0.040264,0.498852,3.992380,-0.001874,0.731007,0.038390
43.840000,1.236991,3.908789,-0.039653,0.510734,3.992361,-0.001263,0.731050,0.038390
43.880000,1.244909,3.908477,-0.039151,0.518658,3.992353,-0.000761,0.731078,0.038390
43.940000,1.256789,3.908016,-0.038386,0.530547,3.992348,0.000004,0.731122,0.038390
43.980000,1.264713,3.907714,-0.037887,0.538476,3.992350,0.000503,0.731151,0.038390
44.040000,1.276603,3.907268,-0.037166,0.550375,3.992360,0.001224,0.731196,0.038390
44.080000,1.284533,3.906975,-0.036705,0.558310,3.992372,0.001685,0.731226,0.038390
44.140000,1.296432,3.906542,-0.036043,0.570217,3.992396,0.002347,0.731272,0.038390
44.180000,1.304368,3.906257,-0.035623,0.578158,3.992416,0.002767,0.731303,0.038390
44.240000,1.316275,3.905836,-0.035017,0.590073,3.992453,0.003373,0.731350,0.038390
44.280000,1.324217,3.905560,-0.034632,0.598019,3.992481,0.003758,0.731381,0.038390
44.340000,1.336132,3.905150,-0.034080,0.609941,3.992529,0.004310,0.731429,0.038390
44.380000,1.344078,3.904881,-0.033728,0.617892,3.992565,0.004662,0.731461,0.038390
44.440000,1.356001,3.904482,-0.033225,0.629822,3.992624,0.005165,0.731509,0.038390
44.480000,1.363952,3.904219,-0.032906,0.637777,3.992666,0.005484,0.731542,0.038390
44.540000,1.375883,3.903829,-0.032452,0.653860,3.988960,-0.005230,0.727024,0.027222
44.580000,1.383780,3.903574,-0.031989,0.665750,3.984566,-0.015935,0.722584,0.016054
44.640000,1.395458,3.903208,-0.030472,0.679363,3.981962,-0.020002,0.720413,0.010470
44.700000,1.407068,3.902867,-0.028122,0.690976,3.981743,-0.017652,0.720423,0.010470
44.740000,1.414815,3.902656,-0.026456,0.698725,3.981612,-0.015986,0.720430,0.010470
44.780000,1.422570,3.902457,-0.024802,0.706482,3.981495,-0.014332,0.720437,0.010470
44.840000,1.434214,3.902182,-0.022374,0.718127,3.981342,-0.011904,0.720449,0.010470
44.880000,1.441985,3.902015,-0.020802,0.725900,3.981256,-0.010332,0.720456,0.010470
44.940000,1.453655,3.901785,-0.018530,0.737572,3.981148,-0.008060,0.720468,0.010470
44.980000,1.461443,3.901647,-0.017065,0.745360,3.981091,-0.006595,0.720476,0.010470
45.040000,1.473137,3.901460,-0.014945,0.757056,3.981027,-0.004475,0.720488,0.010470
45.080000,1.480940,3.901348,-0.013584,0.764860,3.980997,-0.003114,0.720496,0.010470
45.140000,1.492657,3.901201,-0.011616,0.776578,3.980972,-0.001146,0.720509,0.010470
45.180000,1.500477,3.901115,-0.010358,0.784398,3.980968,0.000112,0.720518,0.010470
45.240000,1.512215,3.901004,-0.008536,0.796137,3.980980,0.001934,0.720531,0.010470
45.280000,1.520048,3.900942,-0.007368,0.803970,3.981000,0.003102,0.720540,0.010470
45.340000,1.531809,3.900865,-0.005683,0.815731,3.981046,0.004787,0.720553,0.010470
45.380000,1.539652,3.900825,-0.004569,0.823574,3.981088,0.005901,0.720562,0.010470
45.440000,1.551416,3.900781,-0.002899,0.835338,3.981168,0.007571,0.720576,0.010470
45.480000,1.559259,3.900763,-0.001786,0.843181,3.981231,0.008684,0.720586,0.010470
45.540000,1.571024,3.900751,-0.000116,0.854945,3.981343,0.010354,0.720600,0.010470
45.580000,1.578867,3.900755,0.000997,0.862787,3.981429,0.011467,0.720610,0.010470
45.640000,1.590675,3.900775,0.002454,0.874595,3.981573,0.012924,0.720624,0.010470
45.680000,1.598564,3.900798,0.003284,0.882483,3.981678,0.013754,0.720634,0.010470
45.740000,1.610407,3.900844,0.004419,0.894325,3.981848,0.014889,0.720649,0.010470
45.780000,1.618308,3.900882,0.005130,0.902225,3.981969,0.015600,0.720659,0.010470
45.840000,1.630167,3.900948,0.006136,0.914082,3.982160,0.016606,0.720675,0.010470
45.880000,1.638078,3.901000,0.006769,0.921993,3.982294,0.017239,0.720685,0.010470
45.940000,1.649953,3.901085,0.007665,0.933866,3.982504,0.018135,0.720701,0.010470
45.980000,1.657874,3.901148,0.008227,0.941786,3.982650,0.018697,0.720711,0.010470
46.040000,1.669763,3.901251,0.009021,0.941680,3.981331,0.015303,0.732474,0.006282
46.080000,1.677671,3.901324,0.009590,0.937566,3.979807,0.011684,0.744255,0.002094
46.140000,1.689470,3.901444,0.010762,0.943343,3.979078,0.010762,0.750155,0.000000
46.180000,1.701255,3.901579,0.012168,0.951198,3.979166,0.011693,0.754059,0.000475
46.240000,1.709118,3.901679,0.013110,0.962991,3.979312,0.013110,0.750155,0.000000
46.280000,1.716987,3.901785,0.014030,0.970859,3.979419,0.014030,0.750155,0.000000
46.340000,1.728800,3.901959,0.015341,0.982673,3.979593,0.015341,0.750155,0.000000
46.380000,1.736681,3.902083,0.016177,0.990554,3.979717,0.016177,0.750155,0.000000
46.440000,1.748512,3.902282,0.017371,1.002384,3.979915,0.017371,0.750155,0.000000
46.480000,1.756404,3.902422,0.018125,1.010277,3.980055,0.018125,0.750155,0.000000
46.540000,1.768253,3.902643,0.019194,1.022125,3.980277,0.019194,0.750155,0.000000
46.580000,1.776157,3.902797,0.019867,1.030030,3.980431,0.019867,0.750155,0.000000
46.640000,1.788022,3.903039,0.020818,1.041894,3.980672,0.020818,0.750155,0.000000
46.680000,1.795937,3.903206,0.021414,1.049810,3.980840,0.021414,0.750155,0.000000
46.740000,1.807818,3.903465,0.022252,1.061690,3.981099,0.022252,0.750155,0.000000
46.780000,1.815743,3.903644,0.022775,1.069616,3.981278,0.022775,0.750155,0.000000
46.840000,1.827639,3.903919,0.023505,1.081512,3.981553,0.023505,0.750155,0.000000
46.880000,1.835575,3.904108,0.023958,1.089447,3.981741,0.023958,0.750155,0.000000
46.940000,1.847484,3.904397,0.024588,1.101357,3.982031,0.024588,0.750155,0.000000
46.980000,1.855429,3.904594,0.024976,1.109302,3.982228,0.024976,0.750155,0.000000
47.040000,1.867352,3.904895,0.025509,1.121225,3.982529,0.025509,0.750155,0.000000
47.080000,1.875306,3.905099,0.025831,1.129179,3.982733,0.025831,0.750155,0.000000
47.140000,1.887242,3.905410,0.026273,1.141115,3.983044,0.026273,0.750155,0.000000
47.180000,1.895203,3.905621,0.026539,1.149076,3.983254,0.026539,0.750155,0.000000
47.240000,1.907152,3.905940,0.026896,1.161024,3.983574,0.026896,0.750155,0.000000
47.280000,1.915121,3.906155,0.027106,1.168993,3.983789,0.027106,0.750155,0.000000
47.340000,1.927080,3.906481,0.027383,1.180952,3.984115,0.027383,0.750155,0.000000
47.380000,1.935056,3.906700,0.027543,1.188928,3.984334,0.027543,0.750155,0.000000
47.440000,1.947025,3.907031,0.027745,1.212891,3.985206,0.029141,0.738285,0.001396
47.480000,1.955016,3.907253,0.027831,1.232871,3.985985,0.030623,0.726425,0.002792
47.540000,1.966988,3.907587,0.027780,1.250834,3.986629,0.031270,0.720502,0.003490
47.580000,1.974965,3.907808,0.027670,1.258810,3.986878,0.031160,0.720506,0.003490
47.640000,1.986927,3.908138,0.027459,1.270771,3.987250,0.030949,0.720512,0.003490
47.680000,1.994899,3.908356,0.027298,1.278743,3.987496,0.030788,0.720516,0.003490
47.740000,2.006855,3.908681,0.027035,1.290697,3.987863,0.030525,0.720522,0.003490
47.780000,2.014824,3.908896,0.026846,1.298665,3.988105,0.030336,0.720526,0.003490
47.840000,2.026775,3.909215,0.026544,1.310615,3.988466,0.030034,0.720531,0.003490
47.880000,2.034740,3.909425,0.026331,1.318580,3.988705,0.029821,0.720535,0.003490
47.940000,2.046687,3.909738,0.025996,1.330525,3.989059,0.029486,0.720541,0.003490
47.980000,2.054649,3.909944,0.025762,1.338487,3.989293,0.029252,0.720545,0.003490
48.040000,2.066592,3.910250,0.025397,1.350428,3.989640,0.028887,0.720550,0.003490
48.080000,2.074552,3.910451,0.025143,1.358388,3.989869,0.028633,0.720554,0.003490
48.140000,2.086491,3.910749,0.024751,1.370325,3.990209,0.028241,0.720560,0.003490
48.180000,2.094449,3.910945,0.024481,1.378283,3.990432,0.027971,0.720564,0.003490
48.240000,2.106385,3.911235,0.024066,1.390218,3.990764,0.027556,0.720569,0.003490
48.280000,2.114341,3.911425,0.023783,1.398173,3.990982,0.027273,0.720573,0.003490
48.340000,2.126274,3.911706,0.023348,1.410105,3.991305,0.026838,0.720579,0.003490
48.380000,2.134229,3.911891,0.023052,1.418059,3.991517,0.026542,0.720583,0.003490
48.440000,2.146160,3.912163,0.022600,1.429990,3.991831,0.026090,0.720588,0.003490
48.480000,2.154114,3.912342,0.022294,1.437942,3.992038,0.025784,0.720592,0.003490
48.540000,2.166043,3.912605,0.021827,1.449871,3.992343,0.025317,0.720598,0.003490
48.580000,2.173995,3.912777,0.021512,1.457823,3.992543,0.025002,0.720601,0.003490
48.640000,2.185923,3.913031,0.021033,1.469750,3.992838,0.024523,0.720607,0.003490
48.680000,2.193875,3.913197,0.020711,1.477701,3.993032,0.024201,0.720611,0.003490
48.740000,2.205802,3.913441,0.020224,1.489627,3.993318,0.023714,0.720616,0.003490
48.780000,2.213753,3.913601,0.019897,1.497577,3.993505,0.023387,0.720620,0.003490
48.840000,2.225679,3.913835,0.019403,1.505489,3.994326,0.024289,0.724674,0.004886
48.880000,2.233623,3.913988,0.019046,1.509414,3.995065,0.025328,0.728733,0.006282
48.940000,2.245517,3.914211,0.018389,1.519296,3.995642,0.025369,0.730772,0.006980
48.980000,2.253440,3.914354,0.017882,1.527218,3.995841,0.024862,0.730779,0.006980
49.040000,2.265328,3.914562,0.017089,1.539105,3.996132,0.024069,0.730790,0.006980
49.080000,2.273255,3.914696,0.016552,1.547030,3.996321,0.023532,0.730798,0.006980
49.140000,2.285147,3.914888,0.015744,1.558921,3.996596,0.022724,0.730808,0.006980
49.180000,2.293077,3.915010,0.015205,1.566850,3.996774,0.022185,0.730816,0.006980
49.240000,2.304975,3.915187,0.014396,1.578746,3.997033,0.021376,0.730826,0.006980
49.280000,2.312908,3.915299,0.013856,1.586678,3.997201,0.020836,0.730834,0.006980
49.340000,2.324810,3.915459,0.013046,1.598579,3.997444,0.020026,0.730844,0.006980
49.380000,2.332747,3.915560,0.012506,1.606514,3.997601,0.019486,0.730851,0.006980
49.440000,2.344654,3.915704,0.011696,1.618420,3.997828,0.018676,0.730862,0.006980
49.500000,2.356564,3.915839,0.010885,1.630329,3.998045,0.017865,0.730873,0.006980
49.540000,2.364505,3.915923,0.010345,1.638270,3.998185,0.017325,0.730880,0.006980
49.580000,2.372448,3.916003,0.009805,1.646212,3.998321,0.016785,0.730887,0.006980
49.640000,2.384365,3.916115,0.008994,1.658127,3.998516,0.015974,0.730897,0.006980
49.680000,2.392311,3.916184,0.008453,1.666073,3.998641,0.015433,0.730904,0.006980
49.740000,2.404232,3.916280,0.007642,1.677993,3.998820,0.014622,0.730914,0.006980
49.800000,2.416157,3.916367,0.006831,1.689917,3.998989,0.013811,0.730925,0.006980
49.840000,2.424108,3.916419,0.006290,1.697868,3.999097,0.013270,0.730932,0.006980
49.880000,2.432061,3.916467,0.005748,1.705820,3.999200,0.012728,0.730938,0.006980
49.940000,2.443992,3.916530,0.004937,1.717750,3.999347,0.011917,0.730948,0.006980
49.980000,2.451947,3.916568,0.004395,1.725705,3.999440,0.011375,0.730955,0.006980
50.040000,2.463883,3.916615,0.003583,1.737640,3.999571,0.010563,0.730965,0.006980
50.080000,2.471841,3.916641,0.003042,1.745598,3.999653,0.010022,0.730972,0.006980
50.140000,2.483782,3.916673,0.002229,1.757538,3.999768,0.009209,0.730982,0.006980
50.180000,2.491744,3.916689,0.001687,1.765500,3.999839,0.008667,0.730989,0.006980
50.240000,2.503689,3.916704,0.000875,1.777445,3.999937,0.007855,0.730998,0.006980
50.280000,2.511654,3.916709,0.000333,1.785409,3.999998,0.007313,0.731005,0.006980
50.340000,2.523604,3.916708,-0.000481,1.797359,4.000080,0.006499,0.731015,0.006980
50.380000,2.531572,3.916702,-0.001023,1.805327,4.000130,0.005957,0.731021,0.006980
50.440000,2.543526,3.916685,-0.001836,1.817281,4.000196,0.005144,0.731031,0.006980
50.480000,2.551497,3.916668,-0.002379,1.825252,4.000235,0.004601,0.731037,0.006980
50.540000,2.563457,3.916635,-0.003193,1.837211,4.000285,0.003787,0.731047,0.006980
50.580000,2.571431,3.916607,-0.003735,1.845186,4.000313,0.003245,0.731053,0.006980
50.640000,2.583395,3.916557,-0.004550,1.857149,4.000347,0.002430,0.731063,0.006980
50.680000,2.591380,3.916520,-0.004885,1.865134,4.000365,0.002095,0.731069,0.006980
50.740000,2.603361,3.916460,-0.005098,1.877116,4.000389,0.001882,0.731079,0.006980
50.780000,2.611349,3.916418,-0.005184,1.885104,4.000403,0.001796,0.731085,0.006980
50.840000,2.623332,3.916356,-0.005289,1.897087,4.000424,0.001691,0.731094,0.006980
50.880000,2.631321,3.916313,-0.005355,1.905076,4.000438,0.001625,0.731101,0.006980
50.940000,2.643305,3.916248,-0.005451,1.917060,4.000457,0.001529,0.731110,0.006980
50.980000,2.651294,3.916205,-0.005514,1.925049,4.000468,0.001466,0.731117,0.006980
51.040000,2.663278,3.916138,-0.005609,1.937034,4.000485,0.001371,0.731126,0.006980
51.080000,2.671268,3.916093,-0.005673,1.945024,4.000496,0.001307,0.731132,0.006980
51.140000,2.683252,3.916024,-0.005768,1.957008,4.000511,0.001212,0.731142,0.006980
51.180000,2.691242,3.915978,-0.005831,1.964998,4.000521,0.001149,0.731148,0.006980
51.240000,2.703228,3.915908,-0.005926,1.976984,4.000534,0.001054,0.731158,0.006980
51.300000,2.715213,3.915836,-0.006021,1.988970,4.000546,0.000959,0.731167,0.006980
51.340000,2.723204,3.915788,-0.006085,1.996960,4.000553,0.000895,0.731173,0.006980
51.380000,2.735190,3.915714,-0.006180,2.004951,4.000560,0.000832,0.735151,0.007012
51.440000,2.743181,3.915664,-0.006242,2.016938,4.000570,0.000738,0.731189,0.006980
51.480000,2.751172,3.915614,-0.006304,2.024929,4.000575,0.000676,0.731196,0.006980
51.540000,2.763159,3.915538,-0.006393,2.036917,4.000583,0.000587,0.731205,0.006980
51.580000,2.771151,3.915487,-0.006450,2.044908,4.000587,0.000530,0.731211,0.006980
51.640000,2.783139,3.915409,-0.006534,2.056902,4.000059,-0.000950,0.731153,0.005584
51.680000,2.791136,3.915357,-0.006562,2.064900,3.999498,-0.002374,0.731094,0.004188
51.740000,2.803113,3.915278,-0.006485,2.076876,3.999182,-0.002995,0.731068,0.003490
51.780000,2.811092,3.915227,-0.006366,2.084854,3.999159,-0.002876,0.731071,0.003490
51.840000,2.823060,3.915152,-0.006159,2.096823,3.999125,-0.002669,0.731076,0.003490
51.880000,2.831040,3.915104,-0.006017,2.104803,3.999105,-0.002527,0.731079,0.003490
51.940000,2.843010,3.915033,-0.005808,2.116773,3.999076,-0.002318,0.731084,0.003490
51.980000,2.850991,3.914987,-0.005672,2.124754,3.999058,-0.002182,0.731087,0.003490
52.040000,2.862962,3.914920,-0.005473,2.136726,3.999033,-0.001983,0.731091,0.003490
52.080000,2.870944,3.914877,-0.005345,2.144708,3.999018,-0.001855,0.731095,0.003490
52.140000,2.882918,3.914814,-0.005158,2.156681,3.998996,-0.001668,0.731099,0.003490
52.180000,2.890901,3.914774,-0.005038,2.164664,3.998984,-0.001548,0.731102,0.003490
52.240000,2.902876,3.914714,-0.004862,2.176640,3.998966,-0.001372,0.731107,0.003490
52.280000,2.910860,3.914676,-0.004749,2.184624,3.998956,-0.001259,0.731110,0.003490
52.340000,2.922837,3.914620,-0.004585,2.196601,3.998942,-0.001095,0.731115,0.003490
52.380000,2.930822,3.914584,-0.004480,2.204586,3.998933,-0.000990,0.731118,0.003490
52.440000,2.942800,3.914531,-0.004327,2.216564,3.998922,-0.000837,0.731123,0.003490
52.480000,2.950786,3.914497,-0.004228,2.224551,3.998916,-0.000738,0.731126,0.003490
52.540000,2.962766,3.914447,-0.004086,2.236531,3.998908,-0.000596,0.731131,0.003490
52.580000,2.970753,3.914415,-0.003994,2.244518,3.998904,-0.000504,0.731134,0.003490
52.640000,2.982735,3.914368,-0.003861,2.256499,3.998898,-0.000371,0.731138,0.003490
52.680000,2.990723,3.914337,-0.003776,2.264487,3.998896,-0.000286,0.731142,0.003490
52.740000,3.002705,3.914293,-0.003654,2.276470,3.998893,-0.000164,0.731146,0.003490
52.780000,3.010694,3.914264,-0.003575,2.284459,3.998892,-0.000085,0.731150,0.003490
52.840000,3.022679,3.914222,-0.003462,2.296443,3.998892,0.000028,0.731154,0.003490
52.880000,3.030668,3.914194,-0.003390,2.304433,3.998892,0.000100,0.731157,0.003490
52.940000,3.042654,3.914154,-0.003285,2.316419,3.998894,0.000205,0.731162,0.003490
52.980000,3.050644,3.914128,-0.003219,2.324409,3.998896,0.000271,0.731165,0.003490
53.040000,3.062631,3.914090,-0.003123,2.336399,3.998365,-0.001029,0.731106,0.002094
53.080000,3.070615,3.914066,-0.003036,2.344379,3.997803,-0.002338,0.731047,0.000698
53.140000,3.082570,3.914031,-0.002797,2.356330,3.997488,-0.002797,0.731019,0.000000
53.200000,3.094516,3.913999,-0.002455,2.368276,3.997457,-0.002455,0.731019,0.000000
53.240000,3.102481,3.913981,-0.002215,2.376242,3.997438,-0.002215,0.731019,0.000000
53.280000,3.110447,3.913964,-0.001977,2.384208,3.997422,-0.001977,0.731019,0.000000
53.340000,3.122398,3.913943,-0.001629,2.396159,3.997400,-0.001629,0.731019,0.000000
53.380000,3.130367,3.913930,-0.001405,2.404127,3.997388,-0.001405,0.731019,0.000000
53.440000,3.142321,3.913916,-0.001081,2.416082,3.997373,-0.001081,0.731019,0.000000
53.480000,3.150292,3.913908,-0.000873,2.424052,3.997365,-0.000873,0.731019,0.000000
53.540000,3.162250,3.913899,-0.000572,2.436010,3.997357,-0.000572,0.731019,0.000000
53.580000,3.174209,3.913894,-0.000284,2.443983,3.997353,-0.000379,0.734980,0.000094
53.640000,3.182183,3.913893,-0.000100,2.455944,3.997350,-0.000100,0.731019,0.000000
53.680000,3.190158,3.913892,0.000079,2.463919,3.997350,0.000079,0.731019,0.000000
53.740000,3.202122,3.913895,0.000335,2.475883,3.997352,0.000335,0.731019,0.000000
53.780000,3.210100,3.913898,0.000499,2.483860,3.997356,0.000499,0.731019,0.000000
53.840000,3.222067,3.913906,0.000735,2.495827,3.997363,0.000735,0.731019,0.000000
53.880000,3.230046,3.913912,0.000886,2.503806,3.997370,0.000886,0.731019,0.000000
53.940000,3.242015,3.913924,0.001102,2.515776,3.997382,0.001102,0.731019,0.000000
53.980000,3.249996,3.913933,0.001239,2.523757,3.997391,0.001239,0.731019,0.000000
54.040000,3.261969,3.913949,0.001436,2.535729,3.997407,0.001436,0.731019,0.000000
54.080000,3.269951,3.913961,0.001561,2.543712,3.997419,0.001561,0.731019,0.000000
54.140000,3.281927,3.913981,0.001739,2.555687,3.997439,0.001739,0.731019,0.000000
54.180000,3.289911,3.913996,0.001852,2.563671,3.997453,0.001852,0.731019,0.000000
54.240000,3.301889,3.914019,0.002012,2.575649,3.997476,0.002012,0.731019,0.000000
54.280000,3.309875,3.914035,0.002113,2.583635,3.997493,0.002113,0.731019,0.000000
54.340000,3.321855,3.914061,0.002258,2.595615,3.997519,0.002258,0.731019,0.000000
54.380000,3.329842,3.914080,0.002348,2.603602,3.997537,0.002348,0.731019,0.000000
54.440000,3.341824,3.914109,0.002477,2.615585,3.997566,0.002477,0.731019,0.000000
54.480000,3.349813,3.914129,0.002557,2.623573,3.997586,0.002557,0.731019,0.000000
54.540000,3.361794,3.914160,0.002639,2.635553,3.999038,0.006129,0.731184,0.003490
54.580000,3.369775,3.914181,0.002571,2.643534,3.999087,0.006061,0.731187,0.003490
54.640000,3.381746,3.914211,0.002398,2.655504,3.999158,0.005888,0.731192,0.003490
54.680000,3.389726,3.914229,0.002268,2.663485,3.999205,0.005758,0.731196,0.003490
54.740000,3.401698,3.914255,0.002070,2.675456,3.999272,0.005560,0.731201,0.003490
54.780000,3.409679,3.914271,0.001938,2.683437,3.999316,0.005428,0.731204,0.003490
54.840000,3.421651,3.914293,0.001742,2.695409,3.999380,0.005232,0.731209,0.003490
54.880000,3.429633,3.914307,0.001613,2.703391,3.999421,0.005103,0.731213,0.003490
54.940000,3.441605,3.914325,0.001422,2.715363,3.999481,0.004912,0.731218,0.003490
54.980000,3.449588,3.914336,0.001297,2.723346,3.999520,0.004787,0.731221,0.003490
55.040000,3.461561,3.914350,0.001112,2.735319,3.999576,0.004602,0.731226,0.003490
55.080000,3.469544,3.914358,0.000991,2.743302,3.999613,0.004481,0.731229,0.003490
55.140000,3.481519,3.914369,0.000812,2.755276,3.999665,0.004302,0.731234,0.003490
55.180000,3.489502,3.914375,0.000694,2.763259,3.999699,0.004184,0.731237,0.003490
55.240000,3.501477,3.914383,0.000521,2.775235,3.999748,0.004011,0.731242,0.003490
55.280000,3.509461,3.914386,0.000408,2.783219,3.999780,0.003898,0.731246,0.003490
55.340000,3.521437,3.914390,0.000240,2.795195,3.999825,0.003730,0.731251,0.003490
55.380000,3.529422,3.914392,0.000130,2.803179,3.999855,0.003620,0.731254,0.003490
55.440000,3.541399,3.914392,-0.000031,2.815156,3.999897,0.003459,0.731259,0.003490
55.480000,3.553377,3.914391,-0.000189,2.823141,3.999924,0.003353,0.735228,0.003542
55.540000,3.561362,3.914389,-0.000292,2.835119,3.999963,0.003198,0.731267,0.003490
55.580000,3.569348,3.914386,-0.000394,2.843105,3.999989,0.003096,0.731271,0.003490
55.640000,3.581327,3.914381,-0.000543,2.855083,4.000025,0.002947,0.731276,0.003490
55.680000,3.589313,3.914376,-0.000640,2.863070,4.000048,0.002850,0.731279,0.003490
55.740000,3.601292,3.914367,-0.000783,2.875049,4.000081,0.002707,0.731284,0.003490
55.780000,3.609279,3.914361,-0.000877,2.883036,4.000102,0.002613,0.731287,0.003490
55.840000,3.621260,3.914349,-0.001014,2.895017,4.000133,0.002476,0.731292,0.003490
55.880000,3.629247,3.914341,-0.001103,2.903004,4.000152,0.002387,0.731295,0.003490
55.940000,3.641229,3.914327,-0.001234,2.914986,4.000180,0.002256,0.731300,0.003490
55.980000,3.649217,3.914317,-0.001319,2.922973,4.000198,0.002171,0.731303,0.003490
56.040000,3.661199,3.914300,-0.001444,2.934956,4.000223,0.002046,0.731308,0.003490
56.080000,3.673182,3.914282,-0.001565,2.942944,4.000239,0.001965,0.735279,0.003530
56.140000,3.681171,3.914269,-0.001644,2.954927,4.000262,0.001846,0.731317,0.003490
56.180000,3.689160,3.914256,-0.001722,2.962917,4.000276,0.001768,0.731320,0.003490
56.240000,3.701144,3.914235,-0.001835,2.974901,4.000297,0.001655,0.731325,0.003490
56.280000,3.709133,3.914220,-0.001908,2.982890,4.000310,0.001582,0.731328,0.003490
56.340000,3.721118,3.914196,-0.002015,2.994875,4.000328,0.001475,0.731333,0.003490
56.380000,3.729108,3.914180,-0.002085,3.002865,4.000340,0.001405,0.731336,0.003490
56.440000,3.741094,3.914154,-0.002187,3.014851,4.000356,0.001303,0.731341,0.003490
56.480000,3.749085,3.914136,-0.002252,3.022842,4.000366,0.001238,0.731344,0.003490
56.540000,3.761071,3.914109,-0.002349,3.034828,4.000380,0.001141,0.731349,0.003490
56.580000,3.769062,3.914090,-0.002411,3.042819,4.000389,0.001079,0.731353,0.003490
56.640000,3.781050,3.914060,-0.002502,3.054806,4.000402,0.000988,0.731358,0.003490
56.680000,3.789041,3.914040,-0.002560,3.062798,4.000409,0.000930,0.731361,0.003490
56.740000,3.801029,3.914009,-0.002646,3.074786,4.000420,0.000844,0.731366,0.003490
56.780000,3.809021,3.913988,-0.002701,3.082778,4.000426,0.000789,0.731369,0.003490
56.840000,3.821010,3.913955,-0.002782,3.094767,4.000435,0.000708,0.731374,0.003490
56.880000,3.829003,3.913932,-0.002833,3.102760,4.000441,0.000657,0.731377,0.003490
56.940000,3.840992,3.913898,-0.002909,3.114749,4.000448,0.000581,0.731382,0.003490
56.980000,3.848985,3.913874,-0.002957,3.122742,4.000453,0.000533,0.731385,0.003490
57.040000,3.860975,3.913838,-0.003028,3.134733,4.000459,0.000462,0.731390,0.003490
57.080000,3.868969,3.913814,-0.003073,3.142726,4.000462,0.000417,0.731394,0.003490
57.140000,3.880960,3.913777,-0.003139,3.154717,4.000467,0.000351,0.731398,0.003490
57.180000,3.888954,3.913752,-0.003181,3.162711,4.000469,0.000309,0.731402,0.003490
57.240000,3.900945,3.913713,-0.003242,3.174706,4.001019,0.001644,0.731468,0.004886
57.280000,3.908929,3.913687,-0.003320,3.182686,4.001582,0.002962,0.731542,0.006282
57.340000,3.920888,3.913646,-0.003538,3.194640,4.001897,0.003442,0.731590,0.006980
57.380000,3.928854,3.913617,-0.003745,3.202607,4.001924,0.003235,0.731596,0.006980
57.440000,3.940806,3.913570,-0.004076,3.214558,4.001960,0.002904,0.731606,0.006980
57.480000,3.948774,3.913537,-0.004297,3.222527,4.001983,0.002683,0.731613,0.006980
57.540000,3.960728,3.913484,-0.004621,3.234481,4.002013,0.002359,0.731623,0.006980
57.600000,3.972684,3.913426,-0.004932,3.246437,4.002039,0.002048,0.731633,0.006980
57.640000,3.980656,3.913386,-0.005134,3.254409,4.002055,0.001846,0.731640,0.006980
57.680000,3.988628,3.913345,-0.005329,3.262381,4.002069,0.001651,0.731646,0.006980
57.740000,4.000588,3.913279,-0.005611,3.274342,4.002087,0.001369,0.731656,0.006980
57.780000,4.008563,3.913234,-0.005793,3.282316,4.002097,0.001187,0.731663,0.006980
57.840000,4.020525,3.913163,-0.006057,3.294279,4.002110,0.000923,0.731673,0.006980
57.880000,4.028501,3.913114,-0.006226,3.302255,4.002116,0.000754,0.731680,0.006980
57.940000,4.040467,3.913038,-0.006471,3.314221,4.002124,0.000509,0.731690,0.006980
57.980000,4.048445,3.912986,-0.006628,3.322199,4.002127,0.000352,0.731696,0.006980
58.040000,4.060413,3.912905,-0.006854,3.334167,4.002130,0.000126,0.731706,0.006980
58.080000,4.068392,3.912850,-0.006999,3.342147,4.002130,-0.000019,0.731713,0.006980
58.140000,4.080363,3.912765,-0.007208,3.354118,4.002129,-0.000228,0.731723,0.006980
58.180000,4.088344,3.912707,-0.007341,3.362099,4.002127,-0.000361,0.731729,0.006980
58.240000,4.100317,3.912618,-0.007533,3.374072,4.002121,-0.000553,0.731739,0.006980
58.280000,4.108299,3.912557,-0.007655,3.382055,4.002116,-0.000675,0.731746,0.006980
58.340000,4.120275,3.912464,-0.007831,3.394031,4.002107,-0.000851,0.731756,0.006980
58.380000,4.128259,3.912401,-0.007943,3.402015,4.002100,-0.000963,0.731762,0.006980
58.440000,4.140236,3.912305,-0.008103,3.413993,4.002087,-0.001123,0.731772,0.006980
58.480000,4.152215,3.912207,-0.008254,3.421978,4.002078,-0.001225,0.735746,0.007029
58.540000,4.160201,3.912141,-0.008350,3.433958,4.002062,-0.001370,0.731788,0.006980
58.580000,4.168188,3.912074,-0.008442,3.441945,4.002051,-0.001462,0.731795,0.006980
58.640000,4.180169,3.911972,-0.008573,3.453933,4.001498,-0.002989,0.731733,0.005584
58.680000,4.188168,3.911903,-0.008619,3.461930,4.000920,-0.004431,0.731673,0.004188
58.740000,4.200151,3.911800,-0.008576,3.473909,4.000579,-0.005086,0.731648,0.003490
58.780000,4.208132,3.911732,-0.008480,3.481891,4.000539,-0.004990,0.731651,0.003490
58.840000,4.220105,3.911631,-0.008305,3.493864,4.000481,-0.004815,0.731656,0.003490
58.880000,4.228087,3.911565,-0.008183,3.501846,4.000443,-0.004693,0.731659,0.003490
58.940000,4.240061,3.911469,-0.008000,3.513820,4.000387,-0.004510,0.731664,0.003490
58.980000,4.248043,3.911405,-0.007878,3.521803,4.000352,-0.004388,0.731667,0.003490
59.040000,4.260018,3.911312,-0.007695,3.533777,4.000300,-0.004205,0.731672,0.003490
59.080000,4.268001,3.911251,-0.007573,3.541761,4.000267,-0.004083,0.731675,0.003490
59.140000,4.279977,3.911161,-0.007390,3.553737,4.000220,-0.003900,0.731680,0.003490
59.180000,4.287961,3.911103,-0.007268,3.561721,4.000189,-0.003778,0.731683,0.003490
59.240000,4.299938,3.911017,-0.007085,3.573698,4.000145,-0.003595,0.731688,0.003490
59.280000,4.307922,3.910961,-0.006963,3.581683,4.000117,-0.003473,0.731691,0.003490
59.340000,4.319900,3.910879,-0.006781,3.593661,4.000076,-0.003291,0.731696,0.003490
59.380000,4.327886,3.910825,-0.006659,3.601647,4.000050,-0.003169,0.731700,0.003490
59.440000,4.339865,3.910746,-0.006476,3.613626,4.000013,-0.002986,0.731704,0.003490
59.480000,4.347851,3.910695,-0.006354,3.621612,3.999990,-0.002864,0.731708,0.003490
59.540000,4.359831,3.910620,-0.006171,3.633592,3.999957,-0.002681,0.731713,0.003490
59.580000,4.367818,3.910571,-0.006049,3.641579,3.999936,-0.002559,0.731716,0.003490
59.640000,4.379799,3.910500,-0.005866,3.653560,3.999906,-0.002376,0.731721,0.003490
59.680000,4.391780,3.910431,-0.005683,3.661548,3.999888,-0.002254,0.735691,0.003429
59.740000,4.399768,3.910386,-0.005561,3.673530,3.999862,-0.002071,0.731729,0.003490
59.780000,4.407757,3.910342,-0.005439,3.681519,3.999846,-0.001949,0.731732,0.003490
59.840000,4.419740,3.910278,-0.005255,3.693502,3.999824,-0.001765,0.731737,0.003490
59.880000,4.427729,3.910236,-0.005133,3.701491,3.999810,-0.001643,0.731741,0.003490
59.940000,4.439713,3.910176,-0.004950,3.713476,3.999791,-0.001460,0.731746,0.003490
59.980000,4.447703,3.910137,-0.004828,3.721465,3.999780,-0.001338,0.731749,0.003490
60.040000,4.459688,3.910080,-0.004645,3.733451,3.999765,-0.001155,0.731754,0.003490
60.080000,4.467678,3.910043,-0.004523,3.741441,3.999757,-0.001033,0.731757,0.003490
60.140000,4.479665,3.909990,-0.004340,3.753428,3.999745,-0.000850,0.731762,0.003490
60.180000,4.487656,3.909956,-0.004218,3.761419,3.999739,-0.000728,0.731766,0.003490
60.240000,4.499643,3.909906,-0.004035,3.773406,3.999731,-0.000545,0.731771,0.003490
60.280000,4.507635,3.909875,-0.003913,3.781398,3.999727,-0.000423,0.731774,0.003490
60.340000,4.519624,3.909829,-0.003730,3.793387,3.999723,-0.000240,0.731779,0.003490
60.380000,4.531613,3.909785,-0.003547,3.801380,3.999722,-0.000118,0.735751,0.003429
60.440000,4.539606,3.909757,-0.003425,3.813369,3.999722,0.000065,0.731788,0.003490
60.480000,4.547599,3.909731,-0.003302,3.821363,3.999723,0.000188,0.731791,0.003490
60.540000,4.559590,3.909692,-0.003119,3.833353,3.999726,0.000371,0.731796,0.003490
60.580000,4.567584,3.909668,-0.002997,3.841347,3.999730,0.000493,0.731800,0.003490
60.640000,4.579575,3.909633,-0.002814,3.853339,3.999737,0.000676,0.731805,0.003490
60.680000,4.587266,3.909611,-0.002996,3.861030,3.999742,0.000494,0.731808,0.003490
60.740000,4.596458,3.909574,-0.005613,3.870222,3.999737,-0.002123,0.731812,0.003490
60.780000,4.600981,3.909542,-0.008963,3.874744,3.999721,-0.005473,0.731814,0.003490
60.840000,4.605420,3.909489,-0.016331,3.879184,3.999683,-0.012841,0.731815,0.003490
60.880000,4.606727,3.909464,-0.022897,3.880491,3.999662,-0.019407,0.731816,0.003490
60.940000,4.606924,3.909459,-0.035114,3.880688,3.999658,-0.031624,0.731816,0.003490
60.980000,4.606924,3.909459,-0.044800,3.880688,3.999658,-0.041310,0.731816,0.003490
61.040000,4.606924,3.909459,-0.061833,3.880688,3.999658,-0.058343,0.731816,0.003490
61.080000,4.606924,3.909459,-0.074735,3.880688,3.999658,-0.071245,0.731816,0.003490
61.140000,4.606924,3.909459,-0.096535,3.880688,3.999658,-0.093045,0.731816,0.003490
61.180000,4.606924,3.909459,-0.112653,3.880688,3.999658,-0.109163,0.731816,0.003490
61.240000,4.606924,3.909459,-0.139254,3.880688,3.999658,-0.135764,0.731816,0.003490
61.300000,4.606924,3.909459,-0.168703,3.880688,3.999658,-0.165213,0.731816,0.003490
61.340000,4.606924,3.909459,-0.189941,3.880688,3.999658,-0.186451,0.731816,0.003490
61.380000,4.606924,3.909459,-0.212491,3.880688,3.999658,-0.209001,0.731816,0.003490
61.440000,4.606924,3.909459,-0.248676,3.880688,3.999658,-0.245186,0.731816,0.003490
61.480000,4.606924,3.909459,-0.274313,3.880688,3.999658,-0.270823,0.731816,0.003490
61.540000,4.606924,3.909459,-0.315298,3.870688,4.000548,-0.308318,0.741850,0.006980
61.580000,4.606924,3.909459,-0.344232,3.870688,4.000548,-0.337252,0.741850,0.006980
61.640000,4.606924,3.909459,-0.390049,3.870688,4.000548,-0.383069,0.741850,0.006980
61.680000,4.606924,3.909459,-0.421950,3.870688,4.000548,-0.414970,0.741850,0.006980
61.740000,4.606924,3.909459,-0.469950,3.870688,4.000548,-0.462970,0.741850,0.006980
61.780000,4.606924,3.909459,-0.501950,3.870688,4.000548,-0.494970,0.741850,0.006980
61.840000,4.606924,3.909459,-0.549950,3.870688,4.000548,-0.542970,0.741850,0.006980
61.880000,4.606994,3.909414,-0.581886,3.870758,4.000504,-0.574906,0.741850,0.006980
61.940000,4.608070,3.908660,-0.628662,3.871840,3.999757,-0.621682,0.741845,0.006980
61.980000,4.609570,3.907532,-0.658485,3.873347,3.998640,-0.651505,0.741839,0.006980
62.040000,4.612921,3.904815,-0.700869,3.876716,3.995946,-0.693889,0.741823,0.006980
62.080000,4.615848,3.902274,-0.727526,3.879661,3.993426,-0.720546,0.741808,0.006980
62.140000,4.621213,3.897303,-0.765113,3.885061,3.988493,-0.758133,0.741778,0.006980
62.200000,4.627550,3.890994,-0.799819,3.891442,3.982228,-0.792839,0.741740,0.006980
62.240000,4.632099,3.886208,-0.821441,3.896024,3.977473,-0.814461,0.741711,0.006980
62.280000,4.636840,3.881005,-0.841794,3.900801,3.972304,-0.834814,0.741679,0.006980
62.340000,4.644164,3.872561,-0.869924,3.908185,3.963912,-0.862944,0.741627,0.006980
62.380000,4.649161,3.866534,-0.887078,3.913223,3.957919,-0.880098,0.741590,0.006980
62.440000,4.655484,3.858590,-0.910600,3.919601,3.950020,-0.903620,0.741541,0.006980
62.500000,4.660636,3.851806,-0.931313,3.924801,3.943272,-0.924333,0.741498,0.006980
62.540000,4.664017,3.847201,-0.943523,3.928214,3.938690,-0.936543,0.741469,0.006980
62.580000,4.667361,3.842534,-0.954561,3.931590,3.934047,-0.947581,0.741440,0.006980
62.640000,4.672303,3.835435,-0.970694,3.936582,3.926982,-0.963714,0.741395,0.006980
62.680000,4.675548,3.830638,-0.981385,3.939860,3.922208,-0.974405,0.741365,0.006980
62.740000,4.680339,3.823348,-0.997336,3.944702,3.914952,-0.990356,0.741319,0.006980
62.780000,4.683481,3.818425,-1.007915,3.947879,3.910051,-1.000935,0.741287,0.006980
62.840000,4.688117,3.810948,-1.023698,3.952566,3.902607,-1.016718,0.741240,0.006980
62.900000,4.692659,3.803358,-1.039370,3.957161,3.895048,-1.032390,0.741191,0.006980
62.940000,4.695635,3.798235,-1.049745,3.960173,3.889946,-1.042765,0.741158,0.006980
62.980000,4.698565,3.793068,-1.060076,3.963139,3.884800,-1.053096,0.741125,0.006980
63.040000,4.702878,3.785229,-1.075478,3.967506,3.876992,-1.068498,0.741075,0.006980
63.080000,4.705698,3.779945,-1.085676,3.970363,3.871727,-1.078696,0.741041,0.006980
63.140000,4.709846,3.771929,-1.100865,3.974567,3.863741,-1.093885,0.740989,0.006980
63.180000,4.712557,3.766524,-1.110907,3.977316,3.858354,-1.103927,0.740954,0.006980
63.240000,4.716537,3.758334,-1.125859,3.981353,3.850192,-1.118879,0.740901,0.006980
63.280000,4.719133,3.752819,-1.135744,3.983988,3.844696,-1.128764,0.740865,0.006980
63.340000,4.722941,3.744465,-1.150457,3.987854,3.836368,-1.143477,0.740810,0.006980
63.380000,4.725424,3.738837,-1.160177,3.990376,3.830758,-1.153197,0.740774,0.006980
63.440000,4.729060,3.730318,-1.174623,3.994071,3.822265,-1.167643,0.740718,0.006980
63.480000,4.731427,3.724581,-1.184157,3.996478,3.816544,-1.177177,0.740680,0.006980
63.540000,4.734889,3.715903,-1.198331,4.000000,3.807891,-1.191351,0.740623,0.006980
63.580000,4.737138,3.710067,-1.207691,4.002290,3.802070,-1.200711,0.740585,0.006980
63.640000,4.740423,3.701234,-1.221586,4.005637,3.793261,-1.214606,0.740527,0.006980
63.680000,4.742555,3.695295,-1.230749,4.007810,3.787337,-1.223769,0.740487,0.006980
63.740000,4.745665,3.686312,-1.244339,4.010983,3.778375,-1.237359,0.740428,0.006980
63.780000,4.747679,3.680273,-1.253295,4.013039,3.772351,-1.246315,0.740388,0.006980
63.840000,4.750612,3.671143,-1.266569,4.016036,3.763241,-1.259589,0.740327,0.006980
63.900000,4.753440,3.661927,-1.279649,4.018927,3.754045,-1.272669,0.740266,0.006980
63.940000,4.755265,3.655737,-1.288260,4.020796,3.747868,-1.281280,0.740225,0.006980
63.980000,4.757045,3.649509,-1.296779,4.022619,3.741653,-1.289799,0.740183,0.006980
64.040000,4.759627,3.640095,-1.309376,4.025267,3.732257,-1.302396,0.740121,0.006980
64.080000,4.761289,3.633777,-1.317659,4.026973,3.725951,-1.310679,0.740078,0.006980
64.140000,4.763695,3.624235,-1.329914,4.024547,3.711880,-1.366210,0.744326,0.036296
64.180000,4.765273,3.617698,-1.337722,4.011541,3.694235,-1.417294,0.757608,0.079572
64.240000,4.767702,3.607220,-1.347603,4.002205,3.675745,-1.448813,0.768558,0.101210
64.280000,4.769325,3.599984,-1.352592,4.003089,3.668383,-1.453802,0.769283,0.101210
64.340000,4.771706,3.589089,-1.358486,4.004357,3.657303,-1.459696,0.770375,0.101210
64.380000,4.773262,3.581805,-1.362165,4.005169,3.649899,-1.463375,0.771106,0.101210
64.440000,4.775551,3.570851,-1.367520,4.006339,3.638770,-1.468730,0.772204,0.101210
64.480000,4.777046,3.563531,-1.371007,4.007087,3.631336,-1.472217,0.772939,0.101210
64.540000,4.779246,3.552522,-1.376117,4.008163,3.620161,-1.477327,0.774044,0.101210
64.580000,4.780684,3.545167,-1.379459,4.008850,3.612698,-1.480669,0.774782,0.101210
64.640000,4.782797,3.534108,-1.384370,4.009836,3.601483,-1.485580,0.775892,0.101210
64.680000,4.784179,3.526720,-1.387576,4.010464,3.593992,-1.488786,0.776634,0.101210
64.740000,4.786210,3.515612,-1.392284,4.011362,3.582736,-1.493494,0.777750,0.101210
64.780000,4.787537,3.508190,-1.395352,4.011933,3.575219,-1.496562,0.778495,0.101210
64.840000,4.789489,3.497034,-1.399854,4.012747,3.563923,-1.501064,0.779616,0.101210
64.880000,4.790764,3.489582,-1.402787,4.013263,3.556379,-1.503997,0.780365,0.101210
64.940000,4.792639,3.478379,-1.407085,4.013997,3.545045,-1.508295,0.781491,0.101210
64.980000,4.793864,3.470896,-1.409882,4.014460,3.537476,-1.511092,0.782243,0.101210
65.040000,4.795666,3.459649,-1.413980,4.011322,3.529822,-1.529150,0.787477,0.115170
65.080000,4.796854,3.452072,-1.416462,4.006725,3.525309,-1.545592,0.793516,0.129130
65.140000,4.798639,3.440488,-1.419174,4.004088,3.514960,-1.555284,0.798033,0.136110
65.180000,4.799826,3.432688,-1.420255,4.004206,3.507071,-1.556365,0.799090,0.136110
65.240000,4.801595,3.420977,-1.421494,4.004369,3.495228,-1.557604,0.800676,0.136110
65.280000,4.802767,3.413166,-1.422228,4.004471,3.487330,-1.558338,0.801734,0.136110
65.340000,4.804515,3.401442,-1.423273,4.004612,3.475478,-1.559383,0.803322,0.136110
65.380000,4.805674,3.393623,-1.423944,4.004700,3.467574,-1.560054,0.804381,0.136110
65.440000,4.807404,3.381888,-1.424920,4.004821,3.455713,-1.561030,0.805971,0.136110
65.480000,4.808552,3.374062,-1.425550,4.004896,3.447803,-1.561660,0.807032,0.136110
65.540000,4.810264,3.362316,-1.426468,4.004999,3.435934,-1.562578,0.808623,0.136110
65.580000,4.811401,3.354482,-1.427059,4.005062,3.428018,-1.563169,0.809685,0.136110
65.640000,4.813097,3.342726,-1.427918,4.005147,3.416140,-1.564028,0.811278,0.136110
65.680000,4.814223,3.334885,-1.428474,4.005199,3.408219,-1.564584,0.812341,0.136110
65.740000,4.815904,3.323118,-1.429276,4.005268,3.396333,-1.565386,0.813936,0.136110
65.780000,4.817020,3.315270,-1.429795,4.005308,3.388406,-1.565905,0.815000,0.136110
65.840000,4.818687,3.303494,-1.430549,4.005362,3.376513,-1.566659,0.816596,0.136110
65.880000,4.819794,3.295641,-1.431035,4.005393,3.368582,-1.567145,0.817661,0.136110
65.940000,4.821447,3.283856,-1.431738,4.001815,3.352822,-1.579016,0.822529,0.147278
65.980000,4.822552,3.275956,-1.432016,3.997386,3.340671,-1.590462,0.827699,0.158446
66.040000,4.824191,3.264231,-1.431584,3.994661,3.326632,-1.595614,0.831873,0.164030
66.080000,4.825281,3.256470,-1.430719,3.994470,3.318797,-1.594749,0.833146,0.164030
66.140000,4.826932,3.244827,-1.429166,3.994197,3.307040,-1.593196,0.835056,0.164030
66.180000,4.828043,3.237062,-1.428098,3.994026,3.299199,-1.592128,0.836329,0.164030
66.240000,4.829727,3.225412,-1.426514,3.993784,3.287430,-1.590544,0.838240,0.164030
66.280000,4.830860,3.217643,-1.425482,3.993633,3.279580,-1.589512,0.839514,0.164030
66.340000,4.832575,3.205985,-1.423974,3.993422,3.267798,-1.588004,0.841427,0.164030
66.380000,4.833728,3.198210,-1.422996,3.993290,3.259939,-1.587026,0.842702,0.164030
66.440000,4.835474,3.186544,-1.421571,3.993107,3.248145,-1.585601,0.844616,0.164030
66.480000,4.836647,3.178763,-1.420648,3.992994,3.240277,-1.584678,0.845893,0.164030
66.540000,4.838422,3.167089,-1.419305,3.992838,3.228470,-1.583335,0.847808,0.164030
66.580000,4.839614,3.159304,-1.418437,3.992743,3.220595,-1.582467,0.849085,0.164030
66.640000,4.841415,3.147622,-1.417176,3.992613,3.208775,-1.581206,0.851002,0.164030
66.680000,4.842624,3.139831,-1.416361,3.992534,3.200892,-1.580391,0.852281,0.164030
66.740000,4.844451,3.128142,-1.415176,3.992427,3.189061,-1.579206,0.854199,0.164030
66.780000,4.845677,3.120347,-1.414412,3.992364,3.181170,-1.578442,0.855478,0.164030
66.840000,4.847528,3.108650,-1.413303,3.992280,3.169328,-1.577333,0.857398,0.164030
66.880000,4.848770,3.100849,-1.412588,3.992231,3.161429,-1.576618,0.858678,0.164030
66.940000,4.850644,3.089145,-1.411552,3.992168,3.149577,-1.575582,0.860599,0.164030
66.980000,4.851900,3.081340,-1.410888,3.992133,3.141671,-1.574918,0.861881,0.164030
67.040000,4.853794,3.069629,-1.409924,3.992090,3.129807,-1.573954,0.863803,0.164030
67.080000,4.855064,3.061819,-1.409305,3.992068,3.121895,-1.573335,0.865085,0.164030
67.140000,4.856979,3.050101,-1.408410,3.992043,3.110022,-1.572440,0.867009,0.164030
67.180000,4.858261,3.042286,-1.407838,3.992032,3.102102,-1.571868,0.868292,0.164030
67.240000,4.860194,3.030561,-1.407010,3.992024,3.090219,-1.571040,0.870217,0.164030
67.280000,4.862137,3.018833,-1.406220,3.992024,3.082294,-1.570509,0.872424,0.164289
67.340000,4.863438,3.011011,-1.405714,3.992032,3.070402,-1.569744,0.873427,0.164030
67.380000,4.864743,3.003189,-1.405224,3.992043,3.062471,-1.569254,0.874712,0.164030
67.440000,4.866709,2.991451,-1.404520,3.992065,3.050570,-1.568550,0.876639,0.164030
67.480000,4.868025,2.983624,-1.404071,3.992085,3.042633,-1.568101,0.877925,0.164030
67.540000,4.869997,2.971928,-1.403322,3.992283,3.021014,-1.591782,0.879086,0.188460
67.580000,4.871306,2.964206,-1.402412,3.992122,3.013183,-1.590872,0.880547,0.188460
67.640000,4.873285,2.952620,-1.400810,3.991895,3.001432,-1.589270,0.882740,0.188460
67.680000,4.874615,2.944893,-1.399717,3.991754,2.993593,-1.588177,0.884203,0.188460
67.740000,4.876628,2.933300,-1.398102,3.991560,2.981827,-1.586562,0.886398,0.188460
67.780000,4.877981,2.925568,-1.397053,3.991440,2.973979,-1.585513,0.887862,0.188460
67.840000,4.880026,2.913966,-1.395523,3.991276,2.962199,-1.583983,0.890059,0.188460
67.880000,4.881401,2.906229,-1.394534,3.991176,2.954341,-1.582994,0.891524,0.188460
67.940000,4.883477,2.894618,-1.393097,3.991041,2.942547,-1.581557,0.893723,0.188460
67.980000,4.884871,2.886875,-1.392169,3.990960,2.934680,-1.580629,0.895189,0.188460
68.040000,4.886977,2.875256,-1.390823,3.990851,2.922873,-1.579283,0.897390,0.188460
68.080000,4.888391,2.867508,-1.389954,3.990788,2.914997,-1.578414,0.898858,0.188460
68.140000,4.890524,2.855881,-1.388695,3.990705,2.903176,-1.577155,0.901061,0.188460
68.180000,4.891955,2.848127,-1.387887,3.990659,2.895291,-1.576347,0.902530,0.188460
68.240000,4.894114,2.836492,-1.386715,3.990600,2.883458,-1.575175,0.904734,0.188460
68.280000,4.895562,2.828733,-1.385961,3.990568,2.875565,-1.574421,0.906205,0.188460
68.340000,4.897746,2.817091,-1.384870,3.990532,2.863720,-1.573330,0.908411,0.188460
68.380000,4.899209,2.809326,-1.384172,3.990515,2.855818,-1.572632,0.909883,0.188460
68.440000,4.901415,2.797676,-1.383161,3.990499,2.843962,-1.571621,0.912091,0.188460
68.480000,4.902892,2.789907,-1.382513,3.990495,2.836053,-1.570973,0.913564,0.188460
68.540000,4.905119,2.778250,-1.381578,3.990498,2.824185,-1.570038,0.915774,0.188460
68.580000,4.906610,2.770476,-1.380980,3.990507,2.816270,-1.569440,0.917248,0.188460
68.640000,4.908857,2.758812,-1.380119,3.990528,2.804391,-1.568579,0.919459,0.188460
68.680000,4.910360,2.751034,-1.379568,3.990548,2.796469,-1.568028,0.920934,0.188460
68.740000,4.912625,2.739362,-1.378779,3.990585,2.784580,-1.567239,0.923147,0.188460
68.780000,4.914140,2.731579,-1.378278,3.990616,2.776650,-1.566738,0.924624,0.188460
68.840000,4.916420,2.719903,-1.377551,3.987769,2.768754,-1.563219,0.929936,0.185668
68.880000,4.917944,2.712125,-1.377053,3.984912,2.764816,-1.559929,0.934520,0.182876
68.940000,4.920234,2.700479,-1.376213,3.983587,2.754936,-1.557693,0.938229,0.181480
68.980000,4.921766,2.692720,-1.375599,3.983693,2.747028,-1.557079,0.939644,0.181480
69.040000,4.924074,2.681077,-1.374688,3.983861,2.735160,-1.556168,0.941767,0.181480
69.080000,4.925619,2.673311,-1.374105,3.983979,2.727242,-1.555585,0.943183,0.181480
69.140000,4.927946,2.661656,-1.373277,3.984165,2.715359,-1.554757,0.945308,0.181480
69.180000,4.929504,2.653883,-1.372758,3.984294,2.707433,-1.554238,0.946725,0.181480
69.240000,4.931849,2.642219,-1.372024,3.984496,2.695537,-1.553504,0.948853,0.181480
69.280000,4.933418,2.634439,-1.371564,3.984635,2.687602,-1.553044,0.950272,0.181480
69.340000,4.935779,2.622765,-1.370918,3.984850,2.675693,-1.552398,0.952401,0.181480
69.380000,4.937358,2.614979,-1.370516,3.984998,2.667750,-1.551996,0.953821,0.181480
69.440000,4.939733,2.603295,-1.369955,3.985225,2.655829,-1.551435,0.955953,0.181480
69.480000,4.941321,2.595503,-1.369609,3.985381,2.647878,-1.551089,0.957374,0.181480
69.540000,4.943709,2.583810,-1.369127,3.985619,2.635947,-1.550607,0.959508,0.181480
69.580000,4.945304,2.576012,-1.368832,3.985781,2.627989,-1.550312,0.960931,0.181480
69.640000,4.947703,2.564309,-1.368432,3.986028,2.616045,-1.549912,0.963066,0.181480
69.680000,4.949305,2.556505,-1.368188,3.986195,2.608080,-1.549668,0.964490,0.181480
69.740000,4.951713,2.544794,-1.367860,3.986450,2.596127,-1.549340,0.966627,0.181480
69.780000,4.953321,2.536985,-1.367663,3.986622,2.588155,-1.549143,0.968053,0.181480
69.840000,4.955736,2.525266,-1.367400,3.986882,2.576193,-1.548880,0.970192,0.181480
69.880000,4.957349,2.517451,-1.367246,3.987058,2.568215,-1.548726,0.971618,0.181480
69.940000,4.959771,2.505724,-1.367046,3.987323,2.556244,-1.548526,0.973759,0.181480
69.980000,4.961387,2.497904,-1.366933,3.987502,2.548261,-1.548413,0.975186,0.181480
70.040000,4.963813,2.486170,-1.366790,3.987771,2.536282,-1.548270,0.977328,0.181480
70.080000,4.965433,2.478346,-1.366714,3.987951,2.528293,-1.548194,0.978757,0.181480
70.140000,4.967863,2.466605,-1.366625,3.988222,2.516307,-1.548105,0.980901,0.181480
70.180000,4.969484,2.458775,-1.366586,3.988404,2.508313,-1.548066,0.982330,0.181480
70.240000,4.971918,2.447028,-1.366549,3.989223,2.496331,-1.546633,0.983931,0.180084
70.280000,4.973539,2.439202,-1.366566,3.989962,2.488350,-1.545254,0.984804,0.178688
70.340000,4.975965,2.427483,-1.366718,3.990544,2.476391,-1.544708,0.986633,0.177990
70.380000,4.977580,2.419677,-1.366894,3.990752,2.468422,-1.544884,0.988031,0.177990
70.440000,4.979999,2.407967,-1.367193,3.991060,2.456469,-1.545183,0.990128,0.177990
70.480000,4.981611,2.400159,-1.367401,3.991263,2.448499,-1.545391,0.991526,0.177990
70.540000,4.984024,2.388446,-1.367716,3.991565,2.436543,-1.545706,0.993624,0.177990
70.580000,4.985632,2.380636,-1.367926,3.991764,2.428572,-1.545916,0.995023,0.177990
70.640000,4.988040,2.368920,-1.368242,3.992060,2.416615,-1.546232,0.997121,0.177990
70.680000,4.989643,2.361108,-1.368453,3.992255,2.408643,-1.546443,0.998520,0.177990
70.740000,4.992046,2.349389,-1.368769,3.992544,2.396683,-1.546759,1.000620,0.177990
70.780000,4.993645,2.341575,-1.368980,3.992735,2.388710,-1.546970,1.002019,0.177990
70.840000,4.996042,2.329853,-1.369296,3.993018,2.376748,-1.547286,1.004119,0.177990
70.900000,4.998435,2.318129,-1.369613,3.993298,2.364786,-1.547603,1.006219,0.177990
70.940000,5.000028,2.310312,-1.369824,3.993482,2.356810,-1.547814,1.007619,0.177990
70.980000,5.001620,2.302494,-1.370035,3.993664,2.348834,-1.548025,1.009020,0.177990
71.040000,5.004005,2.290765,-1.370351,3.993935,2.336869,-1.548341,1.011121,0.177990
71.080000,5.005593,2.282945,-1.370562,3.994113,2.328891,-1.548552,1.012522,0.177990
71.140000,5.007972,2.271214,-1.370878,3.994378,2.316924,-1.548868,1.014624,0.177990
71.180000,5.009556,2.263392,-1.371089,3.994552,2.308945,-1.549079,1.016025,0.177990
71.240000,5.011929,2.251658,-1.371406,3.994810,2.296976,-1.549396,1.018128,0.177990
71.280000,5.013509,2.243834,-1.371617,3.994980,2.288996,-1.549607,1.019530,0.177990
71.340000,5.015876,2.232097,-1.371933,3.995232,2.277025,-1.549923,1.021633,0.177990
71.380000,5.017453,2.224271,-1.372144,3.995398,2.269044,-1.550134,1.023035,0.177990
71.440000,5.019814,2.212530,-1.372461,3.995643,2.257071,-1.550451,1.025139,0.177990
71.480000,5.021386,2.204702,-1.372672,3.995805,2.249088,-1.550662,1.026542,0.177990
71.540000,5.023742,2.192959,-1.372989,3.996044,2.237113,-1.550979,1.028646,0.177990
71.580000,5.025311,2.185129,-1.373200,3.996201,2.229129,-1.551190,1.030049,0.177990
71.640000,5.027660,2.173383,-1.373516,3.996434,2.217152,-1.551506,1.032155,0.177990
71.680000,5.029225,2.165551,-1.373728,3.996587,2.209167,-1.551718,1.033558,0.177990
71.740000,5.031569,2.153800,-1.374034,3.996814,2.187186,-1.552024,1.035294,0.177990
71.780000,5.033131,2.145962,-1.374204,3.996964,2.179196,-1.552194,1.036700,0.177990
71.840000,5.035471,2.134204,-1.374435,3.997185,2.167209,-1.552425,1.038811,0.177990
71.880000,5.037030,2.126364,-1.374585,3.997331,2.159218,-1.552575,1.040218,0.177990
71.940000,5.039366,2.114604,-1.374806,3.997548,2.147230,-1.552796,1.042329,0.177990
71.980000,5.040918,2.106788,-1.374987,3.997691,2.139262,-1.552977,1.043732,0.177990
72.040000,5.043231,2.095112,-1.375436,3.997901,2.127362,-1.553426,1.045827,0.177990
72.080000,5.044770,2.087328,-1.375776,3.998037,2.119427,-1.553766,1.047225,0.177990
72.140000,5.047074,2.075648,-1.376302,3.998237,2.107524,-1.554292,1.049321,0.177990
72.180000,5.048606,2.067860,-1.376656,3.998366,2.099588,-1.554646,1.050719,0.177990
72.240000,5.050901,2.056175,-1.377189,3.998556,2.087681,-1.555179,1.052817,0.177990
72.280000,5.052427,2.048384,-1.377544,3.998678,2.079743,-1.555534,1.054215,0.177990
72.340000,5.054711,2.036694,-1.378077,3.998857,2.067834,-1.556067,1.056313,0.177990
72.380000,5.056231,2.028899,-1.378433,3.998972,2.059893,-1.556423,1.057713,0.177990
72.440000,5.058505,2.017204,-1.378967,3.999140,2.047980,-1.556957,1.059812,0.177990
72.480000,5.060019,2.009406,-1.379322,3.999249,2.040037,-1.557312,1.061212,0.177990
72.540000,5.062283,1.997707,-1.379856,3.999406,2.028122,-1.557846,1.063312,0.177990
72.580000,5.063790,1.989905,-1.380212,3.999508,2.020177,-1.558202,1.064712,0.177990
72.640000,5.066045,1.978201,-1.380746,3.999655,2.008258,-1.558736,1.066813,0.177990
72.680000,5.067545,1.970396,-1.381101,3.999749,2.000311,-1.559091,1.068214,0.177990
72.740000,5.069790,1.958686,-1.381635,3.999886,1.988388,-1.559625,1.070316,0.177990
72.780000,5.071283,1.950878,-1.381987,3.999973,1.980439,-1.559977,1.071718,0.177990
72.840000,5.073518,1.939163,-1.382507,4.000099,1.968514,-1.560497,1.073821,0.177990
72.880000,5.075006,1.931352,-1.382846,4.000180,1.960562,-1.560836,1.075223,0.177990
72.940000,5.077232,1.919632,-1.383345,4.000295,1.948634,-1.561335,1.077327,0.177990
72.980000,5.078712,1.911818,-1.383670,4.000369,1.940680,-1.561660,1.078729,0.177990
73.040000,5.080929,1.900093,-1.384147,4.000475,1.928749,-1.562137,1.080834,0.177990
73.080000,5.082405,1.892275,-1.384459,4.000543,1.920793,-1.562449,1.082237,0.177990
73.140000,5.084608,1.880572,-1.385005,4.002057,1.918909,-1.559505,1.083230,0.174500
73.180000,5.086071,1.872778,-1.385462,4.002144,1.910980,-1.559962,1.084600,0.174500
73.240000,5.088259,1.861085,-1.386174,4.002269,1.899085,-1.560674,1.086655,0.174500
73.280000,5.089713,1.853287,-1.386646,4.002347,1.891153,-1.561146,1.088025,0.174500
73.340000,5.091889,1.841586,-1.387339,4.002458,1.879252,-1.561839,1.090081,0.174500
73.380000,5.093335,1.833783,-1.387789,4.002527,1.871316,-1.562289,1.091453,0.174500
73.440000,5.095498,1.822075,-1.388447,4.002625,1.859410,-1.562947,1.093510,0.174500
73.480000,5.096936,1.814266,-1.388873,4.002685,1.851471,-1.563373,1.094883,0.174500
73.540000,5.099087,1.802550,-1.389494,4.002770,1.839559,-1.563994,1.096942,0.174500
73.580000,5.100518,1.794737,-1.389895,4.002822,1.831616,-1.564395,1.098315,0.174500
73.640000,5.102658,1.783014,-1.390480,4.002895,1.819699,-1.564980,1.100375,0.174500
73.680000,5.104082,1.775196,-1.390859,4.002940,1.811753,-1.565359,1.101749,0.174500
73.740000,5.106212,1.763465,-1.391410,4.003001,1.799831,-1.565910,1.103810,0.174500
73.780000,5.107630,1.755643,-1.391765,4.003039,1.791881,-1.566265,1.105185,0.174500
73.840000,5.109750,1.743906,-1.392282,4.003090,1.779954,-1.566782,1.107248,0.174500
73.880000,5.111161,1.736079,-1.392616,4.003120,1.772001,-1.567116,1.108623,0.174500
73.940000,5.113273,1.724336,-1.393100,4.003161,1.760069,-1.567600,1.110687,0.174500
73.980000,5.114678,1.716505,-1.393412,4.003186,1.752114,-1.567912,1.112063,0.174500
74.040000,5.116782,1.704755,-1.393864,4.003217,1.740177,-1.568364,1.114128,0.174500
74.080000,5.118182,1.696920,-1.394155,4.003236,1.732218,-1.568655,1.115505,0.174500
74.140000,5.120277,1.685165,-1.394576,4.003259,1.720278,-1.569076,1.117571,0.174500
74.180000,5.121672,1.677326,-1.394846,4.003271,1.712316,-1.569346,1.118948,0.174500
74.240000,5.123761,1.665565,-1.395238,4.003286,1.700371,-1.569738,1.121015,0.174500
74.280000,5.125151,1.657723,-1.395489,4.003294,1.692406,-1.569989,1.122393,0.174500
74.340000,5.127233,1.645956,-1.395851,4.003301,1.680457,-1.570351,1.124461,0.174500
74.380000,5.128619,1.638110,-1.396083,4.003304,1.672489,-1.570583,1.125840,0.174500
74.440000,5.130694,1.626339,-1.396418,4.003304,1.660536,-1.570918,1.127909,0.174500
74.480000,5.132076,1.618490,-1.396632,4.003302,1.652566,-1.571132,1.129288,0.174500
74.540000,5.134146,1.606713,-1.396940,4.003296,1.650609,-1.571440,1.131702,0.174500
74.580000,5.135525,1.598861,-1.397137,4.003291,1.642637,-1.571637,1.133080,0.174500
74.640000,5.137590,1.587080,-1.397420,4.003279,1.630676,-1.571920,1.135148,0.174500
74.680000,5.138965,1.579225,-1.397599,4.003269,1.622701,-1.572099,1.136527,0.174500
74.740000,5.141025,1.567439,-1.397857,4.003252,1.610737,-1.572357,1.138597,0.174500
74.780000,5.142397,1.559581,-1.398021,4.003239,1.602760,-1.572521,1.139976,0.174500
74.840000,5.144453,1.547792,-1.398256,4.003217,1.590793,-1.572756,1.142046,0.174500
74.880000,5.145822,1.539931,-1.398405,4.003201,1.582814,-1.572905,1.143426,0.174500
74.940000,5.147874,1.528138,-1.398618,4.003174,1.570843,-1.573118,1.145497,0.174500
74.980000,5.149241,1.520274,-1.398752,4.003155,1.562862,-1.573252,1.146877,0.174500
75.040000,5.151290,1.508477,-1.398942,4.003124,1.550888,-1.573442,1.148949,0.174500
75.080000,5.152655,1.500611,-1.399062,4.003103,1.542905,-1.573562,1.150330,0.174500
75.140000,5.154700,1.488811,-1.399233,4.003069,1.530929,-1.573733,1.152402,0.174500
75.180000,5.156063,1.480943,-1.399341,4.003045,1.522944,-1.573841,1.153783,0.174500
75.240000,5.158106,1.469140,-1.399493,4.003007,1.510965,-1.573993,1.155856,0.174500
75.300000,5.160148,1.457334,-1.399634,4.002968,1.498984,-1.574134,1.157929,0.174500
75.300000,5.160828,1.453399,-1.399678,4.002968,1.498984,-1.574134,1.158757,0.174455
75.540000,5.168301,1.410096,-1.400093,4.002797,1.451048,-1.574593,1.166224,0.174500
75.580000,5.169658,1.402220,-1.400155,4.002766,1.443056,-1.574655,1.167607,0.174500
75.640000,5.171694,1.390406,-1.400240,4.002719,1.431068,-1.574740,1.169682,0.174500
75.680000,5.173050,1.382529,-1.400292,4.002688,1.423075,-1.574792,1.171065,0.174500
75.740000,5.175084,1.370712,-1.400362,4.002639,1.411085,-1.574862,1.173140,0.174500
75.780000,5.176440,1.362833,-1.400405,4.002607,1.403090,-1.574905,1.174524,0.174500
75.840000,5.178473,1.351015,-1.400462,4.002557,1.391098,-1.574962,1.176599,0.174500
75.880000,5.180506,1.339195,-1.400512,4.002523,1.383103,-1.574996,1.178801,0.174484
75.940000,5.181861,1.331314,-1.400541,4.002473,1.361109,-1.575041,1.179764,0.174500
75.980000,5.183216,1.323433,-1.400566,4.002439,1.353112,-1.575066,1.181150,0.174500
76.040000,5.185248,1.311611,-1.400599,4.002387,1.341116,-1.575099,1.183228,0.174500
76.080000,5.186602,1.303728,-1.400617,4.002353,1.333118,-1.575117,1.184614,0.174500
76.140000,5.188634,1.291904,-1.400638,4.002301,1.321121,-1.575138,1.186693,0.174500
76.180000,5.189989,1.284021,-1.400649,4.002266,1.313123,-1.575149,1.188079,0.174500
76.240000,5.192020,1.272196,-1.400660,4.002214,1.301124,-1.575160,1.190158,0.174500
76.280000,5.193375,1.264311,-1.400664,4.002179,1.293124,-1.575164,1.191544,0.174500
76.340000,5.195406,1.252485,-1.400666,4.002126,1.281125,-1.575166,1.193624,0.174500
76.380000,5.196761,1.244601,-1.400665,4.002091,1.273125,-1.575165,1.195010,0.174500
76.440000,5.198792,1.232775,-1.400658,4.002039,1.261126,-1.575158,1.197089,0.174500
76.480000,5.200147,1.224892,-1.400651,4.002004,1.253128,-1.575151,1.198475,0.174500
76.540000,5.202178,1.213068,-1.400637,4.001952,1.241130,-1.575137,1.200554,0.174500
76.580000,5.203533,1.205185,-1.400625,4.001917,1.233132,-1.575125,1.201940,0.174500
76.640000,5.205564,1.193362,-1.400604,4.001866,1.221136,-1.575104,1.204019,0.174500
76.680000,5.206919,1.185480,-1.400587,4.001831,1.213138,-1.575087,1.205405,0.174500
76.740000,5.208951,1.173657,-1.400559,4.001780,1.201143,-1.575059,1.207484,0.174500
76.780000,5.210306,1.165776,-1.400538,4.001746,1.193146,-1.575038,1.208870,0.174500
76.840000,5.212339,1.153955,-1.400504,4.001695,1.181151,-1.575004,1.210949,0.174500
76.880000,5.213694,1.146074,-1.400479,4.001662,1.173155,-1.574979,1.212335,0.174500
76.940000,5.215727,1.134254,-1.400440,4.001612,1.161161,-1.574940,1.214413,0.174500
76.980000,5.217083,1.126374,-1.400412,4.001579,1.153165,-1.574912,1.215799,0.174500
77.040000,5.219117,1.114554,-1.400367,4.001530,1.141172,-1.574867,1.217878,0.174500
77.080000,5.220473,1.106674,-1.400336,4.001497,1.133177,-1.574836,1.219264,0.174500
77.140000,5.222507,1.094855,-1.400287,4.001449,1.121184,-1.574787,1.221342,0.174500
77.180000,5.223864,1.086976,-1.400253,4.001417,1.113189,-1.574753,1.222728,0.174500
77.240000,5.225900,1.075158,-1.400201,4.001370,1.101197,-1.574701,1.224807,0.174500
77.300000,5.227936,1.063340,-1.400146,3.999928,1.099213,-1.578136,1.228531,0.177990
77.340000,5.229292,1.055474,-1.400076,3.999870,1.091231,-1.578066,1.229942,0.177990
77.380000,5.230646,1.047624,-1.399900,3.999813,1.083265,-1.577890,1.231349,0.177990
77.440000,5.232680,1.035850,-1.399569,3.999730,1.071317,-1.577559,1.233460,0.177990
77.480000,5.234038,1.028000,-1.399338,3.999677,1.063351,-1.577328,1.234867,0.177990
77.540000,5.236079,1.016225,-1.398993,3.999601,1.051400,-1.576983,1.236978,0.177990
77.600000,5.238124,1.004449,-1.398655,3.999529,1.039449,-1.576645,1.239090,0.177990
77.640000,5.239490,0.996599,-1.398434,3.999483,1.031480,-1.576424,1.240497,0.177990
77.680000,5.240858,0.988748,-1.398218,3.999439,1.023511,-1.576208,1.241905,0.177990
77.740000,5.242913,0.976970,-1.397902,3.999377,1.011556,-1.575892,1.244017,0.177990
77.780000,5.244285,0.969118,-1.397697,3.999337,1.003585,-1.575687,1.245425,0.177990
77.840000,5.246346,0.957340,-1.397395,3.999280,0.991628,-1.575385,1.247537,0.177990
77.880000,5.247722,0.949487,-1.397199,3.999244,0.983656,-1.575189,1.248945,0.177990
77.940000,5.249790,0.937708,-1.396911,3.999194,0.971696,-1.574901,1.251058,0.177990
77.980000,5.251170,0.929855,-1.396725,3.999162,0.963723,-1.574715,1.252466,0.177990
78.040000,5.253243,0.918074,-1.396452,3.999116,0.951761,-1.574442,1.254579,0.177990
78.080000,5.254627,0.910220,-1.396276,3.999088,0.943786,-1.574266,1.255988,0.177990
78.140000,5.256706,0.898439,-1.396018,3.999048,0.931823,-1.574008,1.258101,0.177990
78.200000,5.258788,0.886656,-1.395769,3.999011,0.919858,-1.573759,1.260215,0.177990
78.240000,5.260178,0.878801,-1.395608,3.998988,0.911881,-1.573598,1.261624,0.177990
78.280000,5.261569,0.870946,-1.395450,3.998966,0.903903,-1.573440,1.263033,0.177990
78.340000,5.263658,0.859162,-1.395220,3.998936,0.891936,-1.573210,1.265147,0.177990
78.380000,5.265053,0.851305,-1.395071,3.998917,0.883956,-1.573061,1.266556,0.177990
78.440000,5.267146,0.839521,-1.394855,3.998892,0.871987,-1.572845,1.268670,0.177990
78.480000,5.268544,0.831663,-1.394715,3.998876,0.864007,-1.572705,1.270080,0.177990
78.540000,5.270642,0.819877,-1.394512,3.998854,0.852035,-1.572502,1.272194,0.177990
78.580000,5.272042,0.812020,-1.394381,3.998841,0.844054,-1.572371,1.273604,0.177990
78.640000,5.274145,0.800232,-1.394190,3.999372,0.832078,-1.570784,1.275171,0.176594
78.680000,5.275549,0.792366,-1.394093,3.999921,0.824086,-1.569291,1.276022,0.175198
78.740000,5.277657,0.780561,-1.394066,4.000218,0.812094,-1.568566,1.277828,0.174500
78.780000,5.279061,0.772698,-1.394122,4.000236,0.804106,-1.568622,1.279211,0.174500
78.840000,5.281167,0.760902,-1.394236,4.000261,0.792124,-1.568736,1.281286,0.174500
78.880000,5.282569,0.753039,-1.394317,4.000277,0.784136,-1.568817,1.282669,0.174500
78.940000,5.284672,0.741242,-1.394439,4.000300,0.772153,-1.568939,1.284744,0.174500
78.980000,5.286074,0.733377,-1.394519,4.000315,0.764165,-1.569019,1.286127,0.174500
79.040000,5.288174,0.721579,-1.394636,4.000336,0.752181,-1.569136,1.288202,0.174500
79.080000,5.289574,0.713714,-1.394712,4.000349,0.744192,-1.569212,1.289586,0.174500
79.140000,5.291673,0.701914,-1.394824,4.000367,0.732208,-1.569324,1.291661,0.174500
79.180000,5.293071,0.694048,-1.394896,4.000378,0.724218,-1.569396,1.293045,0.174500
79.240000,5.295168,0.682248,-1.395001,4.000394,0.712233,-1.569501,1.295121,0.174500
79.280000,5.296565,0.674380,-1.395069,4.000405,0.704242,-1.569569,1.296505,0.174500
79.340000,5.298660,0.662579,-1.395169,4.000419,0.692256,-1.569669,1.298581,0.174500
79.380000,5.300056,0.654711,-1.395233,4.000427,0.684266,-1.569733,1.299965,0.174500
79.440000,5.302149,0.642908,-1.395327,4.000440,0.672279,-1.569827,1.302041,0.174500
79.480000,5.303544,0.635039,-1.395387,4.000447,0.664287,-1.569887,1.303425,0.174500
79.540000,5.305636,0.623236,-1.395476,4.000457,0.652300,-1.569976,1.305502,0.174500
79.580000,5.307029,0.615366,-1.395533,4.000464,0.644308,-1.570033,1.306886,0.174500
79.640000,5.309119,0.603561,-1.395615,4.000472,0.632319,-1.570115,1.308963,0.174500
79.680000,5.310512,0.595691,-1.395669,4.000478,0.624327,-1.570169,1.310347,0.174500
79.740000,5.312600,0.583885,-1.395746,4.000485,0.612338,-1.570246,1.312424,0.174500
79.780000,5.313992,0.576014,-1.395796,4.000489,0.604345,-1.570296,1.313809,0.174500
79.840000,5.316079,0.564208,-1.395869,4.000494,0.592355,-1.570369,1.315886,0.174500
79.880000,5.317470,0.556336,-1.395915,4.000498,0.584361,-1.570415,1.317271,0.174500
79.940000,5.319556,0.544528,-1.395983,4.000502,0.572371,-1.570483,1.319348,0.174500
79.940000,5.320946,0.536656,-1.396026,4.000502,0.572371,-1.570483,1.320927,0.174457
80.180000,5.327893,0.497292,-1.396225,4.000511,0.524405,-1.570725,1.327659,0.174500
80.240000,5.329975,0.485482,-1.396279,4.000511,0.512412,-1.570779,1.329737,0.174500
80.280000,5.331363,0.477608,-1.396313,4.000511,0.504417,-1.570813,1.331122,0.174500
80.340000,5.333445,0.465797,-1.396363,4.000511,0.492424,-1.570863,1.333200,0.174500
80.380000,5.334833,0.457923,-1.396395,4.000510,0.484428,-1.570895,1.334586,0.174500
80.440000,5.336913,0.446111,-1.396442,4.000509,0.472435,-1.570942,1.336664,0.174500
80.480000,5.338300,0.438237,-1.396474,4.000508,0.464439,-1.570974,1.338049,0.174500
80.540000,5.340380,0.426425,-1.396521,4.000505,0.452446,-1.571021,1.340128,0.174500
80.580000,5.342460,0.414613,-1.396569,4.000503,0.444450,-1.571053,1.342288,0.174484
80.640000,5.343846,0.406738,-1.396600,4.000500,0.432456,-1.571100,1.343592,0.174500
80.680000,5.345231,0.398863,-1.396632,4.000497,0.424460,-1.571132,1.344978,0.174500
80.740000,5.347310,0.387050,-1.396679,4.000493,0.412465,-1.571179,1.347056,0.174500
80.780000,5.348695,0.379174,-1.396710,4.000490,0.404469,-1.571210,1.348442,0.174500
80.840000,5.350772,0.367361,-1.396758,4.000485,0.392475,-1.571258,1.350521,0.174500
80.880000,5.352156,0.359485,-1.396789,4.000481,0.384478,-1.571289,1.351907,0.174500
80.940000,5.354233,0.347672,-1.396836,4.000475,0.372483,-1.571336,1.353986,0.174500
80.980000,5.355617,0.339796,-1.396868,4.000470,0.364487,-1.571368,1.355372,0.174500
81.040000,5.357692,0.327982,-1.396915,4.000463,0.352492,-1.571415,1.357451,0.174500
81.080000,5.359076,0.320105,-1.396947,4.000458,0.344495,-1.571447,1.358837,0.174500
81.140000,5.361150,0.308291,-1.396994,4.000450,0.332500,-1.571494,1.360916,0.174500
81.180000,5.362533,0.300414,-1.397025,4.000444,0.324503,-1.571525,1.362302,0.174500
81.240000,5.364607,0.288599,-1.397073,4.000435,0.312507,-1.571573,1.364381,0.174500
81.280000,5.365989,0.280722,-1.397104,4.000429,0.304510,-1.571604,1.365768,0.174500
81.340000,5.368062,0.268907,-1.397152,4.000419,0.292514,-1.571652,1.367847,0.174500
81.380000,5.369443,0.261030,-1.397183,4.000412,0.284517,-1.571683,1.369233,0.174500
81.440000,5.371515,0.249214,-1.397230,4.000401,0.272520,-1.571730,1.371313,0.174500
81.480000,5.372896,0.241337,-1.397262,4.000393,0.264523,-1.571762,1.372699,0.174500
81.540000,5.374968,0.229521,-1.397312,4.000381,0.242527,-1.571812,1.374648,0.174500
81.580000,5.376348,0.221643,-1.397347,4.000373,0.234529,-1.571847,1.376035,0.174500
81.640000,5.378418,0.209827,-1.397402,4.000360,0.222533,-1.571902,1.378116,0.174500
81.680000,5.379798,0.201949,-1.397439,4.000351,0.214535,-1.571939,1.379504,0.174500
81.740000,5.381866,0.190132,-1.397494,4.000337,0.202539,-1.571994,1.381585,0.174500
81.780000,5.383245,0.182254,-1.397531,4.000327,0.194541,-1.572031,1.382973,0.174500
81.840000,5.385313,0.170437,-1.397586,4.000312,0.182544,-1.572086,1.385054,0.174500
81.880000,5.386692,0.162559,-1.397623,4.000302,0.174546,-1.572123,1.386442,0.174500
81.940000,5.388759,0.150741,-1.397678,4.000286,0.162549,-1.572178,1.388523,0.174500
81.980000,5.390136,0.142862,-1.397715,4.000274,0.154551,-1.572215,1.389911,0.174500
82.040000,5.392202,0.131044,-1.397771,4.000257,0.142553,-1.572271,1.391993,0.174500
82.100000,5.393952,0.120989,-1.399618,4.000235,0.132348,-1.574118,1.393763,0.174500
82.140000,5.394834,0.115850,-1.402439,4.000211,0.127133,-1.576939,1.394669,0.174500
82.180000,5.395481,0.112001,-1.406572,4.000180,0.123231,-1.581072,1.395346,0.174500
82.240000,5.396052,0.108482,-1.415059,4.000132,0.119666,-1.589559,1.395965,0.174500
82.280000,5.396164,0.107756,-1.426522,4.000116,0.118947,-1.596876,1.396093,0.170354
82.340000,5.396164,0.107756,-1.435743,4.000116,0.118931,-1.610243,1.396093,0.174500
82.380000,5.396164,0.107756,-1.446244,4.000116,0.118931,-1.620744,1.396093,0.174500
82.440000,5.396164,0.107756,-1.464427,4.000116,0.118931,-1.638927,1.396093,0.174500
82.500000,5.396164,0.107756,-1.485475,4.000116,0.118931,-1.659975,1.396093,0.174500
82.540000,5.396164,0.107756,-1.501112,4.000116,0.118931,-1.675612,1.396093,0.174500
82.580000,5.396164,0.107756,-1.518044,4.000116,0.118931,-1.692544,1.396093,0.174500
82.640000,5.396164,0.107756,-1.545828,4.000116,0.118931,-1.720328,1.396093,0.174500
82.680000,5.396164,0.107756,-1.565961,4.000116,0.118931,-1.740461,1.396093,0.174500
82.740000,5.396164,0.107756,-1.598544,4.000116,0.118931,-1.773044,1.396093,0.174500
82.780000,5.396164,0.107756,-1.621845,4.000116,0.118931,-1.796345,1.396093,0.174500
82.840000,5.396164,0.107756,-1.659260,4.000116,0.118931,-1.833760,1.396093,0.174500
82.880000,5.396164,0.107756,-1.685793,4.000116,0.118931,-1.860293,1.396093,0.174500
82.940000,5.396164,0.107756,-1.727992,4.000994,0.118932,-1.899002,1.395215,0.171010
82.980000,5.396164,0.107756,-1.757757,4.000994,0.118932,-1.928767,1.395215,0.171010
83.040000,5.396164,0.107756,-1.804723,4.000994,0.118932,-1.975733,1.395215,0.171010
83.080000,5.396164,0.107756,-1.836723,4.000994,0.118932,-2.007733,1.395215,0.171010
83.140000,5.396164,0.107756,-1.884723,4.000994,0.118932,-2.055733,1.395215,0.171010
83.180000,5.396164,0.107756,-1.916723,4.000994,0.118932,-2.087733,1.395215,0.171010
83.240000,5.396164,0.107756,-1.964723,4.000994,0.118932,-2.135733,1.395215,0.171010
83.280000,5.396129,0.107678,-1.996648,4.000946,0.118861,-2.167658,1.395228,0.171010
83.340000,5.395520,0.106431,-2.043349,4.000133,0.117735,-2.214359,1.395432,0.171010
83.400000,5.394001,0.103630,-2.087459,3.998160,0.115234,-2.258469,1.395889,0.171010
83.440000,5.392418,0.100936,-2.115288,3.996142,0.112849,-2.286298,1.396327,0.171010
83.480000,5.390339,0.097608,-2.141896,3.993526,0.109923,-2.312906,1.396867,0.171010
83.540000,5.386224,0.091474,-2.179416,3.988428,0.104578,-2.350426,1.397858,0.171010
83.580000,5.380938,0.084172,-2.214056,3.984244,0.100447,-2.373839,1.396789,0.159783
83.640000,5.376915,0.078925,-2.235549,3.977119,0.093797,-2.406559,1.399875,0.171010
83.700000,5.370142,0.070552,-2.265389,3.969020,0.086699,-2.436399,1.401215,0.171010
83.740000,5.365213,0.064747,-2.283683,3.963175,0.081817,-2.454693,1.402142,0.171010
83.780000,5.360003,0.058825,-2.300698,3.957033,0.076868,-2.471708,1.403086,0.171010
83.840000,5.353143,0.051331,-2.324000,3.948998,0.070651,-2.495010,1.404278,0.171010
83.880000,5.349208,0.047192,-2.337987,3.944416,0.067242,-2.508997,1.404935,0.171010
83.940000,5.343202,0.041081,-2.356571,3.937457,0.062243,-2.527581,1.405904,0.171010
83.980000,5.339113,0.037041,-2.367547,3.932741,0.058957,-2.538557,1.406543,0.171010
84.040000,5.332871,0.031037,-2.383692,3.925568,0.054102,-2.554702,1.407492,0.171010
84.080000,5.328637,0.027073,-2.394387,3.920721,0.050917,-2.565397,1.408118,0.171010
84.140000,5.322181,0.021187,-2.410340,3.913358,0.046215,-2.581350,1.409046,0.171010
84.180000,5.317806,0.017303,-2.420915,3.908386,0.043133,-2.591925,1.409657,0.171010
84.240000,5.311136,0.011538,-2.436681,3.900831,0.038587,-2.607691,1.410564,0.171010
84.280000,5.306621,0.007737,-2.447126,3.895736,0.035610,-2.618136,1.411160,0.171010
84.340000,5.299746,0.002101,-2.462697,3.888002,0.031226,-2.633707,1.412044,0.171010
84.380000,5.292743,-0.003460,-2.478135,3.882781,0.028356,-2.644014,1.410320,0.165879
84.440000,5.288006,-0.007124,-2.488352,3.874863,0.024134,-2.659362,1.413488,0.171010
84.480000,5.283214,-0.010753,-2.498501,3.869523,0.021373,-2.669511,1.414055,0.171010
84.540000,5.275931,-0.016124,-2.513624,3.861433,0.017319,-2.684634,1.414894,0.171010
84.580000,5.271010,-0.019659,-2.523630,3.855982,0.014673,-2.694640,1.415444,0.171010
84.640000,5.263531,-0.024892,-2.538519,3.847721,0.010789,-2.709529,1.416259,0.171010
84.680000,5.258479,-0.028335,-2.548359,3.842158,0.008257,-2.719369,1.416794,0.171010
84.740000,5.250805,-0.033428,-2.562986,3.833728,0.004544,-2.733996,1.417585,0.171010
84.780000,5.245622,-0.036777,-2.572648,3.828052,0.002126,-2.743658,1.418105,0.171010
84.840000,5.237752,-0.041730,-2.586979,3.819453,-0.001416,-2.757989,1.418872,0.171010
84.880000,5.232442,-0.044985,-2.596441,3.813667,-0.003720,-2.767451,1.419375,0.171010
84.940000,5.224390,-0.049791,-2.610492,3.804914,-0.007086,-2.781502,1.420118,0.171010
84.980000,5.218961,-0.052946,-2.619765,3.799027,-0.009271,-2.790775,1.420605,0.171010
85.040000,5.210727,-0.057606,-2.633525,3.790120,-0.012461,-2.804535,1.421324,0.171010
85.080000,5.205178,-0.060662,-2.642596,3.784132,-0.014529,-2.813606,1.421794,0.171010
85.140000,5.196766,-0.065174,-2.656041,3.775076,-0.017542,-2.827051,1.422488,0.171010
85.180000,5.191100,-0.068131,-2.664896,3.768989,-0.019493,-2.835906,1.422943,0.171010
85.240000,5.182515,-0.072494,-2.678015,3.759787,-0.022331,-2.849025,1.423612,0.171010
85.280000,5.176735,-0.075352,-2.686646,3.753604,-0.024164,-2.857656,1.424051,0.171010
85.340000,5.167980,-0.079565,-2.699421,3.744260,-0.026826,-2.870431,1.424696,0.171010
85.380000,5.162088,-0.082324,-2.707820,3.737985,-0.028542,-2.878830,1.425119,0.171010
85.440000,5.153169,-0.086388,-2.720241,3.728504,-0.031029,-2.891251,1.425740,0.171010
85.480000,5.147169,-0.089048,-2.728398,3.722138,-0.032629,-2.899408,1.426147,0.171010
85.540000,5.138090,-0.092963,-2.740458,3.712526,-0.034942,-2.911468,1.426744,0.171010
85.580000,5.131986,-0.095524,-2.748375,3.706075,-0.036426,-2.919385,1.427135,0.171010
85.640000,5.122747,-0.099293,-2.760047,3.695560,-0.019408,-2.978521,1.429421,0.218474
85.680000,5.116334,-0.101838,-2.767317,3.676717,0.001700,-3.033255,1.443335,0.265938
85.740000,5.105910,-0.105877,-2.776024,3.655402,0.013095,-3.065694,1.455379,0.289670
85.780000,5.098648,-0.108638,-2.780242,3.647654,0.012523,-3.069912,1.456044,0.289670
85.840000,5.087715,-0.112742,-2.784198,3.636003,0.011712,-3.073868,1.457036,0.289670
85.880000,5.080410,-0.115464,-2.785711,3.628225,0.011190,-3.075381,1.457697,0.289670
85.940000,5.069440,-0.119528,-2.787827,3.616552,0.010429,-3.077497,1.458689,0.289670
85.980000,5.062119,-0.122226,-2.789198,3.608766,0.009935,-3.078868,1.459350,0.289670
86.040000,5.051129,-0.126255,-2.791222,3.597083,0.009213,-3.080892,1.460343,0.289670
86.080000,5.043796,-0.128929,-2.792554,3.589291,0.008744,-3.082224,1.461006,0.289670
86.140000,5.032786,-0.132924,-2.794530,3.577599,0.008061,-3.084200,1.462001,0.289670
86.180000,5.025440,-0.135576,-2.795832,3.569801,0.007618,-3.085502,1.462665,0.289670
86.240000,5.014410,-0.139537,-2.797762,3.558100,0.006972,-3.087432,1.463662,0.289670
86.300000,5.003368,-0.143478,-2.799659,3.546392,0.006349,-3.089329,1.464660,0.289670
86.340000,4.996001,-0.146096,-2.800907,3.538583,0.005945,-3.090577,1.465326,0.289670
86.380000,4.988628,-0.148704,-2.802141,3.530773,0.005551,-3.091811,1.465993,0.289670
86.440000,4.977560,-0.152601,-2.803971,3.519053,0.004978,-3.093641,1.466995,0.289670
86.480000,4.970174,-0.155189,-2.805173,3.511236,0.004608,-3.094843,1.467664,0.289670
86.540000,4.959087,-0.159055,-2.806950,3.499506,0.004069,-3.096620,1.468668,0.289670
86.580000,4.951689,-0.161623,-2.808118,3.491683,0.003722,-3.097788,1.469339,0.289670
86.640000,4.940530,-0.165478,-2.809719,3.478670,0.004401,-3.130799,1.471698,0.321080
86.680000,4.932976,-0.168079,-2.810153,3.470680,0.004317,-3.131233,1.472422,0.321080
86.740000,4.921640,-0.171978,-2.810395,3.458693,0.004194,-3.131475,1.473516,0.321080
86.780000,4.914082,-0.174577,-2.810477,3.450701,0.004114,-3.131557,1.474250,0.321080
86.840000,4.902745,-0.178473,-2.810574,3.438714,0.003994,-3.131654,1.475358,0.321080
86.900000,4.891409,-0.182369,-2.810667,3.426728,0.003875,-3.131747,1.476474,0.321080
86.940000,4.883852,-0.184965,-2.810732,3.418738,0.003797,-3.131812,1.477224,0.321080
86.980000,4.876295,-0.187560,-2.810799,3.410748,0.003719,-3.131879,1.477977,0.321080
87.040000,4.864960,-0.191452,-2.810905,3.398764,0.003603,-3.131985,1.479113,0.321080
87.080000,4.857404,-0.194046,-2.810979,3.390776,0.003527,-3.132059,1.479876,0.321080
87.140000,4.846070,-0.197935,-2.811095,3.378793,0.003413,-3.132175,1.481027,0.321080
87.180000,4.838514,-0.200527,-2.811175,3.370805,0.003338,-3.132255,1.481799,0.321080
87.240000,4.827180,-0.204414,-2.811300,3.358824,0.003227,-3.132380,1.482964,0.321080
87.280000,4.819624,-0.207004,-2.811386,3.350837,0.003154,-3.132466,1.483746,0.321080
87.340000,4.808290,-0.210888,-2.811518,3.338857,0.003045,-3.132598,1.484925,0.321080
87.380000,4.800734,-0.213476,-2.811609,3.330870,0.002974,-3.132689,1.485716,0.321080
87.440000,4.789401,-0.217357,-2.811749,3.318891,0.002868,-3.132829,1.486909,0.321080
87.480000,4.781845,-0.219943,-2.811844,3.310905,0.002798,-3.132924,1.487709,0.321080
87.540000,4.770566,-0.223803,-2.811871,3.298906,0.005156,3.118824,1.489364,0.352490
87.580000,4.763141,-0.226346,-2.811220,3.291060,0.005332,3.119476,1.490200,0.352490
87.640000,4.752005,-0.230173,-2.809826,3.279287,0.005584,3.120869,1.491469,0.352490
87.680000,4.744582,-0.232735,-2.808835,3.271436,0.005743,3.121860,1.492324,0.352490
87.740000,4.733446,-0.236593,-2.807353,3.259653,0.005967,3.123342,1.493620,0.352490
87.800000,4.722309,-0.240469,-2.805906,3.247862,0.006174,3.124789,1.494933,0.352490
87.840000,4.714883,-0.243064,-2.804970,3.239997,0.006302,3.125725,1.495818,0.352490
87.880000,4.707457,-0.245666,-2.804054,3.232129,0.006423,3.126642,1.496710,0.352490
87.940000,4.696317,-0.249585,-2.802716,3.220322,0.006592,3.127979,1.498062,0.352490
87.980000,4.688890,-0.252206,-2.801850,3.212446,0.006696,3.128846,1.498972,0.352490
88.040000,4.677748,-0.256152,-2.800589,3.200627,0.006839,3.130106,1.500350,0.352490
88.080000,4.670319,-0.258792,-2.799775,3.192744,0.006926,3.130920,1.501278,0.352490
88.140000,4.659175,-0.262764,-2.798591,3.180913,0.007045,3.132104,1.502683,0.352490
88.180000,4.651744,-0.265421,-2.797826,3.173022,0.007117,3.132869,1.503628,0.352490
88.240000,4.640597,-0.269419,-2.796716,3.161229,0.016275,3.131187,1.506702,0.355282
88.280000,4.633227,-0.272070,-2.795806,3.153412,0.025451,3.129305,1.509427,0.358074
88.340000,4.622341,-0.276004,-2.793598,3.141833,0.030152,3.130117,1.511832,0.359470
88.380000,4.615132,-0.278627,-2.791606,3.134162,0.030232,3.132109,1.512834,0.359470
88.440000,4.604316,-0.282594,-2.788449,3.122641,0.030323,3.135266,1.514357,0.359470
88.480000,4.597102,-0.285262,-2.786360,3.114950,0.030364,3.137355,1.515385,0.359470
88.540000,4.586276,-0.289297,-2.783309,3.103397,0.030395,3.140406,1.516949,0.359470
88.580000,4.579055,-0.292009,-2.781342,3.095684,0.030396,-3.140812,1.518004,0.359470
88.640000,4.568218,-0.296109,-2.778500,3.084096,0.030371,-3.137970,1.519607,0.359470
88.680000,4.560988,-0.298863,-2.776678,3.076360,0.030336,-3.136148,1.520688,0.359470
88.740000,4.550139,-0.303025,-2.774052,3.064740,0.030257,-3.133522,1.522329,0.359470
88.780000,4.542901,-0.305818,-2.772371,3.056983,0.030188,-3.131841,1.523435,0.359470
88.840000,4.532040,-0.310036,-2.769954,3.045332,0.030060,-3.129424,1.525112,0.359470
88.880000,4.524794,-0.312867,-2.768413,3.037553,0.029959,-3.127883,1.526242,0.359470
88.940000,4.513919,-0.317139,-2.766207,3.025870,0.029786,-3.125677,1.527955,0.359470
88.980000,4.506665,-0.320003,-2.764802,3.018073,0.029657,-3.124272,1.529107,0.359470
89.040000,4.495780,-0.324323,-2.762784,3.006364,0.029442,-3.122254,1.530853,0.359470
89.080000,4.488519,-0.327219,-2.761500,2.998548,0.029286,-3.120970,1.532028,0.359470
89.140000,4.477620,-0.331585,-2.759670,2.986810,0.029033,-3.119140,1.533806,0.359470
89.180000,4.470349,-0.334510,-2.758522,2.978975,0.028852,-3.117992,1.535002,0.359470
89.240000,4.459440,-0.338917,-2.756874,2.967213,0.028565,-3.116344,1.536810,0.359470
89.280000,4.452163,-0.341868,-2.755829,2.959363,0.028362,-3.115299,1.538026,0.359470
89.340000,4.441242,-0.346312,-2.754347,2.947577,0.028044,-3.113817,1.539864,0.359470
89.380000,4.433958,-0.349287,-2.753412,2.939711,0.027821,-3.112882,1.541098,0.359470
89.440000,4.423025,-0.353766,-2.752091,2.927901,0.027474,-3.111561,1.542964,0.359470
89.500000,4.412085,-0.358265,-2.750866,2.916078,0.027112,-3.110336,1.544847,0.359470
89.540000,4.404788,-0.361274,-2.750101,2.908189,0.026862,-3.109571,1.546111,0.359470
89.580000,4.397486,-0.364291,-2.749382,2.900293,0.026606,-3.108852,1.547381,0.359470
89.640000,4.386529,-0.368830,-2.748373,2.888439,0.026212,-3.107843,1.549300,0.359470
89.680000,4.379221,-0.371864,-2.747748,2.880530,0.025942,-3.107218,1.550588,0.359470
89.740000,4.368253,-0.376428,-2.746877,2.868658,0.025529,-3.106347,1.552531,0.359470
89.780000,4.360937,-0.379478,-2.746340,2.860737,0.025247,-3.105810,1.553835,0.359470
89.840000,4.349956,-0.384064,-2.745605,2.848845,0.024817,-3.105075,1.555802,0.359470
89.880000,4.342632,-0.387128,-2.745160,2.840911,0.024526,-3.104630,1.557121,0.359470
89.940000,4.331640,-0.391733,-2.744551,2.829001,0.024082,-3.104021,1.559110,0.359470
89.980000,4.324308,-0.394809,-2.744186,2.821057,0.023781,-3.103656,1.560443,0.359470
90.040000,4.313305,-0.399431,-2.743695,2.809131,0.023326,-3.103165,1.562454,0.359470
90.080000,4.305964,-0.402517,-2.743414,2.801173,0.023019,-3.102884,1.563802,0.359470
90.140000,4.294950,-0.407153,-2.743043,2.789232,0.022554,-3.102513,1.565833,0.359470
90.180000,4.287603,-0.410248,-2.742825,2.781267,0.022242,-3.102295,1.567194,0.359470
90.240000,4.276578,-0.414895,-2.742547,2.769312,0.021770,-3.102017,1.569245,0.359470
90.280000,4.269225,-0.417996,-2.742394,2.761337,0.021453,-3.101864,1.570618,0.359470
90.340000,4.258189,-0.422653,-2.742212,2.749369,0.020977,-3.101682,1.572688,0.359470
90.380000,4.250828,-0.425760,-2.742122,2.741385,0.020657,-3.101592,1.574073,0.359470
90.440000,4.239781,-0.430424,-2.742034,2.729403,0.020177,-3.101504,1.576161,0.359470
90.480000,4.232413,-0.433536,-2.742004,2.721412,0.019857,-3.101474,1.577558,0.359470
90.540000,4.221361,-0.438203,-2.741999,2.709424,0.019375,-3.101469,1.579662,0.359470
90.580000,4.213996,-0.441313,-2.742022,2.701436,0.019055,-3.101492,1.581068,0.359470
90.640000,4.202954,-0.445976,-2.742094,2.689459,0.018575,-3.101564,1.583185,0.359470
90.680000,4.195595,-0.449083,-2.742166,2.681478,0.018255,-3.101636,1.584599,0.359470
90.740000,4.184562,-0.453739,-2.742313,2.669512,0.017778,-3.101783,1.586728,0.359470
90.800000,4.173532,-0.458392,-2.742497,2.657550,0.017302,-3.101967,1.588863,0.359470
90.840000,4.166181,-0.461491,-2.742640,2.649579,0.016987,-3.102110,1.590290,0.359470
90.880000,4.158832,-0.464589,-2.742800,2.641610,0.016673,-3.102270,1.591721,0.359470
90.940000,4.147811,-0.469231,-2.743068,2.629660,0.016204,-3.102538,1.593872,0.359470
90.980000,4.140465,-0.472323,-2.743265,2.621696,0.015894,-3.102735,1.595310,0.359470
91.040000,4.129449,-0.476957,-2.743589,2.609754,0.015431,-3.103059,1.597473,0.359470
91.080000,4.122105,-0.480043,-2.743820,2.601794,0.015125,-3.103290,1.598918,0.359470
91.140000,4.111142,-0.484647,-2.744339,2.599965,0.003260,-3.100319,1.587989,0.355980
91.180000,4.103911,-0.487678,-2.745162,2.592131,0.002940,-3.101142,1.589397,0.355980
91.240000,4.093057,-0.492212,-2.746675,2.580378,0.002473,-3.102655,1.591512,0.355980
91.280000,4.085815,-0.495226,-2.747732,2.572540,0.002171,-3.103712,1.592924,0.355980
91.340000,4.074944,-0.499734,-2.749317,2.560778,0.001735,-3.105297,1.595045,0.355980
91.380000,4.067689,-0.502730,-2.750361,2.552934,0.001454,-3.106341,1.596460,0.355980
91.440000,4.056798,-0.507213,-2.751901,2.541164,0.001048,-3.107881,1.598586,0.355980
91.480000,4.049531,-0.510193,-2.752909,2.533314,0.000788,-3.108889,1.600005,0.355980
91.540000,4.038621,-0.514652,-2.754395,2.521534,0.000411,-3.110375,1.602137,0.355980
91.580000,4.031341,-0.517616,-2.755366,2.513677,0.000169,-3.111346,1.603560,0.355980
91.640000,4.020412,-0.522051,-2.756793,2.501888,-0.000179,-3.112773,1.605698,0.355980
91.680000,4.013120,-0.525001,-2.757726,2.494025,-0.000402,-3.113706,1.607126,0.355980
91.740000,4.002173,-0.529413,-2.759106,2.482227,-0.000723,-3.115086,1.609270,0.355980
91.780000,3.994870,-0.532348,-2.760022,2.474358,-0.000928,-3.116002,1.610702,0.355980
91.840000,3.983905,-0.536738,-2.761394,2.462551,-0.001222,-3.117374,1.612853,0.355980
91.900000,3.972930,-0.541116,-2.762766,2.450739,-0.001500,-3.118746,1.615008,0.355980
91.940000,3.965608,-0.544026,-2.763681,2.442861,-0.001676,-3.119661,1.616447,0.355980
91.980000,3.958281,-0.546931,-2.764596,2.434981,-0.001845,-3.120576,1.617888,0.355980
92.040000,3.947282,-0.551277,-2.765969,2.423157,-0.002086,-3.121949,1.620052,0.355980
92.080000,3.939944,-0.554167,-2.766885,2.415272,-0.002237,-3.122865,1.621497,0.355980
92.140000,3.928928,-0.558491,-2.768259,2.403440,-0.002451,-3.124239,1.623667,0.355980
92.180000,3.921578,-0.561366,-2.769175,2.395549,-0.002584,-3.125155,1.625116,0.355980
92.240000,3.910545,-0.565667,-2.770550,2.383708,-0.002771,-3.126530,1.627293,0.355980
92.280000,3.903183,-0.568528,-2.771467,2.375811,-0.002886,-3.127447,1.628747,0.355980
92.340000,3.892133,-0.572806,-2.772843,2.363963,-0.003045,-3.128823,1.630930,0.355980
92.380000,3.884760,-0.575652,-2.773761,2.356061,-0.003143,-3.129741,1.632388,0.355980
92.440000,3.873693,-0.579908,-2.775137,2.344204,-0.003275,-3.131117,1.634577,0.355980
92.480000,3.866309,-0.582738,-2.776056,2.336296,-0.003354,-3.132036,1.636039,0.355980
92.540000,3.855239,-0.586966,-2.777498,2.324492,-0.004866,-3.129988,1.637690,0.352490
92.580000,3.847876,-0.589767,-2.778669,2.316614,-0.004952,-3.131159,1.639137,0.352490
92.640000,3.836821,-0.593953,-2.780559,2.304794,-0.005065,-3.133049,1.641309,0.352490
92.680000,3.829444,-0.596733,-2.781848,2.296910,-0.005127,-3.134338,1.642759,0.352490
92.740000,3.818366,-0.600888,-2.783796,2.285079,-0.005201,-3.136286,1.644934,0.352490
92.780000,3.810972,-0.603646,-2.785098,2.277188,-0.005238,-3.137588,1.646386,0.352490
92.840000,3.799870,-0.607769,-2.787053,2.265346,-0.005274,-3.139543,1.648565,0.352490
92.880000,3.792461,-0.610506,-2.788357,2.257447,-0.005285,-3.140847,1.650018,0.352490
92.940000,3.781335,-0.614595,-2.790315,2.245593,-0.005282,3.140381,1.652200,0.352490
93.000000,3.770195,-0.618666,-2.792273,2.233733,-0.005256,3.138422,1.654384,0.352490
93.040000,3.762760,-0.621369,-2.793580,2.225822,-0.005226,3.137115,1.655841,0.352490
93.080000,3.755319,-0.624062,-2.794887,2.217908,-0.005185,3.135808,1.657299,0.352490
93.140000,3.744146,-0.628087,-2.796849,2.206033,-0.005105,3.133847,1.659487,0.352490
93.180000,3.736689,-0.630759,-2.798157,2.198112,-0.005038,3.132538,1.660947,0.352490
93.240000,3.725492,-0.634751,-2.800120,2.186225,-0.004919,3.130575,1.663139,0.352490
93.280000,3.718019,-0.637401,-2.801430,2.178297,-0.004827,3.129265,1.664601,0.352490
93.340000,3.706799,-0.641360,-2.803396,2.166400,-0.004668,3.127300,1.666795,0.352490
93.380000,3.699310,-0.643988,-2.804707,2.158464,-0.004550,3.125989,1.668259,0.352490
93.440000,3.688066,-0.647914,-2.806674,2.146556,-0.004352,3.124021,1.670457,0.352490
93.480000,3.680560,-0.650521,-2.807834,2.138611,-0.004207,3.122861,1.671923,0.352490
93.540000,3.669299,-0.654423,-2.808079,2.126696,-0.003982,3.122616,1.674126,0.352490
93.580000,3.661795,-0.657023,-2.807880,2.118755,-0.003832,3.122815,1.675599,0.352490
93.640000,3.650539,-0.660928,-2.807450,2.106843,-0.003610,3.123245,1.677815,0.352490
93.680000,3.643036,-0.663534,-2.807136,2.098902,-0.003466,3.123559,1.679298,0.352490
93.740000,3.631781,-0.667448,-2.806653,2.086988,-0.003254,3.124042,1.681529,0.352490
93.780000,3.624278,-0.670061,-2.806329,2.079044,-0.003116,3.124366,1.683023,0.352490
93.840000,3.613024,-0.673985,-2.805842,2.067127,-0.002913,3.124853,1.685270,0.352490
93.880000,3.605522,-0.676605,-2.805517,2.059182,-0.002782,3.125178,1.686774,0.352490
93.940000,3.594370,-0.680504,-2.804907,2.017428,0.021373,3.115760,1.726088,0.362518
93.980000,3.587110,-0.683050,-2.803543,2.009737,0.021567,3.117124,1.727597,0.362518
94.040000,3.576227,-0.686892,-2.800782,1.998198,0.021834,3.119885,1.729875,0.362518
94.080000,3.568973,-0.689473,-2.798812,1.990501,0.021994,3.121855,1.731404,0.362518
94.140000,3.558090,-0.693375,-2.795851,1.978941,0.022205,3.124815,1.733714,0.362518
94.180000,3.550832,-0.695997,-2.793920,1.971225,0.022327,3.126747,1.735266,0.362518
94.240000,3.539940,-0.699962,-2.791110,1.959635,0.022482,3.129557,1.737610,0.362518
94.280000,3.532676,-0.702625,-2.789297,1.951899,0.022568,3.131370,1.739184,0.362518
94.340000,3.521776,-0.706648,-2.786670,1.940280,0.022672,3.133997,1.741562,0.362518
94.380000,3.514506,-0.709350,-2.784980,1.932525,0.022724,3.135687,1.743157,0.362518
94.440000,3.503597,-0.713429,-2.782533,1.920878,0.022779,3.138134,1.745566,0.362518
94.480000,3.496322,-0.716166,-2.780963,1.913105,0.022799,3.139704,1.747182,0.362518
94.540000,3.485402,-0.720298,-2.778698,1.901430,0.022808,-3.141216,1.749622,0.362518
94.580000,3.478121,-0.723069,-2.777247,1.893639,0.022799,-3.139765,1.751258,0.362518
94.640000,3.467194,-0.727250,-2.775152,1.881940,0.022766,-3.137670,1.753726,0.362518
94.680000,3.459907,-0.730052,-2.773808,1.874132,0.022730,-3.136326,1.755381,0.362518
94.740000,3.448971,-0.734278,-2.771874,1.862409,0.022657,-3.134393,1.757877,0.362518
94.780000,3.441677,-0.737110,-2.770642,1.854584,0.022596,-3.133161,1.759550,0.362518
94.840000,3.430732,-0.741378,-2.768874,1.842838,0.022486,-3.131392,1.762072,0.362518
94.880000,3.423433,-0.744237,-2.767744,1.834999,0.022402,-3.130262,1.763762,0.362518
94.940000,3.412479,-0.748545,-2.766130,1.823229,0.022259,-3.128649,1.766311,0.362518
94.980000,3.405172,-0.751429,-2.765107,1.815374,0.022153,-3.127625,1.768018,0.362518
95.040000,3.394210,-0.755772,-2.763636,1.803584,0.021979,-3.126154,1.770590,0.362518
95.080000,3.386898,-0.758679,-2.762701,1.795717,0.021854,-3.125220,1.772312,0.362518
95.140000,3.375926,-0.763056,-2.761373,1.783906,0.021653,-3.123891,1.774908,0.362518
95.200000,3.364949,-0.767451,-2.760125,1.772084,0.021436,-3.122643,1.777516,0.362518
95.240000,3.357628,-0.770391,-2.759339,1.764195,0.021284,-3.121857,1.779263,0.362518
95.280000,3.350304,-0.773339,-2.758585,1.756303,0.021125,-3.121104,1.781015,0.362518
95.340000,3.339321,-0.777771,-2.757499,1.744697,0.018973,-3.126997,1.782590,0.369498
95.380000,3.332006,-0.780731,-2.756760,1.736806,0.018855,-3.126258,1.784377,0.369498
95.440000,3.321028,-0.785184,-2.755680,1.724960,0.018667,-3.125179,1.787067,0.369498
95.480000,3.313707,-0.788161,-2.754993,1.717058,0.018534,-3.124492,1.788867,0.369498
95.540000,3.302722,-0.792639,-2.754013,1.705198,0.018325,-3.123512,1.791577,0.369498
95.580000,3.295396,-0.795633,-2.753396,1.697285,0.018180,-3.122894,1.793391,0.369498
95.640000,3.284403,-0.800134,-2.752526,1.685408,0.017953,-3.122024,1.796121,0.369498
95.680000,3.277072,-0.803142,-2.751983,1.677485,0.017795,-3.121481,1.797947,0.369498
95.740000,3.266071,-0.807664,-2.751216,1.665594,0.017552,-3.120714,1.800696,0.369498
95.780000,3.258735,-0.810685,-2.750738,1.657662,0.017384,-3.120236,1.802535,0.369498
95.840000,3.247727,-0.815225,-2.750069,1.645758,0.017126,-3.119567,1.805301,0.369498
95.880000,3.240386,-0.818257,-2.749655,1.637817,0.016949,-3.119153,1.807152,0.369498
95.940000,3.229369,-0.822814,-2.749083,1.625898,0.016678,-3.118581,1.809936,0.369498
95.980000,3.222023,-0.825857,-2.748732,1.617948,0.016494,-3.118230,1.811798,0.369498
96.040000,3.210999,-0.830429,-2.748246,1.606018,0.016212,-3.117744,1.814598,0.369498
96.080000,3.203648,-0.833481,-2.747949,1.598060,0.016021,-3.117448,1.816470,0.369498
96.140000,3.192617,-0.838065,-2.747546,1.586118,0.015730,-3.117045,1.819286,0.369498
96.180000,3.185260,-0.841125,-2.747305,1.578153,0.015534,-3.116803,1.821169,0.369498
96.240000,3.174222,-0.845720,-2.746980,1.566200,0.015235,-3.116479,1.824000,0.369498
96.280000,3.166861,-0.848786,-2.746789,1.558228,0.015034,-3.116287,1.825892,0.369498
96.340000,3.155815,-0.853390,-2.746539,1.546265,0.014730,-3.116037,1.828738,0.369498
96.380000,3.148448,-0.856463,-2.746395,1.538286,0.014525,-3.115893,1.830640,0.369498
96.440000,3.137395,-0.861075,-2.746215,1.526313,0.014216,-3.115713,1.833499,0.369498
96.480000,3.130023,-0.864152,-2.746117,1.518328,0.014009,-3.115616,1.835410,0.369498
96.540000,3.118963,-0.868770,-2.746001,1.506346,0.013697,-3.115499,1.838282,0.369498
96.580000,3.111586,-0.871851,-2.745944,1.498355,0.013489,-3.115443,1.840201,0.369498
96.640000,3.100519,-0.876474,-2.745888,1.488539,0.012607,-3.113293,1.840908,0.367404
96.680000,3.093146,-0.879554,-2.745903,1.482715,0.011805,-3.111213,1.840654,0.365310
96.740000,3.082114,-0.884161,-2.746101,1.471843,0.011146,-3.110364,1.842429,0.364263
96.780000,3.074768,-0.887227,-2.746335,1.463888,0.010898,-3.110599,1.844333,0.364263
96.840000,3.063751,-0.891821,-2.746746,1.451956,0.010531,-3.111009,1.847192,0.364263
96.900000,3.052734,-0.896409,-2.747188,1.440027,0.010168,-3.111452,1.850055,0.364263
96.940000,3.045389,-0.899465,-2.747493,1.432075,0.009930,-3.111756,1.851966,0.364263
96.980000,3.038043,-0.902518,-2.747804,1.424124,0.009694,-3.112068,1.853878,0.364263
97.040000,3.027025,-0.907093,-2.748281,1.412199,0.009344,-3.112545,1.856750,0.364263
97.080000,3.019679,-0.910140,-2.748606,1.404250,0.009115,-3.112869,1.858666,0.364263
97.140000,3.008659,-0.914705,-2.749101,1.392326,0.008775,-3.113365,1.861544,0.364263
97.180000,3.001312,-0.917745,-2.749437,1.384378,0.008552,-3.113700,1.863465,0.364263
97.240000,2.990290,-0.922300,-2.749947,1.372457,0.008223,-3.114210,1.866348,0.364263
97.280000,2.982942,-0.925333,-2.750291,1.364510,0.008006,-3.114555,1.868273,0.364263
97.340000,2.971918,-0.929878,-2.750814,1.352590,0.007687,-3.115077,1.871163,0.364263
97.380000,2.964567,-0.932905,-2.751166,1.344644,0.007478,-3.115429,1.873091,0.364263
97.440000,2.953540,-0.937439,-2.751698,1.332725,0.007169,-3.115961,1.875987,0.364263
97.480000,2.946188,-0.940459,-2.752055,1.324779,0.006967,-3.116318,1.877920,0.364263
97.540000,2.935158,-0.944984,-2.752594,1.312861,0.006669,-3.116857,1.880822,0.364263
97.580000,2.927803,-0.947997,-2.752955,1.304915,0.006473,-3.117218,1.882758,0.364263
97.640000,2.916770,-0.952511,-2.753499,1.292997,0.006186,-3.117762,1.885666,0.364263
97.680000,2.909412,-0.955517,-2.753862,1.285052,0.005998,-3.118125,1.887607,0.364263
97.740000,2.898375,-0.960022,-2.754408,1.273134,0.005722,-3.118672,1.890521,0.364263
97.780000,2.891015,-0.963021,-2.754773,1.265188,0.005541,-3.119037,1.892465,0.364263
97.840000,2.879974,-0.967515,-2.755320,1.253270,0.005275,-3.119584,1.895385,0.364263
97.880000,2.872611,-0.970508,-2.755685,1.245325,0.005102,-3.119948,1.897334,0.364263
97.940000,2.861565,-0.974992,-2.756231,1.233406,0.004847,-3.120494,1.900260,0.364263
97.980000,2.854200,-0.977978,-2.756594,1.225460,0.004681,-3.120857,1.902213,0.364263
98.040000,2.843150,-0.982453,-2.757137,1.213541,0.004437,-3.121401,1.905145,0.364263
98.080000,2.835781,-0.985432,-2.757498,1.205594,0.004278,-3.121762,1.907102,0.364263
98.140000,2.824748,-0.989888,-2.758102,1.188381,-0.000849,-3.120621,1.912039,0.362518
98.180000,2.817425,-0.992840,-2.758709,1.180487,-0.001012,-3.121227,1.913972,0.362518
98.240000,2.806434,-0.997260,-2.759728,1.168643,-0.001248,-3.122247,1.916873,0.362518
98.300000,2.795436,-1.001671,-2.760765,1.156795,-0.001471,-3.123284,1.919776,0.362518
98.340000,2.788098,-1.004605,-2.761446,1.148894,-0.001613,-3.123964,1.921714,0.362518
98.380000,2.780757,-1.007536,-2.762117,1.140991,-0.001749,-3.124635,1.923653,0.362518
98.440000,2.769740,-1.011923,-2.763101,1.129134,-0.001945,-3.125620,1.926563,0.362518
98.480000,2.762390,-1.014843,-2.763743,1.121226,-0.002068,-3.126261,1.928505,0.362518
98.540000,2.751359,-1.019216,-2.764681,1.109361,-0.002245,-3.127200,1.931421,0.362518
98.580000,2.744000,-1.022126,-2.765292,1.101449,-0.002356,-3.127810,1.933366,0.362518
98.640000,2.732956,-1.026484,-2.766185,1.089577,-0.002515,-3.128703,1.936287,0.362518
98.700000,2.721905,-1.030834,-2.767051,1.077702,-0.002662,-3.129570,1.939211,0.362518
98.740000,2.714533,-1.033729,-2.767614,1.069782,-0.002755,-3.130132,1.941163,0.362518
98.780000,2.707158,-1.036621,-2.768164,1.061861,-0.002844,-3.130682,1.943116,0.362518
98.840000,2.696090,-1.040953,-2.768967,1.049976,-0.002969,-3.131486,1.946048,0.362518
98.880000,2.688707,-1.043836,-2.769488,1.042050,-0.003047,-3.132006,1.948004,0.362518
98.940000,2.677627,-1.048156,-2.770247,1.030158,-0.003156,-3.132765,1.950943,0.362518
99.000000,2.666540,-1.052469,-2.770980,1.018263,-0.003257,-3.133498,1.953884,0.362518
99.040000,2.659145,-1.055340,-2.771454,1.010330,-0.003319,-3.133973,1.955847,0.362518
99.080000,2.651748,-1.058208,-2.771919,1.002396,-0.003378,-3.134437,1.957812,0.362518
99.140000,2.640646,-1.062506,-2.772594,0.990492,-0.003459,-3.135113,1.960762,0.362518
99.180000,2.633242,-1.065367,-2.773031,0.982554,-0.003509,-3.135550,1.962731,0.362518
99.240000,2.622130,-1.069655,-2.773670,0.970644,-0.003577,-3.136189,1.965687,0.362518
99.280000,2.614721,-1.072509,-2.774096,0.962704,-0.003618,-3.136615,1.967660,0.362518
99.340000,2.603604,-1.076785,-2.774735,0.950794,-0.003674,-3.137254,1.970621,0.362518
99.380000,2.592485,-1.081053,-2.775374,0.942854,-0.003706,-3.137680,1.970269,0.362305
99.440000,2.585071,-1.083895,-2.775801,0.932793,-0.005203,-3.139017,1.973220,0.363216
99.480000,2.577654,-1.086734,-2.776218,0.926700,-0.006669,-3.140132,1.972863,0.363914
99.540000,2.566539,-1.090982,-2.776877,0.915724,-0.007402,-3.141140,1.974673,0.364263
99.580000,2.559130,-1.093808,-2.777353,0.907795,-0.007404,3.141569,1.976660,0.364263
99.640000,2.548011,-1.098043,-2.778063,0.895897,-0.007399,3.140859,1.979643,0.364263
99.680000,2.540594,-1.100863,-2.778523,0.887962,-0.007392,3.140399,1.981634,0.364263
99.740000,2.529462,-1.105088,-2.779185,0.876055,-0.007374,3.139737,1.984624,0.364263
99.780000,2.522037,-1.107901,-2.779609,0.868114,-0.007357,3.139313,1.986619,0.364263
99.840000,2.510893,-1.112117,-2.780219,0.856200,-0.007326,3.138703,1.989616,0.364263
99.880000,2.503460,-1.114925,-2.780606,0.848254,-0.007302,3.138316,1.991616,0.364263
99.940000,2.492305,-1.119133,-2.781161,0.836332,-0.007259,3.137761,1.994620,0.364263
99.980000,2.484865,-1.121935,-2.781515,0.828382,-0.007228,3.137407,1.996625,0.364263
100.040000,2.473700,-1.126136,-2.782021,0.816452,-0.007175,3.136901,1.999636,0.364263
100.080000,2.466253,-1.128934,-2.782341,0.808497,-0.007136,3.136581,2.001645,0.364263
100.140000,2.455077,-1.133128,-2.782799,0.796561,-0.007073,3.136123,2.004663,0.364263
100.180000,2.447624,-1.135921,-2.783088,0.788602,-0.007029,3.135834,2.006678,0.364263
100.240000,2.436440,-1.140110,-2.783499,0.776659,-0.006957,3.135423,2.009703,0.364263
100.280000,2.428981,-1.142900,-2.783758,0.768695,-0.006907,3.135164,2.011722,0.364263
100.340000,2.417788,-1.147083,-2.784125,0.756746,-0.006828,3.134797,2.014755,0.364263
100.380000,2.410323,-1.149870,-2.784354,0.748778,-0.006773,3.134567,2.016780,0.364263
100.440000,2.399121,-1.154049,-2.784678,0.736823,-0.006687,3.134244,2.019821,0.364263
100.480000,2.391652,-1.156834,-2.784881,0.728851,-0.006628,3.134041,2.021850,0.364263
100.540000,2.380443,-1.161009,-2.785166,0.716891,-0.006536,3.133756,2.024898,0.364263
100.580000,2.372969,-1.163791,-2.785343,0.708916,-0.006473,3.133578,2.026933,0.364263
100.640000,2.361753,-1.167963,-2.785591,0.696950,-0.006375,3.133331,2.029989,0.364263
100.680000,2.354274,-1.170743,-2.785744,0.688971,-0.006309,3.133178,2.032029,0.364263
100.740000,2.343053,-1.174913,-2.785955,0.677000,-0.006207,3.132966,2.035093,0.364263
100.780000,2.335570,-1.177691,-2.786085,0.669018,-0.006137,3.132837,2.037138,0.364263
100.840000,2.324342,-1.181859,-2.786263,0.657045,-0.005763,3.131961,2.040364,0.364961
100.880000,2.316852,-1.184638,-2.786359,0.649056,-0.005410,3.131167,2.042577,0.365659
100.940000,2.305606,-1.188809,-2.786430,0.637062,-0.005143,3.130747,2.045753,0.366008
100.980000,2.298107,-1.191591,-2.786433,0.629065,-0.005056,3.130744,2.047820,0.366008
101.040000,2.286861,-1.195762,-2.786412,0.617070,-0.004926,3.130765,2.050924,0.366008
101.080000,2.279364,-1.198542,-2.786387,0.609075,-0.004840,3.130790,2.052996,0.366008
101.140000,2.268120,-1.202713,-2.786339,0.597083,-0.004710,3.130838,2.056107,0.366008
101.180000,2.260626,-1.205494,-2.786301,0.589090,-0.004624,3.130876,2.058184,0.366008
101.240000,2.249385,-1.209665,-2.786236,0.577101,-0.004496,3.130941,2.061302,0.366008
101.280000,2.241891,-1.212446,-2.786187,0.569108,-0.004411,3.130990,2.063383,0.366008
101.340000,2.230653,-1.216618,-2.786105,0.557122,-0.004285,3.131072,2.066509,0.366008
101.380000,2.223162,-1.219400,-2.786046,0.549131,-0.004201,3.131131,2.068595,0.366008
101.440000,2.211926,-1.223572,-2.785951,0.537146,-0.004076,3.131226,2.071729,0.366008
101.500000,2.200691,-1.227746,-2.785849,0.525162,-0.003953,3.131328,2.074866,0.366008
101.540000,2.193202,-1.230529,-2.785776,0.517173,-0.003871,3.131401,2.076960,0.366008
101.580000,2.185714,-1.233312,-2.785701,0.509184,-0.003790,3.131476,2.079057,0.366008
101.640000,2.174482,-1.237488,-2.785582,0.497202,-0.003669,3.131594,2.082205,0.366008
101.700000,2.163252,-1.241665,-2.785459,0.485221,-0.003550,3.131718,2.085358,0.366008
101.740000,2.155765,-1.244450,-2.785375,0.477233,-0.003472,3.131802,2.087462,0.366008
101.780000,2.148278,-1.247236,-2.785291,0.469245,-0.003394,3.131886,2.089569,0.366008
101.840000,2.137048,-1.251417,-2.785165,0.457262,-0.003278,3.132012,2.092733,0.366008
101.880000,2.129561,-1.254205,-2.785081,0.449274,-0.003202,3.132096,2.094845,0.366008
101.940000,2.118331,-1.258388,-2.784954,0.437291,-0.003089,3.132223,2.098017,0.366008
101.980000,2.107102,-1.262572,-2.784828,0.429302,-0.003014,3.132307,2.097975,0.366051
102.040000,2.099615,-1.265363,-2.784743,0.417318,-0.002904,3.132433,2.103314,0.366008
102.080000,2.092129,-1.268155,-2.784659,0.409328,-0.002831,3.132518,2.105436,0.366008
102.140000,2.080899,-1.272343,-2.784533,0.397344,-0.002723,3.132644,2.108624,0.366008
102.180000,2.073413,-1.275136,-2.784448,0.389353,-0.002652,3.132728,2.110752,0.366008
102.240000,2.062184,-1.279327,-2.784322,0.377368,-0.002546,3.132855,2.113947,0.366008
102.280000,2.054698,-1.282122,-2.784238,0.369378,-0.002477,3.132939,2.116080,0.366008
102.340000,2.043468,-1.286315,-2.784111,0.357391,-0.002374,3.133066,2.119283,0.366008
102.380000,2.035983,-1.289112,-2.784027,0.349400,-0.002306,3.133150,2.121421,0.366008
102.440000,2.024754,-1.293308,-2.783901,0.337413,-0.002206,3.133276,2.124632,0.366008
102.480000,2.017268,-1.296107,-2.783816,0.329422,-0.002140,3.133361,2.126776,0.366008
102.540000,2.006039,-1.300305,-2.783690,0.317434,-0.002042,3.133487,2.129994,0.366008
102.580000,1.998553,-1.303105,-2.783606,0.309442,-0.001977,3.133571,2.132142,0.366008
102.640000,1.987325,-1.307307,-2.783479,0.297454,-0.001882,3.133698,2.135369,0.366008
102.700000,1.976097,-1.311510,-2.783353,0.285465,-0.001788,3.133824,2.138599,0.366008
102.740000,1.968611,-1.314313,-2.783268,0.277472,-0.001726,3.133909,2.140756,0.366008
102.780000,1.961126,-1.317116,-2.783184,0.269479,-0.001665,3.133993,2.142914,0.366008
102.840000,1.949898,-1.321323,-2.783058,0.257489,-0.001575,3.134119,2.146155,0.366008
102.880000,1.942412,-1.324128,-2.782973,0.249496,-0.001515,3.134204,2.148318,0.366008
102.940000,1.931184,-1.328338,-2.782847,0.237505,-0.001427,3.134330,2.151567,0.366008
102.980000,1.923699,-1.331145,-2.782762,0.229511,-0.001370,3.134414,2.153735,0.366008
103.040000,1.912472,-1.335357,-2.782636,0.217520,-0.001284,3.134541,2.156991,0.366008
103.080000,1.904987,-1.338166,-2.782552,0.209525,-0.001228,3.134625,2.159164,0.366008
103.140000,1.893759,-1.342380,-2.782425,0.197533,-0.001146,3.134752,2.162428,0.366008
103.180000,1.886274,-1.345191,-2.782341,0.189538,-0.001091,3.134836,2.164606,0.366008
103.240000,1.875047,-1.349408,-2.782214,0.177545,-0.001011,3.134963,2.167876,0.366008
103.280000,1.867562,-1.352220,-2.782130,0.169550,-0.000958,3.135047,2.170059,0.366008
103.340000,1.856335,-1.356440,-2.782003,0.157556,-0.000880,3.135173,2.173337,0.366008
103.380000,1.848851,-1.359254,-2.781919,0.149560,-0.000829,3.135258,2.175524,0.366008
103.440000,1.837641,-1.363470,-2.781773,0.137584,-0.000754,3.135404,2.178804,0.366008
103.480000,1.830175,-1.366280,-2.781656,0.129607,-0.000706,3.135521,2.180991,0.366008
103.540000,1.818976,-1.370495,-2.781472,0.117641,-0.000634,3.135705,2.184275,0.366008
103.580000,1.811510,-1.373307,-2.781347,0.109664,-0.000587,3.135830,2.186467,0.366008
103.640000,1.800312,-1.377526,-2.781159,0.097697,-0.000520,3.136018,2.189759,0.366008
103.680000,1.792846,-1.380341,-2.781033,0.089719,-0.000476,3.136144,2.191956,0.366008
103.740000,1.781670,-1.384556,-2.780773,0.077788,0.001010,3.132914,2.196135,0.369498
103.780000,1.774230,-1.387364,-2.780517,0.069836,0.001078,3.133170,2.198348,0.369498
103.840000,1.763071,-1.391581,-2.780099,0.057907,0.001176,3.133588,2.201671,0.369498
103.880000,1.755632,-1.394395,-2.779813,0.049954,0.001239,3.133873,2.203890,0.369498
103.940000,1.744474,-1.398620,-2.779382,0.038023,0.001328,3.134305,2.207223,0.369498
103.980000,1.737036,-1.401440,-2.779094,0.030068,0.001385,3.134593,2.209447,0.369498
104.040000,1.725878,-1.405675,-2.778661,0.018134,0.001466,3.135026,2.212789,0.369498
104.080000,1.718440,-1.408500,-2.778373,0.010177,0.001517,3.135314,2.215019,0.369498
104.140000,1.707283,-1.412744,-2.777940,-0.001759,0.001589,3.135747,2.218369,0.369498
104.180000,1.699846,-1.415576,-2.777651,-0.009717,0.001635,3.136036,2.220606,0.369498
104.240000,1.688689,-1.419828,-2.777225,-0.021656,0.001699,3.136462,2.223965,0.369498
104.280000,1.681251,-1.422666,-2.776948,-0.029617,0.001738,3.136739,2.226207,0.369498
104.340000,1.670095,-1.426927,-2.776543,-0.041560,0.001794,3.137144,2.229575,0.369498
104.380000,1.662657,-1.429771,-2.776281,-0.049522,0.001828,3.137406,2.231823,0.369498
104.440000,1.651500,-1.434040,-2.775899,-0.061468,0.001876,3.137788,2.235199,0.369498
104.480000,1.644062,-1.436890,-2.775651,-0.069433,0.001905,3.138035,2.237453,0.369498
104.540000,1.632905,-1.441168,-2.775292,-0.081383,0.001946,3.138395,2.240838,0.369498
104.580000,1.625466,-1.444022,-2.775060,-0.089350,0.001970,3.138627,2.243098,0.369498
104.640000,1.614308,-1.448307,-2.774723,-0.101302,0.002003,3.138964,2.246491,0.369498
104.680000,1.606870,-1.451167,-2.774505,-0.109272,0.002024,3.139182,2.248756,0.369498
104.740000,1.595711,-1.455459,-2.774190,-0.121227,0.002050,3.139497,2.252157,0.369498
104.780000,1.588272,-1.458323,-2.773986,-0.129199,0.002066,3.139701,2.254428,0.369498
104.840000,1.577113,-1.462623,-2.773691,-0.141157,0.002087,3.139996,2.257837,0.369498
104.880000,1.569674,-1.465491,-2.773501,-0.149130,0.002099,3.140186,2.260113,0.369498
104.940000,1.558514,-1.469797,-2.773227,-0.161092,0.002114,3.140460,2.263530,0.369498
104.980000,1.551074,-1.472669,-2.773050,-0.169067,0.002123,3.140637,2.265811,0.369498
105.040000,1.539914,-1.476981,-2.772795,-0.181031,0.002133,3.140892,2.269235,0.369498
105.100000,1.528753,-1.481296,-2.772552,-0.193001,0.001444,-3.140305,2.272213,0.367753
105.140000,1.521300,-1.484179,-2.772444,-0.200992,0.001433,-3.140197,2.274496,0.367753
105.180000,1.513845,-1.487064,-2.772374,-0.208986,0.001422,-3.140128,2.276781,0.367753
105.240000,1.502663,-1.491391,-2.772296,-0.220976,0.001404,-3.140050,2.280212,0.367753
105.280000,1.495208,-1.494277,-2.772252,-0.228970,0.001391,-3.140005,2.282501,0.367753
105.340000,1.484025,-1.498606,-2.772191,-0.240962,0.001372,-3.139944,2.285938,0.367753
105.380000,1.476569,-1.501493,-2.772154,-0.248957,0.001359,-3.139907,2.288231,0.367753
105.440000,1.465385,-1.505824,-2.772101,-0.260950,0.001338,-3.139855,2.291674,0.367753
105.480000,1.457930,-1.508712,-2.772069,-0.268945,0.001324,-3.139823,2.293971,0.367753
105.540000,1.446745,-1.513044,-2.772025,-0.280939,0.001303,-3.139778,2.297420,0.367753
105.580000,1.439289,-1.515932,-2.771998,-0.288935,0.001288,-3.139751,2.299721,0.367753
105.640000,1.428104,-1.520265,-2.771960,-0.300930,0.001266,-3.139714,2.303175,0.367753
105.680000,1.420647,-1.523155,-2.771937,-0.308927,0.001250,-3.139691,2.305480,0.367753
105.740000,1.409462,-1.527489,-2.771907,-0.320923,0.001227,-3.139660,2.308940,0.367753
105.780000,1.398276,-1.531823,-2.771880,-0.328921,0.001212,-3.139642,2.309417,0.367762
105.840000,1.390818,-1.534714,-2.771864,-0.340917,0.001188,-3.139617,2.314715,0.367753
105.880000,1.383361,-1.537604,-2.771849,-0.348915,0.001173,-3.139603,2.317027,0.367753
105.940000,1.372174,-1.541940,-2.771830,-0.360913,0.001149,-3.139584,2.320498,0.367753
105.980000,1.364716,-1.544830,-2.771820,-0.368912,0.001132,-3.139573,2.322814,0.367753
106.040000,1.353529,-1.549167,-2.771806,-0.380910,0.001108,-3.139559,2.326291,0.367753
106.080000,1.346070,-1.552058,-2.771799,-0.388909,0.001092,-3.139552,2.328610,0.367753
106.140000,1.334883,-1.556394,-2.771791,-0.400908,0.001067,-3.139544,2.332092,0.367753
106.180000,1.327424,-1.559286,-2.771787,-0.408907,0.001051,-3.139540,2.334416,0.367753
106.240000,1.316235,-1.563623,-2.771783,-0.420907,0.001026,-3.139536,2.337903,0.367753
106.280000,1.308776,-1.566514,-2.771782,-0.428907,0.001010,-3.139535,2.340230,0.367753
106.340000,1.297588,-1.570851,-2.771782,-0.440907,0.000985,-3.139536,2.343722,0.367753
106.380000,1.290129,-1.573743,-2.771784,-0.448906,0.000969,-3.139537,2.346052,0.367753
106.440000,1.278941,-1.578080,-2.771788,-0.460905,0.000673,-3.138844,2.349366,0.367055
106.480000,1.271487,-1.580969,-2.771811,-0.468898,0.000375,-3.138169,2.351508,0.366357
106.540000,1.260314,-1.585299,-2.771898,-0.480881,0.000193,-3.137907,2.354898,0.366008
106.580000,1.252869,-1.588184,-2.771990,-0.488865,0.000164,-3.137998,2.357220,0.366008
106.640000,1.241700,-1.592510,-2.772141,-0.500843,0.000122,-3.138150,2.360705,0.366008
106.680000,1.234253,-1.595393,-2.772244,-0.508828,0.000094,-3.138252,2.363030,0.366008
106.740000,1.223082,-1.599717,-2.772395,-0.520806,0.000055,-3.138404,2.366520,0.366008
106.780000,1.215634,-1.602598,-2.772495,-0.528792,0.000030,-3.138503,2.368848,0.366008
106.840000,1.204462,-1.606919,-2.772642,-0.540771,-0.000006,-3.138650,2.372342,0.366008
106.880000,1.197012,-1.609799,-2.772738,-0.548758,-0.000029,-3.138746,2.374673,0.366008
106.940000,1.185838,-1.614117,-2.772879,-0.560738,-0.000062,-3.138887,2.378172,0.366008
106.980000,1.178388,-1.616996,-2.772971,-0.568725,-0.000083,-3.138979,2.380506,0.366008
107.040000,1.167211,-1.621312,-2.773106,-0.580705,-0.000114,-3.139114,2.384008,0.366008
107.080000,1.159760,-1.624189,-2.773194,-0.588693,-0.000133,-3.139203,2.386345,0.366008
107.140000,1.148582,-1.628503,-2.773323,-0.600675,-0.000161,-3.139332,2.389852,0.366008
107.180000,1.141129,-1.631378,-2.773407,-0.608663,-0.000179,-3.139416,2.392192,0.366008
107.240000,1.129949,-1.635691,-2.773530,-0.620645,-0.000204,-3.139539,2.395704,0.366008
107.280000,1.122495,-1.638565,-2.773610,-0.628634,-0.000220,-3.139619,2.398046,0.366008
107.340000,1.111314,-1.642875,-2.773728,-0.640617,-0.000243,-3.139736,2.401562,0.366008
107.380000,1.103859,-1.645748,-2.773804,-0.648607,-0.000258,-3.139813,2.403908,0.366008
107.440000,1.092676,-1.650056,-2.773916,-0.660591,-0.000279,-3.139925,2.407428,0.366008
107.500000,1.081492,-1.654363,-2.774025,-0.672576,-0.000298,-3.140033,2.410951,0.366008
107.540000,1.074036,-1.657234,-2.774095,-0.680566,-0.000310,-3.140104,2.413301,0.366008
107.580000,1.066579,-1.660105,-2.774164,-0.688556,-0.000322,-3.140173,2.415653,0.366008
107.640000,1.055393,-1.664410,-2.774265,-0.700542,-0.000338,-3.140273,2.419182,0.366008
107.680000,1.047935,-1.667279,-2.774330,-0.708532,-0.000348,-3.140339,2.421536,0.366008
107.740000,1.036748,-1.671582,-2.774425,-0.720519,-0.000363,-3.140434,2.425069,0.366008
107.780000,1.029289,-1.674451,-2.774487,-0.728510,-0.000372,-3.140496,2.427426,0.366008
107.840000,1.018100,-1.678753,-2.774577,-0.740422,0.001504,-3.140586,2.432213,0.366008
107.880000,1.010637,-1.681622,-2.774595,-0.748342,0.003384,-3.140604,2.435827,0.366008
107.940000,0.999472,-1.685914,-2.774448,-0.760266,0.004316,-3.140456,2.439991,0.366008
107.980000,0.992038,-1.688774,-2.774248,-0.768231,0.004306,-3.140257,2.442349,0.366008
108.040000,0.980886,-1.693068,-2.773913,-0.780181,0.004288,-3.139921,2.445889,0.366008
108.080000,0.973450,-1.695933,-2.773688,-0.788149,0.004274,-3.139697,2.448252,0.366008
108.140000,0.962297,-1.700234,-2.773362,-0.800104,0.004249,-3.139371,2.451799,0.366008
108.180000,0.954861,-1.703104,-2.773154,-0.808074,0.004231,-3.139163,2.454166,0.366008
108.240000,0.943705,-1.707413,-2.772857,-0.820033,0.004200,-3.138865,2.457720,0.366008
108.280000,0.936268,-1.710288,-2.772668,-0.828007,0.004177,-3.138676,2.460092,0.366008
108.340000,0.925110,-1.714603,-2.772400,-0.839969,0.004141,-3.138408,2.463653,0.366008
108.380000,0.917672,-1.717482,-2.772230,-0.847946,0.004115,-3.138239,2.466029,0.366008
108.440000,0.906513,-1.721804,-2.771989,-0.859912,0.004073,-3.137998,2.469597,0.366008
108.480000,0.899073,-1.724687,-2.771838,-0.867891,0.004044,-3.137846,2.471977,0.366008
108.540000,0.887912,-1.729014,-2.771622,-0.879861,0.003998,-3.137631,2.475550,0.366008
108.580000,0.880471,-1.731900,-2.771487,-0.887843,0.003965,-3.137496,2.477935,0.366008
108.640000,0.869308,-1.736232,-2.771297,-0.899816,0.003915,-3.137305,2.481515,0.366008
108.680000,0.861866,-1.739122,-2.771177,-0.907800,0.003880,-3.137186,2.483903,0.366008
108.740000,0.850702,-1.743459,-2.771011,-0.919777,0.003827,-3.137019,2.487488,0.366008
108.780000,0.843258,-1.746351,-2.770907,-0.927762,0.003790,-3.136915,2.489881,0.366008
108.840000,0.832092,-1.750692,-2.770761,-0.939742,0.003733,-3.136769,2.493472,0.366008
108.880000,0.824648,-1.753587,-2.770671,-0.947730,0.003694,-3.136679,2.495868,0.366008
108.940000,0.813480,-1.757931,-2.770546,-0.959712,0.003634,-3.136554,2.499465,0.366008
108.980000,0.802311,-1.762277,-2.770433,-0.967702,0.003594,-3.136477,2.500249,0.366045
109.040000,0.794865,-1.765175,-2.770363,-0.979687,0.003532,-3.136372,2.505466,0.366008
109.080000,0.787418,-1.768075,-2.770299,-0.987679,0.003490,-3.136308,2.507869,0.366008
109.140000,0.776247,-1.772425,-2.770212,-0.999667,0.003426,-3.136221,2.511476,0.366008
109.180000,0.768799,-1.775326,-2.770160,-1.007660,0.003383,-3.136169,2.513883,0.366008
109.240000,0.757626,-1.779678,-2.770091,-1.019650,0.003317,-3.136099,2.517495,0.366008
109.280000,0.750177,-1.782580,-2.770049,-1.027645,0.003273,-3.136058,2.519905,0.366008
109.340000,0.739002,-1.786935,-2.769996,-1.039638,0.003206,-3.136004,2.523522,0.366008
109.380000,0.731552,-1.789838,-2.769966,-1.047634,0.003162,-3.135974,2.525935,0.366008
109.440000,0.720375,-1.794194,-2.769927,-1.059628,0.003094,-3.135936,2.529557,0.366008
109.480000,0.712924,-1.797099,-2.769907,-1.067626,0.003049,-3.135915,2.531973,0.366008
109.540000,0.701746,-1.801456,-2.769882,-1.079623,0.002980,-3.135890,2.535600,0.366008
109.580000,0.694294,-1.804361,-2.769870,-1.087621,0.002935,-3.135878,2.538019,0.366008
109.640000,0.683114,-1.808720,-2.769859,-1.099620,0.002866,-3.135867,2.541650,0.366008
109.680000,0.675661,-1.811626,-2.769856,-1.107620,0.002820,-3.135864,2.544072,0.366008
109.740000,0.664481,-1.815984,-2.769856,-1.119619,0.002752,-3.135865,2.547707,0.366008
109.780000,0.657028,-1.818890,-2.769860,-1.127618,0.002706,-3.135869,2.550132,0.366008
109.840000,0.645850,-1.823248,-2.769872,-1.139615,0.002637,-3.135881,2.553770,0.366008
109.880000,0.638398,-1.826153,-2.769884,-1.147613,0.002592,-3.135892,2.556197,0.366008
109.940000,0.627221,-1.830510,-2.769906,-1.159610,0.002523,-3.135914,2.559838,0.366008
109.980000,0.619770,-1.833414,-2.769924,-1.167607,0.002478,-3.135932,2.562267,0.366008
110.040000,0.608594,-1.837770,-2.769955,-1.179602,0.002410,-3.135964,2.565912,0.366008
110.080000,0.601143,-1.840674,-2.769979,-1.187598,0.002365,-3.135987,2.568343,0.366008
110.140000,0.589968,-1.845029,-2.770019,-1.199592,0.002298,-3.136027,2.571992,0.366008
110.180000,0.582518,-1.847932,-2.770048,-1.207587,0.002254,-3.136056,2.574425,0.366008
110.240000,0.571343,-1.852286,-2.770095,-1.219580,0.002188,-3.136103,2.578076,0.366008
110.280000,0.563893,-1.855188,-2.770129,-1.227575,0.002144,-3.136137,2.580511,0.366008
110.340000,0.552719,-1.859540,-2.770182,-1.239567,0.002079,-3.136191,2.584166,0.366008
110.380000,0.545270,-1.862442,-2.770221,-1.247561,0.002036,-3.136229,2.586604,0.366008
110.440000,0.534096,-1.866793,-2.770281,-1.259552,0.001972,-3.136289,2.590261,0.366008
110.480000,0.526647,-1.869693,-2.770323,-1.267545,0.001930,-3.136331,2.592701,0.366008
110.540000,0.515473,-1.874043,-2.770388,-1.279536,0.001867,-3.136397,2.596362,0.366008
110.580000,0.508024,-1.876942,-2.770434,-1.287529,0.001826,-3.136442,2.598804,0.366008
110.640000,0.496851,-1.881290,-2.770504,-1.299518,0.001764,-3.136512,2.602468,0.366008
110.680000,0.489402,-1.884189,-2.770552,-1.307511,0.001724,-3.136561,2.604911,0.366008
110.740000,0.478228,-1.888535,-2.770627,-1.319500,0.001664,-3.136635,2.608579,0.366008
110.780000,0.470779,-1.891433,-2.770678,-1.327493,0.001625,-3.136686,2.611024,0.366008
110.840000,0.459606,-1.895778,-2.770756,-1.339481,0.001566,-3.136765,2.614695,0.366008
110.880000,0.452157,-1.898674,-2.770810,-1.347473,0.001528,-3.136818,2.617143,0.366008
110.940000,0.440983,-1.903017,-2.770891,-1.359462,0.001471,-3.136900,2.620816,0.366008
111.000000,0.429809,-1.907360,-2.770975,-1.371449,0.001415,-3.136983,2.624491,0.366008
111.040000,0.422360,-1.910254,-2.771031,-1.379441,0.001379,-3.137039,2.626943,0.366008
111.080000,0.414910,-1.913148,-2.771088,-1.387433,0.001343,-3.137096,2.629395,0.366008
111.140000,0.403736,-1.917488,-2.771174,-1.399420,0.001289,-3.137182,2.633074,0.366008
111.180000,0.396286,-1.920381,-2.771232,-1.407412,0.001254,-3.137240,2.635528,0.366008
111.240000,0.385112,-1.924719,-2.771320,-1.419399,0.001203,-3.137328,2.639211,0.366008
111.280000,0.377662,-1.927611,-2.771379,-1.427390,0.001169,-3.137387,2.641667,0.366008
111.340000,0.366486,-1.931948,-2.771468,-1.439378,0.001119,-3.137477,2.645353,0.366008
111.380000,0.359036,-1.934838,-2.771528,-1.447369,0.001086,-3.137536,2.647811,0.366008
111.440000,0.347860,-1.939173,-2.771618,-1.459356,0.001038,-3.137627,2.651499,0.366008
111.480000,0.340410,-1.942062,-2.771678,-1.467347,0.001007,-3.137687,2.653960,0.366008
111.540000,0.329233,-1.946396,-2.771769,-1.479334,0.000960,-3.137777,2.657651,0.366008
111.580000,0.321782,-1.949284,-2.771830,-1.487325,0.000930,-3.137838,2.660114,0.366008
111.640000,0.310605,-1.953615,-2.771920,-1.499312,0.000886,-3.137929,2.663808,0.366008
111.680000,0.303154,-1.956502,-2.771981,-1.507303,0.000857,-3.137989,2.666273,0.366008
111.740000,0.291976,-1.960832,-2.772072,-1.519291,0.000814,-3.138080,2.669970,0.366008
111.780000,0.284523,-1.963718,-2.772132,-1.527282,0.000786,-3.138141,2.672437,0.366008
111.840000,0.273344,-1.968047,-2.772223,-1.539270,0.000745,-3.138231,2.676138,0.366008
111.880000,0.265891,-1.970932,-2.772283,-1.547262,0.000719,-3.138292,2.678606,0.366008
111.940000,0.254711,-1.975259,-2.772374,-1.559250,0.000680,-3.138383,2.682310,0.366008
112.000000,0.243530,-1.979585,-2.772465,-1.571238,0.000642,-3.138473,2.686016,0.366008
112.040000,0.236076,-1.982468,-2.772525,-1.579231,0.000617,-3.138534,2.688488,0.366008
112.080000,0.228622,-1.985351,-2.772586,-1.587223,0.000593,-3.138594,2.690960,0.366008
112.140000,0.217439,-1.989675,-2.772677,-1.599213,0.000557,-3.138685,2.694671,0.366008
112.180000,0.209984,-1.992557,-2.772737,-1.607206,0.000534,-3.138746,2.697145,0.366008
112.240000,0.198800,-1.996880,-2.772828,-1.619195,0.000501,-3.138836,2.700859,0.366008
112.280000,0.191344,-1.999761,-2.772888,-1.627189,0.000479,-3.138897,2.703335,0.366008
112.340000,0.180160,-2.004082,-2.772979,-1.639179,0.000447,-3.138988,2.707052,0.366008
112.400000,0.168974,-2.008402,-2.773070,-1.651170,0.000417,-3.139078,2.710770,0.366008
112.440000,0.161517,-2.011281,-2.773130,-1.659163,0.000397,-3.139139,2.713250,0.366008
112.480000,0.154059,-2.014160,-2.773191,-1.667158,0.000377,-3.139199,2.715731,0.366008
112.540000,0.142872,-2.018478,-2.773282,-1.679149,0.000349,-3.139290,2.719453,0.366008
112.580000,0.135414,-2.021356,-2.773342,-1.687143,0.000331,-3.139351,2.721936,0.366008
112.640000,0.124226,-2.025673,-2.773433,-1.699135,0.000305,-3.139441,2.725661,0.366008
112.680000,0.116767,-2.028550,-2.773493,-1.707130,0.000288,-3.139502,2.728146,0.366008
112.740000,0.105577,-2.032865,-2.773584,-1.719122,0.000263,-3.139593,2.731874,0.366008
112.780000,0.098118,-2.035741,-2.773645,-1.727117,0.000247,-3.139653,2.734361,0.366008
112.840000,0.086927,-2.040054,-2.773736,-1.739110,0.000225,-3.139744,2.738092,0.366008
112.880000,0.079467,-2.042929,-2.773796,-1.747106,0.000210,-3.139804,2.740581,0.366008
112.940000,0.068275,-2.047241,-2.773887,-1.759099,0.000189,-3.139895,2.744315,0.366008
112.980000,0.060814,-2.050115,-2.773947,-1.767095,0.000176,-3.139956,2.746806,0.366008
113.040000,0.049621,-2.054425,-2.774038,-1.779089,0.000157,-3.140047,2.750543,0.366008
113.080000,0.042159,-2.057298,-2.774099,-1.787085,0.000145,-3.140107,2.753036,0.366008
113.140000,0.030965,-2.061607,-2.774189,-1.799079,0.000127,-3.140198,2.756776,0.366008
113.180000,0.023502,-2.064479,-2.774250,-1.807076,0.000117,-3.140258,2.759270,0.366008
113.240000,0.012307,-2.068787,-2.774341,-1.819071,0.000101,-3.140349,2.763013,0.366008
113.280000,0.004844,-2.071658,-2.774401,-1.827067,0.000091,-3.140410,2.765509,0.366008
113.340000,-0.006352,-2.075963,-2.774492,-1.839063,0.000078,-3.140500,2.769255,0.366008
113.400000,-0.017549,-2.080268,-2.774583,-1.851059,0.000065,-3.140591,2.773003,0.366008
113.440000,-0.025013,-2.083137,-2.774626,-1.859055,0.000327,-3.141332,2.775705,0.366706
113.480000,-0.032479,-2.086007,-2.774646,-1.867054,0.000602,3.141135,2.778417,0.367404
113.540000,-0.043671,-2.090309,-2.774626,-1.879045,0.000750,3.140806,2.782288,0.367753
113.580000,-0.051130,-2.093176,-2.774586,-1.887036,0.000756,3.140846,2.784799,0.367753
113.640000,-0.062318,-2.097478,-2.774514,-1.899022,0.000765,3.140918,2.788566,0.367753
113.680000,-0.069777,-2.100346,-2.774463,-1.907013,0.000770,3.140969,2.791080,0.367753
113.740000,-0.080965,-2.104649,-2.774386,-1.919000,0.000777,3.141046,2.794851,0.367753
113.780000,-0.088423,-2.107518,-2.774334,-1.926992,0.000781,3.141098,2.797366,0.367753
113.840000,-0.099611,-2.111822,-2.774257,-1.938979,0.000786,3.141175,2.801141,0.367753
113.880000,-0.107069,-2.114693,-2.774205,-1.946971,0.000790,3.141227,2.803659,0.367753
113.940000,-0.118257,-2.118999,-2.774127,-1.958958,0.000793,3.141305,2.807437,0.367753
113.980000,-0.125715,-2.121870,-2.774075,-1.966950,0.000796,3.141357,2.809956,0.367753
114.040000,-0.136903,-2.126178,-2.773997,-1.978938,0.000798,3.141434,2.813738,0.367753
114.080000,-0.144361,-2.129050,-2.773946,-1.986930,0.000799,3.141486,2.816260,0.367753
114.140000,-0.155548,-2.133360,-2.773868,-1.998919,0.000800,3.141564,2.820045,0.367753
114.180000,-0.163006,-2.136233,-2.773816,-2.006912,0.000800,-3.141569,2.822569,0.367753
114.240000,-0.174193,-2.140544,-2.773739,-2.018901,0.000799,-3.141493,2.826357,0.367753
114.280000,-0.181652,-2.143419,-2.773690,-2.026894,0.000798,-3.141444,2.828884,0.367753
114.340000,-0.192839,-2.147731,-2.773619,-2.038884,0.000796,-3.141372,2.832675,0.367753
114.380000,-0.200298,-2.150607,-2.773574,-2.046878,0.000794,-3.141327,2.835204,0.367753
114.440000,-0.211486,-2.154921,-2.773508,-2.058868,0.000790,-3.141262,2.838999,0.367753
114.500000,-0.222674,-2.159237,-2.773447,-2.070860,0.000786,-3.141200,2.842796,0.367753
114.540000,-0.230133,-2.162114,-2.773407,-2.078854,0.000783,-3.141161,2.845328,0.367753
114.580000,-0.237592,-2.164992,-2.773370,-2.086849,0.000779,-3.141123,2.847862,0.367753
114.640000,-0.248780,-2.169309,-2.773316,-2.098842,0.000773,-3.141069,2.851663,0.367753
114.680000,-0.256239,-2.172187,-2.773282,-2.106837,0.000769,-3.141035,2.854199,0.367753
114.740000,-0.267428,-2.176505,-2.773233,-2.118830,0.000762,-3.140986,2.858003,0.367753
114.780000,-0.274887,-2.179385,-2.773203,-2.126826,0.000757,-3.140956,2.860541,0.367753
114.840000,-0.286077,-2.183704,-2.773159,-2.138820,0.000749,-3.140913,2.864349,0.367753
114.880000,-0.293536,-2.186584,-2.773132,-2.146816,0.000743,-3.140885,2.866888,0.367753
114.940000,-0.304726,-2.190905,-2.773093,-2.158811,0.000735,-3.140846,2.870699,0.367753
114.980000,-0.312185,-2.193785,-2.773068,-2.166807,0.000729,-3.140822,2.873241,0.367753
115.040000,-0.323375,-2.198107,-2.773034,-2.178803,0.000719,-3.140788,2.877055,0.367753
115.080000,-0.334565,-2.202428,-2.773003,-2.186800,0.000713,-3.140766,2.878299,0.367764
115.140000,-0.342025,-2.205310,-2.772983,-2.198796,0.000703,-3.140736,2.883416,0.367753
115.200000,-0.353216,-2.209633,-2.772955,-2.210792,0.000692,-3.140709,2.887235,0.367753
115.240000,-0.360676,-2.212515,-2.772938,-2.218790,0.000685,-3.140692,2.889782,0.367753
115.280000,-0.368137,-2.215397,-2.772922,-2.226787,0.000678,-3.140676,2.892329,0.367753
115.340000,-0.379328,-2.219720,-2.772900,-2.238784,0.000667,-3.140654,2.896152,0.367753
115.380000,-0.386788,-2.222603,-2.772887,-2.246783,0.000659,-3.140640,2.898702,0.367753
115.440000,-0.397979,-2.226927,-2.772869,-2.258780,0.000647,-3.140622,2.902528,0.367753
115.480000,-0.405440,-2.229810,-2.772857,-2.266779,0.000640,-3.140611,2.905079,0.367753
115.540000,-0.416632,-2.234134,-2.772842,-2.278776,0.000628,-3.140595,2.908908,0.367753
115.580000,-0.424093,-2.237018,-2.772833,-2.286775,0.000620,-3.140586,2.911461,0.367753
115.640000,-0.435285,-2.241343,-2.772821,-2.298774,0.000608,-3.140574,2.915293,0.367753
115.700000,-0.446477,-2.245668,-2.772810,-2.310772,0.000595,-3.140564,2.919126,0.367753
115.740000,-0.453938,-2.248551,-2.772805,-2.318772,0.000587,-3.140558,2.921682,0.367753
115.780000,-0.461399,-2.251435,-2.772800,-2.326771,0.000579,-3.140553,2.924240,0.367753
115.840000,-0.472592,-2.255761,-2.772793,-2.338770,0.000566,-3.140547,2.928077,0.367753
115.880000,-0.480054,-2.258645,-2.772790,-2.346770,0.000558,-3.140543,2.930636,0.367753
115.940000,-0.491246,-2.262970,-2.772786,-2.358769,0.000545,-3.140539,2.934475,0.367753
115.980000,-0.498708,-2.265854,-2.772784,-2.366769,0.000537,-3.140538,2.937036,0.367753
116.040000,-0.509901,-2.270180,-2.772783,-2.378769,0.000524,-3.140536,2.940878,0.367753
116.080000,-0.517363,-2.273064,-2.772782,-2.386769,0.000516,-3.140536,2.943441,0.367753
116.140000,-0.528556,-2.277390,-2.772783,-2.398769,0.000503,-3.140536,2.947286,0.367753
116.180000,-0.536018,-2.280274,-2.772784,-2.406768,0.000495,-3.140537,2.949850,0.367753
116.240000,-0.547211,-2.284600,-2.772786,-2.418768,0.000482,-3.140540,2.953697,0.367753
116.280000,-0.554672,-2.287484,-2.772789,-2.426768,0.000474,-3.140542,2.956263,0.367753
116.340000,-0.565865,-2.291810,-2.772793,-2.438767,0.000461,-3.140546,2.960113,0.367753
116.380000,-0.573326,-2.294694,-2.772797,-2.446766,0.000453,-3.140550,2.962680,0.367753
116.440000,-0.584519,-2.299019,-2.772803,-2.458765,0.000440,-3.140556,2.966532,0.367753
116.480000,-0.591980,-2.301903,-2.772807,-2.466765,0.000432,-3.140561,2.969101,0.367753
116.540000,-0.603172,-2.306228,-2.772815,-2.478763,0.000419,-3.140568,2.972956,0.367753
116.580000,-0.610634,-2.309112,-2.772821,-2.486763,0.000411,-3.140574,2.975526,0.367753
116.640000,-0.621826,-2.313437,-2.772830,-2.498761,0.000399,-3.140583,2.979383,0.367753
116.680000,-0.629287,-2.316320,-2.772836,-2.506760,0.000391,-3.140589,2.981955,0.367753
116.740000,-0.640479,-2.320645,-2.772846,-2.518759,0.000379,-3.140600,2.985815,0.367753
116.780000,-0.647940,-2.323528,-2.772853,-2.526758,0.000371,-3.140607,2.988388,0.367753
116.840000,-0.659132,-2.327853,-2.772865,-2.538756,0.000359,-3.140618,2.992250,0.367753
116.880000,-0.666593,-2.330736,-2.772873,-2.546755,0.000352,-3.140626,2.994825,0.367753
116.940000,-0.677785,-2.335060,-2.772885,-2.558753,0.000340,-3.140639,2.998689,0.367753
116.980000,-0.685246,-2.337943,-2.772894,-2.566752,0.000333,-3.140647,3.001266,0.367753
117.040000,-0.696438,-2.342267,-2.772907,-2.578750,0.000321,-3.140660,3.005132,0.367753
117.080000,-0.703899,-2.345149,-2.772916,-2.586749,0.000314,-3.140669,3.007710,0.367753
117.140000,-0.715091,-2.349473,-2.772930,-2.598747,0.000303,-3.140683,3.011579,0.367753
117.180000,-0.722552,-2.352356,-2.772939,-2.606745,0.000296,-3.140693,3.014158,0.367753
117.240000,-0.733744,-2.356679,-2.772954,-2.618743,0.000285,-3.140707,3.018029,0.367753
117.280000,-0.741205,-2.359561,-2.772964,-2.626742,0.000278,-3.140717,3.020611,0.367753
117.340000,-0.752397,-2.363884,-2.772979,-2.638739,0.000267,-3.140732,3.024484,0.367753
117.380000,-0.759858,-2.366766,-2.772989,-2.646738,0.000261,-3.140743,3.027067,0.367753
117.440000,-0.771050,-2.371089,-2.773005,-2.658736,0.000251,-3.140758,3.030942,0.367753
117.480000,-0.778511,-2.373971,-2.773016,-2.666734,0.000244,-3.140769,3.033526,0.367753
117.540000,-0.789703,-2.378294,-2.773032,-2.678732,0.000234,-3.140785,3.037404,0.367753
117.580000,-0.797165,-2.381175,-2.773042,-2.686730,0.000228,-3.140796,3.039990,0.367753
117.640000,-0.808357,-2.385497,-2.773059,-2.698728,0.000218,-3.140812,3.043870,0.367753
117.680000,-0.815818,-2.388379,-2.773070,-2.706726,0.000212,-3.140823,3.046457,0.367753
117.740000,-0.827010,-2.392701,-2.773086,-2.718724,0.000203,-3.140840,3.050339,0.367753
117.780000,-0.834472,-2.395582,-2.773097,-2.726722,0.000197,-3.140851,3.052928,0.367753
117.840000,-0.845664,-2.399904,-2.773114,-2.738720,0.000188,-3.140867,3.056812,0.367753
117.880000,-0.853126,-2.402784,-2.773125,-2.746718,0.000182,-3.140878,3.059402,0.367753
117.940000,-0.864318,-2.407106,-2.773142,-2.758716,0.000174,-3.140895,3.063289,0.367753
117.980000,-0.871780,-2.409987,-2.773153,-2.766714,0.000168,-3.140906,3.065881,0.367753
118.040000,-0.882972,-2.414307,-2.773170,-2.778712,0.000160,-3.140923,3.069769,0.367753
118.080000,-0.890434,-2.417188,-2.773181,-2.786710,0.000155,-3.140934,3.072363,0.367753
118.140000,-0.901626,-2.421509,-2.773198,-2.798708,0.000147,-3.140951,3.076253,0.367753
118.180000,-0.909088,-2.424389,-2.773209,-2.806706,0.000142,-3.140962,3.078848,0.367753
118.240000,-0.920281,-2.428709,-2.773225,-2.818704,0.000135,-3.140979,3.082741,0.367753
118.280000,-0.927743,-2.431589,-2.773237,-2.826702,0.000130,-3.140990,3.085337,0.367753
118.340000,-0.938936,-2.435910,-2.773253,-2.838700,0.000123,-3.141006,3.089232,0.367753
118.380000,-0.946398,-2.438789,-2.773264,-2.846698,0.000118,-3.141017,3.091830,0.367753
118.440000,-0.957591,-2.443109,-2.773280,-2.858696,0.000111,-3.141034,3.095727,0.367753
118.480000,-0.965053,-2.445989,-2.773291,-2.866695,0.000107,-3.141045,3.098326,0.367753
118.540000,-0.976246,-2.450308,-2.773307,-2.878692,0.000100,-3.141061,3.102226,0.367753
118.580000,-0.983708,-2.453188,-2.773318,-2.886691,0.000096,-3.141071,3.104826,0.367753
118.640000,-0.994901,-2.457507,-2.773334,-2.898689,0.000090,-3.141087,3.108728,0.367753
118.680000,-1.002364,-2.460386,-2.773344,-2.906687,0.000086,-3.141098,3.111330,0.367753
118.740000,-1.013557,-2.464705,-2.773360,-2.918685,0.000080,-3.141113,3.115233,0.367753
118.780000,-1.021020,-2.467585,-2.773370,-2.926683,0.000076,-3.141124,3.117836,0.367753
118.840000,-1.032213,-2.471903,-2.773386,-2.938681,0.000071,-3.141139,3.121742,0.367753
118.880000,-1.039676,-2.474782,-2.773396,-2.946680,0.000067,-3.141149,3.124347,0.367753
118.940000,-1.050869,-2.479101,-2.773411,-2.958678,0.000062,-3.141164,3.128255,0.367753
118.980000,-1.058332,-2.481979,-2.773420,-2.966676,0.000058,-3.141174,3.130861,0.367753
119.040000,-1.069526,-2.486297,-2.773435,-2.978674,0.000054,-3.141188,3.134771,0.367753
119.080000,-1.076989,-2.489176,-2.773445,-2.986673,0.000050,-3.141198,3.137378,0.367753
119.140000,-1.088183,-2.493494,-2.773459,-2.998671,0.000046,-3.141212,3.141290,0.367753
119.180000,-1.095645,-2.496372,-2.773468,-3.006669,0.000043,-3.141222,3.143899,0.367753
119.240000,-1.106840,-2.500690,-2.773482,-3.018667,0.000038,-3.141235,3.147813,0.367753
119.280000,-1.114303,-2.503568,-2.773491,-3.026666,0.000035,-3.141245,3.150423,0.367753
119.340000,-1.125497,-2.507886,-2.773505,-3.038664,0.000031,-3.141258,3.154339,0.367753
119.380000,-1.132960,-2.510764,-2.773513,-3.046663,0.000029,-3.141267,3.156951,0.367753
119.440000,-1.144155,-2.515081,-2.773526,-3.058661,0.000025,-3.141280,3.160869,0.367753
119.480000,-1.151618,-2.517959,-2.773535,-3.066660,0.000022,-3.141288,3.163482,0.367753
119.540000,-1.162812,-2.522276,-2.773548,-3.078658,0.000019,-3.141301,3.167402,0.367753
119.580000,-1.170275,-2.525154,-2.773556,-3.086657,0.000017,-3.141309,3.170016,0.367753
119.640000,-1.181470,-2.529471,-2.773568,-3.098655,0.000013,-3.141321,3.173939,0.367753
119.680000,-1.188934,-2.532348,-2.773576,-3.106654,0.000011,-3.141329,3.176554,0.367753
119.740000,-1.200129,-2.536665,-2.773588,-3.118652,0.000008,-3.141341,3.180478,0.367753
119.780000,-1.207592,-2.539543,-2.773595,-3.126651,0.000006,-3.141349,3.183095,0.367753
119.840000,-1.218787,-2.543859,-2.773607,-3.138650,0.000003,-3.141360,3.187022,0.367753
119.880000,-1.226251,-2.546736,-2.773614,-3.146649,0.000001,-3.141367,3.189640,0.367753
119.940000,-1.237446,-2.551053,-2.773625,-3.158647,-0.000001,-3.141378,3.193568,0.367753
119.980000,-1.244909,-2.553930,-2.773632,-3.166646,-0.000003,-3.141385,3.196188,0.367753
120.040000,-1.256105,-2.558246,-2.773642,-3.178645,-0.000005,-3.141396,3.200118,0.367753
120.080000,-1.263568,-2.561123,-2.773649,-3.186644,-0.000007,-3.141402,3.202739,0.367753
120.140000,-1.274764,-2.565439,-2.773659,-3.198642,-0.000009,-3.141412,3.206671,0.367753
120.180000,-1.282228,-2.568316,-2.773665,-3.206641,-0.000011,-3.141419,3.209293,0.367753
120.240000,-1.293423,-2.572632,-2.773675,-3.218640,-0.000013,-3.141428,3.213227,0.367753
120.280000,-1.300887,-2.575509,-2.773681,-3.226639,-0.000014,-3.141434,3.215851,0.367753
120.340000,-1.312083,-2.579824,-2.773690,-3.238638,-0.000016,-3.141443,3.219787,0.367753
120.380000,-1.319547,-2.582701,-2.773696,-3.246637,-0.000017,-3.141449,3.222411,0.367753
120.440000,-1.330743,-2.587017,-2.773705,-3.258636,-0.000019,-3.141458,3.226349,0.367753
120.480000,-1.338207,-2.589893,-2.773710,-3.266635,-0.000020,-3.141464,3.228975,0.367753
120.540000,-1.349403,-2.594209,-2.773718,-3.278634,-0.000021,-3.141472,3.232915,0.367753
120.580000,-1.356867,-2.597085,-2.773724,-3.286633,-0.000022,-3.141477,3.235543,0.367753
120.640000,-1.368063,-2.601401,-2.773732,-3.298632,-0.000023,-3.141485,3.239485,0.367753
120.680000,-1.375527,-2.604277,-2.773737,-3.306631,-0.000024,-3.141490,3.242113,0.367753
120.740000,-1.386723,-2.608592,-2.773744,-3.318630,-0.000025,-3.141497,3.246057,0.367753
120.780000,-1.394188,-2.611469,-2.773749,-3.326630,-0.000026,-3.141502,3.248687,0.367753
120.840000,-1.405384,-2.615784,-2.773756,-3.338629,-0.000027,-3.141509,3.252632,0.367753
120.880000,-1.412848,-2.618660,-2.773760,-3.346628,-0.000028,-3.141514,3.255263,0.367753
120.940000,-1.424045,-2.622975,-2.773767,-3.358627,-0.000029,-3.141520,3.259211,0.367753
120.980000,-1.431509,-2.625851,-2.773771,-3.366627,-0.000029,-3.141525,3.261843,0.367753
121.040000,-1.442706,-2.630166,-2.773777,-3.378626,-0.000030,-3.141531,3.265793,0.367753
121.080000,-1.450170,-2.633042,-2.773781,-3.386625,-0.000031,-3.141535,3.268426,0.367753
121.140000,-1.461367,-2.637357,-2.773787,-3.398624,-0.000031,-3.141541,3.272377,0.367753
121.180000,-1.468831,-2.640233,-2.773791,-3.406624,-0.000032,-3.141544,3.275012,0.367753
121.240000,-1.480028,-2.644548,-2.773796,-3.418623,-0.000032,-3.141550,3.278965,0.367753
121.280000,-1.487492,-2.647424,-2.773800,-3.426623,-0.000033,-3.141553,3.281601,0.367753
121.340000,-1.498689,-2.651739,-2.773805,-3.438622,-0.000033,-3.141558,3.285556,0.367753
121.380000,-1.506154,-2.654615,-2.773808,-3.446621,-0.000033,-3.141562,3.288194,0.367753
121.440000,-1.517351,-2.658929,-2.773813,-3.458621,-0.000034,-3.141567,3.292150,0.367753
121.480000,-1.524815,-2.661805,-2.773816,-3.466620,-0.000034,-3.141570,3.294789,0.367753
121.540000,-1.536012,-2.666120,-2.773821,-3.478620,-0.000034,-3.141574,3.298748,0.367753
121.580000,-1.543477,-2.668996,-2.773824,-3.486619,-0.000034,-3.141577,3.301387,0.367753
121.640000,-1.554674,-2.673310,-2.773828,-3.498619,-0.000034,-3.141581,3.305348,0.367753
121.680000,-1.562139,-2.676186,-2.773830,-3.506618,-0.000034,-3.141584,3.307988,0.367753
121.740000,-1.573336,-2.680500,-2.773834,-3.518618,-0.000035,-3.141588,3.311951,0.367753
121.780000,-1.580801,-2.683376,-2.773837,-3.526617,-0.000035,-3.141590,3.314593,0.367753
121.840000,-1.591998,-2.687690,-2.773841,-3.538617,-0.000035,3.141591,3.318557,0.367753
121.880000,-1.599463,-2.690566,-2.773843,-3.546617,-0.000035,3.141589,3.321200,0.367753
121.940000,-1.610660,-2.694880,-2.773847,-3.558616,-0.000034,3.141585,3.325166,0.367753
121.980000,-1.618125,-2.697756,-2.773849,-3.566616,-0.000034,3.141582,3.327810,0.367753
122.040000,-1.629322,-2.702070,-2.773853,-3.578615,-0.000034,3.141579,3.331778,0.367753
122.080000,-1.636787,-2.704946,-2.773856,-3.586615,-0.000034,3.141576,3.334423,0.367753
122.140000,-1.647984,-2.709260,-2.773860,-3.598614,-0.000034,3.141572,3.338393,0.367753
122.180000,-1.655449,-2.712136,-2.773862,-3.606614,-0.000034,3.141570,3.341039,0.367753
122.240000,-1.666646,-2.716450,-2.773866,-3.618614,-0.000033,3.141566,3.345010,0.367753
122.280000,-1.674111,-2.719325,-2.773869,-3.626613,-0.000033,3.141563,3.347658,0.367753
122.340000,-1.685309,-2.723639,-2.773872,-3.638613,-0.000033,3.141559,3.351631,0.367753
122.380000,-1.692774,-2.726515,-2.773875,-3.646613,-0.000033,3.141557,3.354280,0.367753
122.440000,-1.703971,-2.730829,-2.773879,-3.658612,-0.000032,3.141553,3.358254,0.367753
122.480000,-1.711436,-2.733704,-2.773881,-3.666612,-0.000032,3.141551,3.360905,0.367753
122.540000,-1.722633,-2.738018,-2.773885,-3.678612,-0.000031,3.141547,3.364881,0.367753
122.580000,-1.730098,-2.740894,-2.773888,-3.686612,-0.000031,3.141544,3.367532,0.367753
122.640000,-1.741296,-2.745207,-2.773892,-3.698611,-0.000030,3.141540,3.371510,0.367753
122.680000,-1.748761,-2.748083,-2.773894,-3.706611,-0.000030,3.141538,3.374163,0.367753
122.740000,-1.759959,-2.752397,-2.773898,-3.718611,-0.000029,3.141534,3.378142,0.367753
122.780000,-1.767424,-2.755272,-2.773901,-3.726610,-0.000029,3.141531,3.380796,0.367753
122.840000,-1.778621,-2.759586,-2.773904,-3.738610,-0.000028,3.141528,3.384777,0.367753
122.880000,-1.786086,-2.762461,-2.773907,-3.746610,-0.000027,3.141525,3.387432,0.367753
122.940000,-1.797284,-2.766775,-2.773911,-3.758610,-0.000027,3.141521,3.391414,0.367753
122.980000,-1.804749,-2.769650,-2.773913,-3.766610,-0.000026,3.141519,3.394070,0.367753
123.040000,-1.815947,-2.773963,-2.773917,-3.778609,-0.000025,3.141515,3.398055,0.367753
123.100000,-1.827145,-2.778277,-2.773921,-3.790609,-0.000024,3.141511,3.402040,0.367753
123.140000,-1.834610,-2.781152,-2.773924,-3.798609,-0.000023,3.141508,3.404698,0.367753
123.180000,-1.842075,-2.784028,-2.773926,-3.806609,-0.000023,3.141506,3.407356,0.367753
123.240000,-1.853273,-2.788341,-2.773930,-3.818608,-0.000022,3.141502,3.411344,0.367753
123.280000,-1.860738,-2.791216,-2.773932,-3.826608,-0.000021,3.141499,3.414003,0.367753
123.340000,-1.871936,-2.795529,-2.773936,-3.838608,-0.000020,3.141496,3.417992,0.367753
123.380000,-1.879401,-2.798405,-2.773939,-3.846608,-0.000019,3.141493,3.420653,0.367753
123.440000,-1.890346,-2.802620,-2.773820,-3.858336,-0.000018,-3.141574,3.424553,0.367753
123.480000,-1.896391,-2.804953,-2.772623,-3.864816,-0.000021,-3.140376,3.426709,0.367753
123.540000,-1.903206,-2.807602,-2.768427,-3.872128,-0.000043,-3.136180,3.429145,0.367753
123.600000,-1.907313,-2.809223,-2.761350,-3.876543,-0.000080,-3.129104,3.430620,0.367753
123.640000,-1.908590,-2.809737,-2.755063,-3.877919,-0.000100,-3.122816,3.431081,0.367753
123.680000,-1.908782,-2.809816,-2.747497,-3.878127,-0.000104,-3.115251,3.431151,0.367753
123.740000,-1.908782,-2.809816,-2.733749,-3.878127,-0.000104,-3.101502,3.431151,0.367753
123.780000,-1.908782,-2.809816,-2.722984,-3.878127,-0.000104,-3.090737,3.431151,0.367753
123.840000,-1.908782,-2.809816,-2.704435,-3.878127,-0.000104,-3.072189,3.431151,0.367753
123.880000,-1.908782,-2.809816,-2.690470,-3.878127,-0.000104,-3.058223,3.431151,0.367753
123.940000,-1.908782,-2.809816,-2.667122,-3.878127,-0.000104,-3.034875,3.431151,0.367753
123.980000,-1.908782,-2.809816,-2.649956,-3.878127,-0.000104,-3.017710,3.431151,0.367753
124.040000,-1.908782,-2.809816,-2.621808,-3.878127,-0.000104,-2.989562,3.431151,0.367753
124.080000,-1.908782,-2.809816,-2.601443,-3.878127,-0.000104,-2.969196,3.431151,0.367753
124.140000,-1.908782,-2.809816,-2.568495,-3.878127,-0.000104,-2.936248,3.431151,0.367753
124.180000,-1.908782,-2.809816,-2.544929,-3.878127,-0.000104,-2.912682,3.431151,0.367753
124.240000,-1.908782,-2.809816,-2.507181,-3.878127,-0.000104,-2.874934,3.431151,0.367753
124.300000,-1.908782,-2.809816,-2.466553,-3.878127,-0.000104,-2.834306,3.431151,0.367753
124.340000,-1.908782,-2.809816,-2.437867,-3.878127,-0.000104,-2.805621,3.431151,0.367753
124.380000,-1.908782,-2.809816,-2.407902,-3.878127,-0.000104,-2.775655,3.431151,0.367753
124.440000,-1.908782,-2.809816,-2.360661,-3.878127,-0.000104,-2.728415,3.431151,0.367753
124.480000,-1.908782,-2.809816,-2.328661,-3.878127,-0.000104,-2.696415,3.431151,0.367753
124.540000,-1.908782,-2.809816,-2.280661,-3.878127,-0.000104,-2.648415,3.431151,0.367753
124.580000,-1.908782,-2.809816,-2.248661,-3.878127,-0.000104,-2.616415,3.431151,0.367753
124.640000,-1.908782,-2.809816,-2.200661,-3.878127,-0.000104,-2.568415,3.431151,0.367753
124.680000,-1.908971,-2.810087,-2.168982,-3.878400,-0.000289,-2.536735,3.431270,0.367753
124.740000,-1.910018,-2.811715,-2.123361,-3.879963,-0.001432,-2.491115,3.431963,0.367753
124.780000,-1.911190,-2.813683,-2.094515,-3.881764,-0.002847,-2.462268,3.432777,0.367753
124.840000,-1.913565,-2.818010,-2.053661,-3.885536,-0.006031,-2.421414,3.434515,0.367753
124.880000,-1.915506,-2.821837,-2.027998,-3.888723,-0.008904,-2.395751,3.436012,0.367753
124.940000,-1.918862,-2.828996,-1.991928,-3.894428,-0.014378,-2.359681,3.438741,0.367753
124.980000,-1.921271,-2.834544,-1.969497,-3.898671,-0.018689,-2.337250,3.440806,0.367753
125.040000,-1.924978,-2.843756,-1.938227,-3.905442,-0.025953,-2.305980,3.444162,0.367753
125.080000,-1.927469,-2.850421,-1.918980,-3.910162,-0.031276,-2.286733,3.446542,0.367753
125.140000,-1.931172,-2.861076,-1.892310,-3.917449,-0.039887,-2.260063,3.450275,0.367753
125.180000,-1.933593,-2.868556,-1.875594,-3.922397,-0.045997,-2.243347,3.452851,0.367753
125.240000,-1.936521,-2.878239,-1.852660,-3.928611,-0.053980,-2.220413,3.456134,0.367753
125.280000,-1.938069,-2.883726,-1.838949,-3.932028,-0.058543,-2.206703,3.457966,0.367753
125.340000,-1.940260,-2.891998,-1.820864,-3.937046,-0.065475,-2.188617,3.460692,0.367753
125.380000,-1.941649,-2.897564,-1.809961,-3.940343,-0.070169,-2.177715,3.462505,0.367753
125.440000,-1.943629,-2.905979,-1.793780,-3.945216,-0.077310,-2.161533,3.465216,0.367753
125.480000,-1.944878,-2.911631,-1.783058,-3.948414,-0.082135,-2.150811,3.467017,0.367753
125.540000,-1.946647,-2.920170,-1.767063,-3.953134,-0.089466,-2.134816,3.469708,0.367753
125.580000,-1.947755,-2.925902,-1.756459,-3.956229,-0.094417,-2.124212,3.471495,0.367753
125.640000,-1.949310,-2.934560,-1.740646,-3.960793,-0.101937,-2.108399,3.474164,0.367753
125.680000,-1.950276,-2.940370,-1.730166,-3.963783,-0.107012,-2.097919,3.475936,0.367753
125.740000,-1.951615,-2.949143,-1.714548,-3.968187,-0.114716,-2.082301,3.478582,0.367753
125.780000,-1.952436,-2.955027,-1.704203,-3.971068,-0.119912,-2.071956,3.480338,0.367753
125.840000,-1.953558,-2.963909,-1.688794,-3.975308,-0.127796,-2.056547,3.482960,0.367753
125.880000,-1.954233,-2.969865,-1.678596,-3.978080,-0.133112,-2.046349,3.484699,0.367753
125.940000,-1.955137,-2.978852,-1.663414,-3.982154,-0.141173,-2.031168,3.487294,0.367753
125.980000,-1.955666,-2.984877,-1.653373,-3.984814,-0.146605,-2.021127,3.489016,0.367753
126.040000,-1.956350,-2.993964,-1.638435,-3.988719,-0.154839,-2.006188,3.491584,0.367753
126.080000,-1.956732,-3.000055,-1.628561,-3.991265,-0.160384,-1.996314,3.493287,0.367753
126.140000,-1.957196,-3.009247,-1.613899,-3.995003,-0.168795,-1.981652,3.495830,0.367753
126.180000,-1.957431,-3.015405,-1.604217,-3.997437,-0.174457,-1.971971,3.497515,0.367753
126.240000,-1.957675,-3.024680,-1.589824,-4.000998,-0.183024,-1.957577,3.500025,0.367753
126.280000,-1.957763,-3.030892,-1.580318,-4.003314,-0.188789,-1.948071,3.501689,0.367753
126.340000,-1.957786,-3.040259,-1.566207,-4.006703,-0.197521,-1.933960,3.504171,0.367753
126.380000,-1.957728,-3.046527,-1.556898,-4.008902,-0.203391,-1.924651,3.505815,0.367753
126.440000,-1.957531,-3.055970,-1.543082,-4.012114,-0.212273,-1.910835,3.508264,0.367753
126.480000,-1.957327,-3.062291,-1.533974,-4.014196,-0.218246,-1.901727,3.509887,0.367753
126.540000,-1.956912,-3.071812,-1.520472,-4.017231,-0.227279,-1.888225,3.512305,0.367753
126.580000,-1.956563,-3.078184,-1.511578,-4.019196,-0.233351,-1.879331,3.513906,0.367753
126.640000,-1.955930,-3.087783,-1.498413,-4.022057,-0.242535,-1.866167,3.516293,0.367753
126.680000,-1.955436,-3.094207,-1.489761,-4.023906,-0.248708,-1.857515,3.517874,0.367753
126.740000,-1.954589,-3.103870,-1.476933,-4.026589,-0.258029,-1.844686,3.520227,0.367753
126.780000,-1.953952,-3.110338,-1.468503,-4.028320,-0.264294,-1.836256,3.521786,0.367753
126.840000,-1.952892,-3.120067,-1.456026,-4.030829,-0.273752,-1.823779,3.524106,0.367753
126.880000,-1.952114,-3.126576,-1.447826,-4.032443,-0.280106,-1.815579,3.525643,0.367753
126.940000,-1.950844,-3.136366,-1.435716,-4.034777,-0.289698,-1.803469,3.527931,0.367753
126.980000,-1.949928,-3.142911,-1.427760,-4.036276,-0.296136,-1.795513,3.529445,0.367753
127.040000,-1.948450,-3.152758,-1.416010,-4.038437,-0.305855,-1.783763,3.531700,0.367753
127.080000,-1.947396,-3.159345,-1.408313,-4.039822,-0.312381,-1.776066,3.533193,0.367753
127.140000,-1.945716,-3.169245,-1.396947,-4.041813,-0.322223,-1.764701,3.535415,0.367753
127.180000,-1.944528,-3.175863,-1.389495,-4.043084,-0.328825,-1.757249,3.536886,0.367753
127.240000,-1.942646,-3.185818,-1.378524,-4.044907,-0.338791,-1.746278,3.539076,0.367753
127.280000,-1.941327,-3.192467,-1.371337,-4.046066,-0.345470,-1.739090,3.540526,0.367753
127.340000,-1.939250,-3.202465,-1.360749,-4.047723,-0.355546,-1.728502,3.542683,0.367753
127.380000,-1.937802,-3.209145,-1.353823,-4.048773,-0.362300,-1.721576,3.544111,0.367753
127.440000,-1.935533,-3.219192,-1.343652,-4.050268,-0.372491,-1.711406,3.546239,0.367753
127.480000,-1.933959,-3.225900,-1.336997,-4.051211,-0.379316,-1.704750,3.547646,0.367753
127.540000,-1.931506,-3.235981,-1.327204,-4.038559,-0.403242,-1.640513,3.530450,0.313309
127.580000,-1.929762,-3.242909,-1.321386,-4.016258,-0.416663,-1.580252,3.512994,0.258865
127.640000,-1.926877,-3.254074,-1.315082,-4.001602,-0.428432,-1.546725,3.505530,0.231643
127.680000,-1.924867,-3.261721,-1.312490,-4.001401,-0.436336,-1.544133,3.506393,0.231643
127.740000,-1.921832,-3.273163,-1.311018,-4.001074,-0.448169,-1.542661,3.507683,0.231643
127.780000,-1.919809,-3.280780,-1.311487,-4.000854,-0.456048,-1.543130,3.508541,0.231643
127.840000,-1.916784,-3.292209,-1.312656,-4.000534,-0.467865,-1.544299,3.509833,0.231643
127.880000,-1.914775,-3.299831,-1.313457,-4.000328,-0.475746,-1.545100,3.510697,0.231643
127.940000,-1.911771,-3.311272,-1.314649,-4.000031,-0.487570,-1.546292,3.511997,0.231643
127.980000,-1.909776,-3.318903,-1.315431,-3.999841,-0.495455,-1.547074,3.512866,0.231643
128.040000,-1.906793,-3.330355,-1.316582,-3.999567,-0.507287,-1.548226,3.514174,0.231643
128.080000,-1.904811,-3.337995,-1.317335,-3.999392,-0.515177,-1.548979,3.515049,0.231643
128.140000,-1.901848,-3.349460,-1.318440,-3.999140,-0.527016,-1.550084,3.516365,0.231643
128.180000,-1.899879,-3.357107,-1.319161,-3.998980,-0.534911,-1.550804,3.517245,0.231643
128.240000,-1.896935,-3.368584,-1.320219,-3.998749,-0.546758,-1.551863,3.518569,0.231643
128.280000,-1.894979,-3.376239,-1.320910,-3.998602,-0.554658,-1.552553,3.519454,0.231643
128.340000,-1.892053,-3.387728,-1.321922,-3.998392,-0.566511,-1.553566,3.520785,0.231643
128.380000,-1.890108,-3.395391,-1.322582,-3.998258,-0.574416,-1.554225,3.521676,0.231643
128.440000,-1.887199,-3.406891,-1.323548,-3.994847,-0.582543,-1.545420,3.524077,0.221871
128.480000,-1.885279,-3.414511,-1.324343,-3.991107,-0.586387,-1.536442,3.526017,0.212099
128.540000,-1.882447,-3.425809,-1.326259,-3.988796,-0.595914,-1.533472,3.527749,0.207213
128.580000,-1.880583,-3.433306,-1.327943,-3.988514,-0.603634,-1.535157,3.528515,0.207213
128.640000,-1.877809,-3.444566,-1.330613,-3.988116,-0.615224,-1.537827,3.529670,0.207213
128.700000,-1.875063,-3.455846,-1.333271,-3.987749,-0.626828,-1.540485,3.530834,0.207213
128.740000,-1.873246,-3.463378,-1.335004,-3.987521,-0.634572,-1.542218,3.531614,0.207213
128.780000,-1.871441,-3.470918,-1.336703,-3.987306,-0.642322,-1.543916,3.532398,0.207213
128.840000,-1.868755,-3.482244,-1.339180,-3.987008,-0.653958,-1.546393,3.533581,0.207213
128.880000,-1.866979,-3.489805,-1.340785,-3.986824,-0.661724,-1.547998,3.534373,0.207213
128.940000,-1.864333,-3.501163,-1.343121,-3.986572,-0.673383,-1.550334,3.535568,0.207213
128.980000,-1.862582,-3.508745,-1.344632,-3.986419,-0.681163,-1.551845,3.536369,0.207213
129.040000,-1.859975,-3.520134,-1.346829,-3.986211,-0.692844,-1.554042,3.537576,0.207213
129.100000,-1.857390,-3.531539,-1.348945,-3.986027,-0.704537,-1.556158,3.538790,0.207213
129.140000,-1.855678,-3.539154,-1.350306,-3.985918,-0.712341,-1.557519,3.539603,0.207213
129.180000,-1.853975,-3.546775,-1.351634,-3.985820,-0.720149,-1.558847,3.540420,0.207213
129.240000,-1.851438,-3.558219,-1.353563,-3.985691,-0.731871,-1.560776,3.541649,0.207213
129.280000,-1.849757,-3.565858,-1.354806,-3.985617,-0.739693,-1.562020,3.542473,0.207213
129.340000,-1.847251,-3.577329,-1.356609,-3.977568,-0.755527,-1.552654,3.535650,0.196045
129.380000,-1.845609,-3.584901,-1.358040,-3.969076,-0.766972,-1.542918,3.528433,0.184877
129.440000,-1.843220,-3.596041,-1.361314,-3.964418,-0.780060,-1.540607,3.525511,0.179293
129.480000,-1.841664,-3.603412,-1.364117,-3.964201,-0.787590,-1.543411,3.526190,0.179293
129.540000,-1.839364,-3.614499,-1.368510,-3.963916,-0.798909,-1.547803,3.527217,0.179293
129.600000,-1.837109,-3.625618,-1.372857,-3.963680,-0.810253,-1.552150,3.528255,0.179293
129.640000,-1.835629,-3.633054,-1.375671,-3.963549,-0.817833,-1.554964,3.528953,0.179293
129.680000,-1.834167,-3.640502,-1.378422,-3.963440,-0.825423,-1.557715,3.529656,0.179293
129.740000,-1.832008,-3.651709,-1.382398,-3.963313,-0.836835,-1.561691,3.530719,0.179293
129.780000,-1.830590,-3.659195,-1.384967,-3.963254,-0.844454,-1.564261,3.531433,0.179293
129.840000,-1.828496,-3.670453,-1.388694,-3.963200,-0.855905,-1.567987,3.532512,0.179293
129.900000,-1.826438,-3.681742,-1.392265,-3.963189,-0.867380,-1.571558,3.533601,0.179293
129.900000,-1.826438,-3.681742,-1.392265,-3.963189,-0.867380,-1.571558,3.533601,0.179293
129.900000,-1.825760,-3.685515,-1.393414,-3.963189,-0.867380,-1.571558,3.537017,0.178144
130.140000,-1.818542,-3.727205,-1.404991,-3.963527,-0.909522,-1.584284,3.541228,0.179293
130.180000,-1.817274,-3.734825,-1.406888,-3.963639,-0.913247,-1.586181,3.545164,0.179293
130.240000,-1.815396,-3.746279,-1.409606,-3.963833,-0.922852,-1.588900,3.547890,0.179293
130.280000,-1.814159,-3.753929,-1.411342,-3.963980,-0.930600,-1.590635,3.548650,0.179293
130.340000,-1.812325,-3.765425,-1.413834,-3.964226,-0.942239,-1.593128,3.549797,0.179293
130.400000,-1.810516,-3.776946,-1.416190,-3.964500,-0.953898,-1.595483,3.550951,0.179293
130.440000,-1.809322,-3.784642,-1.417680,-3.964698,-0.961683,-1.596973,3.551724,0.179293
130.480000,-1.808139,-3.792346,-1.419115,-3.964908,-0.969474,-1.598408,3.552500,0.179293
130.540000,-1.806382,-3.803921,-1.421163,-3.965243,-0.981177,-1.600456,3.553669,0.179293
130.580000,-1.805222,-3.811650,-1.422460,-3.965480,-0.988989,-1.601753,3.554452,0.179293
130.640000,-1.803498,-3.823261,-1.424304,-3.965854,-1.000722,-1.603598,3.555631,0.179293
130.680000,-1.802359,-3.831013,-1.425466,-3.966116,-1.008553,-1.604759,3.556421,0.179293
130.740000,-1.800664,-3.842659,-1.427111,-3.966525,-1.020314,-1.606404,3.557609,0.179293
130.780000,-1.799543,-3.850433,-1.428144,-3.966809,-1.028163,-1.607438,3.558405,0.179293
130.840000,-1.797875,-3.862110,-1.429599,-3.967249,-1.039951,-1.608893,3.559602,0.179293
130.880000,-1.796771,-3.869905,-1.430510,-3.967553,-1.047817,-1.609803,3.560403,0.179293
130.940000,-1.795125,-3.881612,-1.431783,-3.968022,-1.059630,-1.611076,3.561609,0.179293
130.980000,-1.794035,-3.889427,-1.432573,-3.968342,-1.067514,-1.611867,3.562415,0.179293
131.040000,-1.792409,-3.901162,-1.433674,-3.968835,-1.079351,-1.612967,3.563628,0.179293
131.080000,-1.791331,-3.908994,-1.434354,-3.969172,-1.087250,-1.613647,3.564439,0.179293
131.140000,-1.789722,-3.920755,-1.435292,-3.969686,-1.099110,-1.614586,3.565659,0.179293
131.180000,-1.788654,-3.928606,-1.435862,-3.970035,-1.107025,-1.615156,3.566475,0.179293
131.240000,-1.787059,-3.940393,-1.436636,-3.970567,-1.118908,-1.615929,3.567701,0.179293
131.300000,-1.785470,-3.952194,-1.437322,-3.971108,-1.130802,-1.616616,3.568930,0.179293
131.340000,-1.784414,-3.960069,-1.437731,-3.971474,-1.138740,-1.617024,3.569752,0.179293
131.380000,-1.783361,-3.967949,-1.438101,-3.971843,-1.146682,-1.617395,3.570575,0.179293
131.440000,-1.781785,-3.979778,-1.438597,-3.972402,-1.158602,-1.617891,3.571811,0.179293
131.480000,-1.780737,-3.987670,-1.438889,-3.972778,-1.166554,-1.618183,3.572637,0.179293
131.540000,-1.779167,-3.999518,-1.439264,-3.973878,-1.182483,-1.619953,3.571056,0.180689
131.580000,-1.778121,-4.007430,-1.439447,-3.974809,-1.194438,-1.621532,3.569084,0.182085
131.640000,-1.776551,-4.019320,-1.439530,-3.975693,-1.208404,-1.622314,3.568960,0.182783
131.680000,-1.775506,-4.027239,-1.439492,-3.976104,-1.216381,-1.622275,3.569812,0.182783
131.740000,-1.773937,-4.039110,-1.439356,-3.976720,-1.228340,-1.622139,3.571090,0.182783
131.780000,-1.772891,-4.047020,-1.439226,-3.977129,-1.236307,-1.622009,3.571942,0.182783
131.840000,-1.771320,-4.058879,-1.438989,-3.977740,-1.248254,-1.621772,3.573219,0.182783
131.880000,-1.770272,-4.066781,-1.438805,-3.978145,-1.256215,-1.621588,3.574071,0.182783
131.940000,-1.768697,-4.078628,-1.438490,-3.978750,-1.268151,-1.621273,3.575348,0.182783
131.980000,-1.767646,-4.086522,-1.438256,-3.979151,-1.276105,-1.621039,3.576199,0.182783
132.040000,-1.766065,-4.098359,-1.437870,-3.979748,-1.288032,-1.620653,3.577475,0.182783
132.080000,-1.765009,-4.106246,-1.437590,-3.980144,-1.295980,-1.620373,3.578326,0.182783
132.140000,-1.763422,-4.118072,-1.437139,-3.980732,-1.307898,-1.619922,3.579602,0.182783
132.180000,-1.762361,-4.125954,-1.436818,-3.981122,-1.315840,-1.619601,3.580452,0.182783
132.240000,-1.760765,-4.137770,-1.436308,-3.981700,-1.327750,-1.619092,3.581727,0.182783
132.280000,-1.759698,-4.145645,-1.435951,-3.982083,-1.335688,-1.618735,3.582576,0.182783
132.340000,-1.758093,-4.157454,-1.435390,-3.982650,-1.347592,-1.618173,3.583850,0.182783
132.380000,-1.757019,-4.165323,-1.435000,-3.983025,-1.355525,-1.617783,3.584699,0.182783
132.440000,-1.755403,-4.177123,-1.434391,-3.983581,-1.367422,-1.617174,3.585972,0.182783
132.480000,-1.754322,-4.184988,-1.433972,-3.983947,-1.375352,-1.616755,3.586820,0.182783
132.540000,-1.752695,-4.196781,-1.433324,-3.984490,-1.387245,-1.616108,3.588092,0.182783
132.580000,-1.751605,-4.204641,-1.432880,-3.984848,-1.395171,-1.615664,3.588940,0.182783
132.640000,-1.749965,-4.216427,-1.432198,-3.985378,-1.407060,-1.614981,3.590211,0.182783
132.680000,-1.748868,-4.224283,-1.431732,-3.985726,-1.414984,-1.614515,3.591058,0.182783
132.740000,-1.747215,-4.236063,-1.431019,-3.986242,-1.426868,-1.613802,3.592327,0.182783
132.780000,-1.746108,-4.243915,-1.430535,-3.986581,-1.434791,-1.613318,3.593174,0.182783
132.840000,-1.744441,-4.255689,-1.429796,-3.987082,-1.446672,-1.612580,3.594442,0.182783
132.880000,-1.743325,-4.263538,-1.429297,-3.987411,-1.454593,-1.612080,3.595288,0.182783
132.940000,-1.741644,-4.275308,-1.428537,-3.992987,-1.470439,-1.614113,3.596642,0.185575
132.980000,-1.740524,-4.283112,-1.427900,-3.998418,-1.482253,-1.616267,3.597624,0.188367
133.040000,-1.738849,-4.294695,-1.426309,-4.001496,-1.495900,-1.616072,3.599003,0.189763
133.080000,-1.737723,-4.302391,-1.424927,-4.001843,-1.503671,-1.614690,3.599871,0.189763
133.140000,-1.736014,-4.313938,-1.422735,-4.002343,-1.515333,-1.612498,3.601171,0.189763
133.180000,-1.734860,-4.321638,-1.421249,-4.002661,-1.523112,-1.611013,3.602037,0.189763
133.240000,-1.733106,-4.333191,-1.419011,-4.003118,-1.534788,-1.608774,3.603333,0.189763
133.280000,-1.731922,-4.340895,-1.417516,-4.003408,-1.542577,-1.607279,3.604196,0.189763
133.340000,-1.730123,-4.352453,-1.415270,-4.003822,-1.554268,-1.605034,3.605489,0.189763
133.380000,-1.728908,-4.360161,-1.413773,-4.004083,-1.562066,-1.603536,3.606349,0.189763
133.440000,-1.727064,-4.371726,-1.411525,-4.004453,-1.573771,-1.601288,3.607638,0.189763
133.480000,-1.725819,-4.379437,-1.410025,-4.004685,-1.581579,-1.599788,3.608496,0.189763
133.540000,-1.723930,-4.391008,-1.407774,-4.005012,-1.593298,-1.597538,3.609780,0.189763
133.580000,-1.722654,-4.398723,-1.406273,-4.005215,-1.601116,-1.596037,3.610636,0.189763
133.640000,-1.720719,-4.410299,-1.404020,-4.005498,-1.612849,-1.593783,3.611917,0.189763
133.680000,-1.719414,-4.418019,-1.402517,-4.005672,-1.620676,-1.592280,3.612769,0.189763
133.740000,-1.717433,-4.429600,-1.400261,-4.005912,-1.632423,-1.590025,3.614046,0.189763
133.780000,-1.716097,-4.437322,-1.398756,-4.006056,-1.640259,-1.588520,3.614897,0.189763
133.840000,-1.714070,-4.448909,-1.396498,-4.006252,-1.652020,-1.586262,3.616170,0.189763
133.880000,-1.712704,-4.456635,-1.394992,-4.006367,-1.659865,-1.584755,3.617017,0.189763
133.940000,-1.710631,-4.468226,-1.392731,-4.006518,-1.671639,-1.582494,3.618286,0.189763
133.980000,-1.709234,-4.475955,-1.391223,-4.006604,-1.679493,-1.580986,3.619131,0.189763
134.040000,-1.707116,-4.487551,-1.388960,-4.006711,-1.691281,-1.578723,3.620396,0.189763
134.080000,-1.705688,-4.495284,-1.387450,-4.006767,-1.699144,-1.577213,3.621238,0.189763
134.140000,-1.703523,-4.506885,-1.385184,-4.006829,-1.710945,-1.574947,3.622499,0.189763
134.200000,-1.701331,-4.518488,-1.382916,-4.006865,-1.722753,-1.572680,3.623758,0.189763
134.240000,-1.699853,-4.526226,-1.381403,-4.006874,-1.730631,-1.571167,3.624596,0.189763
134.280000,-1.698364,-4.533965,-1.379890,-4.006871,-1.738512,-1.569653,3.625433,0.189763
134.340000,-1.696106,-4.545575,-1.377619,-4.006844,-1.746339,-1.567382,3.629770,0.189763
134.380000,-1.694586,-4.553317,-1.376120,-4.006811,-1.750230,-1.565884,3.633688,0.189763
134.440000,-1.692282,-4.564937,-1.373948,-4.006740,-1.760075,-1.563711,3.636477,0.189763
134.480000,-1.690730,-4.572686,-1.372545,-4.006678,-1.767978,-1.562308,3.637307,0.189763
134.540000,-1.688382,-4.584313,-1.370462,-4.006565,-1.779839,-1.560225,3.638550,0.189763
134.580000,-1.686803,-4.592064,-1.369078,-4.006476,-1.787749,-1.558841,3.639378,0.189763
134.640000,-1.684412,-4.603693,-1.367004,-4.006322,-1.799620,-1.556767,3.640617,0.189763
134.680000,-1.682804,-4.611447,-1.365621,-4.006205,-1.807538,-1.555384,3.641442,0.189763
134.740000,-1.680371,-4.623080,-1.363545,-4.006010,-1.819421,-1.553309,3.642678,0.189763
134.780000,-1.678734,-4.630836,-1.362161,-4.005866,-1.827346,-1.551924,3.643500,0.189763
134.840000,-1.676258,-4.642471,-1.360084,-4.005629,-1.839240,-1.549847,3.644732,0.189763
134.880000,-1.674593,-4.650229,-1.358698,-4.005457,-1.847173,-1.548461,3.645553,0.189763
134.940000,-1.672075,-4.661864,-1.356906,-4.005180,-1.859074,-1.546670,3.646781,0.189763
134.980000,-1.670392,-4.669611,-1.356740,-4.004987,-1.867000,-1.546504,3.647598,0.189763
135.040000,-1.667868,-4.681228,-1.357103,-4.004700,-1.878884,-1.546867,3.648824,0.189763
135.080000,-1.666189,-4.688973,-1.357472,-4.004512,-1.886806,-1.547235,3.649643,0.189763
135.140000,-1.663675,-4.700593,-1.358077,-4.004236,-1.898692,-1.547841,3.650873,0.189763
135.180000,-1.662004,-4.708341,-1.358492,-4.004055,-1.906616,-1.548256,3.651694,0.189763
135.240000,-1.659501,-4.719967,-1.359120,-4.003791,-1.918506,-1.548883,3.652928,0.189763
135.280000,-1.657837,-4.727720,-1.359539,-4.003619,-1.926433,-1.549303,3.653752,0.189763
135.340000,-1.655346,-4.739352,-1.360169,-4.003367,-1.938326,-1.549932,3.654989,0.189763
135.380000,-1.653690,-4.747108,-1.360589,-4.003203,-1.946256,-1.550352,3.655816,0.189763
135.440000,-1.651210,-4.758746,-1.361219,-4.002964,-1.958153,-1.550982,3.657057,0.189763
135.480000,-1.649561,-4.766507,-1.361639,-4.002808,-1.966085,-1.551402,3.657887,0.189763
135.540000,-1.647094,-4.778152,-1.362269,-4.002581,-1.977986,-1.552032,3.659132,0.189763
135.580000,-1.645452,-4.785916,-1.362689,-4.002434,-1.985921,-1.552452,3.659964,0.189763
135.640000,-1.642996,-4.797567,-1.363319,-4.002219,-1.997826,-1.553083,3.661214,0.189763
135.680000,-1.641362,-4.805336,-1.363739,-4.002080,-2.005763,-1.553503,3.662048,0.189763
135.740000,-1.638917,-4.816992,-1.364367,-3.997346,-2.017671,-1.552734,3.660380,0.188367
135.780000,-1.637299,-4.824731,-1.364893,-3.992658,-2.025567,-1.551865,3.658283,0.186971
135.840000,-1.634899,-4.836256,-1.366150,-3.990158,-2.037329,-1.552424,3.658037,0.186273
135.880000,-1.633313,-4.843918,-1.367241,-3.990019,-2.045153,-1.553514,3.658846,0.186273
135.940000,-1.630948,-4.855423,-1.368961,-3.989826,-2.056896,-1.555234,3.660062,0.186273
135.980000,-1.629382,-4.863099,-1.370102,-3.989708,-2.064729,-1.556375,3.660876,0.186273
136.040000,-1.627048,-4.874624,-1.371775,-3.989549,-2.076488,-1.558048,3.662100,0.186273
136.080000,-1.625501,-4.882315,-1.372859,-3.989453,-2.084332,-1.559132,3.662919,0.186273
136.140000,-1.623195,-4.893861,-1.374434,-3.989325,-2.096105,-1.560707,3.664152,0.186273
136.180000,-1.621666,-4.901566,-1.375449,-3.989250,-2.103960,-1.561722,3.664976,0.186273
136.240000,-1.619386,-4.913134,-1.376919,-3.989151,-2.115750,-1.563192,3.666217,0.186273
136.280000,-1.617874,-4.920852,-1.377866,-3.989095,-2.123615,-1.564139,3.667046,0.186273
136.340000,-1.615619,-4.932439,-1.379237,-3.989025,-2.135419,-1.565510,3.668293,0.186273
136.380000,-1.614123,-4.940170,-1.380121,-3.988987,-2.143293,-1.566394,3.669127,0.186273
136.440000,-1.611891,-4.951775,-1.381400,-3.988942,-2.155111,-1.567674,3.670382,0.186273
136.480000,-1.610410,-4.959519,-1.382220,-3.988921,-2.162995,-1.568493,3.671221,0.186273
136.540000,-1.608199,-4.971142,-1.383403,-3.988901,-2.174827,-1.569677,3.672482,0.186273
136.580000,-1.606731,-4.978898,-1.384160,-3.988895,-2.182720,-1.570434,3.673325,0.186273
136.640000,-1.604540,-4.990538,-1.385254,-3.988897,-2.194565,-1.571527,3.674592,0.186273
136.680000,-1.603085,-4.998304,-1.385954,-3.988906,-2.202466,-1.572227,3.675439,0.186273
136.740000,-1.600912,-5.009960,-1.386964,-3.988929,-2.214323,-1.573238,3.676712,0.186273
136.780000,-1.599468,-5.017736,-1.387610,-3.988951,-2.222232,-1.573884,3.677563,0.186273
136.840000,-1.597312,-5.029408,-1.388539,-3.988993,-2.234101,-1.574812,3.678842,0.186273
136.880000,-1.595879,-5.037194,-1.389131,-3.989027,-2.242017,-1.575405,3.679697,0.186273
136.940000,-1.593738,-5.048880,-1.389980,-3.989087,-2.253898,-1.576253,3.680981,0.186273
136.980000,-1.592315,-5.056675,-1.390520,-3.989132,-2.261822,-1.576794,3.681839,0.186273
137.040000,-1.590187,-5.068375,-1.391292,-3.989208,-2.273714,-1.577565,3.683128,0.186273
137.080000,-1.588773,-5.076180,-1.391780,-3.989264,-2.281645,-1.578053,3.683990,0.186273
137.140000,-1.586658,-5.087892,-1.392479,-3.988823,-2.289547,-1.577356,3.687971,0.184877
137.180000,-1.585253,-5.095697,-1.392948,-3.988330,-2.293469,-1.576429,3.691512,0.183481
137.240000,-1.583156,-5.107390,-1.393728,-3.988118,-2.303341,-1.576511,3.694122,0.182783
137.280000,-1.581763,-5.115183,-1.394288,-3.988166,-2.311258,-1.577071,3.694966,0.182783
137.340000,-1.579682,-5.126880,-1.395124,-3.988245,-2.323138,-1.577907,3.696234,0.182783
137.380000,-1.578300,-5.134682,-1.395663,-3.988304,-2.331061,-1.578447,3.697081,0.182783
137.440000,-1.576232,-5.146393,-1.396436,-3.988399,-2.342953,-1.579219,3.698355,0.182783
137.480000,-1.574858,-5.154204,-1.396926,-3.988468,-2.350884,-1.579709,3.699205,0.182783
137.540000,-1.572803,-5.165928,-1.397623,-3.988578,-2.362786,-1.580406,3.700483,0.182783
137.580000,-1.571437,-5.173748,-1.398063,-3.988656,-2.370724,-1.580846,3.701337,0.182783
137.640000,-1.569393,-5.185485,-1.398686,-3.988780,-2.382637,-1.581470,3.702619,0.182783
137.680000,-1.568034,-5.193314,-1.399078,-3.988866,-2.390582,-1.581861,3.703476,0.182783
137.740000,-1.566000,-5.205062,-1.399632,-3.989001,-2.402504,-1.582416,3.704763,0.182783
137.780000,-1.564647,-5.212898,-1.399980,-3.989095,-2.410456,-1.582763,3.705622,0.182783
137.840000,-1.562621,-5.224657,-1.400467,-3.989241,-2.422387,-1.583251,3.706912,0.182783
137.880000,-1.561274,-5.232500,-1.400772,-3.989341,-2.430344,-1.583556,3.707774,0.182783
137.940000,-1.559256,-5.244269,-1.401200,-3.989496,-2.442284,-1.583984,3.709068,0.182783
137.980000,-1.557913,-5.252119,-1.401466,-3.989602,-2.450247,-1.584249,3.709932,0.182783
138.040000,-1.555901,-5.263898,-1.401835,-3.989765,-2.462195,-1.584618,3.711230,0.182783
138.080000,-1.554562,-5.271753,-1.402062,-3.989876,-2.470164,-1.584846,3.712097,0.182783
138.140000,-1.552556,-5.283541,-1.402376,-3.990046,-2.482120,-1.585159,3.713398,0.182783
138.180000,-1.551220,-5.291402,-1.402567,-3.990162,-2.490093,-1.585351,3.714266,0.182783
138.240000,-1.549218,-5.303198,-1.402829,-3.990337,-2.502056,-1.585612,3.715570,0.182783
138.280000,-1.547885,-5.311065,-1.402987,-3.990456,-2.510034,-1.585770,3.716440,0.182783
138.340000,-1.545887,-5.322868,-1.403199,-3.990637,-2.522004,-1.585982,3.717747,0.182783
138.380000,-1.544555,-5.330740,-1.403325,-3.990758,-2.529987,-1.586108,3.718619,0.182783
138.440000,-1.542560,-5.342551,-1.403491,-3.990943,-2.541963,-1.586274,3.719929,0.182783
138.480000,-1.541230,-5.350427,-1.403587,-3.991067,-2.549950,-1.586371,3.720802,0.182783
138.540000,-1.539236,-5.362244,-1.403711,-3.991796,-2.561934,-1.587890,3.722470,0.184179
138.580000,-1.537907,-5.370129,-1.403752,-3.992480,-2.569921,-1.589327,3.723721,0.185575
138.640000,-1.535915,-5.381939,-1.403678,-3.992982,-2.581888,-1.589952,3.725247,0.186273
138.680000,-1.533923,-5.393737,-1.403478,-3.993135,-2.589864,-1.589825,3.729534,0.186347
138.740000,-1.532595,-5.401601,-1.403319,-3.993361,-2.601825,-1.589592,3.727481,0.186273
138.800000,-1.530599,-5.413396,-1.403064,-3.993584,-2.613785,-1.589337,3.728822,0.186273
138.840000,-1.529267,-5.421258,-1.402887,-3.993732,-2.621758,-1.589160,3.729716,0.186273
138.880000,-1.527934,-5.429119,-1.402705,-3.993877,-2.629730,-1.588978,3.730610,0.186273
138.940000,-1.525931,-5.440909,-1.402425,-3.994093,-2.641687,-1.588699,3.731952,0.186273
138.980000,-1.524595,-5.448769,-1.402235,-3.994235,-2.649658,-1.588508,3.732846,0.186273
139.040000,-1.522587,-5.460556,-1.401942,-3.994445,-2.661614,-1.588216,3.734188,0.186273
139.080000,-1.521247,-5.468414,-1.401744,-3.994583,-2.669584,-1.588017,3.735083,0.186273
139.140000,-1.519233,-5.480199,-1.401441,-3.994787,-2.681538,-1.587715,3.736425,0.186273
139.180000,-1.517889,-5.488056,-1.401237,-3.994921,-2.689507,-1.587510,3.737320,0.186273
139.240000,-1.515870,-5.499839,-1.400926,-3.995119,-2.701461,-1.587199,3.738662,0.186273
139.300000,-1.513847,-5.511621,-1.400610,-3.995313,-2.713414,-1.586884,3.740005,0.186273
139.340000,-1.512497,-5.519475,-1.400398,-3.995441,-2.721382,-1.586671,3.740900,0.186273
139.380000,-1.511144,-5.527328,-1.400184,-3.995566,-2.729350,-1.586458,3.741796,0.186273
139.440000,-1.509113,-5.539108,-1.399861,-3.995752,-2.741302,-1.586134,3.743139,0.186273
139.480000,-1.507757,-5.546960,-1.399644,-3.995873,-2.749270,-1.585917,3.744035,0.186273
139.540000,-1.505719,-5.558738,-1.399316,-3.996052,-2.761221,-1.585590,3.745378,0.186273
139.580000,-1.504358,-5.566590,-1.399097,-3.996169,-2.769189,-1.585371,3.746274,0.186273
139.640000,-1.502314,-5.578366,-1.398768,-3.996341,-2.781140,-1.585041,3.747618,0.186273
139.680000,-1.500949,-5.586216,-1.398547,-3.996454,-2.789107,-1.584821,3.748514,0.186273
139.740000,-1.498899,-5.597992,-1.398216,-3.996619,-2.801059,-1.584489,3.749859,0.186273
139.780000,-1.497529,-5.605841,-1.397995,-3.996727,-2.809026,-1.584269,3.750755,0.186273
139.840000,-1.495472,-5.617615,-1.397664,-3.996886,-2.820978,-1.583937,3.752100,0.186273
139.880000,-1.494099,-5.625464,-1.397443,-3.996990,-2.828945,-1.583717,3.752997,0.186273
139.940000,-1.492035,-5.637238,-1.397113,-4.001686,-2.844894,-1.584782,3.754401,0.187669
139.980000,-1.490663,-5.645053,-1.396788,-4.006346,-2.856816,-1.585854,3.755386,0.189065
140.040000,-1.488613,-5.656688,-1.395835,-4.008800,-2.870618,-1.585598,3.756797,0.189763
140.080000,-1.487242,-5.664418,-1.394926,-4.008912,-2.878468,-1.584690,3.757703,0.189763
140.140000,-1.485173,-5.676017,-1.393463,-4.009068,-2.890249,-1.583226,3.759062,0.189763
140.180000,-1.483782,-5.683752,-1.392487,-4.009161,-2.898108,-1.582251,3.759967,0.189763
140.240000,-1.481682,-5.695358,-1.391058,-4.009288,-2.909902,-1.580822,3.761324,0.189763
140.280000,-1.480272,-5.703100,-1.390137,-4.009363,-2.917770,-1.579900,3.762228,0.189763
140.340000,-1.478142,-5.714715,-1.388796,-4.009463,-2.929579,-1.578559,3.763584,0.189763
140.380000,-1.476713,-5.722461,-1.387931,-4.009520,-2.937455,-1.577695,3.764488,0.189763
140.440000,-1.474556,-5.734084,-1.386677,-4.009595,-2.949276,-1.576440,3.765843,0.189763
140.480000,-1.473109,-5.741835,-1.385869,-4.009636,-2.957161,-1.575632,3.766746,0.189763
140.540000,-1.470926,-5.753467,-1.384703,-4.009686,-2.968996,-1.574467,3.768100,0.189763
140.600000,-1.468729,-5.765102,-1.383587,-4.009723,-2.980838,-1.573351,3.769454,0.189763
140.640000,-1.467256,-5.772863,-1.382873,-4.009740,-2.988737,-1.572636,3.770356,0.189763
140.680000,-1.465777,-5.780625,-1.382178,-4.009752,-2.996638,-1.571941,3.771259,0.189763
140.740000,-1.463548,-5.792271,-1.381174,-4.009760,-3.008496,-1.570938,3.772612,0.189763
140.780000,-1.462055,-5.800038,-1.380531,-4.009758,-3.016405,-1.570294,3.773514,0.189763
140.840000,-1.459804,-5.811693,-1.379605,-4.009747,-3.028275,-1.569369,3.774867,0.189763
140.880000,-1.458298,-5.819465,-1.379016,-4.009733,-3.036192,-1.568779,3.775769,0.189763
140.940000,-1.456028,-5.831126,-1.378167,-4.009704,-3.048072,-1.567930,3.777122,0.189763
140.980000,-1.454509,-5.838903,-1.377623,-4.009679,-3.055995,-1.567387,3.778024,0.189763
141.040000,-1.452222,-5.850571,-1.376844,-4.009634,-3.067886,-1.566607,3.779378,0.189763
141.080000,-1.450692,-5.858352,-1.376348,-4.009599,-3.075816,-1.566111,3.780280,0.189763
141.140000,-1.448388,-5.870027,-1.375637,-4.009539,-3.087716,-1.565400,3.781633,0.189763
141.180000,-1.446847,-5.877813,-1.375184,-4.009494,-3.095652,-1.564948,3.782536,0.189763
141.240000,-1.444528,-5.889495,-1.374538,-4.009421,-3.107561,-1.564301,3.783890,0.189763
141.280000,-1.442978,-5.897284,-1.374128,-4.009367,-3.115504,-1.563891,3.784793,0.189763
141.340000,-1.440646,-5.908973,-1.373544,-4.009821,-3.123426,-1.564703,3.789451,0.191159
141.380000,-1.439088,-5.916759,-1.373150,-4.010318,-3.127359,-1.565705,3.793676,0.192555
141.440000,-1.436749,-5.928418,-1.372460,-4.010532,-3.137243,-1.565714,3.796712,0.193253
141.500000,-1.434402,-5.940074,-1.371711,-4.010468,-3.149133,-1.564965,3.798088,0.193253
141.540000,-1.432832,-5.947847,-1.371219,-4.010419,-3.157062,-1.564472,3.799005,0.193253
141.580000,-1.431257,-5.955622,-1.370741,-4.010367,-3.164995,-1.563994,3.799922,0.193253
141.640000,-1.428887,-5.967288,-1.370057,-4.010282,-3.176899,-1.563310,3.801299,0.193253
141.700000,-1.426509,-5.978958,-1.369412,-4.010189,-3.188808,-1.562666,3.802675,0.193253
141.740000,-1.424918,-5.986740,-1.369005,-4.010123,-3.196751,-1.562258,3.803593,0.193253
141.780000,-1.423324,-5.994524,-1.368615,-4.010054,-3.204696,-1.561868,3.804512,0.193253
141.840000,-1.420927,-6.006204,-1.368061,-4.009944,-3.216619,-1.561314,3.805889,0.193253
141.880000,-1.419324,-6.013992,-1.367713,-4.009867,-3.224570,-1.560966,3.806808,0.193253
141.940000,-1.416915,-6.025678,-1.367221,-4.009747,-3.236501,-1.560475,3.808187,0.193253
141.980000,-1.415305,-6.033472,-1.366915,-4.009663,-3.244459,-1.560169,3.809106,0.193253
142.040000,-1.412885,-6.045165,-1.366485,-4.009534,-3.256399,-1.559739,3.810486,0.193253
142.080000,-1.411268,-6.052961,-1.366216,-4.009445,-3.264361,-1.559469,3.811406,0.193253
142.140000,-1.408839,-6.064660,-1.365838,-4.009307,-3.276308,-1.559091,3.812787,0.193253
142.180000,-1.407216,-6.072461,-1.365606,-4.009213,-3.284276,-1.558859,3.813708,0.193253
142.240000,-1.404778,-6.084165,-1.365281,-4.009068,-3.296230,-1.558534,3.815090,0.193253
142.300000,-1.402336,-6.095873,-1.364984,-4.008920,-3.308189,-1.558237,3.816472,0.193253
142.340000,-1.400705,-6.103679,-1.364802,-4.008819,-3.316163,-1.558056,3.817395,0.193253
142.380000,-1.399073,-6.111488,-1.364633,-4.008717,-3.324140,-1.557886,3.818317,0.193253
142.440000,-1.396621,-6.123203,-1.364402,-4.008561,-3.336108,-1.557655,3.819702,0.193253
142.500000,-1.394167,-6.134921,-1.364197,-4.008402,-3.348079,-1.557450,3.821088,0.193253
142.540000,-1.392528,-6.142735,-1.364076,-4.008295,-3.356062,-1.557330,3.822013,0.193253
142.600000,-1.390069,-6.154458,-1.363915,-4.008133,-3.368040,-1.557168,3.823400,0.193253
142.640000,-1.388428,-6.162276,-1.363821,-4.008024,-3.376027,-1.557075,3.824325,0.193253
142.680000,-1.386786,-6.170094,-1.363737,-4.007914,-3.384015,-1.556990,3.825251,0.193253
142.740000,-1.384321,-6.181824,-1.363629,-4.006686,-3.396022,-1.554090,3.825897,0.190461
142.780000,-1.382677,-6.189644,-1.363620,-4.005448,-3.403988,-1.551290,3.826069,0.187669
142.840000,-1.380223,-6.201326,-1.363887,-4.004640,-3.415894,-1.550161,3.827036,0.186273
142.880000,-1.378591,-6.209105,-1.364190,-4.004478,-3.423840,-1.550464,3.827921,0.186273
142.940000,-1.376148,-6.220774,-1.364708,-4.004238,-3.435760,-1.550982,3.829251,0.186273
142.980000,-1.374523,-6.228554,-1.365065,-4.004082,-3.443706,-1.551338,3.830138,0.186273
143.040000,-1.372091,-6.240226,-1.365603,-4.003853,-3.455626,-1.551876,3.831471,0.186273
143.080000,-1.370473,-6.248008,-1.365961,-4.003704,-3.463573,-1.552234,3.832360,0.186273
143.140000,-1.368051,-6.259683,-1.366495,-4.003486,-3.475495,-1.552768,3.833696,0.186273
143.180000,-1.366439,-6.267467,-1.366848,-4.003344,-3.483443,-1.553122,3.834587,0.186273
143.240000,-1.364027,-6.279145,-1.367375,-4.003137,-3.495365,-1.553648,3.835926,0.186273
143.280000,-1.362422,-6.286931,-1.367723,-4.003002,-3.503314,-1.553997,3.836819,0.186273
143.340000,-1.360020,-6.298613,-1.368242,-4.002805,-3.515239,-1.554515,3.838161,0.186273
143.380000,-1.358422,-6.306402,-1.368586,-4.002677,-3.523190,-1.554860,3.839057,0.186273
143.440000,-1.356029,-6.318089,-1.369103,-4.002490,-3.535117,-1.555377,3.840402,0.186273
143.480000,-1.353642,-6.329778,-1.369620,-4.002368,-3.543070,-1.555721,3.844671,0.186101
143.540000,-1.352054,-6.337573,-1.369964,-4.002192,-3.555000,-1.556238,3.842647,0.186273
143.580000,-1.350468,-6.345369,-1.370309,-4.002077,-3.562955,-1.556582,3.843547,0.186273
143.640000,-1.348094,-6.357066,-1.370825,-4.001911,-3.574889,-1.557099,3.844899,0.186273
143.680000,-1.346515,-6.364865,-1.371170,-4.001803,-3.582846,-1.557443,3.845801,0.186273
143.740000,-1.344151,-6.376566,-1.371687,-4.001647,-3.594783,-1.557960,3.847155,0.186273
143.780000,-1.342578,-6.384369,-1.372031,-4.001546,-3.602742,-1.558305,3.848059,0.186273
143.840000,-1.340223,-6.396075,-1.372548,-4.001400,-3.614682,-1.558822,3.849417,0.186273
143.880000,-1.338656,-6.403881,-1.372893,-4.001306,-3.622643,-1.559166,3.850323,0.186273
143.940000,-1.336311,-6.415593,-1.373410,-4.001170,-3.634586,-1.559684,3.851684,0.186273
143.980000,-1.334751,-6.423402,-1.373755,-4.001083,-3.642549,-1.560028,3.852593,0.186273
144.040000,-1.332415,-6.435118,-1.374272,-4.000957,-3.654495,-1.560546,3.853957,0.186273
144.080000,-1.330861,-6.442931,-1.374617,-4.000877,-3.662460,-1.560890,3.854867,0.186273
144.140000,-1.328534,-6.454652,-1.375134,-4.000762,-3.674410,-1.561408,3.856235,0.186273
144.180000,-1.326987,-6.462468,-1.375479,-4.000688,-3.682377,-1.561753,3.857147,0.186273
144.240000,-1.324670,-6.474194,-1.375997,-4.000583,-3.694329,-1.562270,3.858518,0.186273
144.280000,-1.323129,-6.482013,-1.376342,-4.000517,-3.702298,-1.562615,3.859432,0.186273
144.340000,-1.320822,-6.493743,-1.376860,-4.000422,-3.714253,-1.563133,3.860806,0.186273
144.380000,-1.319287,-6.501566,-1.377205,-4.000362,-3.722225,-1.563478,3.861723,0.186273
144.440000,-1.316989,-6.513302,-1.377723,-4.000278,-3.734183,-1.563996,3.863100,0.186273
144.480000,-1.315461,-6.521127,-1.378068,-4.000225,-3.742156,-1.564341,3.864019,0.186273
144.540000,-1.313172,-6.532868,-1.378586,-4.000151,-3.754118,-1.564859,3.865398,0.186273
144.580000,-1.311650,-6.540697,-1.378931,-4.000105,-3.762093,-1.565204,3.866320,0.186273
144.640000,-1.309372,-6.552442,-1.379449,-4.000041,-3.774057,-1.565722,3.867703,0.186273
144.680000,-1.307856,-6.560274,-1.379794,-4.000002,-3.782035,-1.566068,3.868626,0.186273
144.740000,-1.305587,-6.572025,-1.380313,-3.999949,-3.794002,-1.566586,3.870012,0.186273
144.780000,-1.304078,-6.579860,-1.380658,-3.999916,-3.801981,-1.566932,3.870937,0.186273
144.840000,-1.301818,-6.591615,-1.381177,-3.999873,-3.813952,-1.567450,3.872327,0.186273
144.880000,-1.300315,-6.599454,-1.381522,-3.999848,-3.821933,-1.567795,3.873254,0.186273
144.940000,-1.298066,-6.611214,-1.382041,-3.999815,-3.833906,-1.568314,3.874647,0.186273
144.980000,-1.296569,-6.619056,-1.382386,-3.999797,-3.841890,-1.568660,3.875576,0.186273
145.040000,-1.294329,-6.630821,-1.382905,-3.999774,-3.853866,-1.569178,3.876972,0.186273
145.080000,-1.292892,-6.638383,-1.383114,-3.999763,-3.861563,-1.569387,3.877870,0.186273
145.140000,-1.291171,-6.647414,-1.381335,-3.999744,-3.870757,-1.567608,3.878942,0.186273
145.180000,-1.290310,-6.651877,-1.378561,-3.999724,-3.875302,-1.564834,3.879471,0.186273
145.240000,-1.289453,-6.656219,-1.371999,-3.999686,-3.879727,-1.558273,3.879983,0.186273
145.280000,-1.289184,-6.657537,-1.366055,-3.999666,-3.881072,-1.552328,3.880137,0.186273
145.340000,-1.289137,-6.657763,-1.354741,-3.999661,-3.881304,-1.541015,3.880164,0.186273
145.380000,-1.289137,-6.657763,-1.345599,-3.999661,-3.881304,-1.531873,3.880164,0.186273
145.440000,-1.289137,-6.657763,-1.329486,-3.999661,-3.881304,-1.515759,3.880164,0.186273
145.480000,-1.289137,-6.657763,-1.317144,-3.999661,-3.881304,-1.503417,3.880164,0.186273
145.540000,-1.289137,-6.657763,-1.296230,-3.999661,-3.885304,-1.482504,3.877302,0.186273
145.600000,-1.289137,-6.657763,-1.272437,-3.999661,-3.891304,-1.458710,3.873014,0.186273
145.640000,-1.289137,-6.657763,-1.254975,-3.999661,-3.891304,-1.441248,3.873014,0.186273
145.680000,-1.289137,-6.657763,-1.236232,-3.999661,-3.891304,-1.422506,3.873014,0.186273
145.740000,-1.289137,-6.657763,-1.205719,-3.999661,-3.891304,-1.391992,3.873014,0.186273
145.780000,-1.289137,-6.657763,-1.183777,-3.999661,-3.891304,-1.370050,3.873014,0.186273
145.840000,-1.289137,-6.657763,-1.148464,-3.999661,-3.891304,-1.334737,3.873014,0.186273
145.880000,-1.289137,-6.657763,-1.123321,-3.999661,-3.891304,-1.309595,3.873014,0.186273
145.940000,-1.289137,-6.657763,-1.083208,-3.999661,-3.891304,-1.269481,3.873014,0.186273
145.980000,-1.289137,-6.657763,-1.040215,-3.999661,-3.891304,-1.241139,3.873014,0.200924
146.040000,-1.289137,-6.657763,-1.009952,-3.999661,-3.891304,-1.196226,3.873014,0.186273
146.080000,-1.289137,-6.657763,-0.978423,-3.999661,-3.891304,-1.164697,3.873014,0.186273
146.140000,-1.289137,-6.657763,-0.930423,-3.999661,-3.891304,-1.116697,3.873014,0.186273
146.180000,-1.289137,-6.657763,-0.898423,-3.999661,-3.891304,-1.084697,3.873014,0.186273
146.240000,-1.289137,-6.657763,-0.850423,-3.999661,-3.891304,-1.036697,3.873014,0.186273
146.280000,-1.289137,-6.657763,-0.818423,-3.999661,-3.891304,-1.004697,3.873014,0.186273
146.340000,-1.289077,-6.657822,-0.770496,-3.999613,-3.891373,-0.956769,3.873016,0.186273
146.380000,-1.288601,-6.658266,-0.739392,-3.999228,-3.891898,-0.925665,3.873022,0.186273
146.440000,-1.286734,-6.659885,-0.694799,-3.997693,-3.893834,-0.881072,3.873027,0.186273
146.480000,-1.284675,-6.661550,-0.666598,-3.995978,-3.895851,-0.852872,3.873016,0.186273
146.540000,-1.280304,-6.664840,-0.626746,-3.992292,-3.899894,-0.813019,3.872958,0.186273
146.580000,-1.276505,-6.667518,-0.601809,-3.989055,-3.903229,-0.788083,3.872882,0.186273
146.640000,-1.269492,-6.672148,-0.566756,-3.983020,-3.909078,-0.753030,3.872698,0.186273
146.680000,-1.264117,-6.675484,-0.544972,-3.978357,-3.913352,-0.731245,3.872528,0.186273
146.740000,-1.255265,-6.680664,-0.514719,-3.970617,-3.920081,-0.700993,3.872202,0.186273
146.780000,-1.248878,-6.684197,-0.496135,-3.964995,-3.924736,-0.682408,3.871939,0.186273
146.840000,-1.238668,-6.689550,-0.470164,-3.955953,-3.931887,-0.656437,3.871477,0.186273
146.880000,-1.231799,-6.692971,-0.453945,-3.949836,-3.936521,-0.640218,3.871142,0.186273
146.940000,-1.223421,-6.696948,-0.432013,-3.938113,-3.941857,-0.615494,3.867826,0.183481
146.980000,-1.218232,-6.699299,-0.418981,-3.929187,-3.944929,-0.599670,3.864690,0.180689
147.040000,-1.210317,-6.702741,-0.401820,-3.919878,-3.949615,-0.581114,3.862826,0.179293
147.080000,-1.204974,-6.704977,-0.391050,-3.915020,-3.952768,-0.570343,3.862513,0.179293
147.140000,-1.196880,-6.708238,-0.375035,-3.907638,-3.957421,-0.554328,3.862021,0.179293
147.180000,-1.191431,-6.710350,-0.364432,-3.902653,-3.960470,-0.543725,3.861679,0.179293
147.240000,-1.183180,-6.713423,-0.348626,-3.895082,-3.964965,-0.527920,3.861144,0.179293
147.280000,-1.177628,-6.715408,-0.338157,-3.889973,-3.967909,-0.517450,3.860773,0.179293
147.340000,-1.169225,-6.718290,-0.322556,-3.882218,-3.972243,-0.501849,3.860195,0.179293
147.380000,-1.163568,-6.720148,-0.312233,-3.876983,-3.975080,-0.491526,3.859796,0.179293
147.440000,-1.155016,-6.722836,-0.296856,-3.869048,-3.979250,-0.476149,3.859175,0.179293
147.480000,-1.149267,-6.724562,-0.286678,-3.863699,-3.981974,-0.465971,3.858747,0.179293
147.540000,-1.140572,-6.727054,-0.271531,-3.855588,-3.985976,-0.450824,3.858085,0.179293
147.580000,-1.134729,-6.728649,-0.261513,-3.850123,-3.988588,-0.440806,3.857629,0.179293
147.640000,-1.125896,-6.730943,-0.246612,-3.841841,-3.992420,-0.425906,3.856924,0.179293
147.680000,-1.119962,-6.732406,-0.236765,-3.836262,-3.994918,-0.416059,3.856440,0.179293
147.740000,-1.110993,-6.734500,-0.222132,-3.827811,-3.998578,-0.401426,3.855693,0.179293
147.780000,-1.104971,-6.735830,-0.212467,-3.822122,-4.000960,-0.391761,3.855181,0.179293
147.840000,-1.095873,-6.737724,-0.198113,-3.813508,-4.004447,-0.377406,3.854393,0.179293
147.880000,-1.086693,-6.739499,-0.183942,-3.807711,-4.006713,-0.367935,3.856431,0.183993
147.940000,-1.080535,-6.740615,-0.174598,-3.798932,-4.010026,-0.353891,3.853024,0.179293
147.980000,-1.074345,-6.741677,-0.165329,-3.793030,-4.012175,-0.344622,3.852457,0.179293
148.040000,-1.065000,-6.743170,-0.151580,-3.784101,-4.015311,-0.330874,3.851587,0.179293
148.080000,-1.058731,-6.744099,-0.142518,-3.778099,-4.017343,-0.321812,3.850994,0.179293
148.140000,-1.049265,-6.745392,-0.129101,-3.769015,-4.020303,-0.308394,3.850084,0.179293
148.180000,-1.042921,-6.746187,-0.120263,-3.762914,-4.022217,-0.299556,3.849464,0.179293
148.240000,-1.033348,-6.747280,-0.107171,-3.753689,-4.025000,-0.286464,3.848515,0.179293
148.280000,-1.026925,-6.747943,-0.098564,-3.747487,-4.026798,-0.277858,3.847869,0.179293
148.340000,-1.017244,-6.748838,-0.085828,-3.738122,-4.029405,-0.265121,3.846881,0.179293
148.380000,-1.010756,-6.749369,-0.077449,-3.731832,-4.031084,-0.256742,3.846209,0.179293
148.440000,-1.000973,-6.750067,-0.065060,-3.722330,-4.033516,-0.244353,3.845184,0.179293
148.480000,-0.994418,-6.750467,-0.056919,-3.715952,-4.035078,-0.236213,3.844487,0.179293
148.540000,-0.984537,-6.750970,-0.044894,-3.706319,-4.037336,-0.224188,3.843424,0.179293
148.580000,-0.977912,-6.751242,-0.037014,-3.699849,-4.038784,-0.216308,3.842703,0.179293
148.640000,-0.967936,-6.751553,-0.025379,-3.690088,-4.040869,-0.204673,3.841603,0.179293
148.680000,-0.961256,-6.751697,-0.017745,-3.683540,-4.042202,-0.197038,3.840859,0.179293
148.740000,-0.951191,-6.751818,-0.006481,-3.673659,-4.044117,-0.185775,3.839724,0.179293
148.780000,-0.944452,-6.751837,0.000896,-3.667031,-4.045337,-0.178397,3.838956,0.179293
148.840000,-0.934301,-6.751773,0.011767,-3.657031,-4.047084,-0.167527,3.837786,0.179293
148.880000,-0.927506,-6.751669,0.018879,-3.650326,-4.048193,-0.160415,3.836995,0.179293
148.940000,-0.917273,-6.751421,0.029351,-3.640214,-4.049775,-0.149942,3.835792,0.179293
148.980000,-0.906992,-6.751067,0.039577,-3.633435,-4.050775,-0.143097,3.837325,0.182674
149.040000,-0.900113,-6.750771,0.046259,-3.623213,-4.052196,-0.133034,3.833743,0.179293
149.100000,-0.889756,-6.750241,0.056077,-3.612928,-4.053520,-0.123217,3.832488,0.179293
149.140000,-0.882824,-6.749829,0.062473,-3.601528,-4.043806,-0.066565,3.835872,0.129037
149.200000,-0.871986,-6.749104,0.070656,-3.575915,-3.996626,0.017003,3.858415,0.053653
149.240000,-0.864212,-6.748538,0.074516,-3.568121,-3.996477,0.020863,3.858104,0.053653
149.280000,-0.856357,-6.747940,0.077064,-3.560246,-3.996302,0.023411,3.857788,0.053653
149.340000,-0.844604,-6.747022,0.078583,-3.548461,-3.996015,0.024929,3.857315,0.053653
149.380000,-0.836778,-6.746407,0.077990,-3.540613,-3.995821,0.024336,3.857000,0.053653
149.440000,-0.825038,-6.745498,0.076498,-3.528841,-3.995543,0.022845,3.856527,0.053653
149.480000,-0.817207,-6.744902,0.075493,-3.520989,-3.995368,0.021840,3.856213,0.053653
149.540000,-0.805453,-6.744022,0.074012,-3.509205,-3.995119,0.020359,3.855741,0.053653
149.580000,-0.797613,-6.743444,0.073046,-3.501345,-3.994963,0.019392,3.855427,0.053653
149.640000,-0.785846,-6.742591,0.071635,-3.489549,-3.994742,0.017982,3.854956,0.053653
149.700000,-0.774071,-6.741755,0.070267,-3.477747,-3.994538,0.016614,3.854486,0.053653
149.740000,-0.766217,-6.741205,0.069382,-3.469874,-3.994411,0.015729,3.854172,0.053653
149.780000,-0.758360,-6.740663,0.068515,-3.461999,-3.994290,0.014862,3.853859,0.053653
149.840000,-0.746568,-6.739861,0.067250,-3.450181,-3.994122,0.013597,3.853389,0.053653
149.880000,-0.738702,-6.739335,0.066431,-3.442299,-3.994018,0.012777,3.853076,0.053653
149.940000,-0.726898,-6.738556,0.065237,-3.430470,-3.993874,0.011584,3.852607,0.053653
149.980000,-0.715087,-6.737792,0.064086,-3.422581,-3.993786,0.010812,3.854879,0.053274
150.040000,-0.707209,-6.737289,0.063343,-3.414781,-3.990081,0.022253,3.857214,0.041089
150.080000,-0.699390,-6.736796,0.062419,-3.410836,-3.985171,0.033893,3.863080,0.028525
150.140000,-0.687839,-6.736087,0.060142,-3.401162,-3.981951,0.037899,3.866185,0.022243
150.180000,-0.680193,-6.735634,0.058092,-3.393508,-3.981668,0.035848,3.866058,0.022243
150.240000,-0.668710,-6.734985,0.054821,-3.382013,-3.981275,0.032578,3.865868,0.022243
150.280000,-0.661044,-6.734573,0.052643,-3.374340,-3.981033,0.030400,3.865741,0.022243
150.340000,-0.649529,-6.733984,0.049446,-3.362815,-3.980701,0.027202,3.865552,0.022243
150.380000,-0.641842,-6.733612,0.047372,-3.355121,-3.980500,0.025129,3.865425,0.022243
150.440000,-0.630295,-6.733082,0.044353,-3.343566,-3.980227,0.022110,3.865236,0.022243
150.480000,-0.622587,-6.732748,0.042402,-3.335852,-3.980064,0.020158,3.865110,0.022243
150.540000,-0.611010,-6.732273,0.039566,-3.324267,-3.979847,0.017323,3.864921,0.022243
150.580000,-0.603281,-6.731974,0.037735,-3.316534,-3.979720,0.015492,3.864795,0.022243
150.640000,-0.591675,-6.731552,0.035078,-3.304921,-3.979555,0.012834,3.864607,0.022243
150.680000,-0.583928,-6.731286,0.033364,-3.297169,-3.979463,0.011121,3.864481,0.022243
150.740000,-0.572293,-6.730913,0.030882,-3.285529,-3.979348,0.008639,3.864293,0.022243
150.780000,-0.564527,-6.730679,0.029284,-3.277760,-3.979287,0.007041,3.864168,0.022243
150.840000,-0.552865,-6.730351,0.026971,-3.266094,-3.979218,0.004728,3.863980,0.022243
150.880000,-0.545082,-6.730147,0.025485,-3.258308,-3.979187,0.003242,3.863855,0.022243
150.940000,-0.533394,-6.729861,0.023338,-3.246617,-3.979162,0.001094,3.863667,0.022243
150.980000,-0.525594,-6.729685,0.021960,-3.238814,-3.979159,-0.000284,3.863542,0.022243
151.040000,-0.513953,-6.729441,0.019784,-3.217527,-3.970939,0.018481,3.862466,0.001303
151.080000,-0.506307,-6.729297,0.017746,-3.209881,-3.970806,0.016443,3.862459,0.001303
151.140000,-0.494823,-6.729113,0.014416,-3.198396,-3.970636,0.013112,3.862448,0.001303
151.140000,-0.490990,-6.729059,0.013298,-3.198396,-3.970636,0.013112,3.865094,0.000185
151.240000,-0.475658,-6.728890,0.008825,-3.179231,-3.970438,0.007522,3.862430,0.001303
151.300000,-0.464158,-6.728808,0.005471,-3.167731,-3.970371,0.004168,3.862419,0.001303
151.340000,-0.456492,-6.728774,0.003235,-3.160065,-3.970347,0.001932,3.862412,0.001303
151.380000,-0.448825,-6.728758,0.000999,-3.152398,-3.970341,-0.000305,3.862405,0.001303
151.440000,-0.437322,-6.728766,-0.002351,-3.140896,-3.970364,-0.003654,3.862394,0.001303
151.480000,-0.425705,-6.728809,-0.005036,-3.133153,-3.970399,-0.005472,3.865113,0.000436
151.540000,-0.417947,-6.728855,-0.006723,-3.121521,-3.970478,-0.008026,3.862376,0.001303
151.580000,-0.410184,-6.728913,-0.008359,-3.113757,-3.970547,-0.009662,3.862369,0.001303
151.640000,-0.398523,-6.729025,-0.010712,-3.102097,-3.970673,-0.012015,3.862358,0.001303
151.680000,-0.390739,-6.729114,-0.012214,-3.094313,-3.970773,-0.013518,3.862351,0.001303
151.740000,-0.379049,-6.729269,-0.014372,-3.082623,-3.970943,-0.015675,3.862340,0.001303
151.780000,-0.371247,-6.729387,-0.015745,-3.074821,-3.971071,-0.017049,3.862333,0.001303
151.840000,-0.359588,-6.729582,-0.017866,-3.073244,-3.958526,-0.012190,3.878490,0.005677
151.880000,-0.351915,-6.729727,-0.019781,-3.065570,-3.958627,-0.014104,3.878520,0.005677
151.940000,-0.340389,-6.729972,-0.022863,-3.054042,-3.958807,-0.017186,3.878566,0.005677
151.980000,-0.332692,-6.730156,-0.024904,-3.046345,-3.958947,-0.019228,3.878597,0.005677
152.040000,-0.321128,-6.730462,-0.027866,-3.034779,-3.959187,-0.022190,3.878643,0.005677
152.080000,-0.313405,-6.730684,-0.029760,-3.027056,-3.959366,-0.024084,3.878673,0.005677
152.140000,-0.301802,-6.731046,-0.032470,-3.015450,-3.959661,-0.026794,3.878719,0.005677
152.180000,-0.294055,-6.731304,-0.034195,-3.007702,-3.959875,-0.028519,3.878749,0.005677
152.240000,-0.282417,-6.731716,-0.036664,-2.996062,-3.960222,-0.030987,3.878795,0.005677
152.280000,-0.274647,-6.732008,-0.038230,-2.988290,-3.960469,-0.032553,3.878825,0.005677
152.340000,-0.262975,-6.732467,-0.040462,-2.976616,-3.960862,-0.034785,3.878871,0.005677
152.380000,-0.255183,-6.732788,-0.041873,-2.968822,-3.961139,-0.036197,3.878902,0.005677
152.440000,-0.243479,-6.733291,-0.043878,-2.957115,-3.961575,-0.038201,3.878947,0.005677
152.480000,-0.235665,-6.733639,-0.045140,-2.949300,-3.961879,-0.039463,3.878978,0.005677
152.540000,-0.223928,-6.734179,-0.046918,-2.937560,-3.962353,-0.041241,3.879023,0.005677
152.580000,-0.216095,-6.734551,-0.048035,-2.929725,-3.962680,-0.042358,3.879054,0.005677
152.640000,-0.204329,-6.735126,-0.049607,-2.917956,-3.963189,-0.043931,3.879099,0.005677
152.700000,-0.192548,-6.735720,-0.051055,-2.906171,-3.963715,-0.045379,3.879145,0.005677
152.740000,-0.184684,-6.736125,-0.051958,-2.898306,-3.964076,-0.046281,3.879175,0.005677
152.780000,-0.176814,-6.736538,-0.052811,-2.890433,-3.964444,-0.047134,3.879205,0.005677
152.840000,-0.164992,-6.737170,-0.053982,-2.878608,-3.965009,-0.048306,3.879251,0.005677
152.900000,-0.153158,-6.737816,-0.055054,-2.866771,-3.965588,-0.049377,3.879297,0.005677
152.940000,-0.145261,-6.738254,-0.055713,-2.858871,-3.965981,-0.050036,3.879327,0.005677
152.980000,-0.137357,-6.738697,-0.056325,-2.850965,-3.966379,-0.050649,3.879357,0.005677
153.040000,-0.125490,-6.739371,-0.057162,-2.839095,-3.966986,-0.051486,3.879403,0.005677
153.080000,-0.117572,-6.739826,-0.057665,-2.831173,-3.967396,-0.051989,3.879433,0.005677
153.140000,-0.105683,-6.740517,-0.058341,-2.817957,-3.969723,-0.053595,3.877336,0.004746
153.180000,-0.097731,-6.740983,-0.058675,-2.808681,-3.971856,-0.054860,3.875217,0.003815
153.240000,-0.085768,-6.741687,-0.058919,-2.794732,-3.975079,-0.056500,3.872029,0.002419
153.300000,-0.073833,-6.742391,-0.058803,-2.780813,-3.978321,-0.057780,3.868827,0.001023
153.340000,-0.065911,-6.742856,-0.058501,-2.771569,-3.980490,-0.058409,3.866685,0.000093
153.380000,-0.058007,-6.743318,-0.058046,-2.762344,-3.982664,-0.058884,3.864537,0.000838
153.440000,-0.046191,-6.743999,-0.057086,-2.749868,-3.984215,-0.058389,3.863454,0.001303
153.480000,-0.038326,-6.744445,-0.056305,-2.742004,-3.984671,-0.057609,3.863448,0.001303
153.540000,-0.026530,-6.745103,-0.055062,-2.730208,-3.985344,-0.056366,3.863437,0.001303
153.580000,-0.018665,-6.745533,-0.054217,-2.722345,-3.985785,-0.055521,3.863430,0.001303
153.640000,-0.006868,-6.746166,-0.052941,-2.710549,-3.986433,-0.054245,3.863420,0.001303
153.680000,0.000997,-6.746579,-0.052089,-2.702684,-3.986856,-0.053392,3.863413,0.001303
153.740000,0.012795,-6.747187,-0.050808,-2.690887,-3.987479,-0.052112,3.863402,0.001303
153.780000,0.020661,-6.747583,-0.049955,-2.683021,-3.987886,-0.051259,3.863395,0.001303
153.840000,0.032461,-6.748166,-0.048677,-2.671222,-3.988484,-0.049980,3.863385,0.001303
153.880000,0.040328,-6.748546,-0.047827,-2.663355,-3.988874,-0.049130,3.863378,0.001303
153.940000,0.052130,-6.749103,-0.046554,-2.651554,-3.989447,-0.047858,3.863368,0.001303
153.980000,0.059999,-6.749466,-0.045709,-2.643685,-3.989820,-0.047012,3.863361,0.001303
154.040000,0.071804,-6.749999,-0.044446,-2.631881,-3.990368,-0.045749,3.863350,0.001303
154.080000,0.079675,-6.750345,-0.043608,-2.624011,-3.990725,-0.044911,3.863343,0.001303
154.140000,0.091483,-6.750853,-0.042358,-2.612204,-3.991248,-0.043662,3.863333,0.001303
154.180000,0.099356,-6.751184,-0.041530,-2.604331,-3.991589,-0.042833,3.863326,0.001303
154.240000,0.111167,-6.751667,-0.040295,-2.592520,-3.992088,-0.041598,3.863315,0.001303
154.300000,0.122981,-6.752136,-0.039071,-2.580707,-3.992572,-0.040374,3.863304,0.001303
154.340000,0.130858,-6.752441,-0.038261,-2.572831,-3.992887,-0.039565,3.863297,0.001303
154.380000,0.138736,-6.752739,-0.037457,-2.564953,-3.993196,-0.038760,3.863290,0.001303
154.440000,0.150555,-6.753175,-0.036260,-2.553134,-3.993647,-0.037564,3.863280,0.001303
154.480000,0.158436,-6.753458,-0.035470,-2.545254,-3.993940,-0.036774,3.863273,0.001303
154.540000,0.170259,-6.753870,-0.034296,-2.533431,-3.994368,-0.035600,3.863262,0.001303
154.580000,0.178143,-6.754138,-0.033522,-2.525548,-3.994646,-0.034825,3.863255,0.001303
154.640000,0.189891,-6.754525,-0.032240,-2.514035,-4.009257,-0.044013,3.853273,0.011773
154.680000,0.197600,-6.754768,-0.030709,-2.506329,-4.009590,-0.042483,3.853211,0.011773
154.740000,0.209172,-6.755108,-0.027996,-2.494762,-4.010067,-0.039769,3.853117,0.011773
154.780000,0.216892,-6.755317,-0.026134,-2.487045,-4.010366,-0.037907,3.853055,0.011773
154.840000,0.228482,-6.755604,-0.023326,-2.475460,-4.010789,-0.035099,3.852960,0.011773
154.880000,0.236214,-6.755777,-0.021449,-2.467730,-4.011054,-0.033222,3.852897,0.011773
154.940000,0.247821,-6.756009,-0.018631,-2.456127,-4.011423,-0.030404,3.852802,0.011773
154.980000,0.255564,-6.756146,-0.016751,-2.448385,-4.011651,-0.028524,3.852739,0.011773
155.040000,0.267189,-6.756325,-0.013928,-2.436764,-4.011966,-0.025701,3.852644,0.011773
155.080000,0.274944,-6.756425,-0.012045,-2.429011,-4.012158,-0.023818,3.852580,0.011773
155.140000,0.286584,-6.756549,-0.009218,-2.417372,-4.012419,-0.020992,3.852484,0.011773
155.180000,0.294350,-6.756613,-0.007332,-2.409607,-4.012575,-0.019106,3.852419,0.011773
155.240000,0.306008,-6.756682,-0.004502,-2.397952,-4.012781,-0.016275,3.852323,0.011773
155.280000,0.313785,-6.756710,-0.002613,-2.390175,-4.012900,-0.014387,3.852258,0.011773
155.340000,0.325459,-6.756724,0.000222,-2.378502,-4.013052,-0.011552,3.852161,0.011773
155.380000,0.333247,-6.756715,0.002113,-2.370714,-4.013134,-0.009661,3.852096,0.011773
155.440000,0.344937,-6.756674,0.004952,-2.359025,-4.013231,-0.006822,3.851998,0.011773
155.480000,0.352736,-6.756628,0.006846,-2.351226,-4.013276,-0.004928,3.851933,0.011773
155.540000,0.364442,-6.756531,0.009688,-2.339520,-4.013317,-0.002085,3.851834,0.011773
155.580000,0.372251,-6.756448,0.011585,-2.331710,-4.013326,-0.000188,3.851769,0.011773
155.640000,0.383972,-6.756295,0.014432,-2.319988,-4.013312,0.002659,3.851670,0.011773
155.680000,0.391792,-6.756175,0.016331,-2.312167,-4.013284,0.004558,3.851604,0.011773
155.740000,0.403529,-6.755967,0.019183,-2.300429,-4.013213,0.007409,3.851504,0.011773
155.780000,0.411359,-6.755809,0.021085,-2.292598,-4.013148,0.009311,3.851437,0.011773
155.840000,0.423111,-6.755544,0.023940,-2.280843,-4.013022,0.012166,3.851337,0.011773
155.880000,0.430951,-6.755349,0.025845,-2.273002,-4.012919,0.014071,3.851270,0.011773
155.940000,0.442718,-6.755028,0.028704,-2.261218,-4.012217,0.018327,3.851530,0.010377
155.980000,0.450578,-6.754795,0.030549,-2.253344,-4.011523,0.021567,3.851848,0.008981
156.040000,0.462406,-6.754419,0.033001,-2.241507,-4.010968,0.024718,3.851969,0.008283
156.080000,0.470306,-6.754152,0.034443,-2.233605,-4.010767,0.026160,3.851921,0.008283
156.140000,0.482161,-6.753731,0.036506,-2.221747,-4.010445,0.028223,3.851849,0.008283
156.180000,0.490068,-6.753437,0.037859,-2.213837,-4.010216,0.029575,3.851801,0.008283
156.240000,0.501934,-6.752976,0.039878,-2.201968,-4.009853,0.031594,3.851728,0.008283
156.280000,0.509849,-6.752655,0.041222,-2.194051,-4.009597,0.032938,3.851680,0.008283
156.340000,0.521725,-6.752153,0.043238,-2.182171,-4.009194,0.034955,3.851607,0.008283
156.380000,0.529646,-6.751805,0.044582,-2.174248,-4.008911,0.036299,3.851559,0.008283
156.440000,0.541531,-6.751263,0.046600,-2.162358,-4.008468,0.038317,3.851486,0.008283
156.480000,0.549458,-6.750888,0.047946,-2.154428,-4.008158,0.039663,3.851437,0.008283
156.540000,0.561354,-6.750305,0.049966,-2.142529,-4.007674,0.041682,3.851364,0.008283
156.580000,0.569215,-6.749909,0.050433,-2.134664,-4.007343,0.042149,3.851315,0.008283
156.640000,0.580991,-6.749318,0.049779,-2.122884,-4.006850,0.041496,3.851243,0.008283
156.700000,0.592767,-6.748737,0.048738,-2.111103,-4.006367,0.040455,3.851170,0.008283
156.740000,0.600620,-6.748357,0.047987,-2.103247,-4.006052,0.039704,3.851122,0.008283
156.780000,0.608475,-6.747983,0.047222,-2.095390,-4.005742,0.038939,3.851073,0.008283
156.840000,0.620260,-6.747433,0.046065,-2.083600,-4.005290,0.037782,3.851001,0.008283
156.880000,0.628120,-6.747073,0.045292,-2.075738,-4.004996,0.037009,3.850953,0.008283
156.940000,0.639914,-6.746546,0.044131,-2.063940,-4.004566,0.035847,3.850880,0.008283
156.980000,0.647779,-6.746201,0.043356,-2.056072,-4.004287,0.035073,3.850832,0.008283
157.040000,0.659580,-6.745696,0.042194,-2.044268,-4.003879,0.033911,3.850760,0.008283
157.080000,0.667450,-6.745367,0.041419,-2.036395,-4.003615,0.033136,3.850712,0.008283
157.140000,0.679258,-6.744885,0.040256,-2.024583,-4.003231,0.031973,3.850639,0.008283
157.180000,0.687133,-6.744571,0.039481,-2.016706,-4.002982,0.031198,3.850591,0.008283
157.240000,0.698950,-6.744111,0.038318,-2.004886,-4.002620,0.030034,3.850519,0.008283
157.280000,0.706830,-6.743812,0.037542,-1.997004,-4.002386,0.029258,3.850471,0.008283
157.340000,0.718653,-6.743374,0.036380,-1.989177,-3.998047,0.028097,3.856056,0.008283
157.380000,0.730429,-6.742953,0.035046,-1.985316,-3.993829,0.027248,3.864318,0.007798
157.440000,0.738236,-6.742684,0.033917,-1.975589,-3.991519,0.025634,3.864422,0.008283
157.480000,0.746036,-6.742424,0.032655,-1.967788,-3.991324,0.024372,3.864375,0.008283
157.540000,0.757743,-6.742053,0.030711,-1.956078,-3.991049,0.022428,3.864304,0.008283
157.580000,0.765553,-6.741818,0.029429,-1.948266,-3.990879,0.021146,3.864257,0.008283
157.640000,0.777278,-6.741484,0.027551,-1.936539,-3.990642,0.019268,3.864186,0.008283
157.680000,0.785100,-6.741273,0.026333,-1.928716,-3.990496,0.018050,3.864139,0.008283
157.740000,0.796841,-6.740975,0.024560,-1.916972,-3.990295,0.016277,3.864068,0.008283
157.780000,0.804676,-6.740787,0.023417,-1.909136,-3.990172,0.015134,3.864021,0.008283
157.840000,0.816434,-6.740521,0.021757,-1.897376,-3.990004,0.013473,3.863950,0.008283
157.880000,0.824278,-6.740355,0.020682,-1.889531,-3.989902,0.012399,3.863903,0.008283
157.940000,0.836053,-6.740120,0.019120,-1.877755,-3.989765,0.010837,3.863833,0.008283
157.980000,0.843907,-6.739974,0.018112,-1.869899,-3.989684,0.009829,3.863786,0.008283
158.040000,0.855696,-6.739769,0.016646,-1.858110,-3.989577,0.008362,3.863715,0.008283
158.080000,0.863560,-6.739642,0.015701,-1.850244,-3.989515,0.007418,3.863668,0.008283
158.140000,0.875364,-6.739465,0.014334,-1.838440,-3.989436,0.006050,3.863598,0.008283
158.180000,0.883237,-6.739355,0.013453,-1.830565,-3.989391,0.005170,3.863551,0.008283
158.240000,0.895055,-6.739204,0.012176,-1.818747,-3.989338,0.003893,3.863481,0.008283
158.280000,0.902938,-6.739111,0.011357,-1.810863,-3.989310,0.003074,3.863434,0.008283
158.340000,0.914770,-6.738984,0.010174,-1.799031,-3.989281,0.001891,3.863364,0.008283
158.380000,0.922661,-6.738907,0.009413,-1.791139,-3.989269,0.001130,3.863317,0.008283
158.440000,0.934505,-6.738802,0.008316,-1.779294,-3.989262,0.000032,3.863247,0.008283
158.500000,0.946357,-6.738709,0.007269,-1.767443,-3.989268,-0.001015,3.863177,0.008283
158.540000,0.954262,-6.738655,0.006599,-1.759537,-3.989279,-0.001685,3.863130,0.008283
158.580000,0.962170,-6.738605,0.005950,-1.751629,-3.989295,-0.002333,3.863083,0.008283
158.640000,0.974039,-6.738540,0.005020,-1.739760,-3.989328,-0.003263,3.863013,0.008283
158.680000,0.981956,-6.738503,0.004428,-1.731843,-3.989356,-0.003855,3.862966,0.008283
158.740000,0.993836,-6.738455,0.003576,-1.723972,-3.988884,-0.003312,3.866085,0.006887
158.780000,1.001752,-6.738429,0.003008,-1.720065,-3.988366,-0.002483,3.869255,0.005491
158.840000,1.013609,-6.738399,0.002079,-1.710213,-3.988114,-0.002715,3.870824,0.004793
158.880000,1.021512,-6.738385,0.001420,-1.702311,-3.988138,-0.003374,3.870797,0.004793
158.940000,1.033372,-6.738374,0.000441,-1.690451,-3.988184,-0.004352,3.870756,0.004793
158.980000,1.041282,-6.738373,-0.000190,-1.682541,-3.988221,-0.004984,3.870730,0.004793
159.040000,1.053155,-6.738381,-0.001098,-1.670669,-3.988286,-0.005891,3.870689,0.004793
159.080000,1.061073,-6.738392,-0.001676,-1.662750,-3.988335,-0.006469,3.870662,0.004793
159.140000,1.072958,-6.738416,-0.002499,-1.650866,-3.988416,-0.007292,3.870622,0.004793
159.180000,1.080884,-6.738438,-0.003023,-1.642939,-3.988476,-0.007816,3.870595,0.004793
159.240000,1.092780,-6.738479,-0.003771,-1.631045,-3.988574,-0.008564,3.870555,0.004793
159.280000,1.100713,-6.738511,-0.004245,-1.623111,-3.988644,-0.009038,3.870528,0.004793
159.340000,1.112619,-6.738565,-0.004920,-1.611206,-3.988755,-0.009713,3.870488,0.004793
159.380000,1.120559,-6.738606,-0.005345,-1.603266,-3.988834,-0.010139,3.870461,0.004793
159.440000,1.132476,-6.738673,-0.005944,-1.591349,-3.988959,-0.010738,3.870421,0.004793
159.480000,1.140423,-6.738722,-0.006321,-1.583402,-3.989045,-0.011115,3.870394,0.004793
159.540000,1.152349,-6.738801,-0.006856,-1.571477,-3.989181,-0.011649,3.870354,0.004793
159.580000,1.160303,-6.738857,-0.007190,-1.563524,-3.989275,-0.011983,3.870327,0.004793
159.640000,1.172237,-6.738945,-0.007660,-1.551590,-3.989421,-0.012454,3.870287,0.004793
159.680000,1.180196,-6.739007,-0.007954,-1.543631,-3.989521,-0.012747,3.870260,0.004793
159.740000,1.192141,-6.739105,-0.008360,-1.531688,-3.989676,-0.013153,3.870219,0.004793
159.780000,1.200106,-6.739172,-0.008611,-1.523723,-3.989782,-0.013405,3.870193,0.004793
159.840000,1.212057,-6.739277,-0.008964,-1.511773,-3.989944,-0.013757,3.870152,0.004793
159.880000,1.224012,-6.739387,-0.009285,-1.503803,-3.990055,-0.013975,3.872958,0.004690
159.940000,1.231986,-6.739461,-0.009479,-1.491845,-3.990224,-0.014273,3.870085,0.004793
159.980000,1.239961,-6.739538,-0.009659,-1.483870,-3.990338,-0.014453,3.870058,0.004793
160.040000,1.251927,-6.739655,-0.009907,-1.471905,-3.990513,-0.014700,3.870018,0.004793
160.080000,1.259907,-6.739734,-0.010056,-1.463925,-3.990631,-0.014849,3.869991,0.004793
160.140000,1.271879,-6.739856,-0.010255,-1.447954,-3.990810,-0.015049,3.867137,0.004793
160.180000,1.279863,-6.739938,-0.010374,-1.435970,-3.990930,-0.015167,3.864298,0.004793
160.240000,1.291842,-6.740064,-0.010531,-1.421992,-3.991113,-0.015324,3.862852,0.004793
160.280000,1.299830,-6.740148,-0.010621,-1.414005,-3.991236,-0.015414,3.862825,0.004793
160.340000,1.311814,-6.740276,-0.010735,-1.402021,-3.991421,-0.015529,3.862785,0.004793
160.380000,1.319806,-6.740362,-0.010798,-1.394030,-3.991545,-0.015592,3.862758,0.004793
160.440000,1.331796,-6.740492,-0.010874,-1.382040,-3.991733,-0.015667,3.862717,0.004793
160.480000,1.343789,-6.740623,-0.010927,-1.374046,-3.991858,-0.015705,3.865532,0.004778
160.540000,1.351786,-6.740710,-0.010950,-1.362051,-3.992047,-0.015744,3.862650,0.004793
160.580000,1.359785,-6.740798,-0.010965,-1.354054,-3.992173,-0.015758,3.862623,0.004793
160.640000,1.371783,-6.740930,-0.010970,-1.342056,-3.992362,-0.015764,3.862583,0.004793
160.680000,1.379781,-6.741017,-0.010963,-1.334059,-3.992488,-0.015757,3.862556,0.004793
160.740000,1.391775,-6.741149,-0.010938,-1.322065,-3.992677,-0.015731,3.862516,0.004793
160.780000,1.399770,-6.741236,-0.010911,-1.314071,-3.992803,-0.015705,3.862489,0.004793
160.840000,1.411760,-6.741367,-0.010857,-1.302081,-3.992991,-0.015651,3.862448,0.004793
160.880000,1.423749,-6.741496,-0.010787,-1.294089,-3.993116,-0.015606,3.865261,0.004818
160.940000,1.431740,-6.741582,-0.010732,-1.282103,-3.993302,-0.015526,3.862381,0.004793
160.980000,1.439730,-6.741668,-0.010671,-1.274114,-3.993426,-0.015464,3.862354,0.004793
161.040000,1.451713,-6.741795,-0.010565,-1.262131,-3.993611,-0.015358,3.862314,0.004793
161.080000,1.459701,-6.741879,-0.010488,-1.254144,-3.993733,-0.015282,3.862287,0.004793
161.140000,1.471681,-6.742004,-0.010363,-1.242164,-3.993915,-0.015156,3.862247,0.004793
161.180000,1.479667,-6.742087,-0.010272,-1.234179,-3.994036,-0.015066,3.862220,0.004793
161.240000,1.491645,-6.742209,-0.010127,-1.222202,-3.994216,-0.014921,3.862179,0.004793
161.280000,1.499629,-6.742289,-0.010025,-1.214218,-3.994334,-0.014818,3.862152,0.004793
161.340000,1.511605,-6.742408,-0.009862,-1.202243,-3.994511,-0.014656,3.862112,0.004793
161.380000,1.519588,-6.742487,-0.009749,-1.194260,-3.994627,-0.014543,3.862085,0.004793
161.440000,1.531561,-6.742602,-0.009572,-1.182288,-3.994800,-0.014365,3.862045,0.004793
161.480000,1.539543,-6.742678,-0.009449,-1.174307,-3.994915,-0.014242,3.862018,0.004793
161.540000,1.551514,-6.742790,-0.009258,-1.158343,-3.995634,-0.015447,3.858781,0.006189
161.580000,1.559487,-6.742863,-0.009100,-1.146380,-3.996305,-0.016686,3.855554,0.007585
161.640000,1.571423,-6.742970,-0.008742,-1.132451,-3.996780,-0.017025,3.853894,0.008283
161.680000,1.579375,-6.743038,-0.008434,-1.124501,-3.996914,-0.016718,3.853847,0.008283
161.740000,1.591302,-6.743136,-0.007943,-1.112575,-3.997111,-0.016226,3.853778,0.008283
161.780000,1.599254,-6.743198,-0.007611,-1.104624,-3.997238,-0.015895,3.853732,0.008283
161.840000,1.611182,-6.743286,-0.007115,-1.092697,-3.997425,-0.015398,3.853662,0.008283
161.880000,1.619135,-6.743341,-0.006786,-1.084745,-3.997546,-0.015070,3.853616,0.008283
161.940000,1.631065,-6.743419,-0.006298,-1.072816,-3.997723,-0.014582,3.853546,0.008283
161.980000,1.639019,-6.743468,-0.005977,-1.064863,-3.997838,-0.014260,3.853499,0.008283
162.040000,1.650950,-6.743536,-0.005499,-1.052932,-3.998005,-0.013782,3.853430,0.008283
162.080000,1.658905,-6.743579,-0.005185,-1.044978,-3.998113,-0.013468,3.853383,0.008283
162.140000,1.670838,-6.743638,-0.004718,-1.033045,-3.998271,-0.013002,3.853313,0.008283
162.180000,1.678794,-6.743674,-0.004411,-1.025090,-3.998374,-0.012695,3.853267,0.008283
162.240000,1.690729,-6.743724,-0.003957,-1.013156,-3.998522,-0.012241,3.853197,0.008283
162.280000,1.702666,-6.743769,-0.003511,-1.005199,-3.998619,-0.011942,3.855954,0.008431
162.340000,1.710624,-6.743795,-0.003217,-0.993263,-3.998758,-0.011500,3.853080,0.008283
162.380000,1.718582,-6.743820,-0.002926,-0.985305,-3.998849,-0.011210,3.853034,0.008283
162.440000,1.730521,-6.743852,-0.002497,-0.973367,-3.998980,-0.010780,3.852964,0.008283
162.480000,1.738481,-6.743871,-0.002215,-0.965407,-3.999065,-0.010499,3.852917,0.008283
162.540000,1.750421,-6.743895,-0.001799,-0.953467,-3.999188,-0.010082,3.852847,0.008283
162.580000,1.758382,-6.743908,-0.001526,-0.945506,-3.999267,-0.009809,3.852800,0.008283
162.640000,1.770325,-6.743924,-0.001123,-0.933564,-3.999382,-0.009407,3.852730,0.008283
162.680000,1.778288,-6.743932,-0.000859,-0.925602,-3.999455,-0.009143,3.852684,0.008283
162.740000,1.790232,-6.743940,-0.000471,-0.913658,-3.999562,-0.008754,3.852613,0.008283
162.780000,1.798196,-6.743943,-0.000216,-0.905695,-3.999631,-0.008499,3.852567,0.008283
162.840000,1.810143,-6.743943,0.000159,-0.893748,-3.999730,-0.008124,3.852496,0.008283
162.880000,1.818108,-6.743941,0.000404,-0.885783,-3.999794,-0.007879,3.852450,0.008283
162.940000,1.830056,-6.743934,0.000766,-0.877835,-3.999886,-0.007518,3.855188,0.008283
162.980000,1.838023,-6.743927,0.001002,-0.873869,-3.999945,-0.007281,3.857952,0.008283
163.040000,1.849974,-6.743913,0.001349,-0.863918,-4.000030,-0.006934,3.859288,0.008283
163.080000,1.857941,-6.743901,0.001576,-0.855951,-4.000084,-0.006707,3.859241,0.008283
163.140000,1.869894,-6.743880,0.001909,-0.843998,-4.000162,-0.006374,3.859171,0.008283
163.180000,1.877863,-6.743864,0.002127,-0.836029,-4.000212,-0.006157,3.859124,0.008283
163.240000,1.889818,-6.743837,0.002445,-0.824075,-4.000284,-0.005838,3.859054,0.008283
163.280000,1.901774,-6.743806,0.002756,-0.816104,-4.000330,-0.005630,3.861803,0.008386
163.340000,1.909745,-6.743783,0.002958,-0.804148,-4.000395,-0.005325,3.858936,0.008283
163.380000,1.917717,-6.743758,0.003157,-0.796176,-4.000437,-0.005126,3.858890,0.008283
163.440000,1.929676,-6.743719,0.003449,-0.784217,-4.000496,-0.004835,3.858819,0.008283
163.480000,1.937649,-6.743691,0.003638,-0.776244,-4.000534,-0.004645,3.858772,0.008283
163.540000,1.949609,-6.743645,0.003916,-0.764284,-4.000588,-0.004367,3.858702,0.008283
163.580000,1.957584,-6.743613,0.004096,-0.756309,-4.000622,-0.004187,3.858655,0.008283
163.640000,1.969546,-6.743563,0.004360,-0.744347,-4.000671,-0.003923,3.858584,0.008283
163.680000,1.977522,-6.743527,0.004532,-0.736371,-4.000701,-0.003752,3.858537,0.008283
163.740000,1.989487,-6.743472,0.004783,-0.724407,-4.000745,-0.003501,3.858467,0.008283
163.780000,1.997463,-6.743433,0.004946,-0.716430,-4.000772,-0.003338,3.858420,0.008283
163.840000,2.009430,-6.743372,0.005183,-0.704463,-4.000810,-0.003100,3.858349,0.008283
163.900000,2.021397,-6.743309,0.005413,-0.692496,-4.000846,-0.002871,3.858279,0.008283
163.940000,2.029376,-6.743265,0.005562,-0.684517,-4.000868,-0.002722,3.858232,0.008283
163.980000,2.037355,-6.743220,0.005707,-0.676537,-4.000890,-0.002576,3.858185,0.008283
164.040000,2.049325,-6.743151,0.005920,-0.664567,-4.000919,-0.002364,3.858114,0.008283
164.080000,2.057306,-6.743103,0.006057,-0.656587,-4.000937,-0.002226,3.858067,0.008283
164.140000,2.069277,-6.743029,0.006257,-0.644615,-4.000963,-0.002026,3.857997,0.008283
164.180000,2.077259,-6.742979,0.006387,-0.636633,-4.000979,-0.001897,3.857949,0.008283
164.240000,2.089232,-6.742901,0.006575,-0.624660,-4.001000,-0.001709,3.857879,0.008283
164.280000,2.097215,-6.742848,0.006696,-0.616677,-4.001013,-0.001587,3.857832,0.008283
164.340000,2.109190,-6.742767,0.006873,-0.604702,-4.001031,-0.001411,3.857761,0.008283
164.380000,2.117174,-6.742711,0.006987,-0.596718,-4.001042,-0.001297,3.857714,0.008283
164.440000,2.129120,-6.742627,0.007225,-0.574927,-4.009651,0.002390,3.844610,0.004835
164.480000,2.137042,-6.742568,0.007629,-0.567005,-4.009631,0.002794,3.844583,0.004835
164.540000,2.148929,-6.742473,0.008364,-0.555118,-4.009593,0.003529,3.844542,0.004835
164.580000,2.156856,-6.742405,0.008865,-0.547190,-4.009563,0.004030,3.844514,0.004835
164.640000,2.168752,-6.742295,0.009598,-0.535294,-4.009511,0.004763,3.844473,0.004835
164.680000,2.176685,-6.742217,0.010068,-0.527360,-4.009471,0.005233,3.844446,0.004835
164.740000,2.188590,-6.742093,0.010741,-0.515455,-4.009405,0.005906,3.844405,0.004835
164.800000,2.200501,-6.741961,0.011375,-0.503544,-4.009331,0.006540,3.844363,0.004835
164.840000,2.208444,-6.741869,0.011776,-0.495600,-4.009277,0.006941,3.844336,0.004835
164.880000,2.216390,-6.741774,0.012161,-0.487654,-4.009220,0.007326,3.844308,0.004835
164.940000,2.228313,-6.741626,0.012709,-0.475731,-4.009130,0.007874,3.844267,0.004835
164.980000,2.236264,-6.741523,0.013054,-0.467779,-4.009066,0.008219,3.844239,0.004835
165.040000,2.248195,-6.741365,0.013544,-0.455847,-4.008965,0.008709,3.844198,0.004835
165.080000,2.256152,-6.741256,0.013852,-0.447890,-4.008894,0.009017,3.844170,0.004835
165.140000,2.268091,-6.741088,0.014283,-0.435951,-4.008784,0.009449,3.844129,0.004835
165.180000,2.276052,-6.740973,0.014555,-0.427989,-4.008707,0.009721,3.844101,0.004835
165.240000,2.287998,-6.740797,0.014939,-0.416042,-4.008589,0.010105,3.844059,0.004835
165.280000,2.295964,-6.740677,0.015178,-0.408076,-4.008508,0.010344,3.844032,0.004835
165.340000,2.307916,-6.740493,0.015513,-0.396122,-4.008382,0.010678,3.843990,0.004835
165.380000,2.315887,-6.740369,0.015720,-0.388151,-4.008296,0.010885,3.843962,0.004835
165.440000,2.327846,-6.740179,0.016008,-0.376191,-4.008164,0.011173,3.843921,0.004835
165.480000,2.335821,-6.740051,0.016185,-0.368216,-4.008074,0.011350,3.843893,0.004835
165.540000,2.347786,-6.739855,0.016428,-0.356250,-4.007937,0.011593,3.843851,0.004835
165.580000,2.355765,-6.739724,0.016576,-0.348271,-4.007844,0.011742,3.843823,0.004835
165.640000,2.367736,-6.739524,0.016778,-0.336299,-4.007702,0.011943,3.843782,0.004835
165.680000,2.375719,-6.739390,0.016900,-0.328315,-4.007606,0.012065,3.843754,0.004835
165.740000,2.387696,-6.739186,0.017060,-0.316338,-4.007461,0.012225,3.843712,0.004835
165.780000,2.395682,-6.739050,0.017155,-0.308351,-4.007363,0.012320,3.843684,0.004835
165.840000,2.407664,-6.738843,0.017280,-0.296368,-4.007214,0.012446,3.843642,0.004835
165.880000,2.415654,-6.738705,0.017351,-0.288378,-4.007114,0.012516,3.843615,0.004835
165.940000,2.427640,-6.738496,0.017442,-0.276391,-4.006964,0.012608,3.843573,0.004835
165.980000,2.435633,-6.738357,0.017492,-0.268397,-4.006863,0.012657,3.843545,0.004835
166.040000,2.447623,-6.738147,0.017552,-0.256406,-4.006711,0.012718,3.843503,0.004835
166.080000,2.455619,-6.738006,0.017583,-0.248410,-4.006609,0.012748,3.843475,0.004835
166.140000,2.467613,-6.737795,0.017615,-0.236414,-4.006456,0.012780,3.843433,0.004835
166.180000,2.475611,-6.737654,0.017626,-0.228416,-4.006353,0.012792,3.843406,0.004835
166.240000,2.487609,-6.737442,0.017630,-0.216418,-4.006200,0.012795,3.843364,0.004835
166.280000,2.495606,-6.737302,0.017624,-0.208420,-4.006098,0.012789,3.843336,0.004835
166.340000,2.507600,-6.737090,0.017603,-0.196425,-4.005944,0.012768,3.843294,0.004835
166.380000,2.515595,-6.736950,0.017581,-0.188429,-4.005842,0.012747,3.843266,0.004835
166.440000,2.527586,-6.736739,0.017536,-0.176438,-4.005690,0.012701,3.843224,0.004835
166.480000,2.535578,-6.736599,0.017499,-0.168444,-4.005588,0.012664,3.843196,0.004835
166.540000,2.547566,-6.736390,0.017434,-0.156455,-4.005437,0.012599,3.843155,0.004835
166.580000,2.555558,-6.736250,0.017384,-0.148464,-4.005336,0.012549,3.843127,0.004835
166.640000,2.567543,-6.736043,0.017299,-0.136478,-4.005186,0.012465,3.843085,0.004835
166.680000,2.575532,-6.735905,0.017237,-0.128488,-4.005087,0.012402,3.843057,0.004835
166.740000,2.587515,-6.735699,0.017135,-0.116504,-4.004939,0.012300,3.843015,0.004835
166.800000,2.599497,-6.735494,0.017024,-0.104521,-4.004792,0.012189,3.842974,0.004835
166.840000,2.607484,-6.735358,0.016944,-0.096534,-4.004695,0.012109,3.842946,0.004835
166.880000,2.615470,-6.735223,0.016861,-0.088547,-4.004599,0.012026,3.842918,0.004835
166.940000,2.627449,-6.735022,0.016730,-0.076567,-4.004456,0.011895,3.842876,0.004835
166.980000,2.635435,-6.734889,0.016638,-0.068581,-4.004361,0.011803,3.842848,0.004835
167.040000,2.647412,-6.734690,0.016494,-0.056603,-4.004220,0.011660,3.842807,0.004835
167.080000,2.655396,-6.734559,0.016395,-0.048618,-4.004128,0.011560,3.842779,0.004835
167.140000,2.667372,-6.734364,0.016240,-0.040642,-4.003990,0.011405,3.845553,0.004835
167.180000,2.675355,-6.734234,0.016133,-0.036658,-4.003899,0.011298,3.848343,0.004835
167.240000,2.687330,-6.734042,0.015968,-0.026682,-4.003765,0.011134,3.849711,0.004835
167.280000,2.695312,-6.733915,0.015856,-0.018699,-4.003677,0.011021,3.849683,0.004835
167.340000,2.707286,-6.733726,0.015683,-0.006725,-4.003546,0.010848,3.849642,0.004835
167.380000,2.715268,-6.733602,0.015565,0.001257,-4.003460,0.010730,3.849614,0.004835
167.440000,2.727240,-6.733416,0.015384,0.013230,-4.003332,0.010550,3.849572,0.004835
167.480000,2.735221,-6.733294,0.015262,0.021212,-4.003249,0.010427,3.849545,0.004835
167.540000,2.747193,-6.733112,0.015076,0.033185,-4.003125,0.010241,3.849503,0.004835
167.580000,2.755174,-6.732993,0.014949,0.041166,-4.003044,0.010115,3.849475,0.004835
167.640000,2.767145,-6.732815,0.014758,0.053138,-4.002924,0.009923,3.849434,0.004835
167.680000,2.775125,-6.732697,0.014629,0.061119,-4.002845,0.009794,3.849406,0.004835
167.740000,2.787096,-6.732523,0.014434,0.073090,-4.002729,0.009599,3.849365,0.004835
167.780000,2.795076,-6.732409,0.014302,0.081071,-4.002653,0.009467,3.849337,0.004835
167.840000,2.807046,-6.732239,0.014104,0.093041,-4.002541,0.009269,3.849295,0.004835
167.880000,2.815026,-6.732127,0.013971,0.101022,-4.002467,0.009136,3.849268,0.004835
167.940000,2.826996,-6.731961,0.013770,0.112993,-4.002359,0.008935,3.849226,0.004835
167.980000,2.838966,-6.731797,0.013569,0.120973,-4.002288,0.008801,3.851974,0.004767
168.040000,2.846946,-6.731689,0.013434,0.132944,-4.002184,0.008599,3.849157,0.004835
168.080000,2.854926,-6.731583,0.013299,0.140924,-4.002116,0.008464,3.849129,0.004835
168.140000,2.866896,-6.731425,0.013096,0.152894,-4.002016,0.008262,3.849088,0.004835
168.180000,2.874876,-6.731321,0.012961,0.160875,-4.001950,0.008127,3.849060,0.004835
168.240000,2.886846,-6.731167,0.012759,0.172845,-4.001854,0.007924,3.849019,0.004835
168.280000,2.894826,-6.731065,0.012624,0.180826,-4.001792,0.007789,3.848991,0.004835
168.340000,2.906796,-6.730916,0.012422,0.192797,-4.001700,0.007588,3.848950,0.004835
168.380000,2.914776,-6.730817,0.012288,0.200777,-4.001640,0.007454,3.848922,0.004835
168.440000,2.926747,-6.730671,0.012088,0.212748,-4.001552,0.007253,3.848881,0.004835
168.480000,2.934727,-6.730575,0.011955,0.220729,-4.001494,0.007120,3.848853,0.004835
168.540000,2.946698,-6.730433,0.011757,0.232700,-4.001410,0.006922,3.848812,0.004835
168.580000,2.954679,-6.730340,0.011625,0.240681,-4.001356,0.006790,3.848784,0.004835
168.640000,2.966637,-6.730202,0.011395,0.262624,-3.999855,0.010050,3.842718,0.001345
168.680000,2.974590,-6.730112,0.011127,0.270576,-3.999776,0.009783,3.842711,0.001345
168.740000,2.986519,-6.729982,0.010664,0.282505,-3.999662,0.009319,3.842699,0.001345
168.780000,2.994472,-6.729899,0.010346,0.290459,-3.999589,0.009001,3.842692,0.001345
168.840000,3.006404,-6.729778,0.009874,0.302391,-3.999484,0.008529,3.842680,0.001345
168.880000,3.014360,-6.729701,0.009565,0.310347,-3.999418,0.008220,3.842672,0.001345
168.940000,3.026295,-6.729590,0.009110,0.322282,-3.999322,0.007765,3.842661,0.001345
168.980000,3.034252,-6.729518,0.008814,0.330240,-3.999262,0.007469,3.842653,0.001345
169.040000,3.046190,-6.729416,0.008380,0.342178,-3.999175,0.007035,3.842642,0.001345
169.080000,3.054150,-6.729350,0.008098,0.350138,-3.999120,0.006753,3.842634,0.001345
169.140000,3.066091,-6.729256,0.007684,0.362079,-3.999042,0.006340,3.842623,0.001345
169.180000,3.074053,-6.729196,0.007416,0.370041,-3.998993,0.006071,3.842615,0.001345
169.240000,3.085997,-6.729109,0.007023,0.381985,-3.998923,0.005678,3.842603,0.001345
169.280000,3.093961,-6.729055,0.006769,0.389949,-3.998878,0.005424,3.842596,0.001345
169.340000,3.105908,-6.728976,0.006397,0.401896,-3.998816,0.005052,3.842584,0.001345
169.380000,3.113874,-6.728926,0.006156,0.409862,-3.998777,0.004811,3.842577,0.001345
169.440000,3.125824,-6.728854,0.005803,0.421812,-3.998721,0.004459,3.842565,0.001345
169.480000,3.133791,-6.728809,0.005575,0.429780,-3.998687,0.004230,3.842557,0.001345
169.540000,3.145744,-6.728745,0.005242,0.441733,-3.998638,0.003898,3.842546,0.001345
169.580000,3.153713,-6.728704,0.005026,0.449702,-3.998608,0.003681,3.842538,0.001345
169.640000,3.165669,-6.728645,0.004711,0.461657,-3.998566,0.003366,3.842527,0.001345
169.680000,3.173640,-6.728609,0.004507,0.469629,-3.998540,0.003162,3.842519,0.001345
169.740000,3.185598,-6.728557,0.004211,0.481587,-3.998504,0.002866,3.842508,0.001345
169.780000,3.193571,-6.728524,0.004019,0.489560,-3.998482,0.002674,3.842500,0.001345
169.840000,3.205532,-6.728477,0.003740,0.501520,-3.998451,0.002395,3.842489,0.001345
169.880000,3.213506,-6.728448,0.003560,0.509495,-3.998433,0.002215,3.842481,0.001345
169.940000,3.225469,-6.728407,0.003299,0.517466,-3.998957,0.000558,3.844890,0.002741
169.980000,3.233453,-6.728381,0.003156,0.521451,-3.999501,-0.000981,3.847303,0.004137
170.040000,3.245447,-6.728344,0.003067,0.531443,-3.999791,-0.001768,3.848483,0.004835
170.080000,3.253441,-6.728320,0.003080,0.539437,-3.999805,-0.001755,3.848455,0.004835
170.140000,3.265431,-6.728283,0.003131,0.551428,-3.999825,-0.001704,3.848414,0.004835
170.180000,3.273425,-6.728257,0.003172,0.559422,-3.999839,-0.001663,3.848387,0.004835
170.240000,3.285416,-6.728219,0.003236,0.571412,-3.999858,-0.001599,3.848346,0.004835
170.280000,3.293410,-6.728193,0.003278,0.579406,-3.999871,-0.001557,3.848318,0.004835
170.340000,3.305401,-6.728153,0.003341,0.591397,-3.999889,-0.001494,3.848277,0.004835
170.380000,3.313395,-6.728126,0.003382,0.599392,-3.999901,-0.001453,3.848250,0.004835
170.440000,3.325386,-6.728085,0.003443,0.611383,-3.999918,-0.001392,3.848209,0.004835
170.480000,3.333380,-6.728058,0.003483,0.619377,-3.999929,-0.001352,3.848181,0.004835
170.540000,3.345372,-6.728016,0.003542,0.631369,-3.999945,-0.001293,3.848140,0.004835
170.580000,3.353366,-6.727987,0.003580,0.639363,-3.999955,-0.001255,3.848113,0.004835
170.640000,3.365358,-6.727944,0.003637,0.651355,-3.999970,-0.001198,3.848071,0.004835
170.680000,3.373353,-6.727915,0.003674,0.659350,-3.999979,-0.001161,3.848044,0.004835
170.740000,3.385345,-6.727870,0.003728,0.671343,-3.999993,-0.001107,3.848003,0.004835
170.780000,3.393340,-6.727840,0.003764,0.679338,-4.000002,-0.001071,3.847975,0.004835
170.840000,3.405333,-6.727795,0.003816,0.691330,-4.000014,-0.001019,3.847934,0.004835
170.880000,3.413328,-6.727764,0.003850,0.699325,-4.000022,-0.000985,3.847907,0.004835
170.940000,3.425321,-6.727718,0.003900,0.711318,-4.000034,-0.000935,3.847866,0.004835
170.980000,3.433316,-6.727686,0.003932,0.719314,-4.000041,-0.000902,3.847838,0.004835
171.040000,3.445309,-6.727639,0.003980,0.731307,-4.000052,-0.000855,3.847797,0.004835
171.080000,3.453305,-6.727607,0.004011,0.739302,-4.000058,-0.000823,3.847770,0.004835
171.140000,3.465298,-6.727559,0.004057,0.751296,-4.000068,-0.000778,3.847728,0.004835
171.180000,3.473294,-6.727526,0.004087,0.759292,-4.000074,-0.000748,3.847701,0.004835
171.240000,3.485288,-6.727477,0.004131,0.771286,-4.000083,-0.000704,3.847660,0.004835
171.280000,3.493284,-6.727444,0.004159,0.779282,-4.000088,-0.000676,3.847632,0.004835
171.340000,3.505278,-6.727394,0.004201,0.791276,-4.000096,-0.000634,3.847591,0.004835
171.380000,3.513274,-6.727360,0.004228,0.799272,-4.000101,-0.000607,3.847564,0.004835
171.440000,3.525268,-6.727309,0.004267,0.811266,-4.000108,-0.000568,3.847523,0.004835
171.480000,3.533264,-6.727275,0.004293,0.819263,-4.000112,-0.000542,3.847495,0.004835
171.540000,3.545259,-6.727223,0.004330,0.831258,-4.000119,-0.000505,3.847454,0.004835
171.580000,3.553256,-6.727188,0.004354,0.839254,-4.000123,-0.000481,3.847426,0.004835
171.640000,3.565250,-6.727136,0.004390,0.851249,-4.000128,-0.000445,3.847385,0.004835
171.680000,3.573247,-6.727101,0.004413,0.859246,-4.000132,-0.000422,3.847358,0.004835
171.740000,3.585242,-6.727048,0.004446,0.871241,-4.000137,-0.000389,3.847317,0.004835
171.780000,3.593239,-6.727012,0.004468,0.879238,-4.000140,-0.000367,3.847289,0.004835
171.840000,3.605235,-6.726958,0.004499,0.891234,-4.000144,-0.000335,3.847248,0.004835
171.880000,3.613232,-6.726922,0.004520,0.899231,-4.000146,-0.000315,3.847221,0.004835
171.940000,3.625227,-6.726868,0.004550,0.911227,-4.000150,-0.000285,3.847179,0.004835
171.980000,3.633225,-6.726831,0.004569,0.919224,-4.000152,-0.000266,3.847152,0.004835
172.040000,3.645220,-6.726776,0.004597,0.931220,-4.000155,-0.000238,3.847111,0.004835
172.080000,3.653218,-6.726739,0.004615,0.939217,-4.000157,-0.000220,3.847083,0.004835
172.140000,3.665214,-6.726684,0.004641,0.951214,-4.000160,-0.000194,3.847042,0.004835
172.180000,3.673212,-6.726647,0.004658,0.959211,-4.000161,-0.000177,3.847015,0.004835
172.240000,3.685208,-6.726591,0.004682,0.971208,-4.000163,-0.000152,3.846973,0.004835
172.280000,3.693206,-6.726553,0.004698,0.979206,-4.000164,-0.000137,3.846946,0.004835
172.340000,3.705202,-6.726497,0.004721,0.991203,-4.000166,-0.000114,3.846905,0.004835
172.380000,3.713200,-6.726459,0.004736,0.999200,-4.000167,-0.000099,3.846877,0.004835
172.440000,3.725197,-6.726402,0.004757,1.011198,-4.000168,-0.000078,3.846836,0.004835
172.480000,3.733195,-6.726364,0.004770,1.019196,-4.000168,-0.000064,3.846809,0.004835
172.540000,3.745192,-6.726306,0.004790,1.031193,-4.000169,-0.000045,3.846767,0.004835
172.580000,3.753190,-6.726268,0.004803,1.039191,-4.000169,-0.000032,3.846740,0.004835
172.640000,3.765188,-6.726210,0.004821,1.051189,-4.000169,-0.000014,3.846699,0.004835
172.680000,3.773186,-6.726172,0.004833,1.059187,-4.000169,-0.000002,3.846671,0.004835
172.740000,3.785184,-6.726114,0.004849,1.071185,-4.000169,0.000015,3.846630,0.004835
172.780000,3.793182,-6.726075,0.004860,1.079183,-4.000169,0.000025,3.846603,0.004835
172.840000,3.805167,-6.726016,0.004908,1.091166,-4.001592,-0.003417,3.845555,0.008325
172.880000,3.813137,-6.725977,0.005058,1.099135,-4.001619,-0.003267,3.845508,0.008325
172.940000,3.825092,-6.725915,0.005343,1.111091,-4.001656,-0.002982,3.845437,0.008325
172.980000,3.833063,-6.725871,0.005543,1.119061,-4.001679,-0.002782,3.845390,0.008325
173.040000,3.845021,-6.725803,0.005840,1.131019,-4.001711,-0.002485,3.845320,0.008325
173.080000,3.852993,-6.725756,0.006033,1.138992,-4.001730,-0.002292,3.845273,0.008325
173.140000,3.864953,-6.725682,0.006314,1.150952,-4.001755,-0.002011,3.845202,0.008325
173.180000,3.872928,-6.725631,0.006495,1.158927,-4.001771,-0.001830,3.845155,0.008325
173.240000,3.884890,-6.725552,0.006758,1.170890,-4.001791,-0.001567,3.845084,0.008325
173.280000,3.892867,-6.725497,0.006927,1.178866,-4.001803,-0.001398,3.845037,0.008325
173.340000,3.904832,-6.725413,0.007172,1.190832,-4.001818,-0.001152,3.844966,0.008325
173.380000,3.912809,-6.725355,0.007330,1.198809,-4.001827,-0.000995,3.844919,0.008325
173.440000,3.924777,-6.725266,0.007558,1.210777,-4.001837,-0.000767,3.844848,0.008325
173.480000,3.932756,-6.725205,0.007705,1.218757,-4.001843,-0.000620,3.844801,0.008325
173.540000,3.944726,-6.725111,0.007916,1.230727,-4.001849,-0.000409,3.844730,0.008325
173.580000,3.952707,-6.725048,0.008052,1.238708,-4.001852,-0.000273,3.844683,0.008325
173.640000,3.964679,-6.724950,0.008247,1.250681,-4.001854,-0.000078,3.844612,0.008325
173.680000,3.972662,-6.724884,0.008372,1.258663,-4.001854,0.000047,3.844565,0.008325
173.740000,3.984636,-6.724782,0.008551,1.270638,-4.001852,0.000226,3.844494,0.008325
173.780000,3.996612,-6.724679,0.008722,1.278622,-4.001850,0.000341,3.847241,0.008381
173.840000,4.004596,-6.724609,0.008831,1.290599,-4.001845,0.000507,3.844376,0.008325
173.880000,4.012581,-6.724538,0.008936,1.298585,-4.001840,0.000612,3.844328,0.008325
173.940000,4.024560,-6.724430,0.009088,1.310563,-4.001832,0.000763,3.844257,0.008325
173.980000,4.032546,-6.724357,0.009184,1.318550,-4.001826,0.000859,3.844210,0.008325
174.040000,4.044526,-6.724246,0.009322,1.330531,-4.001814,0.000997,3.844139,0.008325
174.100000,4.056507,-6.724134,0.009453,1.342513,-4.001802,0.001128,3.844068,0.008325
174.140000,4.064498,-6.724058,0.009528,1.354509,-4.001262,0.002600,3.841570,0.006929
174.180000,4.072494,-6.723981,0.009574,1.366504,-4.000685,0.004041,3.839105,0.005533
174.240000,4.084477,-6.723867,0.009530,1.380483,-4.000346,0.004695,3.837857,0.004835
174.280000,4.092458,-6.723791,0.009433,1.388464,-4.000309,0.004598,3.837829,0.004835
174.340000,4.104430,-6.723679,0.009254,1.400437,-4.000255,0.004419,3.837788,0.004835
174.380000,4.112412,-6.723606,0.009130,1.408419,-4.000220,0.004295,3.837761,0.004835
174.440000,4.124385,-6.723498,0.008945,1.420392,-4.000170,0.004110,3.837719,0.004835
174.480000,4.132367,-6.723427,0.008823,1.428375,-4.000138,0.003988,3.837692,0.004835
174.540000,4.144341,-6.723322,0.008643,1.440349,-4.000091,0.003808,3.837650,0.004835
174.580000,4.152324,-6.723254,0.008525,1.448333,-4.000061,0.003691,3.837623,0.004835
174.640000,4.164299,-6.723153,0.008353,1.460308,-4.000018,0.003518,3.837581,0.004835
174.680000,4.172283,-6.723086,0.008240,1.468292,-3.999990,0.003405,3.837554,0.004835
174.740000,4.184259,-6.722989,0.008073,1.480268,-3.999951,0.003239,3.837512,0.004835
174.780000,4.192243,-6.722925,0.007965,1.488253,-3.999925,0.003130,3.837485,0.004835
174.840000,4.204221,-6.722830,0.007806,1.500230,-3.999889,0.002971,3.837444,0.004835
174.880000,4.212206,-6.722768,0.007702,1.508216,-3.999865,0.002867,3.837416,0.004835
174.940000,4.224184,-6.722677,0.007548,1.520194,-3.999832,0.002713,3.837375,0.004835
174.980000,4.232169,-6.722617,0.007446,1.528180,-3.999811,0.002611,3.837347,0.004835
175.040000,4.244148,-6.722529,0.007293,1.540159,-3.999780,0.002458,3.837306,0.004835
175.080000,4.252135,-6.722471,0.007191,1.548146,-3.999761,0.002356,3.837278,0.004835
175.140000,4.264114,-6.722386,0.007038,1.560126,-3.999734,0.002203,3.837237,0.004835
175.180000,4.272101,-6.722330,0.006936,1.568113,-3.999717,0.002101,3.837210,0.004835
175.240000,4.284082,-6.722248,0.006783,1.580094,-3.999692,0.001948,3.837168,0.004835
175.280000,4.292070,-6.722194,0.006681,1.588081,-3.999677,0.001846,3.837141,0.004835
175.340000,4.304051,-6.722115,0.006528,1.600063,-3.999656,0.001693,3.837100,0.004835
175.380000,4.312039,-6.722063,0.006426,1.608052,-3.999643,0.001591,3.837072,0.004835
175.440000,4.324022,-6.721987,0.006273,1.620034,-3.999625,0.001438,3.837031,0.004835
175.480000,4.332010,-6.721937,0.006171,1.628023,-3.999614,0.001336,3.837003,0.004835
175.540000,4.343994,-6.721864,0.006018,1.640007,-3.999598,0.001183,3.836962,0.004835
175.580000,4.355978,-6.721793,0.005865,1.647996,-3.999589,0.001081,3.839734,0.004784
175.640000,4.363946,-6.721747,0.005858,1.649958,-4.002420,-0.005957,3.841935,0.011815
175.680000,4.375858,-6.721674,0.006453,1.657900,-4.002466,-0.005604,3.844657,0.012058
175.740000,4.383799,-6.721620,0.006995,1.669812,-4.002528,-0.004819,3.841769,0.011815
175.780000,4.391741,-6.721562,0.007574,1.677754,-4.002564,-0.004240,3.841703,0.011815
175.840000,4.403657,-6.721467,0.008466,1.689670,-4.002609,-0.003349,3.841603,0.011815
175.880000,4.411603,-6.721397,0.009066,1.697616,-4.002634,-0.002749,3.841536,0.011815
175.940000,4.423523,-6.721284,0.009968,1.709537,-4.002661,-0.001846,3.841436,0.011815
175.980000,4.431472,-6.721202,0.010570,1.717486,-4.002673,-0.001244,3.841369,0.011815
176.040000,4.443398,-6.721071,0.011474,1.729412,-4.002683,-0.000341,3.841269,0.011815
176.080000,4.451350,-6.720977,0.012077,1.737365,-4.002683,0.000262,3.841202,0.011815
176.140000,4.463280,-6.720828,0.012981,1.749296,-4.002675,0.001166,3.841102,0.011815
176.180000,4.471236,-6.720722,0.013584,1.757252,-4.002663,0.001769,3.841035,0.011815
176.240000,4.483171,-6.720554,0.014489,1.769189,-4.002636,0.002674,3.840934,0.011815
176.280000,4.495110,-6.720376,0.015393,1.777149,-4.002613,0.003277,3.843637,0.012116
176.340000,4.503070,-6.720251,0.015997,1.789090,-4.002568,0.004182,3.840766,0.011815
176.380000,4.511032,-6.720121,0.016600,1.797053,-4.002532,0.004786,3.840699,0.011815
176.440000,4.522977,-6.719918,0.017506,1.809000,-4.002470,0.005691,3.840598,0.011815
176.480000,4.530942,-6.719776,0.018110,1.816966,-4.002422,0.006295,3.840531,0.011815
176.540000,4.542893,-6.719554,0.019015,1.828918,-4.002342,0.007201,3.840430,0.011815
176.580000,4.550861,-6.719400,0.019619,1.836888,-4.002282,0.007805,3.840362,0.011815
176.640000,4.562816,-6.719160,0.020526,1.848845,-4.002183,0.008711,3.840261,0.011815
176.680000,4.570788,-6.718994,0.021130,1.856818,-4.002111,0.009315,3.840193,0.011815
176.740000,4.582744,-6.718739,0.021384,1.868776,-4.001997,0.009569,3.840092,0.011815
176.780000,4.590713,-6.718569,0.021312,1.876747,-4.001921,0.009497,3.840024,0.011815
176.840000,4.602666,-6.718315,0.021107,1.888702,-4.001809,0.009292,3.839922,0.011815
176.880000,4.610635,-6.718147,0.020950,1.896673,-4.001736,0.009135,3.839855,0.011815
176.940000,4.622590,-6.717898,0.020706,1.908629,-4.001628,0.008891,3.839753,0.011815
176.980000,4.630560,-6.717734,0.020541,1.916601,-4.001558,0.008726,3.839686,0.011815
177.040000,4.642515,-6.717490,0.020293,1.928559,-4.001455,0.008478,3.839584,0.011815
177.080000,4.650487,-6.717329,0.020127,1.936531,-4.001388,0.008313,3.839517,0.011815
177.140000,4.662444,-6.717090,0.019879,1.948490,-4.001290,0.008064,3.839416,0.011815
177.180000,4.670416,-6.716932,0.019714,1.956464,-4.001226,0.007899,3.839348,0.011815
177.240000,4.682375,-6.716697,0.019465,1.968425,-4.001133,0.007651,3.839247,0.011815
177.280000,4.690348,-6.716543,0.019300,1.976399,-4.001073,0.007485,3.839179,0.011815
177.340000,4.702308,-6.716314,0.019051,1.988361,-4.000985,0.007237,3.839078,0.011815
177.380000,4.710283,-6.716162,0.018886,1.996337,-4.000928,0.007071,3.839010,0.011815
177.440000,4.722245,-6.715938,0.018637,2.008301,-4.000845,0.006823,3.838909,0.011815
177.480000,4.730220,-6.715790,0.018472,2.016277,-4.000791,0.006658,3.838842,0.011815
177.540000,4.742183,-6.715570,0.018227,2.028242,-4.000713,0.006413,3.838740,0.011815
177.580000,4.750159,-6.715426,0.018066,2.036219,-4.000662,0.006252,3.838673,0.011815
177.640000,4.762123,-6.715211,0.017828,2.048184,-4.000589,0.006014,3.838572,0.011815
177.680000,4.770099,-6.715069,0.017672,2.056162,-4.000541,0.005857,3.838504,0.011815
177.740000,4.782065,-6.714859,0.017441,2.068129,-4.000473,0.005626,3.838403,0.011815
177.780000,4.790042,-6.714721,0.017290,2.076107,-4.000428,0.005475,3.838336,0.011815
177.840000,4.802008,-6.714515,0.017066,2.088076,-4.000364,0.005252,3.838235,0.011815
177.880000,4.809986,-6.714379,0.016920,2.096055,-4.000323,0.005105,3.838167,0.011815
177.940000,4.821954,-6.714178,0.016704,2.108024,-4.000263,0.004889,3.838066,0.011815
177.980000,4.829933,-6.714045,0.016563,2.116004,-4.000225,0.004748,3.837999,0.011815
178.040000,4.841902,-6.713848,0.016354,2.127974,-4.000169,0.004540,3.837898,0.011815
178.080000,4.849881,-6.713718,0.016218,2.135955,-4.000133,0.004403,3.837830,0.011815
178.140000,4.861851,-6.713526,0.016017,2.147926,-4.000082,0.004203,3.837729,0.011815
178.180000,4.873822,-6.713335,0.015822,2.155907,-4.000049,0.004072,3.840440,0.011750
178.240000,4.881803,-6.713209,0.015694,2.167880,-4.000001,0.003879,3.837561,0.011815
178.280000,4.889784,-6.713084,0.015568,2.175862,-3.999971,0.003753,3.837494,0.011815
178.340000,4.901756,-6.712899,0.015383,2.187838,-3.999397,0.004964,3.837766,0.010419
178.380000,4.909731,-6.712777,0.015236,2.195806,-3.998804,0.006213,3.838103,0.009023
178.440000,4.921671,-6.712597,0.014905,2.207741,-3.998441,0.006580,3.838237,0.008325
178.480000,4.929626,-6.712479,0.014621,2.215696,-3.998389,0.006296,3.838189,0.008325
178.540000,4.941559,-6.712308,0.014173,2.227630,-3.998317,0.005848,3.838118,0.008325
178.580000,4.949516,-6.712196,0.013876,2.235588,-3.998272,0.005551,3.838071,0.008325
178.640000,4.961453,-6.712033,0.013439,2.247526,-3.998208,0.005114,3.838000,0.008325
178.680000,4.969412,-6.711927,0.013155,2.255485,-3.998168,0.004831,3.837953,0.008325
178.740000,4.981352,-6.711773,0.012742,2.267427,-3.998113,0.004417,3.837882,0.008325
178.780000,4.989314,-6.711672,0.012474,2.275389,-3.998079,0.004149,3.837835,0.008325
178.840000,5.001258,-6.711526,0.012085,2.287334,-3.998032,0.003760,3.837764,0.008325
178.880000,5.009222,-6.711430,0.011833,2.295298,-3.998003,0.003508,3.837717,0.008325
178.940000,5.021169,-6.711291,0.011466,2.307247,-3.997963,0.003141,3.837646,0.008325
178.980000,5.029136,-6.711201,0.011230,2.315213,-3.997939,0.002906,3.837599,0.008325
179.040000,5.041086,-6.711069,0.010887,2.327165,-3.997907,0.002563,3.837528,0.008325
179.080000,5.049055,-6.710983,0.010666,2.335134,-3.997887,0.002341,3.837481,0.008325
179.140000,5.061009,-6.710857,0.010345,2.347088,-3.997861,0.002020,3.837410,0.008325
179.180000,5.068979,-6.710775,0.010138,2.355059,-3.997846,0.001813,3.837363,0.008325
179.240000,5.080937,-6.710656,0.009838,2.367017,-3.997826,0.001514,3.837292,0.008325
179.280000,5.088909,-6.710578,0.009646,2.374990,-3.997814,0.001321,3.837245,0.008325
179.340000,5.100870,-6.710465,0.009367,2.386951,-3.997800,0.001042,3.837174,0.008325
179.380000,5.108844,-6.710391,0.009187,2.394926,-3.997793,0.000863,3.837127,0.008325
179.440000,5.120807,-6.710282,0.008929,2.406889,-3.997784,0.000604,3.837056,0.008325
179.480000,5.128784,-6.710212,0.008763,2.414866,-3.997780,0.000438,3.837009,0.008325
179.540000,5.140750,-6.710108,0.008525,2.426833,-3.997776,0.000200,3.836938,0.008325
179.580000,5.148728,-6.710041,0.008371,2.434811,-3.997775,0.000046,3.836891,0.008325
179.640000,5.160697,-6.709942,0.008151,2.446780,-3.997776,-0.000174,3.836820,0.008325
179.680000,5.168677,-6.709878,0.008010,2.454761,-3.997778,-0.000315,3.836773,0.008325
179.740000,5.180648,-6.709783,0.007807,2.466732,-3.997783,-0.000518,3.836702,0.008325
179.780000,5.188630,-6.709721,0.007678,2.474714,-3.997787,-0.000647,3.836655,0.008325
179.840000,5.200606,-6.709630,0.007523,2.486694,-3.999215,-0.004291,3.835579,0.011815
179.880000,5.208593,-6.709570,0.007544,2.494681,-3.999250,-0.004271,3.835512,0.011815
179.940000,5.220574,-6.709479,0.007646,2.506662,-3.999300,-0.004169,3.835412,0.011815
179.980000,5.228561,-6.709418,0.007729,2.514649,-3.999333,-0.004086,3.835345,0.011815
180.040000,5.240542,-6.709324,0.007859,2.526630,-3.999381,-0.003956,3.835245,0.011815
180.100000,5.252523,-6.709230,0.007989,2.538612,-3.999428,-0.003825,3.835145,0.011815
180.140000,5.260510,-6.709165,0.008076,2.546599,-3.999458,-0.003739,3.835078,0.011815
180.180000,5.272491,-6.709068,0.008204,2.554587,-3.999488,-0.003653,3.837816,0.011857
180.240000,5.280479,-6.709002,0.008288,2.566569,-3.999531,-0.003526,3.834911,0.011815
180.280000,5.288467,-6.708935,0.008372,2.574557,-3.999558,-0.003443,3.834844,0.011815
180.340000,5.300449,-6.708834,0.008495,2.586539,-3.999599,-0.003319,3.834744,0.011815
180.360000,5.308437,-6.708766,0.008577,2.590534,-3.999612,-0.003278,3.837514,0.011855
180.580000,5.348380,-6.708416,0.008970,2.634472,-3.999747,-0.002845,3.834343,0.011815
180.640000,5.360363,-6.708307,0.009083,2.646456,-3.999780,-0.002732,3.834242,0.011815
180.680000,5.368352,-6.708235,0.009157,2.654445,-3.999802,-0.002657,3.834176,0.011815
180.740000,5.380336,-6.708124,0.009267,2.666429,-3.999833,-0.002548,3.834075,0.011815
180.780000,5.388326,-6.708050,0.009338,2.674419,-3.999853,-0.002476,3.834008,0.011815
180.840000,5.400310,-6.707937,0.009444,2.686404,-3.999882,-0.002371,3.833908,0.011815
180.880000,5.408300,-6.707862,0.009513,2.694394,-3.999901,-0.002301,3.833841,0.011815
180.940000,5.420285,-6.707747,0.009615,2.706380,-3.999927,-0.002199,3.833741,0.011815
180.980000,5.428275,-6.707670,0.009682,2.714370,-3.999945,-0.002133,3.833674,0.011815
181.040000,5.440261,-6.707553,0.009780,2.726357,-3.999970,-0.002034,3.833573,0.011815
181.100000,5.452247,-6.707435,0.009876,2.738343,-3.999994,-0.001939,3.833473,0.011815
181.140000,5.460237,-6.707356,0.009939,2.746334,-4.000009,-0.001876,3.833406,0.011815
181.180000,5.468228,-6.707277,0.010000,2.754325,-4.000024,-0.001814,3.833339,0.011815
181.240000,5.480215,-6.707156,0.010091,2.766313,-4.000045,-0.001724,3.833239,0.011815
181.280000,5.488206,-6.707075,0.010150,2.774304,-4.000058,-0.001665,3.833172,0.011815
181.340000,5.500193,-6.706953,0.010237,2.786292,-4.000078,-0.001578,3.833071,0.011815
181.380000,5.512181,-6.706830,0.010321,2.794284,-4.000090,-0.001522,3.835805,0.011843
181.440000,5.520172,-6.706747,0.010376,2.806272,-4.000108,-0.001439,3.832904,0.011815
181.480000,5.528164,-6.706664,0.010430,2.814265,-4.000119,-0.001385,3.832837,0.011815
181.540000,5.540153,-6.706539,0.010509,2.826253,-4.000135,-0.001306,3.832736,0.011815
181.580000,5.548145,-6.706454,0.010560,2.834246,-4.000146,-0.001255,3.832669,0.011815
181.640000,5.560134,-6.706327,0.010635,2.846235,-4.000160,-0.001179,3.832569,0.011815
181.680000,5.568126,-6.706242,0.010684,2.854229,-4.000169,-0.001130,3.832502,0.011815
181.740000,5.580115,-6.706114,0.010756,2.866218,-4.000182,-0.001059,3.832401,0.011815
181.780000,5.588108,-6.706027,0.010803,2.874212,-4.000191,-0.001012,3.832334,0.011815
181.840000,5.600098,-6.705897,0.010870,2.886202,-4.000202,-0.000944,3.832234,0.011815
181.880000,5.608091,-6.705810,0.010915,2.894196,-4.000210,-0.000900,3.832167,0.011815
181.940000,5.620082,-6.705679,0.010979,2.906187,-4.000220,-0.000836,3.832066,0.011815
181.980000,5.628075,-6.705591,0.011021,2.914181,-4.000227,-0.000794,3.831999,0.011815
182.040000,5.640066,-6.705459,0.011082,2.926173,-4.000236,-0.000733,3.831899,0.011815
182.080000,5.648060,-6.705370,0.011121,2.934167,-4.000242,-0.000694,3.831832,0.011815
182.140000,5.660051,-6.705236,0.011179,2.946159,-4.000250,-0.000636,3.831731,0.011815
182.180000,5.668045,-6.705147,0.011216,2.954154,-4.000255,-0.000599,3.831664,0.011815
182.240000,5.680037,-6.705012,0.011270,2.966146,-4.000261,-0.000545,3.831563,0.011815
182.280000,5.688032,-6.704922,0.011305,2.974141,-4.000266,-0.000510,3.831496,0.011815
182.340000,5.700024,-6.704786,0.011356,2.986134,-4.000271,-0.000459,3.831396,0.011815
182.380000,5.708018,-6.704695,0.011389,2.994129,-4.000275,-0.000426,3.831329,0.011815
182.440000,5.720011,-6.704558,0.011437,3.006123,-4.000280,-0.000378,3.831228,0.011815
182.480000,5.728006,-6.704466,0.011468,3.014118,-4.000283,-0.000347,3.831161,0.011815
182.540000,5.739999,-6.704329,0.011512,3.026112,-4.000287,-0.000302,3.831061,0.011815
182.580000,5.747994,-6.704236,0.011541,3.034108,-4.000289,-0.000274,3.830994,0.011815
182.640000,5.759976,-6.704098,0.011615,3.036086,-4.001714,-0.003689,3.836985,0.015305
182.680000,5.767942,-6.704005,0.011780,3.044053,-4.001743,-0.003525,3.836899,0.015305
182.740000,5.779894,-6.703862,0.012089,3.056005,-4.001783,-0.003216,3.836769,0.015305
182.780000,5.787862,-6.703765,0.012305,3.063974,-4.001808,-0.003000,3.836683,0.015305
182.840000,5.799815,-6.703616,0.012625,3.075928,-4.001842,-0.002680,3.836553,0.015305
182.880000,5.807785,-6.703514,0.012833,3.083899,-4.001863,-0.002472,3.836467,0.015305
182.940000,5.819742,-6.703359,0.013135,3.095856,-4.001890,-0.002169,3.836338,0.015305
182.980000,5.827713,-6.703254,0.013331,3.103828,-4.001907,-0.001974,3.836251,0.015305
183.040000,5.839672,-6.703092,0.013614,3.115789,-4.001929,-0.001691,3.836122,0.015305
183.080000,5.851633,-6.702928,0.013886,3.123763,-4.001942,-0.001508,3.838828,0.015394
183.140000,5.859608,-6.702817,0.014060,3.135726,-4.001958,-0.001245,3.835905,0.015305
183.180000,5.867583,-6.702704,0.014229,3.143702,-4.001967,-0.001076,3.835819,0.015305
183.240000,5.879548,-6.702532,0.014474,3.155668,-4.001979,-0.000831,3.835689,0.015305
183.280000,5.887525,-6.702416,0.014632,3.163646,-4.001985,-0.000673,3.835602,0.015305
183.340000,5.899492,-6.702239,0.014859,3.175614,-4.001991,-0.000445,3.835473,0.015305
183.380000,5.907470,-6.702120,0.015006,3.183593,-4.001994,-0.000299,3.835386,0.015305
183.440000,5.919439,-6.701939,0.015216,3.195564,-4.001997,-0.000088,3.835256,0.015305
183.480000,5.927419,-6.701817,0.015351,3.203545,-4.001997,0.000046,3.835169,0.015305
183.540000,5.939391,-6.701632,0.015545,3.215518,-4.001995,0.000240,3.835039,0.015305
183.580000,5.947373,-6.701508,0.015669,3.223500,-4.001993,0.000364,3.834953,0.015305
183.640000,5.959347,-6.701319,0.015846,3.235476,-4.001987,0.000541,3.834823,0.015305
183.680000,5.971322,-6.701128,0.016014,3.243460,-4.001983,0.000654,3.837527,0.015360
183.740000,5.979305,-6.701000,0.016122,3.255437,-4.001974,0.000817,3.834606,0.015305
183.780000,5.987290,-6.700871,0.016226,3.263423,-4.001967,0.000921,3.834519,0.015305
183.840000,5.999268,-6.700676,0.016374,3.275402,-4.001955,0.001070,3.834389,0.015305
183.880000,6.007253,-6.700544,0.016469,3.283389,-4.001946,0.001164,3.834302,0.015305
183.940000,6.019233,-6.700346,0.016604,3.295370,-4.001931,0.001300,3.834172,0.015305
183.980000,6.027220,-6.700213,0.016690,3.303358,-4.001920,0.001385,3.834085,0.015305
184.040000,6.039199,-6.700013,0.016782,3.325338,-4.000482,0.004967,3.827859,0.011815
184.080000,6.047179,-6.699879,0.016720,3.333320,-4.000443,0.004905,3.827792,0.011815
184.140000,6.059150,-6.699680,0.016557,3.345292,-4.000385,0.004742,3.827691,0.011815
184.180000,6.067131,-6.699548,0.016434,3.353274,-4.000348,0.004619,3.827624,0.011815
184.240000,6.079102,-6.699352,0.016247,3.365247,-4.000293,0.004432,3.827523,0.011815
184.280000,6.087084,-6.699223,0.016123,3.373229,-4.000258,0.004308,3.827456,0.011815
184.340000,6.099056,-6.699031,0.015939,3.385203,-4.000208,0.004125,3.827355,0.011815
184.380000,6.107038,-6.698905,0.015819,3.393186,-4.000176,0.004004,3.827288,0.011815
184.440000,6.119011,-6.698716,0.015642,3.405161,-4.000129,0.003827,3.827187,0.011815
184.480000,6.126994,-6.698592,0.015526,3.413144,-4.000099,0.003711,3.827120,0.011815
184.540000,6.138968,-6.698407,0.015356,3.425120,-4.000055,0.003541,3.827019,0.011815
184.580000,6.146952,-6.698285,0.015244,3.433104,-4.000027,0.003430,3.826952,0.011815
184.640000,6.158927,-6.698103,0.015080,3.445081,-3.999987,0.003266,3.826851,0.011815
184.680000,6.166911,-6.697983,0.014973,3.453066,-3.999962,0.003159,3.826784,0.011815
184.740000,6.178887,-6.697805,0.014816,3.465043,-3.999925,0.003002,3.826683,0.011815
184.780000,6.186872,-6.697687,0.014714,3.473029,-3.999901,0.002899,3.826616,0.011815
184.840000,6.198849,-6.697512,0.014564,3.485008,-3.999867,0.002749,3.826516,0.011815
184.880000,6.206835,-6.697396,0.014466,3.492994,-3.999846,0.002651,3.826449,0.011815
184.940000,6.218813,-6.697223,0.014322,3.504973,-3.999815,0.002507,3.826348,0.011815
184.980000,6.226799,-6.697109,0.014228,3.512960,-3.999795,0.002413,3.826281,0.011815
185.040000,6.238778,-6.696940,0.014088,3.524941,-3.999767,0.002273,3.826180,0.011815
185.080000,6.246765,-6.696827,0.013995,3.532928,-3.999749,0.002180,3.826113,0.011815
185.140000,6.258745,-6.696661,0.013856,3.544909,-3.999724,0.002041,3.826013,0.011815
185.180000,6.266732,-6.696550,0.013763,3.552897,-3.999708,0.001948,3.825946,0.011815
185.240000,6.278713,-6.696386,0.013623,3.564879,-3.999686,0.001809,3.825845,0.011815
185.280000,6.286701,-6.696278,0.013530,3.572867,-3.999672,0.001716,3.825778,0.011815
185.340000,6.298683,-6.696117,0.013391,3.584857,-3.995121,0.002972,3.828868,0.010419
185.380000,6.306631,-6.696011,0.013140,3.592799,-3.990543,0.004117,3.832028,0.009023
185.440000,6.318445,-6.695861,0.012046,3.604607,-3.988209,0.003721,3.833575,0.008325
185.480000,6.326290,-6.695771,0.010905,3.612453,-3.988185,0.002581,3.833528,0.008325
185.540000,6.338063,-6.695654,0.008988,3.624226,-3.988165,0.000663,3.833459,0.008325
185.580000,6.345914,-6.695588,0.007663,3.632077,-3.988165,-0.000661,3.833412,0.008325
185.640000,6.357697,-6.695510,0.005656,3.643861,-3.988185,-0.002669,3.833343,0.008325
185.680000,6.369487,-6.695455,0.003641,3.651720,-3.988211,-0.004011,3.836069,0.007653
185.740000,6.377352,-6.695432,0.002296,3.663515,-3.988270,-0.006029,3.833227,0.008325
185.780000,6.385219,-6.695419,0.000950,3.671382,-3.988323,-0.007375,3.833181,0.008325
185.840000,6.397025,-6.695420,-0.001070,3.683188,-3.988422,-0.009395,3.833112,0.008325
185.880000,6.404900,-6.695433,-0.002417,3.691063,-3.988501,-0.010742,3.833066,0.008325
185.940000,6.416718,-6.695474,-0.004439,3.702880,-3.988640,-0.012764,3.832997,0.008325
185.980000,6.424600,-6.695514,-0.005788,3.710762,-3.988746,-0.014113,3.832951,0.008325
186.040000,6.436430,-6.695595,-0.007812,3.722590,-3.988925,-0.016137,3.832882,0.008325
186.080000,6.444320,-6.695662,-0.009163,3.730479,-3.989058,-0.017487,3.832837,0.008325
186.140000,6.456160,-6.695782,-0.011189,3.742318,-3.989277,-0.019514,3.832768,0.008325
186.180000,6.468007,-6.695927,-0.013216,3.750214,-3.989436,-0.020865,3.835556,0.007649
186.240000,6.475909,-6.696037,-0.014569,3.762064,-3.989696,-0.022894,3.832654,0.008325
186.280000,6.483814,-6.696157,-0.015922,3.769968,-3.989882,-0.024247,3.832608,0.008325
186.340000,6.495676,-6.696358,-0.017952,3.781828,-3.990182,-0.026277,3.832540,0.008325
186.380000,6.503588,-6.696505,-0.019307,3.789739,-3.990395,-0.027631,3.832495,0.008325
186.440000,6.515462,-6.696747,-0.021339,3.801610,-3.990735,-0.029664,3.832426,0.008325
186.480000,6.523381,-6.696921,-0.022695,3.809527,-3.990975,-0.031020,3.832381,0.008325
186.540000,6.535265,-6.697203,-0.024730,3.821409,-3.991356,-0.033054,3.832313,0.008325
186.580000,6.543192,-6.697404,-0.026087,3.829333,-3.991624,-0.034411,3.832268,0.008325
186.640000,6.555087,-6.697727,-0.028124,3.841225,-3.992045,-0.036448,3.832200,0.008325
186.680000,6.563020,-6.697955,-0.029482,3.849156,-3.992340,-0.037807,3.832155,0.008325
186.740000,6.574653,-6.698310,-0.031399,3.860789,-3.997337,-0.041119,3.828879,0.009721
186.780000,6.581103,-6.698514,-0.031616,3.867226,-4.002145,-0.042733,3.825641,0.011117
186.840000,6.588338,-6.698738,-0.029551,3.874449,-4.004720,-0.041366,3.823994,0.011815
186.880000,6.591558,-6.698829,-0.026575,3.877667,-4.004849,-0.038390,3.823968,0.011815
186.940000,6.593996,-6.698887,-0.019710,3.880105,-4.004936,-0.031525,3.823948,0.011815
186.980000,6.594172,-6.698890,-0.013533,3.880280,-4.004941,-0.025348,3.823947,0.011815
187.040000,6.594172,-6.698890,-0.001868,3.880280,-4.004941,-0.013683,3.823947,0.011815
187.080000,6.594172,-6.698890,0.007508,3.880280,-4.004941,-0.004306,3.823947,0.011815
187.140000,6.594172,-6.698890,0.023973,3.880280,-4.004941,0.012159,3.823947,0.011815
187.180000,6.594172,-6.698890,0.036550,3.880280,-4.004941,0.024735,3.823947,0.011815
187.240000,6.594172,-6.698890,0.057815,3.880280,-4.004941,0.046000,3.823947,0.011815
187.280000,6.594172,-6.698890,0.073592,3.880280,-4.004941,0.061777,3.823947,0.011815
187.340000,6.594172,-6.698890,0.099657,3.880280,-4.004941,0.087842,3.823947,0.011815
187.380000,6.594172,-6.698890,0.118633,3.880280,-4.004941,0.106818,3.823947,0.011815
187.440000,6.594172,-6.698890,0.149498,3.880280,-4.004941,0.137683,3.823947,0.011815
187.480000,6.594172,-6.698890,0.171675,3.880280,-4.004941,0.159860,3.823947,0.011815
187.540000,6.594172,-6.698890,0.207340,3.880280,-4.004941,0.195525,3.823947,0.011815
187.580000,6.594172,-6.698890,0.232716,3.880280,-4.004941,0.220902,3.823947,0.011815
187.640000,6.594172,-6.698890,0.273181,3.880280,-4.004941,0.261367,3.823947,0.011815
187.680000,6.594172,-6.698890,0.301758,3.880280,-4.004941,0.289943,3.823947,0.011815
187.740000,6.594172,-6.698890,0.347023,3.880280,-4.004941,0.335208,3.823947,0.011815
187.780000,6.594172,-6.698890,0.378732,3.880280,-4.004941,0.366917,3.823947,0.011815
187.840000,6.594172,-6.698890,0.426732,3.880280,-4.004941,0.414917,3.823947,0.011815
187.880000,6.594172,-6.698890,0.458732,3.880280,-4.004941,0.446917,3.823947,0.011815
187.940000,6.594172,-6.698890,0.506732,3.880280,-4.004941,0.494917,3.823947,0.011815
187.980000,6.594172,-6.698890,0.538732,3.880280,-4.004941,0.526917,3.823947,0.011815
188.040000,6.594172,-6.698890,0.586732,3.880280,-4.004941,0.574917,3.823947,0.011815
188.080000,6.594344,-6.698771,0.618524,3.880454,-4.004824,0.606710,3.823944,0.011815
188.140000,6.595651,-6.697786,0.664378,3.881772,-4.003854,0.652563,3.823925,0.011815
188.180000,6.597277,-6.696471,0.693407,3.883414,-4.002558,0.681592,3.823901,0.011815
188.240000,6.600777,-6.693429,0.734487,3.886949,-3.999558,0.722672,3.823846,0.011815
188.280000,6.605466,-6.689019,0.772734,3.889981,-3.996811,0.748485,3.823851,0.024249
188.340000,6.609208,-6.685279,0.796627,3.895477,-3.991508,0.784813,3.823707,0.011815
188.380000,6.613381,-6.680912,0.819209,3.899700,-3.987191,0.807394,3.823636,0.011815
188.440000,6.620070,-6.673517,0.850720,3.906476,-3.979876,0.838906,3.823518,0.011815
188.480000,6.624730,-6.668097,0.870133,3.911200,-3.974511,0.858319,3.823434,0.011815
188.540000,6.631927,-6.659322,0.896850,3.918501,-3.965822,0.885035,3.823301,0.011815
188.580000,6.636812,-6.653100,0.913436,3.923459,-3.959658,0.901621,3.823208,0.011815
188.640000,6.642935,-6.644983,0.936171,3.929677,-3.951614,0.924356,3.823089,0.011815
188.680000,6.646277,-6.640378,0.949743,3.933073,-3.947048,0.937928,3.823022,0.011815
188.740000,6.651195,-6.633368,0.967678,3.938074,-3.940097,0.955863,3.822922,0.011815
188.780000,6.654426,-6.628622,0.978576,3.941361,-3.935390,0.966761,3.822855,0.011815
188.840000,6.659196,-6.621406,0.994747,3.946216,-3.928230,0.982932,3.822755,0.011815
188.880000,6.662325,-6.616532,1.005462,3.949402,-3.923394,0.993647,3.822688,0.011815
188.940000,6.666941,-6.609126,1.021443,3.954105,-3.916043,1.009629,3.822587,0.011815
188.980000,6.669965,-6.604127,1.032038,3.957188,-3.911080,1.020223,3.822520,0.011815
189.040000,6.674422,-6.596535,1.047836,3.961734,-3.903541,1.036021,3.822419,0.011815
189.080000,6.677338,-6.591414,1.058306,3.964711,-3.898455,1.046491,3.822352,0.011815
189.140000,6.681632,-6.583641,1.073909,3.969096,-3.890733,1.062094,3.822251,0.011815
189.180000,6.684440,-6.578399,1.084241,3.971966,-3.885524,1.072426,3.822184,0.011815
189.240000,6.688568,-6.570447,1.099630,3.976188,-3.877622,1.087815,3.822082,0.011815
189.280000,6.691264,-6.565088,1.109815,3.978947,-3.872295,1.098001,3.822015,0.011815
189.340000,6.695223,-6.556962,1.124976,3.983002,-3.864216,1.113161,3.821914,0.011815
189.400000,6.699080,-6.548733,1.139993,3.986955,-3.856034,1.128178,3.821812,0.011815
189.440000,6.701594,-6.543191,1.149921,3.989534,-3.850522,1.138106,3.821745,0.011815
189.480000,6.704063,-6.537601,1.159775,3.992069,-3.844961,1.147961,3.821677,0.011815
189.540000,6.707678,-6.529138,1.174423,3.995784,-3.836541,1.162608,3.821576,0.011815
189.580000,6.710029,-6.523442,1.184102,3.998203,-3.830874,1.172288,3.821508,0.011815
189.640000,6.713471,-6.514813,1.198473,4.001746,-3.822286,1.186658,3.821407,0.011815
189.700000,6.716805,-6.506093,1.212677,4.005182,-3.813607,1.200862,3.821306,0.011815
189.740000,6.718968,-6.500229,1.222051,4.007415,-3.807768,1.210237,3.821239,0.011815
189.780000,6.721085,-6.494322,1.231346,4.009601,-3.801887,1.219531,3.821171,0.011815
189.840000,6.724171,-6.485387,1.245133,4.012793,-3.792989,1.233319,3.821070,0.011815
189.880000,6.726170,-6.479376,1.254215,4.014863,-3.787002,1.242400,3.821003,0.011815
189.940000,6.729079,-6.470288,1.267667,4.017879,-3.777949,1.255852,3.820902,0.011815
189.980000,6.730959,-6.464183,1.276531,4.019831,-3.771867,1.264717,3.820835,0.011815
190.040000,6.733691,-6.454950,1.289657,4.022672,-3.762667,1.277842,3.820735,0.011815
190.080000,6.735452,-6.448752,1.298300,4.024506,-3.756489,1.286485,3.820668,0.011815
190.140000,6.738005,-6.439385,1.311099,4.027169,-3.747153,1.299284,3.820568,0.011815
190.180000,6.739648,-6.433095,1.319517,4.028886,-3.740883,1.307702,3.820501,0.011815
190.240000,6.742024,-6.423594,1.331967,4.031374,-3.731410,1.320153,3.820402,0.011815
190.280000,6.743549,-6.417215,1.340147,4.032975,-3.725051,1.328332,3.820335,0.011815
190.340000,6.745767,-6.407505,1.351968,4.005276,-3.701891,1.444854,3.851057,0.092885
190.380000,6.747320,-6.400408,1.358501,4.006164,-3.694680,1.451386,3.851610,0.092885
190.440000,6.749616,-6.389550,1.365876,4.007443,-3.683656,1.458761,3.852451,0.092885
190.480000,6.751110,-6.382288,1.369822,4.008257,-3.676286,1.462708,3.853010,0.092885
190.540000,6.753304,-6.371362,1.375488,4.009428,-3.665205,1.468374,3.853848,0.092885
190.580000,6.754734,-6.364060,1.379163,4.010175,-3.657801,1.472048,3.854406,0.092885
190.640000,6.756834,-6.353078,1.384553,4.011247,-3.646671,1.477438,3.855241,0.092885
190.680000,6.758204,-6.345738,1.388069,4.011930,-3.639236,1.480955,3.855797,0.092885
190.740000,6.760214,-6.334701,1.393231,4.012907,-3.628061,1.486116,3.856630,0.092885
190.780000,6.761524,-6.327326,1.396598,4.013528,-3.620596,1.489484,3.857184,0.092885
190.840000,6.763447,-6.316237,1.401537,4.014415,-3.609376,1.494422,3.858015,0.092885
190.900000,6.765320,-6.305117,1.406343,4.015248,-3.598130,1.499228,3.858844,0.092885
190.940000,6.766541,-6.297687,1.409475,4.015775,-3.590619,1.502360,3.859396,0.092885
190.980000,6.768333,-6.286516,1.414054,4.016279,-3.583097,1.505430,3.857755,0.091376
191.040000,6.769501,-6.279053,1.417033,4.016993,-3.571791,1.509918,3.860773,0.092885
191.080000,6.770648,-6.271578,1.419957,4.017442,-3.564241,1.512842,3.861323,0.092885
191.140000,6.772331,-6.260342,1.424236,4.018076,-3.552897,1.517121,3.862147,0.092885
191.180000,6.773429,-6.252835,1.427015,4.018472,-3.545322,1.519900,3.862695,0.092885
191.240000,6.775049,-6.241480,1.430821,4.004700,-3.521743,1.565586,3.882242,0.134765
191.280000,6.776150,-6.233627,1.432088,4.004736,-3.513813,1.566854,3.883056,0.134765
191.340000,6.777790,-6.221833,1.433075,4.004776,-3.501906,1.567840,3.884277,0.134765
191.380000,6.778878,-6.213966,1.433549,4.004798,-3.493964,1.568315,3.885091,0.134765
191.440000,6.780505,-6.202161,1.434167,4.004824,-3.482047,1.568933,3.886313,0.134765
191.480000,6.781586,-6.194288,1.434551,4.004837,-3.474100,1.569316,3.887127,0.134765
191.540000,6.783202,-6.182475,1.435099,4.004851,-3.462177,1.569864,3.888348,0.134765
191.580000,6.784276,-6.174597,1.435449,4.004857,-3.454226,1.570214,3.889163,0.134765
191.640000,6.785883,-6.162776,1.435954,4.004861,-3.442297,1.570719,3.890384,0.134765
191.700000,6.787484,-6.150951,1.436433,4.004859,-3.430364,1.571198,3.891606,0.134765
191.740000,6.788549,-6.143066,1.436738,4.004855,-3.422407,1.571503,3.892420,0.134765
191.780000,6.789612,-6.135178,1.437033,4.004848,-3.414448,1.571798,3.893235,0.134765
191.840000,6.791202,-6.123344,1.437459,4.004834,-3.402508,1.572224,3.894457,0.134765
191.880000,6.792259,-6.115453,1.437732,4.004821,-3.394546,1.572497,3.895272,0.134765
191.940000,6.793841,-6.103613,1.438121,4.004799,-3.382601,1.572886,3.896494,0.134765
191.980000,6.794894,-6.095717,1.438370,4.004781,-3.374636,1.573135,3.897309,0.134765
192.040000,6.796471,-6.083867,1.438666,3.997713,-3.366978,1.583203,3.900581,0.144537
192.080000,6.797519,-6.075982,1.438569,3.989773,-3.362840,1.592878,3.904431,0.154309
192.140000,6.799069,-6.064368,1.437359,3.985268,-3.352857,1.596554,3.907655,0.159195
192.180000,6.800105,-6.056691,1.435912,3.985074,-3.345113,1.595107,3.908588,0.159195
192.240000,6.801683,-6.045171,1.433486,3.984805,-3.333489,1.592682,3.909990,0.159195
192.280000,6.802751,-6.037486,1.431850,3.984642,-3.325732,1.591045,3.910927,0.159195
192.340000,6.804378,-6.025951,1.429441,3.984420,-3.314084,1.588637,3.912338,0.159195
192.380000,6.805480,-6.018256,1.427879,3.984287,-3.306312,1.587075,3.913281,0.159195
192.440000,6.807155,-6.006705,1.425609,3.984110,-3.294641,1.584804,3.914699,0.159195
192.480000,6.808288,-5.998999,1.424143,3.984007,-3.286853,1.583338,3.915647,0.159195
192.540000,6.810009,-5.987433,1.422016,3.983873,-3.275160,1.581211,3.917074,0.159195
192.580000,6.811171,-5.979717,1.420646,3.983797,-3.267358,1.579841,3.918027,0.159195
192.640000,6.812935,-5.968136,1.418660,3.983703,-3.255643,1.577855,3.919460,0.159195
192.680000,6.814124,-5.960410,1.417383,3.983653,-3.247827,1.576578,3.920418,0.159195
192.740000,6.815928,-5.948814,1.415535,3.983596,-3.236092,1.574731,3.921858,0.159195
192.780000,6.817144,-5.941079,1.414348,3.983570,-3.228261,1.573544,3.922820,0.159195
192.840000,6.818985,-5.929469,1.412634,3.983547,-3.216506,1.571829,3.924267,0.159195
192.880000,6.820225,-5.921724,1.411534,3.983544,-3.208663,1.570730,3.925234,0.159195
192.940000,6.822102,-5.910101,1.409949,3.983554,-3.196889,1.569144,3.926687,0.159195
192.980000,6.823364,-5.902347,1.408933,3.983571,-3.189034,1.568128,3.927657,0.159195
193.040000,6.825273,-5.890709,1.407476,3.983611,-3.177241,1.566671,3.929116,0.159195
193.080000,6.826556,-5.882947,1.406544,3.983647,-3.169373,1.565739,3.930091,0.159195
193.140000,6.828495,-5.871298,1.405201,3.983715,-3.157564,1.564396,3.931555,0.159195
193.180000,6.829797,-5.863527,1.404345,3.983769,-3.149685,1.563540,3.932533,0.159195
193.240000,6.831763,-5.851865,1.403118,3.983862,-3.137859,1.562313,3.934002,0.159195
193.280000,6.833083,-5.844087,1.402336,3.983932,-3.129969,1.561532,3.934984,0.159195
193.340000,6.835075,-5.832413,1.401219,3.984048,-3.118127,1.560415,3.936458,0.159195
193.380000,6.836411,-5.824627,1.400510,3.984133,-3.110228,1.559705,3.937443,0.159195
193.440000,6.838427,-5.812941,1.399500,3.984271,-3.098370,1.558695,3.938922,0.159195
193.480000,6.839778,-5.805146,1.398862,3.984369,-3.090460,1.558057,3.939909,0.159195
193.540000,6.841814,-5.793450,1.397952,3.984526,-3.078589,1.557147,3.941392,0.159195
193.580000,6.843179,-5.785649,1.397378,3.984636,-3.070670,1.556573,3.942382,0.159195
193.640000,6.845224,-5.774005,1.396391,3.977809,-3.048966,1.573037,3.955743,0.176645
193.680000,6.846579,-5.766338,1.395208,3.977796,-3.041181,1.571853,3.956817,0.176645
193.740000,6.848632,-5.754832,1.393182,3.977795,-3.029493,1.569827,3.958431,0.176645
193.780000,6.850016,-5.747156,1.391816,3.977808,-3.021693,1.568462,3.959510,0.176645
193.840000,6.852112,-5.735634,1.389814,3.977847,-3.009982,1.566459,3.961133,0.176645
193.880000,6.853524,-5.727948,1.388525,3.977886,-3.002167,1.565170,3.962218,0.176645
193.940000,6.855662,-5.716410,1.386668,3.977963,-2.990433,1.563313,3.963849,0.176645
193.980000,6.857100,-5.708712,1.385482,3.978027,-2.982602,1.562127,3.964938,0.176645
194.040000,6.859276,-5.697158,1.383775,3.978139,-2.970846,1.560420,3.966577,0.176645
194.080000,6.861474,-5.685594,1.382160,3.978224,-2.963001,1.559334,3.965557,0.177174
194.140000,6.862951,-5.677880,1.381132,3.978369,-2.951222,1.557778,3.969317,0.176645
194.180000,6.864437,-5.670162,1.380143,3.978475,-2.943363,1.556788,3.970417,0.176645
194.240000,6.866681,-5.658577,1.378730,3.978649,-2.931564,1.555375,3.972069,0.176645
194.280000,6.868188,-5.650849,1.377834,3.978774,-2.923692,1.554479,3.973173,0.176645
194.340000,6.870462,-5.639249,1.376560,3.978974,-2.911872,1.553206,3.974832,0.176645
194.380000,6.871987,-5.631511,1.375755,3.979116,-2.903987,1.552401,3.975939,0.176645
194.440000,6.874289,-5.619897,1.374613,3.979341,-2.892149,1.551258,3.977604,0.176645
194.480000,6.875831,-5.612150,1.373895,3.979498,-2.884252,1.550540,3.978716,0.176645
194.540000,6.878157,-5.600523,1.372876,3.979744,-2.872397,1.549521,3.980386,0.176645
194.580000,6.879715,-5.592767,1.372235,3.979915,-2.864488,1.548880,3.981501,0.176645
194.640000,6.882063,-5.581127,1.371333,3.980180,-2.852617,1.547978,3.983176,0.176645
194.680000,6.883634,-5.573363,1.370770,3.980363,-2.844697,1.547415,3.984294,0.176645
194.740000,6.886002,-5.561711,1.369980,3.980646,-2.832810,1.546625,3.985974,0.176645
194.780000,6.887586,-5.553938,1.369490,3.980840,-2.824880,1.546135,3.987096,0.176645
194.840000,6.889971,-5.542273,1.368807,3.981138,-2.812978,1.545452,3.988780,0.176645
194.880000,6.891566,-5.534493,1.368386,3.981341,-2.805038,1.545031,3.989904,0.176645
194.940000,6.893965,-5.522817,1.367804,3.981651,-2.793122,1.544449,3.991592,0.176645
194.980000,6.895570,-5.515029,1.367448,3.981862,-2.785173,1.544093,3.992719,0.176645
195.040000,6.897985,-5.503330,1.366993,3.983587,-2.783246,1.540148,3.986549,0.173155
195.080000,6.899603,-5.495506,1.366837,3.983832,-2.775261,1.539992,3.987662,0.173155
195.140000,6.902032,-5.483765,1.366710,3.984203,-2.763277,1.539865,3.989334,0.173155
195.180000,6.903653,-5.475935,1.366664,3.984450,-2.755285,1.539819,3.990449,0.173155
195.240000,6.906085,-5.464186,1.366635,3.984822,-2.743292,1.539790,3.992123,0.173155
195.280000,6.907707,-5.456354,1.366638,3.985070,-2.735298,1.539794,3.993239,0.173155
195.340000,6.910138,-5.444611,1.366674,3.985441,-2.723312,1.539829,3.994912,0.173155
195.380000,6.911758,-5.436785,1.366717,3.985689,-2.715323,1.539872,3.996027,0.173155
195.440000,6.914186,-5.425049,1.366811,3.986059,-2.703345,1.539966,3.997700,0.173155
195.480000,6.915804,-5.417228,1.366890,3.986305,-2.695361,1.540046,3.998815,0.173155
195.540000,6.918228,-5.405499,1.367036,3.986672,-2.683390,1.540191,4.000487,0.173155
195.580000,6.919843,-5.397682,1.367152,3.986916,-2.675412,1.540307,4.001602,0.173155
195.640000,6.922263,-5.385959,1.367346,3.987279,-2.663447,1.540501,4.003273,0.173155
195.680000,6.923874,-5.378145,1.367491,3.987521,-2.655473,1.540646,4.004387,0.173155
195.740000,6.926288,-5.366427,1.367727,3.987880,-2.643514,1.540882,4.006058,0.173155
195.780000,6.927896,-5.358616,1.367898,3.988118,-2.635543,1.541053,4.007172,0.173155
195.840000,6.930304,-5.346902,1.368172,3.988472,-2.623589,1.541327,4.008842,0.173155
195.880000,6.931908,-5.339094,1.368368,3.988706,-2.615622,1.541523,4.009955,0.173155
195.940000,6.934309,-5.327384,1.368677,3.989054,-2.603673,1.541832,4.011624,0.173155
195.980000,6.935908,-5.319578,1.368894,3.989284,-2.595708,1.542049,4.012737,0.173155
196.040000,6.938302,-5.307871,1.369234,3.989625,-2.583763,1.542389,4.014406,0.173155
196.080000,6.939896,-5.300066,1.369470,3.989851,-2.575801,1.542626,4.015518,0.173155
196.140000,6.942283,-5.288361,1.369839,3.990185,-2.563860,1.542995,4.017187,0.173155
196.180000,6.943871,-5.280559,1.370093,3.990405,-2.555901,1.543248,4.018298,0.173155
196.240000,6.946250,-5.268855,1.370485,3.990732,-2.543962,1.543640,4.019966,0.173155
196.280000,6.947833,-5.261054,1.370754,3.990947,-2.536005,1.543909,4.021078,0.173155
196.340000,6.950203,-5.249351,1.371167,3.991265,-2.524069,1.544322,4.022745,0.173155
196.380000,6.951780,-5.241550,1.371448,3.991475,-2.516113,1.544604,4.023856,0.173155
196.440000,6.954139,-5.229862,1.371913,3.993201,-2.494236,1.541579,4.031228,0.169665
196.480000,6.955704,-5.222089,1.372342,3.993431,-2.486310,1.542007,4.032313,0.169665
196.540000,6.958045,-5.210426,1.373058,3.993769,-2.474420,1.542723,4.033939,0.169665
196.580000,6.959601,-5.202649,1.373552,3.993990,-2.466492,1.543217,4.035023,0.169665
196.640000,6.961928,-5.190980,1.374299,3.994314,-2.454597,1.543964,4.036648,0.169665
196.680000,6.963475,-5.183198,1.374798,3.994524,-2.446666,1.544463,4.037732,0.169665
196.740000,6.965789,-5.171522,1.375548,3.994833,-2.434766,1.545213,4.039358,0.169665
196.780000,6.967327,-5.163735,1.376048,3.995034,-2.426832,1.545713,4.040441,0.169665
196.840000,6.969627,-5.152052,1.376798,3.995329,-2.414928,1.546463,4.042066,0.169665
196.880000,6.971156,-5.144261,1.377298,3.995520,-2.406991,1.546964,4.043149,0.169665
196.940000,6.973442,-5.132570,1.378049,3.995799,-2.395082,1.547714,4.044774,0.169665
196.980000,6.974961,-5.124774,1.378549,3.995981,-2.387141,1.548215,4.045857,0.169665
197.040000,6.977234,-5.113077,1.379300,3.996245,-2.375228,1.548965,4.047482,0.169665
197.080000,6.978744,-5.105276,1.379801,3.996417,-2.367284,1.549466,4.048565,0.169665
197.140000,6.981003,-5.093572,1.380552,3.996666,-2.355367,1.550217,4.050189,0.169665
197.180000,6.982504,-5.085766,1.381053,3.996828,-2.347420,1.550718,4.051272,0.169665
197.240000,6.984748,-5.074055,1.381804,3.997063,-2.335497,1.551470,4.052895,0.169665
197.280000,6.986240,-5.066245,1.382305,3.997214,-2.327548,1.551971,4.053978,0.169665
197.340000,6.988471,-5.054526,1.383057,3.997435,-2.315621,1.552722,4.055601,0.169665
197.380000,6.989954,-5.046711,1.383558,3.997576,-2.307668,1.553224,4.056684,0.169665
197.440000,6.992171,-5.034986,1.384310,3.997782,-2.295736,1.553976,4.058307,0.169665
197.480000,6.993644,-5.027167,1.384812,3.997913,-2.287780,1.554477,4.059389,0.169665
197.540000,6.995847,-5.015434,1.385564,3.998104,-2.275844,1.555229,4.061012,0.169665
197.580000,6.997311,-5.007610,1.386066,3.998226,-2.267885,1.555731,4.062093,0.169665
197.640000,6.999500,-4.995870,1.386818,3.998401,-2.255945,1.556483,4.063716,0.169665
197.680000,7.000955,-4.988042,1.387320,3.998513,-2.247983,1.556985,4.064798,0.169665
197.740000,7.003130,-4.976295,1.388073,3.999223,-2.240057,1.556342,4.063306,0.168269
197.780000,7.004573,-4.968474,1.388653,3.999881,-2.236117,1.555526,4.061274,0.166873
197.840000,7.006721,-4.956773,1.389914,4.000331,-2.226226,1.556090,4.061313,0.166175
197.880000,7.008143,-4.948976,1.390958,4.000444,-2.218301,1.557133,4.062369,0.166175
197.940000,7.010260,-4.937273,1.392623,4.000596,-2.206409,1.558799,4.063951,0.166175
197.980000,7.011661,-4.929467,1.393757,4.000687,-2.198479,1.559933,4.065005,0.166175
198.040000,7.013747,-4.917750,1.395470,4.000806,-2.186578,1.561645,4.066585,0.166175
198.080000,7.015127,-4.909933,1.396615,4.000874,-2.178641,1.562790,4.067638,0.166175
198.140000,7.017182,-4.898201,1.398334,4.000959,-2.166730,1.564509,4.069217,0.166175
198.180000,7.018540,-4.890374,1.399481,4.001005,-2.158786,1.565656,4.070269,0.166175
198.240000,7.020563,-4.878626,1.401202,4.001056,-2.146865,1.567378,4.071847,0.166175
198.280000,7.021902,-4.870777,1.402156,4.001079,-2.138903,1.568331,4.072899,0.166175
198.340000,7.023908,-4.858975,1.402711,4.001104,-2.126932,1.568886,4.074481,0.166175
198.380000,7.025243,-4.851104,1.402881,4.001119,-2.118949,1.569056,4.075536,0.166175
198.440000,7.027243,-4.839297,1.403053,4.001139,-2.106974,1.569228,4.077119,0.166175
198.480000,7.028576,-4.831425,1.403151,4.001151,-2.098989,1.569326,4.078174,0.166175
198.540000,7.030573,-4.819616,1.403289,4.001168,-2.087013,1.569464,4.079757,0.166175
198.580000,7.031904,-4.811743,1.403380,4.001178,-2.079028,1.569555,4.080813,0.166175
198.640000,7.033899,-4.799933,1.403516,4.001192,-2.067050,1.569691,4.082396,0.166175
198.680000,7.035228,-4.792059,1.403606,4.001200,-2.059065,1.569782,4.083452,0.166175
198.740000,7.037221,-4.780247,1.403742,4.001212,-2.047087,1.569917,4.085036,0.166175
198.780000,7.038548,-4.772373,1.403832,4.001218,-2.039101,1.570007,4.086092,0.166175
198.840000,7.040538,-4.760560,1.403968,4.001227,-2.027122,1.570143,4.087676,0.166175
198.880000,7.041864,-4.752685,1.404058,4.001232,-2.019136,1.570233,4.088733,0.166175
198.940000,7.043852,-4.740871,1.404193,4.001238,-2.007156,1.570369,4.090317,0.166175
198.980000,7.045176,-4.732995,1.404284,4.001241,-1.999169,1.570459,4.091374,0.166175
199.040000,7.047161,-4.721179,1.404419,4.001244,-1.987189,1.570594,4.092959,0.166175
199.080000,7.048483,-4.713302,1.404507,4.001245,-1.979201,1.570682,4.094016,0.166175
199.140000,7.050466,-4.701485,1.404634,4.001246,-1.967219,1.570809,4.095602,0.166175
199.180000,7.051787,-4.693606,1.404716,4.001246,-1.959230,1.570891,4.096659,0.166175
199.240000,7.053767,-4.681788,1.404834,4.001244,-1.957247,1.571009,4.091580,0.166175
199.280000,7.055087,-4.673908,1.404909,4.001242,-1.949257,1.571084,4.092639,0.166175
199.340000,7.057065,-4.662087,1.405017,4.001238,-1.937272,1.571192,4.094228,0.166175
199.380000,7.058383,-4.654206,1.405086,4.001234,-1.929282,1.571261,4.095287,0.166175
199.440000,7.060360,-4.642384,1.405184,4.001228,-1.917296,1.571360,4.096877,0.166175
199.480000,7.061677,-4.634502,1.405247,4.001223,-1.909304,1.571423,4.097936,0.166175
199.540000,7.063652,-4.622679,1.405337,4.001215,-1.897317,1.571513,4.099526,0.166175
199.600000,7.065626,-4.610854,1.405422,4.001206,-1.885329,1.571598,4.101117,0.166175
199.640000,7.066942,-4.602971,1.405476,4.001199,-1.877336,1.571651,4.102177,0.166175
199.680000,7.068257,-4.595087,1.405528,4.001192,-1.869343,1.571703,4.103238,0.166175
199.740000,7.070229,-4.583260,1.405601,4.001181,-1.857353,1.571776,4.104829,0.166175
199.780000,7.071543,-4.575375,1.405647,4.001173,-1.849360,1.571822,4.105890,0.166175
199.840000,7.073514,-4.563548,1.405713,4.001160,-1.837369,1.571888,4.107482,0.166175
199.880000,7.074828,-4.555662,1.405754,4.001152,-1.829375,1.571929,4.108543,0.166175
199.940000,7.076798,-4.543833,1.405813,4.001138,-1.817383,1.571988,4.110136,0.166175
199.980000,7.078110,-4.535946,1.405849,4.001128,-1.809388,1.572024,4.111197,0.166175
200.040000,7.080079,-4.524116,1.405900,4.001113,-1.797395,1.572076,4.112790,0.166175
200.100000,7.082048,-4.512285,1.405948,4.001097,-1.785401,1.572123,4.114384,0.166175
200.140000,7.083360,-4.504398,1.405977,4.001087,-1.777405,1.572152,4.115446,0.166175
200.180000,7.084672,-4.496510,1.406005,4.001076,-1.769409,1.572180,4.116509,0.166175
200.240000,7.086639,-4.484678,1.406044,4.001059,-1.757414,1.572219,4.118103,0.166175
200.280000,7.087951,-4.476789,1.406067,4.001047,-1.749418,1.572243,4.119166,0.166175
200.340000,7.089918,-4.464956,1.406100,4.001030,-1.737422,1.572275,4.120761,0.166175
200.380000,7.091229,-4.457067,1.406120,4.001018,-1.729425,1.572295,4.121824,0.166175
200.440000,7.093195,-4.445233,1.406148,4.001000,-1.717429,1.572323,4.123420,0.166175
200.480000,7.094506,-4.437343,1.406164,4.000987,-1.709431,1.572339,4.124483,0.166175
200.540000,7.096472,-4.425508,1.406186,4.000969,-1.697434,1.572362,4.126079,0.166175
200.580000,7.098438,-4.413673,1.406206,4.000956,-1.689436,1.572375,4.125029,0.166169
200.640000,7.099746,-4.405794,1.406181,3.999515,-1.667453,1.575846,4.136418,0.169665
200.680000,7.101053,-4.397930,1.406052,3.999475,-1.659481,1.575717,4.137498,0.169665
200.740000,7.103016,-4.386133,1.405793,3.999418,-1.647522,1.575458,4.139120,0.169665
200.780000,7.104327,-4.378268,1.405609,3.999381,-1.639549,1.575274,4.140202,0.169665
200.840000,7.106295,-4.366470,1.405334,3.999329,-1.627588,1.574999,4.141825,0.169665
200.880000,7.107609,-4.358605,1.405154,3.999296,-1.619614,1.574819,4.142907,0.169665
200.940000,7.109583,-4.346806,1.404890,3.999250,-1.607651,1.574555,4.144532,0.169665
200.980000,7.110901,-4.338940,1.404718,3.999221,-1.599675,1.574383,4.145615,0.169665
201.040000,7.112880,-4.327141,1.404467,3.999179,-1.587711,1.574133,4.147241,0.169665
201.080000,7.114202,-4.319274,1.404305,3.999153,-1.579734,1.573970,4.148326,0.169665
201.140000,7.116186,-4.307473,1.404068,3.999117,-1.567767,1.573733,4.149953,0.169665
201.200000,7.118174,-4.295671,1.403839,3.999083,-1.555800,1.573504,4.151581,0.169665
201.240000,7.119500,-4.287803,1.403690,3.999062,-1.547821,1.573356,4.152667,0.169665
201.280000,7.120828,-4.279935,1.403545,3.999042,-1.539841,1.573211,4.153753,0.169665
201.340000,7.122822,-4.268132,1.403334,3.999014,-1.527871,1.572999,4.155383,0.169665
201.380000,7.124153,-4.260263,1.403197,3.998997,-1.519890,1.572862,4.156470,0.169665
201.440000,7.126151,-4.248459,1.402998,3.998974,-1.507918,1.572663,4.158101,0.169665
201.480000,7.127485,-4.240589,1.402870,3.998959,-1.499936,1.572535,4.159188,0.169665
201.540000,7.129487,-4.228784,1.402683,3.998940,-1.487963,1.572348,4.160821,0.169665
201.580000,7.130823,-4.220914,1.402563,3.998928,-1.479980,1.572228,4.161909,0.169665
201.640000,7.132830,-4.209108,1.402388,3.998912,-1.468004,1.572053,4.163543,0.169665
201.680000,7.134168,-4.201236,1.402275,3.998902,-1.460020,1.571940,4.164632,0.169665
201.740000,7.136178,-4.189429,1.402112,3.998889,-1.448043,1.571777,4.166267,0.169665
201.780000,7.138190,-4.177621,1.401955,3.998882,-1.440058,1.571671,4.165274,0.169717
201.840000,7.139532,-4.169749,1.401854,3.998873,-1.428079,1.571519,4.168992,0.169665
201.880000,7.140876,-4.161877,1.401755,3.998867,-1.420093,1.571421,4.170083,0.169665
201.940000,7.142892,-4.150068,1.401614,3.998861,-1.408113,1.571279,4.171720,0.169665
201.980000,7.144237,-4.142194,1.401522,3.998857,-1.400126,1.571188,4.172812,0.169665
202.040000,7.146254,-4.130397,1.401355,3.997432,-1.388164,1.574510,4.175515,0.173155
202.080000,7.147597,-4.122552,1.401135,3.997403,-1.380205,1.574291,4.176624,0.173155
202.140000,7.149616,-4.110783,1.400743,3.997364,-1.368264,1.573898,4.178289,0.173155
202.180000,7.150964,-4.102937,1.400475,3.997340,-1.360303,1.573630,4.179400,0.173155
202.240000,7.152991,-4.091166,1.400079,3.997309,-1.348359,1.573234,4.181067,0.173155
202.280000,7.154345,-4.083318,1.399823,3.997290,-1.340395,1.572979,4.182179,0.173155
202.340000,7.156380,-4.071545,1.399452,3.997266,-1.328448,1.572608,4.183848,0.173155
202.380000,7.157739,-4.063696,1.399213,3.997253,-1.320481,1.572369,4.184961,0.173155
202.440000,7.159782,-4.051920,1.398867,3.997236,-1.308530,1.572023,4.186631,0.173155
202.500000,7.161829,-4.040143,1.398536,3.997224,-1.296576,1.571692,4.188303,0.173155
202.540000,7.163196,-4.032291,1.398324,3.997217,-1.288606,1.571479,4.189418,0.173155
202.580000,7.164565,-4.024438,1.398118,3.997213,-1.280635,1.571273,4.190534,0.173155
202.640000,7.166621,-4.012658,1.397821,3.997209,-1.268677,1.570976,4.192208,0.173155
202.680000,7.167994,-4.004804,1.397631,3.997208,-1.260703,1.570786,4.193325,0.173155
202.740000,7.170057,-3.993021,1.397357,3.997210,-1.248742,1.570512,4.195000,0.173155
202.780000,7.171434,-3.985166,1.397181,3.997213,-1.240766,1.570337,4.196118,0.173155
202.840000,7.173502,-3.973381,1.396931,3.997220,-1.228801,1.570086,4.197795,0.173155
202.880000,7.174883,-3.965524,1.396770,3.997226,-1.220824,1.569925,4.198914,0.173155
202.940000,7.176956,-3.953737,1.396540,3.997238,-1.208856,1.569695,4.200593,0.173155
202.980000,7.178340,-3.945878,1.396393,3.997247,-1.200876,1.569548,4.201713,0.173155
203.040000,7.180419,-3.934089,1.396182,3.997264,-1.188906,1.569338,4.203393,0.173155
203.080000,7.181806,-3.926230,1.396049,3.997276,-1.180924,1.569204,4.204513,0.173155
203.140000,7.183889,-3.914439,1.395858,3.997296,-1.168951,1.569013,4.206195,0.173155
203.180000,7.185279,-3.906577,1.395737,3.997311,-1.160968,1.568892,4.207316,0.173155
203.240000,7.187366,-3.894785,1.395565,3.997335,-1.148992,1.568720,4.208999,0.173155
203.280000,7.188758,-3.886922,1.395456,3.997352,-1.141007,1.568611,4.210122,0.173155
203.340000,7.190849,-3.875127,1.395301,3.997379,-1.129028,1.568457,4.211806,0.173155
203.380000,7.192243,-3.867263,1.395204,3.997398,-1.121042,1.568359,4.212929,0.173155
203.440000,7.194315,-3.855595,1.394777,3.974916,-0.985170,1.586173,4.313220,0.191396
203.480000,7.195668,-3.848015,1.393351,3.974802,-0.977472,1.584747,4.314394,0.191396
203.540000,7.197724,-3.836641,1.390619,3.974657,-0.965915,1.582015,4.316160,0.191396
203.580000,7.199113,-3.829053,1.388713,3.974577,-0.958201,1.580109,4.317340,0.191396
203.640000,7.201228,-3.817662,1.385894,3.974486,-0.946615,1.577290,4.319117,0.191396
203.680000,7.202656,-3.810061,1.384066,3.974443,-0.938881,1.575462,4.320305,0.191396
203.740000,7.204828,-3.798649,1.381420,3.974404,-0.927265,1.572816,4.322093,0.191396
203.780000,7.206294,-3.791035,1.379720,3.974395,-0.919510,1.571116,4.323289,0.191396
203.840000,7.208520,-3.779604,1.377265,3.974406,-0.907865,1.568661,4.325087,0.191396
203.880000,7.210021,-3.771977,1.375691,3.974429,-0.900091,1.567087,4.326290,0.191396
203.940000,7.212298,-3.760527,1.373422,3.974485,-0.888418,1.564818,4.328099,0.191396
203.980000,7.213831,-3.752888,1.371971,3.974537,-0.880626,1.563367,4.329308,0.191396
204.040000,7.216154,-3.741420,1.369883,3.974637,-0.868926,1.561279,4.331127,0.191396
204.080000,7.217718,-3.733769,1.368550,3.974716,-0.861117,1.559946,4.332342,0.191396
204.140000,7.220085,-3.722283,1.366637,3.974855,-0.849391,1.558033,4.334170,0.191396
204.180000,7.221676,-3.714620,1.365419,3.974959,-0.841565,1.556815,4.335391,0.191396
204.240000,7.224083,-3.703117,1.363674,3.975134,-0.829814,1.555070,4.337227,0.191396
204.280000,7.225700,-3.695443,1.362565,3.975262,-0.821973,1.553961,4.338454,0.191396
204.340000,7.228143,-3.683924,1.360981,3.975469,-0.810199,1.552377,4.340297,0.191396
204.400000,7.230608,-3.672395,1.359490,3.975696,-0.798412,1.550886,4.342146,0.191396
204.440000,7.232261,-3.664703,1.358552,3.975856,-0.790545,1.549948,4.343381,0.191396
204.480000,7.233923,-3.657007,1.357651,3.976024,-0.782674,1.549047,4.344617,0.191396
204.540000,7.236431,-3.645457,1.356369,3.976288,-0.770858,1.547765,4.346476,0.191396
204.580000,7.238112,-3.637751,1.355562,3.976473,-0.762973,1.546958,4.347717,0.191396
204.640000,7.240648,-3.626186,1.354422,3.976762,-0.751136,1.545818,4.349581,0.191396
204.680000,7.242347,-3.618468,1.353713,3.976962,-0.743237,1.545109,4.350827,0.191396
204.740000,7.244908,-3.606887,1.352717,3.977273,-0.731380,1.544113,4.352698,0.191396
204.780000,7.246622,-3.599162,1.352093,3.977487,-0.723470,1.543489,4.353947,0.191396
204.840000,7.249202,-3.587579,1.351184,3.974255,-0.730368,1.540835,4.346140,0.189651
204.880000,7.250926,-3.579869,1.350523,3.974494,-0.722472,1.540174,4.347381,0.189651
204.940000,7.253523,-3.568297,1.349541,3.974863,-0.710618,1.539192,4.349246,0.189651
204.980000,7.255262,-3.560578,1.348918,3.975116,-0.702709,1.538569,4.350491,0.189651
205.040000,7.257881,-3.548991,1.348046,3.975504,-0.690836,1.537697,4.352361,0.189651
205.080000,7.259634,-3.541261,1.347508,3.975768,-0.682914,1.537159,4.353610,0.189651
205.140000,7.262273,-3.529659,1.346766,3.976173,-0.671022,1.536417,4.355486,0.189651
205.180000,7.264038,-3.521919,1.346316,3.976447,-0.663089,1.535967,4.356738,0.189651
205.240000,7.266695,-3.510304,1.345697,3.976866,-0.651181,1.535348,4.358618,0.189651
205.280000,7.268470,-3.502555,1.345323,3.977149,-0.643237,1.534974,4.359873,0.189651
205.340000,7.271141,-3.490925,1.344822,3.977580,-0.631311,1.534473,4.361758,0.189651
205.400000,7.273819,-3.479288,1.344384,3.978016,-0.619378,1.534035,4.363646,0.189651
205.440000,7.275609,-3.471525,1.344127,3.978310,-0.611417,1.533778,4.364905,0.189651
205.500000,7.278298,-3.459875,1.343793,3.978755,-0.599469,1.533444,4.366796,0.189651
205.540000,7.280093,-3.452103,1.343608,3.979053,-0.591498,1.533259,4.368058,0.189651
205.580000,7.281891,-3.444329,1.343449,3.979353,-0.583524,1.533100,4.369321,0.189651
205.640000,7.284592,-3.432662,1.343252,3.979806,-0.571557,1.532903,4.371216,0.189651
205.680000,7.286394,-3.424879,1.343152,3.980109,-0.563574,1.532803,4.372481,0.189651
205.740000,7.289100,-3.413201,1.343042,3.980565,-0.551595,1.532693,4.374379,0.189651
205.780000,7.290906,-3.405412,1.342995,3.980870,-0.543606,1.532646,4.375646,0.189651
205.840000,7.293616,-3.393723,1.342969,3.981328,-0.531616,1.532620,4.377547,0.189651
205.880000,7.295422,-3.385933,1.342976,3.981633,-0.523624,1.532627,4.378814,0.189651
205.940000,7.298130,-3.374252,1.343023,3.982090,-0.511643,1.532674,4.380714,0.189651
205.980000,7.299934,-3.366469,1.343077,3.982394,-0.503659,1.532728,4.381980,0.189651
206.040000,7.302638,-3.354797,1.343194,3.982850,-0.491687,1.532845,4.383879,0.189651
206.080000,7.304440,-3.347017,1.343287,3.983152,-0.483707,1.532938,4.385145,0.189651
206.140000,7.307141,-3.335347,1.343434,3.983605,-0.471736,1.533085,4.387044,0.189651
206.180000,7.308940,-3.327566,1.343534,3.983906,-0.463755,1.533185,4.388310,0.189651
206.240000,7.311633,-3.315918,1.343750,3.987042,-0.456860,1.528166,4.384874,0.184416
206.280000,7.313418,-3.308186,1.344117,3.987379,-0.448932,1.528533,4.386099,0.184416
206.340000,7.316089,-3.296587,1.344810,3.987878,-0.437040,1.529225,4.387938,0.184416
206.380000,7.317865,-3.288852,1.345301,3.988206,-0.429110,1.529717,4.389164,0.184416
206.440000,7.320523,-3.277246,1.346050,3.988690,-0.417214,1.530466,4.391002,0.184416
206.480000,7.323173,-3.265636,1.346803,3.989008,-0.409281,1.530968,4.390377,0.184165
206.540000,7.324935,-3.257893,1.347306,3.989478,-0.397380,1.531722,4.394065,0.184416
206.580000,7.326693,-3.250148,1.347810,3.989787,-0.389443,1.532226,4.395290,0.184416
206.640000,7.329324,-3.238527,1.348565,3.990241,-0.377537,1.532981,4.397128,0.184416
206.680000,7.331073,-3.230777,1.349069,3.990540,-0.369598,1.533485,4.398353,0.184416
206.740000,7.333690,-3.219148,1.349824,3.990980,-0.357686,1.534240,4.400190,0.184416
206.780000,7.335430,-3.211393,1.350328,3.991268,-0.349744,1.534744,4.401415,0.184416
206.840000,7.338033,-3.199757,1.351084,3.991694,-0.337828,1.535500,4.403252,0.184416
206.880000,7.339764,-3.191997,1.351588,3.991972,-0.329882,1.536004,4.404476,0.184416
206.940000,7.342353,-3.180353,1.352345,3.992383,-0.317961,1.536761,4.406313,0.184416
206.980000,7.344075,-3.172588,1.352849,3.992651,-0.310012,1.537265,4.407537,0.184416
207.040000,7.346651,-3.160937,1.353605,3.993047,-0.298086,1.538021,4.409374,0.184416
207.080000,7.348363,-3.153167,1.354110,3.993306,-0.290133,1.538526,4.410598,0.184416
207.140000,7.350925,-3.141509,1.354867,3.993686,-0.278203,1.539283,4.412434,0.184416
207.180000,7.352628,-3.133734,1.355371,3.993935,-0.270247,1.539787,4.413658,0.184416
207.240000,7.355177,-3.122068,1.356128,3.994301,-0.258312,1.540544,4.415494,0.184416
207.280000,7.356871,-3.114288,1.356633,3.994540,-0.250353,1.541049,4.416717,0.184416
207.340000,7.359405,-3.102614,1.357391,3.994890,-0.238413,1.541807,4.418553,0.184416
207.380000,7.361090,-3.094829,1.357896,3.995119,-0.230451,1.542312,4.419776,0.184416
207.440000,7.363611,-3.083148,1.358653,3.995455,-0.218506,1.543069,4.421612,0.184416
207.480000,7.365286,-3.075358,1.359159,3.995674,-0.210541,1.543575,4.422835,0.184416
207.540000,7.367793,-3.063670,1.359917,3.998521,-0.200064,1.543634,4.421791,0.183718
207.600000,7.370271,-3.052062,1.361357,4.002630,-0.190407,1.544028,4.419284,0.182671
207.640000,7.371893,-3.044397,1.363331,4.002833,-0.182575,1.546002,4.420474,0.182671
207.680000,7.373492,-3.036748,1.366236,4.003016,-0.174762,1.548907,4.421659,0.182671
207.740000,7.375846,-3.025256,1.371228,4.003243,-0.163034,1.553898,4.423434,0.182671
207.780000,7.377385,-3.017579,1.374698,4.003362,-0.155205,1.557369,4.424615,0.182671
207.840000,7.379600,-3.006278,1.380071,4.003487,-0.143689,1.562742,4.426347,0.182671
207.880000,7.380784,-3.000070,1.384730,4.003524,-0.137370,1.567401,4.427294,0.182671
207.940000,7.382061,-2.993132,1.394118,4.003519,-0.130315,1.576789,4.428348,0.182671
207.980000,7.382595,-2.990075,1.401977,4.003489,-0.127212,1.584648,4.428808,0.182671
208.040000,7.382959,-2.987866,1.416166,4.003446,-0.124974,1.598837,4.429138,0.182671
208.080000,7.382977,-2.987748,1.427225,4.003442,-0.124854,1.609896,4.429155,0.182671
208.140000,7.382977,-2.987748,1.446213,4.003442,-0.124854,1.628884,4.429155,0.182671
208.180000,7.382977,-2.987748,1.460472,4.003442,-0.124854,1.643143,4.429155,0.182671
208.240000,7.382977,-2.987748,1.484261,4.003442,-0.124854,1.666932,4.429155,0.182671
208.280000,7.382977,-2.987748,1.501720,4.003442,-0.124854,1.684391,4.429155,0.182671
208.340000,7.382977,-2.987748,1.530309,4.003442,-0.124854,1.712980,4.429155,0.182671
208.380000,7.382977,-2.987748,1.550968,4.003442,-0.124854,1.733639,4.429155,0.182671
208.440000,7.382977,-2.987748,1.584356,4.003442,-0.124854,1.767027,4.429155,0.182671
208.480000,7.382977,-2.987748,1.608215,4.003442,-0.124854,1.790886,4.429155,0.182671
208.540000,7.382977,-2.987748,1.646404,4.003442,-0.124854,1.829075,4.429155,0.182671
208.580000,7.382977,-2.987748,1.673463,4.003442,-0.124854,1.856134,4.429155,0.182671
208.640000,7.382977,-2.987748,1.716451,4.003442,-0.124854,1.899122,4.429155,0.182671
208.680000,7.382977,-2.987748,1.746710,4.003442,-0.124854,1.929381,4.429155,0.182671
208.740000,7.382977,-2.987748,1.794189,4.003442,-0.124854,1.976860,4.429155,0.182671
208.780000,7.382977,-2.987748,1.826189,4.003442,-0.124854,2.008860,4.429155,0.182671
208.840000,7.382977,-2.987748,1.874189,4.003442,-0.124854,2.056860,4.429155,0.182671
208.880000,7.382977,-2.987748,1.906189,4.003442,-0.124854,2.088860,4.429155,0.182671
208.940000,7.382977,-2.987748,1.954189,4.001588,-0.126872,2.136860,4.429266,0.182671
208.980000,7.382853,-2.987457,1.985863,3.999559,-0.128627,2.168534,4.429400,0.182671
209.040000,7.382041,-2.985739,2.031297,3.997522,-0.128094,2.213968,4.429572,0.182671
209.080000,7.381003,-2.983724,2.060000,3.996135,-0.126301,2.242671,4.429695,0.182671
209.140000,7.378606,-2.979450,2.100654,3.993002,-0.122533,2.283325,4.429931,0.182671
209.180000,7.376401,-2.975797,2.126140,3.990170,-0.119342,2.308811,4.430113,0.182671
209.240000,7.372110,-2.969164,2.162058,3.984746,-0.113599,2.344729,4.430406,0.182671
209.280000,7.368582,-2.964037,2.184393,3.980345,-0.109198,2.367064,4.430605,0.182671
209.340000,7.362527,-2.955725,2.215447,3.972880,-0.102124,2.398118,4.430885,0.182671
209.380000,7.358072,-2.949918,2.234534,3.967445,-0.097222,2.417205,4.431052,0.182671
209.440000,7.350809,-2.940884,2.260820,3.958661,-0.089659,2.443491,4.431270,0.182671
209.480000,7.345865,-2.934991,2.276830,3.952729,-0.084761,2.459501,4.431386,0.182671
209.540000,7.339736,-2.927955,2.298469,3.945424,-0.078956,2.481140,4.431495,0.182671
209.580000,7.335929,-2.923736,2.311284,3.940914,-0.075499,2.493955,4.431544,0.182671
209.640000,7.330088,-2.917456,2.328285,3.934029,-0.070384,2.510956,4.431595,0.182671
209.680000,7.326117,-2.913302,2.339099,3.929370,-0.067021,2.521770,4.431615,0.182671
209.740000,7.320052,-2.907127,2.355210,3.922284,-0.062050,2.537881,4.431624,0.182671
209.800000,7.313855,-2.901017,2.371215,3.915080,-0.057167,2.553886,4.431608,0.182671
209.840000,7.309651,-2.896980,2.381824,3.910213,-0.053962,2.564495,4.431584,0.182671
209.880000,7.305393,-2.892978,2.392393,3.905299,-0.050799,2.575064,4.431548,0.182671
209.940000,7.298902,-2.887035,2.408168,3.897836,-0.046135,2.590839,4.431474,0.182671
210.000000,7.292281,-2.881163,2.423831,3.890258,-0.041563,2.606502,4.431375,0.182671
210.040000,7.287799,-2.877290,2.434208,3.885147,-0.038569,2.616879,4.431295,0.182671
210.080000,7.283262,-2.873451,2.444534,3.879989,-0.035618,2.627205,4.431204,0.182671
210.140000,7.276350,-2.867754,2.459913,3.872157,-0.031271,2.642584,4.431046,0.182671
210.180000,7.271676,-2.864001,2.470100,3.866879,-0.028429,2.652771,4.430927,0.182671
210.240000,7.264564,-2.858437,2.485273,3.858874,-0.024250,2.667944,4.430727,0.182671
210.280000,7.259755,-2.854771,2.495313,3.853480,-0.021519,2.677984,4.430579,0.182671
210.340000,7.252439,-2.849338,2.510249,3.845298,-0.017505,2.692920,4.430337,0.182671
210.380000,7.247497,-2.845762,2.520122,3.839789,-0.014886,2.702793,4.430162,0.182671
210.440000,7.239984,-2.840465,2.534802,3.831439,-0.011042,2.717473,4.429878,0.182671
210.480000,7.234909,-2.836978,2.544503,3.825815,-0.008536,2.727174,4.429674,0.182671
210.540000,7.227207,-2.831823,2.558925,3.817304,-0.004865,2.741596,4.429349,0.182671
210.580000,7.222008,-2.828433,2.568454,3.811576,-0.002475,2.751125,4.429118,0.182671
210.640000,7.214117,-2.823418,2.582610,3.802905,0.001022,2.765281,4.428750,0.182671
210.680000,7.208795,-2.820124,2.591954,3.797073,0.003295,2.774624,4.428492,0.182671
210.740000,7.200718,-2.815253,2.605818,3.788246,0.006618,2.788489,4.428083,0.182671
210.780000,7.195268,-2.812051,2.614953,3.782305,0.008776,2.797624,4.427797,0.182671
210.840000,7.187010,-2.807324,2.628503,3.773326,0.011924,2.811174,4.427347,0.182671
210.880000,7.181446,-2.804222,2.637437,3.767291,0.013964,2.820108,4.427034,0.182671
210.940000,7.173012,-2.799642,2.650681,3.758165,0.016936,2.833352,4.426544,0.182671
210.980000,7.167331,-2.796637,2.659400,3.752033,0.018859,2.842071,4.426204,0.182671
211.040000,7.158719,-2.792200,2.672301,3.742758,0.021657,2.854972,4.425673,0.182671
211.080000,7.152926,-2.789293,2.680789,3.736533,0.023463,2.863460,4.425307,0.182671
211.140000,7.144143,-2.785002,2.693335,3.727117,0.026088,2.876006,4.424737,0.182671
211.180000,7.138239,-2.782192,2.701588,3.720801,0.027778,2.884259,4.424344,0.182671
211.240000,7.129302,-2.778052,2.713802,3.711260,0.030226,2.896473,4.423736,0.182671
211.280000,7.123288,-2.775339,2.721824,3.704853,0.031802,2.904495,4.423317,0.182671
211.340000,7.114193,-2.771344,2.733672,3.695184,0.034077,2.916343,4.422670,0.182671
211.380000,7.108074,-2.768728,2.741440,3.688692,0.035539,2.924111,4.422227,0.182671
211.440000,7.098826,-2.764879,2.752921,3.678899,0.037644,2.935592,4.421543,0.182671
211.480000,7.092611,-2.762362,2.760455,3.672330,0.038990,2.943126,4.421074,0.182671
211.540000,7.083216,-2.758657,2.771567,3.662417,0.040926,2.954238,4.420354,0.182671
211.580000,7.076903,-2.756235,2.778846,3.655770,0.042161,2.961517,4.419861,0.182671
211.640000,7.067363,-2.752673,2.789570,3.645742,0.043931,2.972241,4.419105,0.182671
211.680000,7.060956,-2.750345,2.796590,3.639019,0.045057,2.979261,4.418589,0.182671
211.740000,7.051278,-2.746924,2.806926,3.628880,0.046663,2.989597,4.417798,0.182671
211.780000,7.044781,-2.744689,2.813683,3.622085,0.047680,2.996354,4.417259,0.182671
211.840000,7.034883,-2.741377,2.823338,3.590550,-0.002576,3.138629,4.400507,0.315291
211.880000,7.027579,-2.738992,2.828405,3.582867,-0.002573,-3.139489,4.399321,0.315291
211.940000,7.016206,-2.735345,2.833693,3.570924,-0.002633,-3.134202,4.397464,0.315291
211.980000,7.008636,-2.732946,2.835623,3.562983,-0.002700,-3.132271,4.396222,0.315291
212.040000,6.997287,-2.729367,2.836063,3.551083,-0.002816,-3.131831,4.394360,0.315291
212.080000,6.989726,-2.726980,2.835607,3.543154,-0.002892,-3.132287,4.393121,0.315291
212.140000,6.978383,-2.723393,2.834897,3.531259,-0.002999,-3.132997,4.391265,0.315291
212.180000,6.970821,-2.720996,2.834427,3.523326,-0.003065,-3.133468,4.390031,0.315291
212.240000,6.959478,-2.717393,2.833737,3.511425,-0.003157,-3.134157,4.388182,0.315291
212.280000,6.951915,-2.714987,2.833290,3.503488,-0.003215,-3.134604,4.386952,0.315291
212.340000,6.940570,-2.711370,2.832638,3.491581,-0.003294,-3.135256,4.385111,0.315291
212.400000,6.929224,-2.707744,2.832010,3.479670,-0.003366,-3.135884,4.383273,0.315291
212.440000,6.921659,-2.705323,2.831604,3.471727,-0.003409,-3.136290,4.382050,0.315291
212.480000,6.914094,-2.702898,2.831209,3.463784,-0.003450,-3.136686,4.380829,0.315291
212.540000,6.902746,-2.699255,2.830634,3.451865,-0.003505,-3.137261,4.379001,0.315291
212.580000,6.895180,-2.696821,2.830264,3.443917,-0.003538,-3.137631,4.377784,0.315291
212.640000,6.883830,-2.693166,2.829727,3.431993,-0.003582,-3.138167,4.375961,0.315291
212.680000,6.876263,-2.690725,2.829380,3.424042,-0.003608,-3.138514,4.374749,0.315291
212.740000,6.865029,-2.687095,2.828588,3.411847,-0.018438,-3.108081,4.364195,0.346516
212.780000,6.857727,-2.684726,2.826994,3.404174,-0.018689,-3.109675,4.362886,0.346516
212.840000,6.846772,-2.681144,2.824046,3.392654,-0.019041,-3.112623,4.360932,0.346516
212.880000,6.839468,-2.678735,2.821990,3.384966,-0.019255,-3.114679,4.359635,0.346516
212.940000,6.828509,-2.675089,2.818938,3.373420,-0.019549,-3.117731,4.357698,0.346516
212.980000,6.821198,-2.672637,2.816961,3.365710,-0.019725,-3.119709,4.356413,0.346516
213.040000,6.810230,-2.668928,2.814074,3.354134,-0.019961,-3.122596,4.354494,0.346516
213.080000,6.802915,-2.666435,2.812205,3.346408,-0.020101,-3.124464,4.353220,0.346516
213.140000,6.791938,-2.662666,2.809492,3.334803,-0.020284,-3.127177,4.351317,0.346516
213.180000,6.784617,-2.660134,2.807741,3.327058,-0.020389,-3.128928,4.350054,0.346516
213.240000,6.773632,-2.656308,2.805202,3.315426,-0.020521,-3.131467,4.348167,0.346516
213.280000,6.766306,-2.653739,2.803568,3.307663,-0.020593,-3.133101,4.346915,0.346516
213.340000,6.755312,-2.649860,2.801201,3.296005,-0.020679,-3.135469,4.345043,0.346516
213.380000,6.747980,-2.647257,2.799679,3.288225,-0.020720,-3.136990,4.343800,0.346516
213.440000,6.736974,-2.643326,2.797492,3.276538,-0.020761,-3.139177,4.341942,0.346516
213.480000,6.729636,-2.640691,2.796082,3.268741,-0.020775,-3.140587,4.340709,0.346516
213.540000,6.718624,-2.636715,2.794045,3.257034,-0.020774,3.140561,4.338865,0.346516
213.580000,6.711281,-2.634049,2.792737,3.249221,-0.020761,3.139253,4.337641,0.346516
213.640000,6.700326,-2.630052,2.790670,3.237904,-0.025703,-3.121569,4.332552,0.370946
213.680000,6.693125,-2.627409,2.788763,3.230235,-0.025849,-3.123476,4.331249,0.370946
213.740000,6.682320,-2.623411,2.785645,3.218715,-0.026040,-3.126594,4.329306,0.370946
213.780000,6.675110,-2.620722,2.783576,3.211021,-0.026148,-3.128664,4.328017,0.370946
213.840000,6.664297,-2.616657,2.780530,3.199470,-0.026279,-3.131709,4.326094,0.370946
213.880000,6.657085,-2.613926,2.778556,3.191758,-0.026348,-3.133683,4.324818,0.370946
213.940000,6.646263,-2.609797,2.775692,3.180175,-0.026423,-3.136547,4.322914,0.370946
214.000000,6.635435,-2.605631,2.772949,3.168573,-0.026465,-3.139290,4.321021,0.370946
214.040000,6.628212,-2.602833,2.771186,3.160828,-0.026476,-3.141053,4.319765,0.370946
214.080000,6.620986,-2.600020,2.769481,3.153074,-0.026474,3.140427,4.318513,0.370946
214.140000,6.610144,-2.595773,2.767020,3.141430,-0.026446,3.137966,4.316645,0.370946
214.180000,6.602913,-2.592924,2.765439,3.133658,-0.026411,3.136385,4.315405,0.370946
214.240000,6.592062,-2.588623,2.763162,3.121985,-0.026337,3.134108,4.313553,0.370946
214.280000,6.584824,-2.585740,2.761706,3.114195,-0.026273,3.132652,4.312324,0.370946
214.340000,6.573963,-2.581389,2.759613,3.102571,-0.031208,3.133351,4.307434,0.373738
214.380000,6.566757,-2.578489,2.758147,3.094824,-0.036213,3.134677,4.303195,0.376530
214.440000,6.556060,-2.574157,2.755406,3.083273,-0.038671,3.133332,4.299877,0.377926
214.480000,6.548945,-2.571256,2.753366,3.075590,-0.038599,3.131292,4.298668,0.377926
214.540000,6.538270,-2.566871,2.750284,3.064050,-0.038463,3.128210,4.296865,0.377926
214.580000,6.531149,-2.563924,2.748280,3.056344,-0.038352,3.126206,4.295670,0.377926
214.640000,6.520461,-2.559471,2.745384,3.044767,-0.038157,3.123310,4.293888,0.377926
214.680000,6.513331,-2.556480,2.743530,3.037037,-0.038008,3.121456,4.292706,0.377926
214.740000,6.502627,-2.551962,2.740882,3.025421,-0.037759,3.118808,4.290942,0.377926
214.780000,6.495488,-2.548931,2.739192,3.017667,-0.037575,3.117118,4.289772,0.377926
214.840000,6.484772,-2.544354,2.736770,3.006019,-0.037276,3.114696,4.288026,0.377926
214.880000,6.477622,-2.541284,2.735238,2.998240,-0.037061,3.113165,4.286867,0.377926
214.940000,6.466891,-2.536652,2.733057,2.986557,-0.036716,3.110983,4.285138,0.377926
214.980000,6.459733,-2.533548,2.731670,2.978759,-0.036472,3.109597,4.283990,0.377926
215.040000,6.448990,-2.528867,2.729696,2.967047,-0.036085,3.107622,4.282276,0.377926
215.080000,6.441823,-2.525730,2.728449,2.959228,-0.035814,3.106375,4.281138,0.377926
215.140000,6.431064,-2.521003,2.726690,2.947484,-0.035390,3.104616,4.279439,0.377926
215.180000,6.423888,-2.517837,2.725580,2.939647,-0.035096,3.103507,4.278311,0.377926
215.240000,6.413117,-2.513068,2.724014,2.927876,-0.034638,3.101940,4.276625,0.377926
215.280000,6.405932,-2.509876,2.723033,2.920020,-0.034322,3.100959,4.275506,0.377926
215.340000,6.395147,-2.505069,2.721660,2.908222,-0.033835,3.099586,4.273832,0.377926
215.380000,6.387952,-2.501853,2.720805,2.900348,-0.033500,3.098731,4.272721,0.377926
215.440000,6.377152,-2.497012,2.719618,2.888524,-0.032986,3.097544,4.271059,0.377926
215.480000,6.369948,-2.493775,2.718883,2.880634,-0.032635,3.096809,4.269955,0.377926
215.540000,6.359135,-2.488904,2.717864,2.868787,-0.032098,3.095790,4.268305,0.377926
215.580000,6.351922,-2.485648,2.717239,2.860881,-0.031733,3.095165,4.267208,0.377926
215.640000,6.341095,-2.480751,2.716382,2.849011,-0.031177,3.094308,4.265567,0.377926
215.680000,6.333872,-2.477478,2.715864,2.841091,-0.030800,3.093790,4.264476,0.377926
215.740000,6.323030,-2.472557,2.715172,2.829242,-0.027298,3.091004,4.264486,0.375832
215.780000,6.315776,-2.469259,2.714832,2.821299,-0.023949,3.088570,4.265080,0.373738
215.840000,6.304883,-2.464305,2.714749,2.809347,-0.021829,3.087441,4.264325,0.372691
215.880000,6.297644,-2.461014,2.714959,2.801407,-0.021399,3.087650,4.263261,0.372691
215.940000,6.286788,-2.456082,2.715422,2.789500,-0.020759,3.088114,4.261669,0.372691
215.980000,6.279552,-2.452799,2.715776,2.781565,-0.020335,3.088468,4.260609,0.372691
216.040000,6.268701,-2.447880,2.716348,2.769668,-0.019706,3.089039,4.259021,0.372691
216.080000,6.261467,-2.444606,2.716749,2.761738,-0.019291,3.089440,4.257964,0.372691
216.140000,6.250617,-2.439702,2.717380,2.749848,-0.018674,3.090072,4.256379,0.372691
216.180000,6.243384,-2.436437,2.717817,2.741923,-0.018267,3.090508,4.255324,0.372691
216.240000,6.232535,-2.431547,2.718496,2.730038,-0.017663,3.091187,4.253742,0.372691
216.280000,6.225302,-2.428292,2.718962,2.722116,-0.017265,3.091654,4.252689,0.372691
216.340000,6.214453,-2.423418,2.719684,2.710237,-0.016676,3.092376,4.251110,0.372691
216.380000,6.207220,-2.420173,2.720178,2.702319,-0.016288,3.092869,4.250059,0.372691
216.440000,6.196369,-2.415314,2.720935,2.690444,-0.015713,3.093626,4.248482,0.372691
216.480000,6.189135,-2.412080,2.721451,2.682528,-0.015335,3.094142,4.247432,0.372691
216.540000,6.178282,-2.407237,2.722239,2.670657,-0.014776,3.094930,4.245857,0.372691
216.580000,6.171045,-2.404013,2.722774,2.662743,-0.014409,3.095465,4.244808,0.372691
216.640000,6.160189,-2.399186,2.723589,2.650875,-0.013866,3.096280,4.243235,0.372691
216.680000,6.152951,-2.395973,2.724142,2.642964,-0.013509,3.096833,4.242186,0.372691
216.740000,6.142091,-2.391162,2.724979,2.631097,-0.012983,3.097671,4.240615,0.372691
216.780000,6.134849,-2.387960,2.725544,2.623187,-0.012637,3.098235,4.239567,0.372691
216.840000,6.123985,-2.383165,2.726397,2.611322,-0.012128,3.099089,4.237997,0.372691
216.900000,6.113117,-2.378379,2.727260,2.599458,-0.011628,3.099951,4.236427,0.372691
216.940000,6.105870,-2.375195,2.727840,2.591549,-0.011301,3.100531,4.235380,0.372691
216.980000,6.098622,-2.372014,2.728422,2.583640,-0.010978,3.101113,4.234334,0.372691
217.040000,6.087746,-2.367252,2.729299,2.571777,-0.010503,3.101990,4.232766,0.372691
217.080000,6.080493,-2.364083,2.729886,2.563868,-0.010192,3.102577,4.231720,0.372691
217.140000,6.069611,-2.359337,2.730769,2.552005,-0.009734,3.103460,4.230152,0.372691
217.180000,6.062354,-2.356178,2.731359,2.544096,-0.009435,3.104050,4.229107,0.372691
217.240000,6.051499,-2.351463,2.732328,2.532373,-0.003598,3.097960,4.230451,0.365633
217.280000,6.044311,-2.348349,2.733289,2.524547,-0.003260,3.098922,4.229442,0.365633
217.340000,6.033522,-2.343692,2.734920,2.512806,-0.002768,3.100553,4.227927,0.365633
217.380000,6.026323,-2.340596,2.736032,2.504976,-0.002451,3.101665,4.226915,0.365633
217.440000,6.015514,-2.335965,2.737690,2.493225,-0.001991,3.103322,4.225394,0.365633
217.480000,6.008300,-2.332887,2.738784,2.485388,-0.001695,3.104416,4.224377,0.365633
217.540000,5.997470,-2.328283,2.740419,2.473628,-0.001268,3.106052,4.222850,0.365633
217.580000,5.990243,-2.325222,2.741508,2.465784,-0.000993,3.107141,4.221830,0.365633
217.640000,5.979392,-2.320643,2.743142,2.454013,-0.000597,3.108775,4.220297,0.365633
217.700000,5.968528,-2.316080,2.744777,2.442236,-0.000220,3.110410,4.218761,0.365633
217.740000,5.961278,-2.313047,2.745867,2.434381,0.000021,3.111500,4.217735,0.365633
217.800000,5.950393,-2.308510,2.747503,2.422593,0.000366,3.113136,4.216193,0.365633
217.840000,5.943129,-2.305494,2.748594,2.414731,0.000586,3.114227,4.215163,0.365633
217.880000,5.935860,-2.302485,2.749685,2.406867,0.000797,3.115318,4.214131,0.365633
217.940000,5.924946,-2.297985,2.751323,2.395065,0.001097,3.116956,4.212581,0.365633
217.980000,5.917662,-2.294994,2.752415,2.387193,0.001287,3.118048,4.211545,0.365633
218.040000,5.906727,-2.290519,2.754055,2.375381,0.001555,3.119687,4.209989,0.365633
218.080000,5.899429,-2.287545,2.755148,2.367502,0.001723,3.120781,4.208950,0.365633
218.140000,5.888473,-2.283098,2.756788,2.355680,0.001960,3.122421,4.207388,0.365633
218.180000,5.881162,-2.280141,2.757882,2.347795,0.002107,3.123515,4.206345,0.365633
218.240000,5.870185,-2.275720,2.759524,2.335963,0.002311,3.125157,4.204777,0.365633
218.280000,5.862860,-2.272782,2.760619,2.328072,0.002436,3.126252,4.203730,0.365633
218.340000,5.851862,-2.268387,2.762262,2.316229,0.002608,3.127895,4.202156,0.365633
218.380000,5.844523,-2.265466,2.763358,2.308331,0.002712,3.128991,4.201105,0.365633
218.440000,5.833504,-2.261098,2.765003,2.296479,0.002852,3.130636,4.199526,0.365633
218.480000,5.822473,-2.256746,2.766648,2.288575,0.002934,3.131732,4.194591,0.365084
218.540000,5.815112,-2.253854,2.767745,2.276712,0.003041,3.133378,4.196885,0.365633
218.600000,5.804060,-2.249529,2.769392,2.261499,-0.000090,3.134948,4.196394,0.365556
218.640000,5.796640,-2.246636,2.770156,2.253535,-0.000040,3.135712,4.195329,0.365556
218.680000,5.789210,-2.243744,2.770663,2.245562,0.000005,3.136219,4.194264,0.365556
218.740000,5.778060,-2.239411,2.771260,2.233599,0.000065,3.136816,4.192667,0.365556
218.780000,5.770623,-2.236525,2.771621,2.225623,0.000102,3.137177,4.191602,0.365556
218.840000,5.759465,-2.232201,2.772144,2.213656,0.000152,3.137700,4.190007,0.365556
218.880000,5.752024,-2.229321,2.772490,2.205677,0.000181,3.138046,4.188945,0.365556
218.940000,5.740860,-2.225006,2.773006,2.193708,0.000221,3.138562,4.187352,0.365556
218.980000,5.733415,-2.222132,2.773350,2.185727,0.000243,3.138905,4.186292,0.365556
219.040000,5.722244,-2.217825,2.773865,2.173755,0.000272,3.139421,4.184702,0.365556
219.080000,5.714794,-2.214956,2.774209,2.165772,0.000288,3.139765,4.183643,0.365556
219.140000,5.703617,-2.210658,2.774724,2.153797,0.000307,3.140280,4.182056,0.365556
219.180000,5.696163,-2.207795,2.775068,2.145812,0.000316,3.140624,4.180998,0.365556
219.240000,5.684969,-2.203500,2.775320,2.133823,0.000326,3.140876,4.179413,0.365556
219.280000,5.677505,-2.200637,2.775389,2.125828,0.000332,3.140945,4.178358,0.365556
219.340000,5.666308,-2.196344,2.775451,2.113837,0.000339,3.141007,4.176777,0.365556
219.380000,5.658843,-2.193482,2.775484,2.105842,0.000344,3.141040,4.175726,0.365556
219.440000,5.647646,-2.189189,2.775530,2.093849,0.000350,3.141086,4.174152,0.365556
219.480000,5.640180,-2.186327,2.775559,2.085854,0.000354,3.141115,4.173105,0.365556
219.540000,5.628982,-2.182035,2.775604,2.073862,0.000359,3.141160,4.171538,0.365556
219.580000,5.621517,-2.179174,2.775633,2.065867,0.000363,3.141189,4.170495,0.365556
219.640000,5.610318,-2.174883,2.775678,2.053874,0.000367,3.141234,4.168933,0.365556
219.680000,5.602852,-2.172022,2.775707,2.045879,0.000370,3.141263,4.167894,0.365556
219.740000,5.591652,-2.167731,2.775751,2.033886,0.000374,3.141307,4.166339,0.365556
219.780000,5.584186,-2.164871,2.775781,2.025890,0.000376,3.141337,4.165305,0.365556
219.840000,5.572986,-2.160581,2.775825,2.013897,0.000379,3.141381,4.163756,0.365556
219.880000,5.565519,-2.157722,2.775855,2.005901,0.000380,3.141411,4.162726,0.365556
219.940000,5.554319,-2.153433,2.775899,1.993908,0.000382,3.141455,4.161183,0.365556
219.980000,5.546852,-2.150573,2.775928,1.985912,0.000383,3.141484,4.160157,0.365556
220.040000,5.535660,-2.146288,2.775935,1.982498,-0.001956,-3.139670,4.150075,0.367580
220.080000,5.528214,-2.143437,2.775818,1.974524,-0.001971,-3.139787,4.149046,0.367580
220.140000,5.517045,-2.139158,2.775571,1.962564,-0.001991,-3.140034,4.147507,0.367580
220.180000,5.509599,-2.136303,2.775396,1.954589,-0.002003,-3.140209,4.146484,0.367580
220.240000,5.498430,-2.132018,2.775135,1.942626,-0.002018,-3.140470,4.144953,0.367580
220.280000,5.490983,-2.129159,2.774966,1.934650,-0.002026,-3.140639,4.143936,0.367580
220.340000,5.479814,-2.124869,2.774720,1.922685,-0.002036,-3.140885,4.142413,0.367580
220.380000,5.472367,-2.122006,2.774563,1.914707,-0.002041,-3.141042,4.141401,0.367580
220.440000,5.461196,-2.117711,2.774335,1.902739,-0.002046,-3.141270,4.139886,0.367580
220.480000,5.453749,-2.114845,2.774190,1.894759,-0.002048,-3.141415,4.138879,0.367580
220.540000,5.442578,-2.110544,2.773979,1.882788,-0.002049,3.141560,4.137372,0.367580
220.580000,5.435130,-2.107675,2.773845,1.874807,-0.002048,3.141425,4.136371,0.367580
220.640000,5.423958,-2.103369,2.773652,1.862834,-0.002045,3.141232,4.134872,0.367580
220.680000,5.416510,-2.100498,2.773529,1.854851,-0.002042,3.141109,4.133875,0.367580
220.740000,5.405337,-2.096188,2.773352,1.842876,-0.002035,3.140932,4.132385,0.367580
220.780000,5.397888,-2.093313,2.773239,1.834892,-0.002029,3.140819,4.131393,0.367580
220.840000,5.386714,-2.089000,2.773077,1.822915,-0.002019,3.140657,4.129910,0.367580
220.880000,5.375540,-2.084684,2.772924,1.814929,-0.002011,3.140554,4.124982,0.367631
220.940000,5.368090,-2.081805,2.772826,1.802949,-0.001998,3.140407,4.127448,0.367580
220.980000,5.360641,-2.078926,2.772733,1.794962,-0.001988,3.140313,4.126467,0.367580
221.040000,5.349465,-2.074605,2.772599,1.782981,-0.001972,3.140179,4.124999,0.367580
221.080000,5.342015,-2.071724,2.772514,1.774993,-0.001960,3.140095,4.124023,0.367580
221.140000,5.330839,-2.067400,2.772394,1.763009,-0.001941,3.139974,4.122563,0.367580
221.180000,5.323388,-2.064516,2.772318,1.755020,-0.001928,3.139898,4.121592,0.367580
221.240000,5.312211,-2.060190,2.772210,1.743035,-0.001907,3.139791,4.120139,0.367580
221.280000,5.304759,-2.057305,2.772143,1.735044,-0.001892,3.139723,4.119173,0.367580
221.340000,5.293581,-2.052976,2.772048,1.723057,-0.001870,3.139628,4.117727,0.367580
221.380000,5.286129,-2.050089,2.771988,1.715066,-0.001854,3.139568,4.116766,0.367580
221.440000,5.274952,-2.045758,2.771901,1.703149,-0.000353,-3.140167,4.116000,0.371118
221.480000,5.267501,-2.042871,2.771836,1.695158,-0.000364,-3.140232,4.115029,0.371118
221.540000,5.256326,-2.038539,2.771736,1.683173,-0.000379,-3.140331,4.113577,0.371118
221.580000,5.248876,-2.035650,2.771671,1.675182,-0.000389,-3.140397,4.112611,0.371118
221.640000,5.237700,-2.031316,2.771575,1.663196,-0.000403,-3.140493,4.111166,0.371118
221.680000,5.230250,-2.028426,2.771512,1.655205,-0.000412,-3.140555,4.110206,0.371118
221.740000,5.219074,-2.024090,2.771421,1.643217,-0.000423,-3.140646,4.108768,0.371118
221.780000,5.211624,-2.021198,2.771362,1.635226,-0.000431,-3.140705,4.107813,0.371118
221.840000,5.200449,-2.016860,2.771277,1.623238,-0.000441,-3.140791,4.106383,0.371118
221.880000,5.192998,-2.013967,2.771222,1.615245,-0.000447,-3.140846,4.105433,0.371118
221.940000,5.181823,-2.009627,2.771142,1.603257,-0.000456,-3.140926,4.104011,0.371118
221.980000,5.174372,-2.006734,2.771090,1.595264,-0.000461,-3.140978,4.103065,0.371118
222.040000,5.163196,-2.002392,2.771015,1.583274,-0.000468,-3.141053,4.101651,0.371118
222.080000,5.155746,-1.999497,2.770966,1.575281,-0.000472,-3.141101,4.100711,0.371118
222.140000,5.144570,-1.995154,2.770896,1.563291,-0.000477,-3.141172,4.099304,0.371118
222.180000,5.137119,-1.992258,2.770850,1.555298,-0.000480,-3.141217,4.098369,0.371118
222.240000,5.125943,-1.987913,2.770785,1.543307,-0.000485,-3.141283,4.096969,0.371118
222.280000,5.118493,-1.985016,2.770743,1.535313,-0.000487,-3.141325,4.096039,0.371118
222.340000,5.107316,-1.980670,2.770682,1.523321,-0.000490,-3.141385,4.094647,0.371118
222.380000,5.099866,-1.977772,2.770643,1.515327,-0.000491,-3.141425,4.093722,0.371118
222.440000,5.088689,-1.973425,2.770586,1.503335,-0.000493,-3.141481,4.092338,0.371118
222.480000,5.081238,-1.970526,2.770550,1.495340,-0.000494,-3.141518,4.091418,0.371118
222.480000,5.066336,-1.964727,2.770481,1.495340,-0.000494,-3.141518,4.075565,0.371187
222.660000,5.032806,-1.951677,2.770341,1.459360,-0.000494,3.141518,4.071441,0.371177
222.800000,5.021629,-1.947325,2.770299,1.431450,-0.003866,3.139994,4.082453,0.369695
222.840000,5.014188,-1.944428,2.770242,1.423464,-0.003853,3.139936,4.081559,0.369695
222.880000,5.006760,-1.941534,2.770100,1.415492,-0.003840,3.139794,4.080669,0.369695
222.940000,4.995616,-1.937192,2.769837,1.403533,-0.003816,3.139531,4.079339,0.369695
222.980000,4.988187,-1.934294,2.769657,1.395559,-0.003799,3.139351,4.078455,0.369695
223.040000,4.977042,-1.929945,2.769395,1.383595,-0.003771,3.139090,4.077133,0.369695
223.100000,4.965897,-1.925592,2.769148,1.371630,-0.003739,3.138842,4.075816,0.369695
223.140000,4.958466,-1.922688,2.768992,1.363652,-0.003717,3.138686,4.074941,0.369695
223.180000,4.951034,-1.919783,2.768841,1.355673,-0.003693,3.138536,4.074068,0.369695
223.240000,4.939887,-1.915423,2.768622,1.343703,-0.003655,3.138317,4.072763,0.369695
223.260000,4.936172,-1.913969,2.768549,1.339713,-0.003642,3.138244,4.072329,0.369695
223.340000,4.921311,-1.908150,2.768257,1.323754,-0.003586,3.137952,4.070600,0.369695
223.380000,4.913881,-1.905239,2.768111,1.315774,-0.003557,3.137806,4.069738,0.369695
223.480000,4.895308,-1.897957,2.767749,1.295825,-0.003477,3.137443,4.067595,0.369695
223.540000,4.884156,-1.893581,2.767599,1.283845,-0.003427,3.137294,4.066316,0.369695
223.600000,4.873002,-1.889203,2.767469,1.271863,-0.003374,3.137164,4.065040,0.369695
223.640000,4.865566,-1.886283,2.767389,1.263874,-0.003339,3.137084,4.064193,0.369695
223.680000,4.858129,-1.883362,2.767315,1.255884,-0.003302,3.137009,4.063348,0.369695
223.740000,4.846973,-1.878979,2.767212,1.243898,-0.003247,3.136907,4.062083,0.369695
223.780000,4.839535,-1.876057,2.767149,1.235906,-0.003209,3.136844,4.061243,0.369695
223.840000,4.828377,-1.871671,2.767065,1.223918,-0.003152,3.136759,4.059987,0.369695
223.880000,4.820938,-1.868747,2.767013,1.215925,-0.003113,3.136708,4.059151,0.369695
223.940000,4.809779,-1.864359,2.766944,1.203934,-0.003054,3.136639,4.057903,0.369695
223.980000,4.802339,-1.861434,2.766903,1.195940,-0.003014,3.136598,4.057073,0.369695
224.040000,4.791178,-1.857044,2.766849,1.183947,-0.002954,3.136543,4.055831,0.369695
224.080000,4.783737,-1.854117,2.766818,1.175951,-0.002913,3.136513,4.055006,0.369695
224.140000,4.772575,-1.849726,2.766778,1.163957,-0.002852,3.136473,4.053772,0.369695
224.180000,4.765133,-1.846798,2.766756,1.155959,-0.002811,3.136450,4.052952,0.369695
224.240000,4.753976,-1.842409,2.766754,1.144007,-0.000011,3.137447,4.052938,0.370692
224.280000,4.746549,-1.839487,2.766840,1.136026,0.000022,3.137532,4.052119,0.370692
224.340000,4.735408,-1.835106,2.767015,1.124054,0.000069,3.137707,4.050894,0.370692
224.380000,4.727980,-1.832186,2.767141,1.116073,0.000100,3.137834,4.050079,0.370692
224.440000,4.716836,-1.827808,2.767332,1.104100,0.000144,3.138024,4.048860,0.370692
224.480000,4.709406,-1.824890,2.767457,1.096118,0.000172,3.138149,4.048049,0.370692
224.540000,4.698260,-1.820515,2.767641,1.084144,0.000212,3.138333,4.046836,0.370692
224.600000,4.687113,-1.816142,2.767820,1.072169,0.000250,3.138512,4.045626,0.370692
224.640000,4.679680,-1.813227,2.767936,1.064186,0.000274,3.138629,4.044822,0.370692
224.680000,4.672247,-1.810313,2.768051,1.056202,0.000297,3.138743,4.044019,0.370692
224.740000,4.661096,-1.805944,2.768218,1.044226,0.000330,3.138910,4.042818,0.370692
224.780000,4.653661,-1.803032,2.768327,1.036241,0.000351,3.139019,4.042019,0.370692
224.840000,4.642508,-1.798665,2.768486,1.024264,0.000381,3.139179,4.040824,0.370692
224.880000,4.635072,-1.795755,2.768590,1.016278,0.000400,3.139282,4.040030,0.370692
224.940000,4.623917,-1.791390,2.768741,1.004300,0.000427,3.139434,4.038841,0.370692
224.980000,4.616479,-1.788482,2.768840,0.996314,0.000443,3.139532,4.038051,0.370692
225.040000,4.605322,-1.784120,2.768984,0.984334,0.000467,3.139676,4.036868,0.370692
225.080000,4.597883,-1.781212,2.769077,0.976347,0.000482,3.139769,4.036082,0.370692
225.140000,4.586724,-1.776853,2.769213,0.964366,0.000503,3.139905,4.034906,0.370692
225.180000,4.579283,-1.773947,2.769301,0.956379,0.000516,3.139994,4.034124,0.370692
225.240000,4.568122,-1.769589,2.769430,0.944397,0.000535,3.140122,4.032954,0.370692
225.280000,4.560681,-1.766685,2.769513,0.936409,0.000546,3.140205,4.032177,0.370692
225.340000,4.549517,-1.762329,2.769634,0.924426,0.000562,3.140326,4.031014,0.370692
225.380000,4.542074,-1.759426,2.769712,0.916437,0.000572,3.140404,4.030241,0.370692
225.440000,4.530909,-1.755072,2.769826,0.904453,0.000585,3.140518,4.029084,0.370692
225.480000,4.523465,-1.752169,2.769900,0.896463,0.000594,3.140592,4.028315,0.370692
225.540000,4.512299,-1.747817,2.770007,0.884478,0.000605,3.140699,4.027165,0.370692
225.580000,4.504854,-1.744916,2.770076,0.876488,0.000612,3.140768,4.026401,0.370692
225.640000,4.493690,-1.740568,2.770192,0.864512,0.001251,3.139460,4.025527,0.369268
225.680000,4.486255,-1.737672,2.770314,0.856533,0.001268,3.139582,4.024773,0.369268
225.740000,4.475102,-1.733331,2.770521,0.844565,0.001291,3.139789,4.023644,0.369268
225.780000,4.467665,-1.730438,2.770662,0.836585,0.001305,3.139930,4.022894,0.369268
225.840000,4.456508,-1.726100,2.770870,0.824614,0.001323,3.140138,4.021771,0.369268
225.880000,4.449069,-1.723209,2.771004,0.816633,0.001334,3.140272,4.021025,0.369268
225.940000,4.437908,-1.718874,2.771198,0.804660,0.001349,3.140466,4.019908,0.369268
225.980000,4.430467,-1.715985,2.771324,0.796678,0.001357,3.140592,4.019165,0.369268
226.040000,4.419304,-1.711653,2.771506,0.784704,0.001368,3.140774,4.018054,0.369268
226.080000,4.411860,-1.708766,2.771623,0.776720,0.001374,3.140891,4.017316,0.369268
226.140000,4.400694,-1.704436,2.771792,0.764744,0.001382,3.141060,4.016211,0.369268
226.180000,4.393249,-1.701551,2.771900,0.756759,0.001386,3.141168,4.015477,0.369268
226.240000,4.382080,-1.697224,2.772056,0.744781,0.001390,3.141324,4.014378,0.369268
226.300000,4.370909,-1.692898,2.772206,0.732802,0.001392,3.141474,4.013283,0.369268
226.340000,4.363461,-1.690015,2.772302,0.724815,0.001393,3.141570,4.012556,0.369268
226.380000,4.356012,-1.687132,2.772395,0.716828,0.001392,-3.141523,4.011830,0.369268
226.420000,4.344838,-1.682809,2.772528,0.708841,0.001392,-3.141433,4.007120,0.369224
226.480000,4.337388,-1.679928,2.772613,0.696859,0.001389,-3.141304,4.010022,0.369268
226.540000,4.326211,-1.675607,2.772736,0.684876,0.001385,-3.141182,4.008943,0.369268
226.580000,4.318759,-1.672726,2.772814,0.676887,0.001381,-3.141104,4.008225,0.369268
226.640000,4.307580,-1.668407,2.772926,0.664902,0.001375,-3.140992,4.007153,0.369268
226.680000,4.300127,-1.665528,2.772997,0.656912,0.001369,-3.140920,4.006440,0.369268
226.740000,4.288946,-1.661210,2.773098,0.644926,0.001361,-3.140819,4.005374,0.369268
226.780000,4.281491,-1.658332,2.773163,0.636935,0.001354,-3.140754,4.004665,0.369268
226.840000,4.270308,-1.654015,2.773256,0.624948,0.001344,-3.140661,4.003606,0.369268
226.880000,4.262852,-1.651138,2.773314,0.616956,0.001336,-3.140603,4.002902,0.369268
226.940000,4.251668,-1.646822,2.773398,0.604968,0.001324,-3.140519,4.001850,0.369268
226.980000,4.244210,-1.643946,2.773451,0.596975,0.001315,-3.140467,4.001151,0.369268
227.040000,4.233029,-1.639633,2.773492,0.588103,-0.002103,3.141357,3.995872,0.367865
227.080000,4.225582,-1.636761,2.773420,0.580121,-0.002101,3.141285,3.995184,0.367865
227.140000,4.214411,-1.632450,2.773256,0.568148,-0.002097,3.141121,3.994157,0.367865
227.180000,4.206964,-1.629576,2.773138,0.560165,-0.002092,3.141003,3.993475,0.367865
227.240000,4.195793,-1.625261,2.772964,0.548190,-0.002084,3.140829,3.992457,0.367865
227.300000,4.184621,-1.620945,2.772797,0.536213,-0.002074,3.140662,3.991444,0.367865
227.340000,4.177173,-1.618066,2.772690,0.528228,-0.002066,3.140555,3.990771,0.367865
227.380000,4.169725,-1.615186,2.772588,0.520242,-0.002058,3.140453,3.990101,0.367865
227.440000,4.158552,-1.610864,2.772441,0.508263,-0.002043,3.140306,3.989100,0.367865
227.500000,4.147379,-1.606540,2.772302,0.496282,-0.002027,3.140168,3.988104,0.367865
227.540000,4.139930,-1.603657,2.772214,0.488294,-0.002015,3.140079,3.987443,0.367865
227.580000,4.132481,-1.600773,2.772128,0.480306,-0.002003,3.139993,3.986784,0.367865
227.640000,4.121307,-1.596445,2.771999,0.468324,-0.001983,3.139864,3.985799,0.367865
227.680000,4.113858,-1.593559,2.771914,0.460335,-0.001969,3.139779,3.985146,0.367865
227.740000,4.102685,-1.589228,2.771785,0.448352,-0.001946,3.139651,3.984170,0.367865
227.780000,4.095236,-1.586341,2.771700,0.440363,-0.001930,3.139565,3.983522,0.367865
227.840000,4.084063,-1.582008,2.771572,0.428380,-0.001905,3.139437,3.982555,0.367865
227.880000,4.076615,-1.579118,2.771486,0.420390,-0.001888,3.139351,3.981913,0.367865
227.940000,4.065442,-1.574782,2.771358,0.408406,-0.001860,3.139223,3.980954,0.367865
228.000000,4.054269,-1.570445,2.771230,0.396421,-0.001831,3.139095,3.980001,0.367865
228.040000,4.046821,-1.567553,2.771144,0.388431,-0.001811,3.139009,3.979368,0.367865
228.080000,4.039373,-1.564660,2.771059,0.380440,-0.001790,3.138924,3.978737,0.367865
228.140000,4.028200,-1.560319,2.770931,0.368454,-0.001757,3.138796,3.977795,0.367865
228.180000,4.020752,-1.557424,2.770845,0.360463,-0.001734,3.138710,3.977170,0.367865
228.240000,4.009580,-1.553080,2.770717,0.348477,-0.001699,3.138582,3.976237,0.367865
228.280000,4.002132,-1.550183,2.770631,0.340485,-0.001674,3.138496,3.975618,0.367865
228.340000,3.990960,-1.545837,2.770503,0.328498,-0.001636,3.138368,3.974693,0.367865
228.380000,3.983513,-1.542939,2.770418,0.320506,-0.001610,3.138283,3.974080,0.367865
228.440000,3.972345,-1.538591,2.770268,0.302563,-0.001934,3.139130,3.978520,0.368861
228.480000,3.964908,-1.535694,2.770100,0.294581,-0.001913,3.138962,3.977912,0.368861
228.540000,3.953752,-1.531346,2.769805,0.282608,-0.001880,3.138666,3.977004,0.368861
228.580000,3.946314,-1.528446,2.769599,0.274625,-0.001856,3.138460,3.976403,0.368861
228.640000,3.935159,-1.524091,2.769284,0.262650,-0.001816,3.138146,3.975505,0.368861
228.680000,3.927722,-1.521186,2.769074,0.254666,-0.001788,3.137935,3.974910,0.368861
228.740000,3.916568,-1.516825,2.768758,0.242689,-0.001742,3.137619,3.974023,0.368861
228.780000,3.909131,-1.513916,2.768547,0.234704,-0.001710,3.137408,3.973434,0.368861
228.840000,3.897977,-1.509548,2.768230,0.222726,-0.001658,3.137092,3.972557,0.368861
228.900000,3.886824,-1.505177,2.767914,0.210746,-0.001602,3.136775,3.971685,0.368861
228.940000,3.879388,-1.502261,2.767703,0.202759,-0.001563,3.136564,3.971107,0.368861
228.980000,3.871953,-1.499342,2.767492,0.194772,-0.001522,3.136353,3.970532,0.368861
229.040000,3.860800,-1.494962,2.767175,0.182789,-0.001457,3.136037,3.969674,0.368861
229.080000,3.853364,-1.492039,2.766964,0.174801,-0.001412,3.135826,3.969106,0.368861
229.140000,3.842212,-1.487652,2.766648,0.162817,-0.001341,3.135509,3.968258,0.368861
229.180000,3.834778,-1.484725,2.766437,0.154827,-0.001291,3.135298,3.967696,0.368861
229.240000,3.823626,-1.480332,2.766120,0.142841,-0.001214,3.134981,3.966858,0.368861
229.280000,3.817027,-1.477727,2.765013,0.135747,-0.001164,3.133874,3.966366,0.368861
229.340000,3.809367,-1.474683,2.760952,0.127505,-0.001086,3.129814,3.965804,0.368861
229.380000,3.805769,-1.473235,2.756629,0.123626,-0.001033,3.125491,3.965546,0.368861
229.440000,3.802539,-1.471912,2.747817,0.120137,-0.000964,3.116678,3.965321,0.368861
229.480000,3.801898,-1.471644,2.740309,0.119442,-0.000945,3.109171,3.965279,0.368861
229.540000,3.801890,-1.471641,2.726617,0.119434,-0.000945,3.095478,3.965278,0.368861
229.580000,3.801890,-1.471641,2.715926,0.119434,-0.000945,3.084787,3.965278,0.368861
229.640000,3.801890,-1.471641,2.697465,0.119434,-0.000945,3.066326,3.965278,0.368861
229.680000,3.801890,-1.471641,2.683590,0.119434,-0.000945,3.052451,3.965278,0.368861
229.740000,3.801890,-1.471641,2.660329,0.119434,-0.000945,3.029191,3.965278,0.368861
229.780000,3.801890,-1.471641,2.643222,0.119434,-0.000945,3.012084,3.965278,0.368861
229.840000,3.801890,-1.471641,2.615193,0.119440,-0.001131,2.984602,3.965204,0.369408
229.880000,3.801890,-1.471641,2.594886,0.119440,-0.001131,2.964295,3.965204,0.369408
229.940000,3.801890,-1.471641,2.562010,0.119440,-0.001131,2.931418,3.965204,0.369408
229.980000,3.801890,-1.471641,2.538519,0.119440,-0.001131,2.907927,3.965204,0.369408
230.040000,3.801890,-1.471641,2.500842,0.119440,-0.001131,2.870250,3.965204,0.369408
230.080000,3.801890,-1.471641,2.474151,0.119440,-0.001131,2.843559,3.965204,0.369408
230.140000,3.801890,-1.471641,2.431722,0.119440,-0.001131,2.801131,3.965204,0.369408
230.180000,3.801890,-1.471641,2.401815,0.119440,-0.001131,2.771223,3.965204,0.369408
230.240000,3.801890,-1.471641,2.354639,0.119440,-0.001131,2.724047,3.965204,0.369408
230.280000,3.801890,-1.471641,2.322639,0.119440,-0.001131,2.692047,3.965204,0.369408
230.340000,3.801890,-1.471641,2.274639,0.119440,-0.001131,2.644047,3.965204,0.369408
230.380000,3.801890,-1.471641,2.242639,0.119440,-0.001131,2.612047,3.965204,0.369408
230.440000,3.801890,-1.471641,2.194639,0.119440,-0.001131,2.564047,3.965204,0.369408
230.480000,3.801711,-1.471380,2.162892,0.119178,-0.000953,2.532300,3.965250,0.369408
230.540000,3.800692,-1.469774,2.116806,0.117648,0.000177,2.486215,3.965548,0.369408
230.580000,3.799545,-1.467817,2.087619,0.115872,0.001587,2.457028,3.965930,0.369408
230.640000,3.797218,-1.463503,2.046239,0.112144,0.004770,2.415648,3.966812,0.369408
230.700000,3.794272,-1.457484,2.007739,0.107224,0.009320,2.377148,3.968103,0.369408
230.740000,3.792021,-1.452502,1.983673,0.103325,0.013153,2.353081,3.969209,0.369408
230.780000,3.789634,-1.446875,1.960886,0.099068,0.017538,2.330294,3.970489,0.369408
230.840000,3.785954,-1.437491,1.929106,0.092248,0.024961,2.298514,3.972685,0.369408
230.880000,3.783494,-1.430717,1.909519,0.087508,0.030390,2.278928,3.974311,0.369408
230.940000,3.779845,-1.419882,1.882539,0.080193,0.039176,2.251948,3.976968,0.369408
230.980000,3.777549,-1.412553,1.865966,0.075406,0.045182,2.235375,3.978801,0.369408
231.040000,3.774966,-1.403705,1.843281,0.069802,0.052501,2.212689,3.981052,0.369408
231.080000,3.773474,-1.398219,1.829757,0.066430,0.057077,2.199166,3.982469,0.369408
231.140000,3.771351,-1.389898,1.811872,0.061446,0.064071,2.181281,3.984648,0.369408
231.180000,3.770006,-1.384295,1.801053,0.058169,0.068810,2.170461,3.986132,0.369408
231.240000,3.768094,-1.375831,1.784956,0.053441,0.076154,2.153127,3.988346,0.368171
231.280000,3.766889,-1.370143,1.774297,0.050269,0.081028,2.142467,3.989881,0.368171
231.340000,3.765187,-1.361550,1.758401,0.045589,0.088432,2.126572,3.992224,0.368171
231.380000,3.764123,-1.355780,1.747866,0.042520,0.093432,2.116037,3.993813,0.368171
231.440000,3.762635,-1.347071,1.732163,0.037997,0.101023,2.100334,3.996236,0.368171
231.480000,3.761714,-1.341222,1.721764,0.035033,0.106148,2.089934,3.997879,0.368171
231.540000,3.760442,-1.332401,1.706257,0.030671,0.113920,2.074428,4.000379,0.368171
231.580000,3.759667,-1.326484,1.695987,0.027818,0.119161,2.064157,4.002072,0.368171
231.640000,3.758612,-1.317551,1.680700,0.023619,0.127116,2.048871,4.004652,0.368171
231.680000,3.757982,-1.311564,1.670583,0.020876,0.132476,2.038754,4.006396,0.368171
231.740000,3.757147,-1.302532,1.655519,0.016847,0.140601,2.023690,4.009049,0.368171
231.780000,3.756663,-1.296478,1.645557,0.014216,0.146075,2.013727,4.010844,0.368171
231.840000,3.756047,-1.287348,1.630740,0.010356,0.154372,1.998911,4.013572,0.368171
231.880000,3.755710,-1.281229,1.620949,0.007839,0.159960,1.989120,4.015415,0.368171
231.940000,3.755314,-1.272002,1.606396,0.004149,0.168426,1.974566,4.018218,0.368171
232.000000,3.755051,-1.262724,1.592012,0.000564,0.176988,1.960183,4.021062,0.368171
232.040000,3.754948,-1.256509,1.582512,-0.001768,0.182749,1.950683,4.022982,0.368171
232.080000,3.754905,-1.250272,1.573088,-0.004054,0.188552,1.941258,4.024921,0.368171
232.140000,3.754949,-1.240874,1.559099,-0.007395,0.197336,1.927270,4.027863,0.368171
232.180000,3.755052,-1.234582,1.549873,-0.009563,0.203244,1.918044,4.029848,0.368171
232.240000,3.755315,-1.225100,1.536195,-0.012730,0.212186,1.904366,4.032860,0.368171
232.280000,3.755564,-1.218755,1.527186,-0.014782,0.218194,1.895357,4.034889,0.368171
232.340000,3.756045,-1.209202,1.513822,-0.017772,0.227281,1.881992,4.037967,0.368171
232.380000,3.756438,-1.202809,1.505018,-0.019706,0.233386,1.873189,4.040039,0.368171
232.440000,3.757135,-1.193185,1.491978,-0.022519,0.242617,1.860149,4.043181,0.368171
232.480000,3.757671,-1.186745,1.483400,-0.024337,0.248818,1.851571,4.045297,0.368171
232.540000,3.758583,-1.177053,1.470705,-0.026975,0.258189,1.838876,4.048502,0.368171
232.600000,3.759622,-1.167321,1.458221,-0.029508,0.267642,1.826392,4.051743,0.368171
232.640000,3.760385,-1.160814,1.450015,-0.031138,0.273988,1.818186,4.053924,0.368171
232.680000,3.761204,-1.154285,1.441912,-0.032723,0.280374,1.810083,4.056123,0.368171
232.740000,3.762536,-1.144470,1.429947,-0.035013,0.290011,1.798118,4.059448,0.368171
232.780000,3.763493,-1.137907,1.422088,-0.036482,0.296479,1.790258,4.061684,0.368171
232.840000,3.765031,-1.128031,1.410488,-0.038601,0.306246,1.778658,4.065068,0.368171
232.880000,3.766125,-1.121429,1.402891,-0.039958,0.312800,1.771062,4.067343,0.368171
232.940000,3.767865,-1.111501,1.391689,-0.041907,0.322689,1.759859,4.070782,0.368171
232.980000,3.769091,-1.104868,1.384345,-0.043150,0.329318,1.752516,4.073092,0.368171
233.040000,3.771029,-1.094896,1.373511,-0.044932,0.339319,1.741681,4.076583,0.368171
233.080000,3.772386,-1.088228,1.366424,-0.046065,0.346029,1.734594,4.078929,0.368171
233.140000,3.774518,-1.078206,1.355998,-0.047683,0.356147,1.724169,4.082474,0.368171
233.180000,3.776003,-1.071508,1.349189,-0.048708,0.362931,1.717360,4.084854,0.368171
233.240000,3.778324,-1.061444,1.339166,-0.050165,0.373156,1.707336,4.088448,0.368171
233.280000,3.779935,-1.054715,1.332627,-0.051084,0.380013,1.700798,4.090862,0.368171
233.340000,3.782439,-1.044615,1.323010,-0.052383,0.390338,1.691180,4.094502,0.368171
233.380000,3.784168,-1.037870,1.316714,-0.053198,0.397253,1.684885,4.096944,0.368171
233.440000,3.786869,-1.027663,1.307576,0.001348,0.427762,1.539641,4.055666,0.232065
233.480000,3.788888,-1.020246,1.302624,0.001608,0.435444,1.534689,4.057404,0.232065
233.540000,3.792028,-1.008942,1.297596,0.002064,0.447167,1.529661,4.060060,0.232065
233.580000,3.794139,-1.001436,1.295844,0.002392,0.454958,1.527910,4.061826,0.232065
233.640000,3.797313,-0.990201,1.295617,0.002896,0.466621,1.527682,4.064471,0.232065
233.680000,3.799421,-0.982716,1.296923,0.003227,0.474390,1.528988,4.066233,0.232065
233.740000,3.802565,-0.971480,1.299167,0.003702,0.486049,1.531233,4.068876,0.232065
233.780000,3.804647,-0.963980,1.300650,0.004004,0.493827,1.532715,4.070638,0.232065
233.840000,3.807753,-0.952717,1.302832,0.004436,0.505502,1.534897,4.073282,0.232065
233.880000,3.809811,-0.945200,1.304254,0.004710,0.513291,1.536320,4.075045,0.232065
233.940000,3.812881,-0.933912,1.306339,0.005101,0.524982,1.538405,4.077690,0.232065
233.980000,3.814915,-0.926378,1.307695,0.005348,0.532782,1.539761,4.079454,0.232065
234.040000,3.817950,-0.915065,1.309682,0.005700,0.544490,1.541747,4.082101,0.232065
234.080000,3.819963,-0.907515,1.310973,0.005922,0.552300,1.543038,4.083866,0.232065
234.140000,3.822965,-0.896178,1.312861,0.006236,0.564024,1.544926,4.086515,0.232065
234.180000,3.824956,-0.888612,1.314088,0.006434,0.571844,1.546154,4.088281,0.232065
234.240000,3.827927,-0.877252,1.315880,0.006713,0.583583,1.547946,4.090931,0.232065
234.280000,3.829897,-0.869672,1.317043,0.006887,0.591414,1.549108,4.092698,0.232065
234.340000,3.832810,-0.858402,1.318883,0.021043,0.603139,1.521895,4.082361,0.203012
234.380000,3.834692,-0.851057,1.321065,0.021406,0.610713,1.524077,4.083861,0.203012
234.440000,3.837485,-0.840020,1.324932,0.021916,0.622086,1.527944,4.086113,0.203012
234.480000,3.839325,-0.832646,1.327575,0.022231,0.629680,1.530587,4.087616,0.203012
234.540000,3.842053,-0.821557,1.331472,0.022668,0.641091,1.534484,4.089871,0.203012
234.580000,3.843851,-0.814149,1.334013,0.022935,0.648710,1.537025,4.091376,0.203012
234.640000,3.846517,-0.803011,1.337720,0.023300,0.660156,1.540732,4.093634,0.203012
234.680000,3.848274,-0.795569,1.340120,0.023521,0.667799,1.543132,4.095141,0.203012
234.740000,3.850880,-0.784383,1.343611,0.023819,0.679282,1.546623,4.097404,0.203012
234.780000,3.852600,-0.776907,1.345861,0.023995,0.686951,1.548873,4.098913,0.203012
234.840000,3.855150,-0.765674,1.349139,0.024229,0.698467,1.552151,4.101179,0.203012
234.880000,3.856833,-0.758170,1.351256,0.024364,0.706156,1.554268,4.102691,0.203012
234.940000,3.859331,-0.746892,1.354330,0.024537,0.717706,1.557342,4.104960,0.203012
234.980000,3.860980,-0.739359,1.356310,0.024633,0.725417,1.559322,4.106474,0.203012
235.040000,3.863429,-0.728039,1.359182,0.024749,0.736999,1.562194,4.108746,0.203012
235.080000,3.865046,-0.720478,1.361030,0.024809,0.744730,1.564042,4.110262,0.203012
235.140000,3.867449,-0.709115,1.363695,0.024872,0.756344,1.566707,4.112539,0.203012
235.180000,3.869036,-0.701528,1.365411,0.024897,0.764096,1.568423,4.114057,0.203012
235.240000,3.871380,-0.690206,1.368030,0.033455,0.775169,1.549076,4.108162,0.181045
235.280000,3.872900,-0.682768,1.370379,0.033611,0.782760,1.551425,4.109491,0.181045
235.340000,3.875150,-0.671585,1.374207,0.033810,0.794165,1.555252,4.111486,0.181045
235.380000,3.876628,-0.664113,1.376767,0.033919,0.801781,1.557812,4.112816,0.181045
235.440000,3.878814,-0.652879,1.380516,0.034046,0.813225,1.561561,4.114815,0.181045
235.480000,3.880251,-0.645370,1.382930,0.034107,0.820870,1.563975,4.116148,0.181045
235.540000,3.882376,-0.634084,1.386436,0.034165,0.832354,1.567481,4.118150,0.181045
235.580000,3.883773,-0.626543,1.388694,0.034182,0.840023,1.569739,4.119486,0.181045
235.640000,3.885841,-0.615205,1.391952,0.034175,0.851548,1.572998,4.121492,0.181045
235.680000,3.887202,-0.607632,1.394041,0.034150,0.859243,1.575086,4.122830,0.181045
235.740000,3.889219,-0.596245,1.397045,0.034083,0.870807,1.578090,4.124840,0.181045
235.780000,3.890546,-0.588639,1.398968,0.034019,0.878527,1.580013,4.126181,0.181045
235.840000,3.892513,-0.577211,1.401745,0.033896,0.890123,1.582790,4.128194,0.181045
235.880000,3.893809,-0.569576,1.403520,0.033797,0.897866,1.584565,4.129538,0.181045
235.940000,3.895730,-0.558106,1.406081,0.033621,0.909495,1.587126,4.131554,0.181045
235.980000,3.896997,-0.550445,1.407716,0.033488,0.917258,1.588761,4.132899,0.181045
236.040000,3.898873,-0.538958,1.410121,0.036003,0.928798,1.584186,4.132321,0.174065
236.080000,3.900714,-0.527506,1.412742,0.035893,0.936529,1.585926,4.132824,0.173185
236.140000,3.901926,-0.519859,1.414491,0.035702,0.948138,1.588556,4.135541,0.174065
236.180000,3.903126,-0.512200,1.416198,0.035558,0.955889,1.590263,4.136831,0.174065
236.240000,3.904905,-0.500691,1.418659,0.035317,0.967532,1.592724,4.138767,0.174065
236.280000,3.906077,-0.493006,1.420227,0.035140,0.975304,1.594292,4.140059,0.174065
236.340000,3.907816,-0.481455,1.422461,0.034853,0.986981,1.596526,4.141999,0.174065
236.380000,3.908963,-0.473743,1.423883,0.034646,0.994775,1.597948,4.143293,0.174065
236.440000,3.910666,-0.462157,1.425912,0.034316,1.006481,1.599977,4.145236,0.174065
236.500000,3.912348,-0.450549,1.427819,0.033963,1.018205,1.601884,4.147181,0.174065
236.540000,3.913459,-0.442797,1.429016,0.033715,1.026032,1.603081,4.148479,0.174065
236.580000,3.914562,-0.435038,1.430164,0.033457,1.033865,1.604229,4.149777,0.174065
236.640000,3.916202,-0.423383,1.431792,0.033054,1.045628,1.605857,4.151726,0.174065
236.680000,3.917287,-0.415602,1.432816,0.032775,1.053479,1.606881,4.153027,0.174065
236.740000,3.918901,-0.403916,1.434258,0.032341,1.065269,1.608323,4.154979,0.174065
236.780000,3.919969,-0.396115,1.435160,0.032042,1.073137,1.609225,4.156282,0.174065
236.840000,3.921561,-0.384397,1.436416,0.031580,1.084953,1.610481,4.158238,0.174065
236.880000,3.922615,-0.376577,1.437197,0.031264,1.092838,1.611262,4.159542,0.174065
236.940000,3.924186,-0.364833,1.438288,0.030778,1.104677,1.612354,4.161501,0.174065
236.980000,3.925229,-0.356993,1.438959,0.030446,1.112578,1.613024,4.162808,0.174065
237.040000,3.926784,-0.345224,1.439884,0.029940,1.124439,1.613950,4.164769,0.174065
237.080000,3.927816,-0.337369,1.440453,0.029596,1.132354,1.614518,4.166078,0.174065
237.140000,3.929357,-0.325576,1.441232,0.029071,1.144236,1.615297,4.168042,0.174065
237.180000,3.930380,-0.317706,1.441702,0.028716,1.152164,1.615768,4.169353,0.174065
237.240000,3.931910,-0.305890,1.442338,0.028177,1.164066,1.616403,4.171320,0.174065
237.280000,3.932927,-0.298005,1.442711,0.027813,1.172008,1.616777,4.172632,0.174065
237.340000,3.934449,-0.286168,1.443205,0.027261,1.183930,1.617270,4.174602,0.174065
237.380000,3.935461,-0.278270,1.443490,0.026890,1.191884,1.617555,4.175916,0.174065
237.440000,3.936975,-0.266427,1.443756,0.022160,1.203689,1.628291,4.181748,0.184535
237.500000,3.938485,-0.254614,1.443389,0.021478,1.215578,1.627924,4.183828,0.184535
237.540000,3.939495,-0.246743,1.443002,0.021026,1.223501,1.627537,4.185214,0.184535
237.580000,3.940508,-0.238874,1.442568,0.020578,1.231422,1.627103,4.186600,0.184535
237.640000,3.942033,-0.227076,1.441872,0.019912,1.243299,1.626407,4.188679,0.184535
237.680000,3.943054,-0.219214,1.441387,0.019474,1.251215,1.625922,4.190065,0.184535
237.740000,3.944593,-0.207426,1.440633,0.018823,1.263086,1.625168,4.192144,0.184535
237.780000,3.945623,-0.199569,1.440115,0.018394,1.270998,1.624650,4.193530,0.184535
237.840000,3.947177,-0.187788,1.439317,0.017760,1.282864,1.623852,4.195609,0.184535
237.880000,3.948217,-0.179937,1.438772,0.017342,1.290773,1.623307,4.196995,0.184535
237.940000,3.949786,-0.168163,1.437936,0.016723,1.302635,1.622471,4.199074,0.184535
237.980000,3.950836,-0.160316,1.437368,0.016317,1.310541,1.621903,4.200461,0.184535
238.040000,3.952421,-0.148550,1.436500,0.015715,1.322399,1.621035,4.202540,0.184535
238.080000,3.953483,-0.140707,1.435911,0.015320,1.330303,1.620446,4.203927,0.184535
238.140000,3.955084,-0.128947,1.435015,0.014736,1.342158,1.619550,4.206007,0.184535
238.180000,3.956158,-0.121108,1.434410,0.014353,1.350060,1.618945,4.207393,0.184535
238.240000,3.957777,-0.109353,1.433493,0.013787,1.361913,1.618028,4.209474,0.184535
238.280000,3.958862,-0.101517,1.432876,0.013416,1.369815,1.617411,4.210862,0.184535
238.340000,3.960498,-0.089767,1.431942,0.012869,1.381666,1.616477,4.212943,0.184535
238.380000,3.961595,-0.081934,1.431315,0.012510,1.389567,1.615850,4.214331,0.184535
238.440000,3.963250,-0.070188,1.430368,0.011982,1.401417,1.614903,4.216414,0.184535
238.480000,3.964359,-0.062358,1.429733,0.011636,1.409317,1.614268,4.217802,0.184535
238.540000,3.966033,-0.050616,1.428777,0.011126,1.421168,1.613313,4.219886,0.184535
238.580000,3.967154,-0.042788,1.428138,0.010792,1.429068,1.612673,4.221275,0.184535
238.640000,3.968846,-0.031049,1.427177,0.010301,1.440918,1.611712,4.223360,0.184535
238.680000,3.969980,-0.023224,1.426535,0.009980,1.448819,1.611070,4.224750,0.184535
238.740000,3.971691,-0.011488,1.425572,0.009509,1.460670,1.610107,4.226835,0.184535
238.780000,3.972838,-0.003664,1.424930,0.009200,1.468571,1.609465,4.228226,0.184535
238.840000,3.974564,0.008044,1.423898,0.005934,1.480246,1.615413,4.232895,0.191515
238.880000,3.975716,0.015809,1.422990,0.005587,1.488088,1.614505,4.234328,0.191515
238.940000,3.977459,0.027456,1.421505,0.005081,1.499854,1.613020,4.236478,0.191515
238.980000,3.978631,0.035221,1.420498,0.004754,1.507699,1.612013,4.237912,0.191515
239.040000,3.980404,0.046870,1.418987,0.004277,1.519473,1.610502,4.240065,0.191515
239.080000,3.981597,0.054637,1.417980,0.003969,1.527325,1.609495,4.241501,0.191515
239.140000,3.983400,0.066291,1.416469,0.003522,1.539109,1.607984,4.243658,0.191515
239.180000,3.984613,0.074060,1.415461,0.003233,1.546968,1.606976,4.245096,0.191515
239.240000,3.986448,0.085718,1.413948,0.002815,1.558761,1.605463,4.247256,0.191515
239.280000,3.987681,0.093490,1.412940,0.002546,1.566626,1.604455,4.248697,0.191515
239.340000,3.989546,0.105152,1.411426,0.002158,1.578429,1.602941,4.250860,0.191515
239.400000,3.991430,0.116815,1.409912,0.001787,1.590238,1.601427,4.253025,0.191515
239.440000,3.992696,0.124591,1.408902,0.001550,1.598113,1.600417,4.254470,0.191515
239.500000,3.994611,0.136258,1.407387,0.001209,1.609931,1.598902,4.256638,0.191515
239.540000,3.995897,0.144037,1.406376,0.000991,1.617813,1.597891,4.258085,0.191515
239.580000,3.997192,0.151817,1.405365,0.000781,1.625697,1.596880,4.259533,0.191515
239.640000,3.999150,0.163489,1.403848,0.000482,1.637528,1.595363,4.261706,0.191515
239.680000,4.000465,0.171271,1.402836,0.000292,1.645419,1.594352,4.263156,0.191515
239.740000,4.002454,0.182947,1.401318,0.000022,1.657259,1.592833,4.265332,0.191515
239.780000,4.003790,0.190732,1.400306,-0.000148,1.665156,1.591821,4.266785,0.191515
239.840000,4.005810,0.202410,1.398787,-0.000388,1.677006,1.590302,4.268964,0.191515
239.880000,4.007167,0.210198,1.397773,-0.000539,1.684909,1.589289,4.270419,0.191515
239.940000,4.009218,0.221880,1.396253,-0.000749,1.696768,1.587768,4.272602,0.191515
239.980000,4.010596,0.229669,1.395239,-0.000879,1.704677,1.586754,4.274059,0.191515
240.040000,4.012678,0.241355,1.393717,-0.001059,1.716546,1.585233,4.276245,0.191515
240.080000,4.014076,0.249147,1.392703,-0.001170,1.724461,1.584218,4.277704,0.191515
240.140000,4.016189,0.260836,1.391180,-0.001320,1.736339,1.582695,4.279894,0.191515
240.180000,4.017609,0.268630,1.390164,-0.001410,1.744260,1.581679,4.281355,0.191515
240.240000,4.019753,0.280323,1.388644,-0.001366,1.760042,1.580159,4.284737,0.191515
240.280000,4.021194,0.288122,1.387642,-0.001437,1.767972,1.579157,4.286200,0.191515
240.340000,4.023370,0.299821,1.386146,-0.001527,1.779872,1.577662,4.288397,0.191515
240.380000,4.024831,0.307621,1.385151,-0.001578,1.787808,1.576666,4.289862,0.191515
240.440000,4.027038,0.319323,1.383657,-0.001639,1.799716,1.575173,4.292062,0.191515
240.480000,4.028519,0.327126,1.382662,-0.001670,1.807658,1.574177,4.293529,0.191515
240.540000,4.030757,0.338832,1.381168,-0.001701,1.819575,1.572683,4.295732,0.191515
240.580000,4.032259,0.346636,1.380171,-0.001712,1.827523,1.571686,4.297202,0.191515
240.640000,4.034527,0.358344,1.378676,-0.001714,1.839449,1.570191,4.299408,0.191515
240.680000,4.036050,0.366151,1.377679,-0.001705,1.847402,1.569194,4.300880,0.191515
240.740000,4.038352,0.377878,1.376304,-0.001677,1.859354,1.567819,4.303092,0.191515
240.780000,4.039899,0.385726,1.375964,-0.001652,1.867353,1.567479,4.304573,0.191515
240.840000,4.042223,0.397494,1.375837,-0.001611,1.879348,1.567352,4.306795,0.191515
240.880000,4.043772,0.405339,1.375830,-0.001583,1.887344,1.567345,4.308275,0.191515
240.940000,4.046095,0.417106,1.375851,-0.001542,1.899338,1.567366,4.310497,0.191515
240.980000,4.047644,0.424951,1.375872,-0.001515,1.907334,1.567387,4.311977,0.191515
241.040000,4.049967,0.436718,1.375905,-0.001474,1.919328,1.567420,4.314199,0.191515
241.080000,4.051516,0.444562,1.375928,-0.001447,1.927324,1.567443,4.315680,0.191515
241.140000,4.053838,0.456330,1.375963,-0.001407,1.939319,1.567478,4.317901,0.191515
241.180000,4.055386,0.464175,1.375986,-0.001380,1.947315,1.567501,4.319382,0.191515
241.240000,4.057708,0.475942,1.376020,-0.001341,1.959309,1.567535,4.321603,0.191515
241.280000,4.059255,0.483788,1.376043,-0.001315,1.967306,1.567558,4.323084,0.191515
241.340000,4.061576,0.495556,1.376078,-0.001277,1.979300,1.567593,4.325306,0.191515
241.380000,4.063124,0.503401,1.376101,-0.001251,1.987297,1.567616,4.326787,0.191515
241.440000,4.065444,0.515169,1.376136,-0.001213,1.999292,1.567651,4.329009,0.191515
241.480000,4.066991,0.523015,1.376159,-0.001188,2.007288,1.567674,4.330490,0.191515
241.540000,4.069311,0.534783,1.376194,-0.001151,2.019283,1.567709,4.332712,0.191515
241.580000,4.070857,0.542629,1.376218,-0.001126,2.027280,1.567733,4.334193,0.191515
241.640000,4.073175,0.554396,1.376243,-0.003358,2.035786,1.565432,4.337354,0.189188
241.680000,4.074721,0.562239,1.376220,-0.003315,2.043780,1.565409,4.338818,0.189188
241.740000,4.077040,0.574004,1.376167,-0.003250,2.055771,1.565356,4.341014,0.189188
241.780000,4.078586,0.581848,1.376131,-0.003206,2.063766,1.565320,4.342478,0.189188
241.840000,4.080906,0.593615,1.376082,-0.003140,2.075759,1.565271,4.344674,0.189188
241.880000,4.082454,0.601460,1.376055,-0.003096,2.083756,1.565243,4.346138,0.189188
241.940000,4.084775,0.613229,1.376020,-0.003029,2.095751,1.565208,4.348335,0.189188
241.980000,4.086323,0.621075,1.376001,-0.002984,2.103749,1.565190,4.349800,0.189188
242.040000,4.088646,0.632846,1.375980,-0.002917,2.115746,1.565168,4.351997,0.189188
242.080000,4.090194,0.640694,1.375969,-0.002872,2.123745,1.565158,4.353462,0.189188
242.140000,4.092517,0.652466,1.375961,-0.002804,2.135744,1.565149,4.355660,0.189188
242.180000,4.094066,0.660314,1.375959,-0.002759,2.143744,1.565147,4.357125,0.189188
242.240000,4.096389,0.672086,1.375961,-0.002691,2.155743,1.565150,4.359323,0.189188
242.280000,4.097938,0.679934,1.375967,-0.002646,2.163741,1.565156,4.360788,0.189188
242.340000,4.100261,0.691704,1.375981,-0.002578,2.175739,1.565170,4.362986,0.189188
242.380000,4.101809,0.699551,1.375994,-0.002534,2.183736,1.565182,4.364451,0.189188
242.440000,4.104131,0.711320,1.376018,-0.002466,2.195732,1.565206,4.366648,0.189188
242.480000,4.105679,0.719166,1.376036,-0.002422,2.203729,1.565225,4.368113,0.189188
242.540000,4.108000,0.730934,1.376069,-0.002355,2.215724,1.565257,4.370311,0.189188
242.600000,4.110320,0.742702,1.376106,-0.002289,2.227718,1.565295,4.372508,0.189188
242.640000,4.111867,0.750547,1.376134,-0.002245,2.235714,1.565322,4.373973,0.189188
242.680000,4.113414,0.758391,1.376164,-0.002201,2.243709,1.565352,4.375438,0.189188
242.740000,4.115733,0.770158,1.376211,-0.002136,2.255702,1.565400,4.377635,0.189188
242.800000,4.118051,0.781924,1.376263,-0.002072,2.267694,1.565452,4.379832,0.189188
242.840000,4.119597,0.789768,1.376300,-0.002029,2.275689,1.565488,4.381297,0.189188
242.880000,4.121142,0.797611,1.376338,-0.001987,2.283683,1.565527,4.382761,0.189188
242.940000,4.123458,0.809377,1.376399,-0.001924,2.295674,1.565587,4.384958,0.189188
242.980000,4.125002,0.817220,1.376441,-0.001883,2.303668,1.565629,4.386423,0.189188
243.040000,4.127315,0.828972,1.376541,-0.000398,2.315634,1.562239,4.387275,0.185698
243.080000,4.128852,0.836787,1.376723,-0.000331,2.323599,1.562422,4.388708,0.185698
243.140000,4.131154,0.848510,1.377065,-0.000233,2.335545,1.562764,4.390858,0.185698
243.180000,4.132687,0.856326,1.377304,-0.000170,2.343510,1.563002,4.392291,0.185698
243.240000,4.134982,0.868052,1.377662,-0.000079,2.355459,1.563360,4.394440,0.185698
243.280000,4.136510,0.875871,1.377897,-0.000020,2.363425,1.563595,4.395873,0.185698
243.340000,4.138799,0.887601,1.378243,0.000064,2.375376,1.563942,4.398023,0.185698
243.380000,4.140323,0.895421,1.378469,0.000117,2.383343,1.564168,4.399456,0.185698
243.440000,4.142606,0.907154,1.378802,0.000195,2.395296,1.564500,4.401606,0.185698
243.480000,4.144126,0.914977,1.379019,0.000244,2.403265,1.564717,4.403039,0.185698
243.540000,4.146403,0.926713,1.379337,0.000315,2.415220,1.565035,4.405190,0.185698
243.580000,4.147918,0.934538,1.379544,0.000360,2.423190,1.565243,4.406623,0.185698
243.640000,4.150189,0.946278,1.379849,0.000424,2.435147,1.565547,4.408773,0.185698
243.680000,4.151702,0.954105,1.380047,0.000465,2.443119,1.565745,4.410207,0.185698
243.740000,4.153967,0.965847,1.380338,0.000524,2.455077,1.566036,4.412357,0.185698
243.800000,4.156230,0.977591,1.380620,0.000579,2.467037,1.566319,4.414508,0.185698
243.840000,4.157736,0.985422,1.380803,0.000614,2.475011,1.566502,4.415942,0.185698
243.880000,4.159242,0.993253,1.380983,0.000648,2.482986,1.566682,4.417376,0.185698
243.940000,4.161497,1.005001,1.381246,0.000696,2.494948,1.566945,4.419527,0.185698
243.980000,4.162999,1.012834,1.381417,0.000726,2.502924,1.567116,4.420961,0.185698
244.040000,4.165250,1.024585,1.381667,0.000768,2.514889,1.567365,4.423112,0.185698
244.080000,4.166749,1.032420,1.381829,0.000795,2.522866,1.567528,4.424546,0.185698
244.140000,4.168996,1.044174,1.382066,0.000833,2.534832,1.567764,4.426697,0.185698
244.180000,4.170492,1.052011,1.382219,0.000856,2.542811,1.567918,4.428131,0.185698
244.240000,4.172734,1.063767,1.382443,0.000889,2.554779,1.568142,4.430283,0.185698
244.280000,4.174228,1.071606,1.382588,0.000910,2.562759,1.568286,4.431718,0.185698
244.340000,4.176466,1.083365,1.382798,0.000939,2.574729,1.568496,4.433869,0.185698
244.380000,4.177957,1.091205,1.382934,0.000956,2.582710,1.568633,4.435304,0.185698
244.440000,4.180186,1.102935,1.383209,0.008226,2.594576,1.566580,4.430603,0.183372
244.480000,4.181658,1.110702,1.383699,0.008257,2.602481,1.567071,4.432006,0.183372
244.540000,4.183859,1.122356,1.384597,0.008296,2.614342,1.567969,4.434112,0.183372
244.580000,4.185321,1.130130,1.385215,0.008316,2.622252,1.568587,4.435516,0.183372
244.640000,4.187506,1.141799,1.386120,0.008337,2.634123,1.569492,4.437622,0.183372
244.680000,4.188958,1.149582,1.386704,0.008345,2.642040,1.570076,4.439027,0.183372
244.740000,4.191128,1.161262,1.387552,0.008348,2.653920,1.570923,4.441134,0.183372
244.780000,4.192569,1.169053,1.388094,0.008345,2.661844,1.571466,4.442539,0.183372
244.840000,4.194725,1.180746,1.388875,0.008333,2.673734,1.572247,4.444648,0.183372
244.880000,4.196158,1.188545,1.389375,0.008319,2.681664,1.572747,4.446054,0.183372
244.940000,4.198300,1.200250,1.390094,0.008292,2.693562,1.573465,4.448163,0.183372
245.000000,4.200436,1.211961,1.390775,0.008256,2.705467,1.574147,4.450273,0.183372
245.040000,4.201856,1.219772,1.391210,0.008227,2.713406,1.574582,4.451680,0.183372
245.080000,4.203272,1.227586,1.391629,0.008196,2.721347,1.575000,4.453088,0.183372
245.140000,4.205392,1.239312,1.392228,0.008142,2.733263,1.575600,4.455199,0.183372
245.180000,4.207506,1.251044,1.392794,0.008102,2.741209,1.575981,4.455961,0.183187
245.240000,4.208913,1.258868,1.393152,0.008037,2.753133,1.576524,4.458720,0.183372
245.280000,4.210317,1.266696,1.393495,0.007990,2.761086,1.576867,4.460129,0.183372
245.340000,4.212418,1.278441,1.393984,0.007915,2.773017,1.577356,4.462242,0.183372
245.380000,4.213817,1.286274,1.394293,0.007862,2.780974,1.577664,4.463652,0.183372
245.440000,4.215910,1.298029,1.394729,0.007777,2.792913,1.578101,4.465766,0.183372
245.480000,4.217304,1.305868,1.395004,0.007718,2.800875,1.578375,4.467176,0.183372
245.540000,4.219391,1.317630,1.395392,0.007625,2.812821,1.578763,4.469292,0.183372
245.580000,4.220780,1.325474,1.395636,0.007560,2.820786,1.579007,4.470702,0.183372
245.640000,4.222861,1.337244,1.395980,0.007460,2.832738,1.579352,4.472819,0.183372
245.680000,4.224246,1.345093,1.396195,0.007391,2.840708,1.579567,4.474230,0.183372
245.740000,4.226322,1.356870,1.396496,0.007105,2.852667,1.580333,4.476516,0.183837
245.780000,4.227704,1.364727,1.396674,0.006845,2.860643,1.580976,4.478104,0.184302
245.840000,4.229778,1.376521,1.396883,0.006627,2.872617,1.581418,4.480324,0.184535
245.880000,4.231160,1.384388,1.396986,0.006542,2.880605,1.581522,4.481747,0.184535
245.940000,4.233231,1.396192,1.397115,0.006413,2.892588,1.581650,4.483882,0.184535
246.000000,4.235302,1.407998,1.397220,0.006282,2.904573,1.581755,4.486017,0.184535
246.040000,4.236682,1.415870,1.397280,0.006194,2.912565,1.581815,4.487441,0.184535
246.060000,4.237372,1.419806,1.397307,0.006150,2.916561,1.581842,4.488153,0.184535
246.080000,4.238062,1.423743,1.397332,0.006106,2.920558,1.581867,4.488865,0.184535
246.280000,4.244959,1.463126,1.397482,0.005660,2.960538,1.582017,4.495987,0.184535
246.340000,4.247028,1.474946,1.397494,0.005525,2.972536,1.582029,4.498125,0.184535
246.380000,4.248408,1.482825,1.397494,0.005435,2.980535,1.582029,4.499550,0.184535
246.440000,4.250477,1.494643,1.397483,0.005300,2.992532,1.582019,4.501688,0.184535
246.480000,4.251856,1.502521,1.397469,0.005211,3.000529,1.582004,4.503113,0.184535
246.540000,4.253924,1.514336,1.397437,0.005076,3.012523,1.581972,4.505250,0.184535
246.580000,4.255304,1.522211,1.397409,0.004987,3.020518,1.581944,4.506674,0.184535
246.640000,4.257373,1.534023,1.397359,0.004854,3.032509,1.581894,4.508811,0.184535
246.680000,4.258753,1.541897,1.397319,0.004765,3.040502,1.581854,4.510236,0.184535
246.740000,4.260822,1.553707,1.397252,0.004633,3.052491,1.581787,4.512372,0.184535
246.780000,4.262893,1.565516,1.397184,0.004545,3.060484,1.581742,4.513142,0.184558
246.840000,4.264274,1.573389,1.397139,0.004414,3.072473,1.581674,4.515933,0.184535
246.880000,4.265655,1.581262,1.397093,0.004328,3.080465,1.581628,4.517358,0.184535
246.920000,4.267037,1.589134,1.397048,0.004241,3.088458,1.581583,4.518783,0.184535
246.960000,4.268419,1.597007,1.397002,0.004155,3.096450,1.581537,4.520207,0.184535
247.040000,4.271183,1.612747,1.396876,0.003985,3.112430,1.581411,4.523056,0.184535
247.080000,4.272566,1.620615,1.396796,0.003900,3.120418,1.581331,4.524480,0.184535
247.140000,4.274641,1.632415,1.396669,0.003775,3.132398,1.581204,4.526616,0.184535
247.180000,4.276025,1.640281,1.396581,0.003692,3.140385,1.581116,4.528039,0.184535
247.240000,4.278101,1.652073,1.396424,0.002249,3.151972,1.581964,4.531292,0.185539
247.280000,4.279484,1.659921,1.396250,0.002161,3.159941,1.581790,4.532721,0.185539
247.340000,4.281562,1.671693,1.395948,0.002031,3.171894,1.581488,4.534864,0.185539
247.380000,4.282949,1.679541,1.395739,0.001946,3.179863,1.581278,4.536293,0.185539
247.440000,4.285033,1.691313,1.395424,0.001823,3.191817,1.580963,4.538436,0.185539
247.480000,4.286425,1.699161,1.395215,0.001743,3.199787,1.580754,4.539865,0.185539
247.540000,4.288515,1.710932,1.394904,0.001626,3.211742,1.580443,4.542009,0.185539
247.580000,4.289910,1.718780,1.394698,0.001550,3.219712,1.580238,4.543439,0.185539
247.640000,4.292007,1.730551,1.394393,0.001439,3.231668,1.579932,4.545583,0.185539
247.680000,4.293406,1.738398,1.394191,0.001367,3.239639,1.579731,4.547013,0.185539
247.740000,4.295509,1.750169,1.393893,0.001262,3.251596,1.579432,4.549159,0.185539
247.780000,4.296913,1.758017,1.393696,0.001193,3.259568,1.579235,4.550589,0.185539
247.840000,4.299021,1.769788,1.393404,0.001094,3.271526,1.578943,4.552735,0.185539
247.880000,4.300429,1.777635,1.393212,0.001030,3.279498,1.578751,4.554165,0.185539
247.940000,4.302543,1.789406,1.392928,0.000937,3.291457,1.578467,4.556312,0.185539
247.980000,4.303955,1.797254,1.392741,0.000876,3.299430,1.578281,4.557743,0.185539
248.040000,4.306075,1.809025,1.392465,0.000788,3.311391,1.578004,4.559890,0.185539
248.080000,4.307490,1.816872,1.392283,0.000732,3.319365,1.577822,4.561321,0.185539
248.140000,4.309616,1.828644,1.392014,0.000649,3.331326,1.577553,4.563468,0.185539
248.180000,4.311034,1.836491,1.391838,0.000596,3.339301,1.577377,4.564900,0.185539
248.240000,4.313165,1.848263,1.391577,0.000519,3.351263,1.577116,4.567048,0.185539
248.280000,4.314588,1.856111,1.391406,0.000469,3.359239,1.576945,4.568481,0.185539
248.340000,4.316724,1.867883,1.391154,0.000397,3.371203,1.576693,4.570629,0.185539
248.380000,4.318150,1.875731,1.390989,0.000351,3.379179,1.576528,4.572062,0.185539
248.440000,4.320291,1.887503,1.390745,0.000284,3.391145,1.576285,4.574211,0.185539
248.480000,4.321721,1.895351,1.390586,0.000240,3.399122,1.576125,4.575644,0.185539
248.540000,4.323867,1.907124,1.390351,0.000178,3.411088,1.575890,4.577793,0.185539
248.580000,4.325299,1.914973,1.390197,0.000138,3.419066,1.575737,4.579227,0.185539
248.640000,4.327450,1.926746,1.389971,0.000080,3.431034,1.575510,4.581377,0.185539
248.680000,4.328886,1.934594,1.389823,0.000043,3.439013,1.575363,4.582811,0.185539
248.740000,4.331041,1.946368,1.389606,-0.000010,3.450982,1.575145,4.584961,0.185539
248.780000,4.332480,1.954217,1.389464,-0.000044,3.458962,1.575003,4.586395,0.185539
248.840000,4.334640,1.965991,1.389255,-0.000093,3.470932,1.574795,4.588547,0.185539
248.880000,4.336081,1.973841,1.389119,-0.000125,3.478913,1.574659,4.589981,0.185539
248.940000,4.338246,1.985615,1.388919,-0.000170,3.490885,1.574459,4.592133,0.185539
248.980000,4.339690,1.993465,1.388789,-0.000198,3.498866,1.574329,4.593567,0.185539
249.040000,4.341858,2.005240,1.388598,-0.000240,3.510839,1.574138,4.595720,0.185539
249.080000,4.343305,2.013090,1.388472,-0.000266,3.518821,1.574012,4.597155,0.185539
249.140000,4.345477,2.024865,1.388285,-0.000303,3.530795,1.573824,4.599308,0.185539
249.180000,4.346926,2.032716,1.388160,-0.000327,3.538778,1.573699,4.600743,0.185539
249.240000,4.349103,2.044492,1.387972,-0.000360,3.550754,1.573511,4.602896,0.185539
249.280000,4.350555,2.052342,1.387847,-0.000382,3.558737,1.573386,4.604332,0.185539
249.340000,4.352734,2.064118,1.387659,-0.000411,3.570714,1.573199,4.606486,0.185539
249.380000,4.354189,2.071969,1.387534,-0.000430,3.578698,1.573074,4.607921,0.185539
249.440000,4.356373,2.083746,1.387347,-0.000456,3.590675,1.572886,4.610076,0.185539
249.480000,4.357830,2.091597,1.387222,-0.000473,3.598661,1.572761,4.611512,0.185539
249.540000,4.360018,2.103374,1.387034,-0.000495,3.610639,1.572574,4.613667,0.185539
249.580000,4.361478,2.111225,1.386909,-0.000509,3.618625,1.572449,4.615103,0.185539
249.640000,4.363669,2.123003,1.386722,-0.000527,3.630604,1.572261,4.617258,0.185539
249.680000,4.365131,2.130854,1.386597,-0.000539,3.638591,1.572136,4.618695,0.185539
249.740000,4.367327,2.142632,1.386409,-0.000553,3.650572,1.571948,4.620851,0.185539
249.780000,4.368792,2.150484,1.386284,-0.000562,3.658559,1.571823,4.622288,0.185539
249.840000,4.370991,2.162262,1.386096,-0.000573,3.670541,1.571636,4.624444,0.185539
249.880000,4.372459,2.170114,1.385971,-0.000580,3.678529,1.571511,4.625881,0.185539
249.940000,4.374662,2.181892,1.385784,-0.000587,3.690511,1.571323,4.628038,0.185539
249.980000,4.376132,2.189745,1.385659,-0.000591,3.698500,1.571198,4.629476,0.185539
250.040000,4.378335,2.201499,1.385353,-0.004238,3.710510,1.570903,4.635090,0.185550
250.080000,4.379799,2.209295,1.384765,-0.004237,3.718442,1.570315,4.636518,0.185550
250.140000,4.382007,2.220988,1.383642,-0.004225,3.730342,1.569192,4.638661,0.185550
250.200000,4.384229,2.232683,1.382429,-0.004198,3.742246,1.567979,4.640805,0.185550
250.240000,4.385718,2.240480,1.381605,-0.004173,3.750184,1.567155,4.642236,0.185550
250.280000,4.387215,2.248277,1.380777,-0.004141,3.758124,1.566327,4.643667,0.185550
250.340000,4.389472,2.259975,1.379533,-0.004080,3.770037,1.565083,4.645814,0.185550
250.380000,4.390986,2.267773,1.378702,-0.004031,3.777981,1.564252,4.647247,0.185550
250.440000,4.393269,2.279473,1.377456,-0.003946,3.789901,1.563006,4.649397,0.185550
250.480000,4.394799,2.287273,1.376625,-0.003881,3.797850,1.562175,4.650831,0.185550
250.540000,4.397108,2.298975,1.375378,-0.003770,3.809776,1.560928,4.652983,0.185550
250.580000,4.398656,2.306777,1.374546,-0.003689,3.817730,1.560096,4.654419,0.185550
250.640000,4.400990,2.318481,1.373298,-0.003553,3.829664,1.558848,4.656574,0.185550
250.680000,4.402555,2.326284,1.372466,-0.003455,3.837622,1.558016,4.658011,0.185550
250.740000,4.404915,2.337990,1.371217,-0.003295,3.849562,1.556767,4.660168,0.185550
250.780000,4.406497,2.345795,1.370384,-0.003180,3.857525,1.555934,4.661607,0.185550
250.840000,4.408517,2.355730,1.370490,-0.003027,3.867662,1.556040,4.663439,0.185550
250.900000,4.409953,2.362844,1.373440,-0.002929,3.874919,1.558990,4.664750,0.185550
250.940000,4.410587,2.366042,1.376981,-0.002895,3.878179,1.562531,4.665339,0.185550
250.980000,4.410965,2.367986,1.381764,-0.002883,3.880159,1.567314,4.665696,0.185550
251.040000,4.411087,2.368633,1.391339,-0.002882,3.880818,1.576889,4.665815,0.185550
251.080000,4.411087,2.368633,1.399322,-0.002882,3.880818,1.584872,4.665815,0.185550
251.140000,4.411087,2.368633,1.413697,-0.002882,3.880818,1.599247,4.665815,0.185550
251.180000,4.411087,2.368633,1.424880,-0.002882,3.880818,1.610430,4.665815,0.185550
251.240000,4.411087,2.368633,1.444055,-0.002882,3.880818,1.629605,4.665815,0.185550
251.280000,4.411087,2.368633,1.458438,-0.002882,3.880818,1.643988,4.665815,0.185550
251.340000,4.411087,2.368633,1.482413,-0.002882,3.880818,1.667963,4.665815,0.185550
251.380000,4.411087,2.368633,1.499996,-0.002882,3.880818,1.685546,4.665815,0.185550
251.440000,4.411087,2.368633,1.528771,0.003487,3.880872,1.714319,4.659808,0.185548
251.480000,4.411087,2.368633,1.549554,0.003487,3.880872,1.735102,4.659808,0.185548
251.540000,4.411087,2.368633,1.583129,0.003487,3.880872,1.768677,4.659808,0.185548
251.580000,4.411087,2.368633,1.607112,0.003487,3.880872,1.792660,4.659808,0.185548
251.640000,4.411087,2.368633,1.645487,0.003487,3.880872,1.831035,4.659808,0.185548
251.680000,4.411087,2.368633,1.672670,0.003487,3.880872,1.858218,4.659808,0.185548
251.740000,4.411087,2.368633,1.715845,0.003487,3.880872,1.901393,4.659808,0.185548
251.780000,4.411087,2.368633,1.746228,0.003487,3.880872,1.931776,4.659808,0.185548
251.840000,4.411087,2.368633,1.793855,0.003487,3.880872,1.979403,4.659808,0.185548
251.880000,4.411087,2.368633,1.825855,0.003487,3.880872,2.011403,4.659808,0.185548
251.940000,4.411087,2.368633,1.873855,0.003487,3.880872,2.059403,4.659808,0.185548
251.980000,4.411087,2.368633,1.905855,0.003487,3.880872,2.091403,4.659808,0.185548
252.040000,4.411087,2.368633,1.953855,0.003487,3.880872,2.139403,4.659808,0.185548
252.080000,4.411053,2.368712,1.985746,0.003439,3.880943,2.171294,4.659819,0.185548
252.140000,4.410430,2.370026,2.031997,0.002583,3.882120,2.217545,4.659993,0.185548
252.180000,4.409525,2.371776,2.061295,0.001371,3.883673,2.246843,4.660220,0.185548
252.240000,4.407339,2.375658,2.102817,-0.001493,3.887085,2.288365,4.660710,0.185548
252.280000,4.405279,2.379051,2.128899,-0.004144,3.890040,2.314447,4.661126,0.185548
252.340000,4.401210,2.385297,2.165589,-0.009295,3.895428,2.351137,4.661872,0.185548
252.380000,4.397842,2.390152,2.188471,-0.013501,3.899578,2.374019,4.662437,0.185548
252.440000,4.392045,2.398034,2.220409,-0.020653,3.906255,2.405957,4.663329,0.185548
252.480000,4.387728,2.403600,2.240091,-0.025923,3.910930,2.425639,4.663942,0.185548
252.540000,4.380654,2.412291,2.267238,-0.034479,3.918166,2.452787,4.664875,0.185548
252.580000,4.375584,2.418249,2.284093,-0.040561,3.923087,2.469642,4.665498,0.185548
252.640000,4.368908,2.425792,2.307192,-0.048514,3.929268,2.492740,4.666268,0.185548
252.680000,4.365064,2.429973,2.320980,-0.053063,3.932669,2.506528,4.666684,0.185548
252.740000,4.359174,2.436175,2.339294,-0.059883,3.937770,2.523446,4.667211,0.184152
252.780000,4.355168,2.440273,2.350215,-0.064462,3.941159,2.532971,4.667526,0.182756
252.840000,4.349059,2.446357,2.366444,-0.071520,3.946080,2.548502,4.668050,0.182058
252.880000,4.344916,2.450372,2.377209,-0.076322,3.949279,2.559267,4.668412,0.182058
252.940000,4.338591,2.456340,2.393274,-0.083623,3.954003,2.575332,4.668937,0.182058
252.980000,4.334304,2.460278,2.403922,-0.088552,3.957100,2.585980,4.669275,0.182058
253.040000,4.327767,2.466124,2.419810,-0.096039,3.961666,2.601868,4.669765,0.182058
253.080000,4.323335,2.469984,2.430331,-0.101097,3.964660,2.612389,4.670081,0.182058
253.140000,4.316584,2.475710,2.446018,-0.108773,3.969068,2.628076,4.670536,0.182058
253.180000,4.312016,2.479483,2.456407,-0.113949,3.971952,2.638466,4.670827,0.182058
253.240000,4.305064,2.485075,2.471902,-0.121799,3.976193,2.653961,4.671246,0.182058
253.280000,4.300378,2.488746,2.482222,-0.127071,3.978955,2.664280,4.671513,0.182058
253.340000,4.293279,2.494161,2.497701,-0.135033,3.982995,2.679759,4.671893,0.182058
253.380000,4.288501,2.497710,2.508020,-0.140376,3.985620,2.690078,4.672132,0.182058
