timestamp,odom_x,odom_y,odom_yaw,slam_x,slam_y,slam_yaw,pos_delta,angle_delta
6.990000,-0.000000,0.000000,-0.000000,-0.000000,0.000000,-0.000000,0.000000,0.000000
7.149000,-0.000000,0.000000,-0.000000,0.000383,-0.000042,-0.000023,0.000385,0.000023
7.398000,-0.000000,0.000000,-0.000000,0.000411,-0.000413,0.000035,0.000583,0.000035
7.446000,-0.000000,0.000000,-0.000000,0.000370,-0.000495,0.000148,0.000618,0.000148
7.496000,-0.000000,0.000000,-0.000000,0.000370,-0.000495,0.000148,0.000618,0.000148
7.548000,-0.000000,0.000000,-0.000000,0.000510,-0.001161,0.000007,0.001268,0.000007
7.595000,-0.000000,0.000000,-0.000000,0.000510,-0.001161,0.000007,0.001268,0.000007
7.649000,-0.000000,0.000000,-0.000000,0.000879,-0.000967,0.000088,0.001306,0.000088
7.699000,-0.000000,0.000000,-0.000000,0.000879,-0.000967,0.000088,0.001306,0.000088
7.745000,-0.000000,0.000000,-0.000000,0.000182,-0.002199,0.000075,0.002207,0.000075
7.797000,-0.000000,0.000000,-0.000000,0.000182,-0.002199,0.000075,0.002207,0.000075
7.848000,-0.000000,0.000000,-0.000000,0.000423,-0.001478,-0.000140,0.001537,0.000140
7.898000,-0.000000,0.000000,-0.000000,0.000423,-0.001478,-0.000140,0.001537,0.000140
7.947000,-0.000000,0.000000,-0.000000,0.000199,-0.001391,0.000043,0.001405,0.000043
7.997000,-0.000000,0.000000,-0.000000,0.000199,-0.001391,0.000043,0.001405,0.000043
8.048000,-0.000000,0.000000,-0.000000,0.000450,-0.001182,0.000114,0.001264,0.000114
8.048000,-0.000000,0.000000,-0.000000,0.000450,-0.001182,0.000114,0.001264,0.000114
8.048000,-0.000000,0.000000,-0.000000,0.000450,-0.001182,0.000114,0.001264,0.000114
8.102000,-0.000000,0.000000,-0.000000,0.000450,-0.001182,0.000114,0.001264,0.000114
8.296000,-0.000000,0.000000,-0.000000,0.001208,-0.001347,-0.000046,0.001809,0.000046
8.348000,-0.000000,0.000000,-0.000000,0.000431,-0.001419,-0.000100,0.001483,0.000100
8.396000,-0.000000,0.000000,-0.000000,0.000431,-0.001419,-0.000100,0.001483,0.000100
8.445000,-0.000000,0.000000,-0.000000,-0.000594,-0.000416,-0.000129,0.000725,0.000129
8.496000,-0.000000,0.000000,-0.000000,-0.000594,-0.000416,-0.000129,0.000725,0.000129
8.546000,-0.000000,0.000000,-0.000000,-0.000567,-0.001488,-0.000197,0.001593,0.000197
8.599000,-0.000000,0.000000,-0.000000,-0.000567,-0.001488,-0.000197,0.001593,0.000197
8.648000,-0.000000,0.000000,-0.000000,0.000173,-0.000972,-0.000105,0.000987,0.000105
8.696000,-0.000000,0.000000,-0.000000,0.000173,-0.000972,-0.000105,0.000987,0.000105
8.745000,-0.000000,0.000000,-0.000000,-0.000356,-0.001226,-0.000147,0.001276,0.000147
8.796000,-0.000000,0.000000,-0.000000,-0.000356,-0.001226,-0.000147,0.001276,0.000147
8.848000,-0.000000,0.000000,-0.000000,0.000024,-0.001894,-0.000026,0.001894,0.000026
8.897000,-0.000000,0.000000,-0.000000,0.000024,-0.001894,-0.000026,0.001894,0.000026
8.948000,-0.000000,0.000000,-0.000000,-0.000152,-0.001682,-0.000063,0.001689,0.000063
8.996000,-0.000000,0.000000,-0.000000,-0.000152,-0.001682,-0.000063,0.001689,0.000063
9.047000,-0.000000,0.000000,-0.000000,-0.000126,-0.001421,-0.000165,0.001427,0.000165
9.097000,-0.000000,0.000000,-0.000000,-0.000126,-0.001421,-0.000165,0.001427,0.000165
9.144000,-0.000000,0.000000,-0.000000,-0.000631,-0.001500,-0.000117,0.001627,0.000117
9.196000,-0.000000,0.000000,-0.000000,-0.000631,-0.001500,-0.000117,0.001627,0.000117
9.248000,-0.000000,0.000000,-0.000000,-0.000680,-0.001494,-0.000068,0.001641,0.000068
9.297000,-0.000000,0.000000,-0.000000,-0.000680,-0.001494,-0.000068,0.001641,0.000068
9.346000,-0.000000,0.000000,-0.000000,-0.000228,-0.001704,0.000001,0.001719,0.000001
9.399000,-0.000000,0.000000,-0.000000,-0.000228,-0.001704,0.000001,0.001719,0.000001
9.449000,-0.000000,0.000000,-0.000000,-0.000157,-0.002000,-0.000179,0.002006,0.000179
9.497000,-0.000000,0.000000,-0.000000,-0.000157,-0.002000,-0.000179,0.002006,0.000179
9.549000,-0.000000,0.000000,-0.000000,0.000173,-0.001805,-0.000296,0.001813,0.000296
9.598000,-0.000000,0.000000,-0.000000,0.000173,-0.001805,-0.000296,0.001813,0.000296
9.650000,-0.000000,0.000000,-0.000000,-0.000284,-0.001633,-0.000081,0.001658,0.000081
9.698000,-0.000000,0.000000,-0.000000,-0.000284,-0.001633,-0.000081,0.001658,0.000081
9.746000,-0.000000,0.000000,-0.000000,-0.000389,-0.001369,-0.000178,0.001423,0.000178
9.798000,-0.000000,0.000000,-0.000000,-0.000389,-0.001369,-0.000178,0.001423,0.000178
9.849000,-0.000000,0.000000,-0.000000,-0.000200,-0.001387,-0.000172,0.001401,0.000172
9.895000,-0.000000,0.000000,-0.000000,-0.000200,-0.001387,-0.000172,0.001401,0.000172
9.947000,-0.000000,0.000000,-0.000000,-0.000269,-0.001476,-0.000037,0.001500,0.000037
9.996000,-0.000000,0.000000,-0.000000,-0.000269,-0.001476,-0.000037,0.001500,0.000037
10.045000,-0.000000,0.000000,-0.000000,-0.000562,-0.001667,-0.000030,0.001759,0.000030
10.098000,-0.000000,0.000000,-0.000000,-0.000562,-0.001667,-0.000030,0.001759,0.000030
10.149000,-0.000000,0.000000,-0.000000,-0.000619,-0.001639,-0.000146,0.001752,0.000146
10.199000,-0.000000,0.000000,-0.000000,-0.000619,-0.001639,-0.000146,0.001752,0.000146
10.247000,-0.000000,0.000000,-0.000000,0.000079,-0.001606,-0.000199,0.001608,0.000199
10.295000,-0.000000,0.000000,-0.000000,0.000079,-0.001606,-0.000199,0.001608,0.000199
10.348000,-0.000000,0.000000,-0.000000,0.000071,-0.000947,-0.000248,0.000950,0.000248
10.396000,-0.000000,0.000000,-0.000000,0.000071,-0.000947,-0.000248,0.000950,0.000248
10.446000,-0.000000,0.000000,-0.000000,-0.000051,-0.001444,-0.000155,0.001445,0.000155
10.497000,-0.000000,0.000000,-0.000000,-0.000051,-0.001444,-0.000155,0.001445,0.000155
10.548000,-0.000000,0.000000,-0.000000,-0.000002,-0.001691,-0.000138,0.001691,0.000138
10.596000,-0.000000,0.000000,-0.000000,-0.000002,-0.001691,-0.000138,0.001691,0.000138
10.644000,-0.000000,0.000000,-0.000000,-0.000828,-0.001638,-0.000110,0.001836,0.000110
10.695000,-0.000000,0.000000,-0.000000,-0.000828,-0.001638,-0.000110,0.001836,0.000110
10.745000,-0.000000,0.000000,-0.000000,-0.000939,-0.001631,-0.000036,0.001882,0.000036
10.796000,-0.000000,0.000000,-0.000000,-0.000939,-0.001631,-0.000036,0.001882,0.000036
10.846000,-0.000000,0.000000,-0.000000,-0.001108,-0.001886,0.000008,0.002188,0.000008
10.899000,-0.000000,0.000000,-0.000000,-0.001108,-0.001886,0.000008,0.002188,0.000008
10.946000,-0.000000,0.000000,-0.000000,0.000112,-0.001532,-0.000030,0.001536,0.000030
10.997000,-0.000000,0.000000,-0.000000,0.000112,-0.001532,-0.000030,0.001536,0.000030
11.046000,-0.000000,0.000000,-0.000000,-0.000057,-0.000972,-0.000162,0.000974,0.000162
11.097000,-0.000000,0.000000,-0.000000,-0.000057,-0.000972,-0.000162,0.000974,0.000162
11.147000,-0.000000,0.000000,-0.000000,0.000098,-0.002703,-0.000048,0.002704,0.000048
11.198000,-0.000000,0.000000,-0.000000,0.000098,-0.002703,-0.000048,0.002704,0.000048
11.245000,-0.000000,0.000000,-0.000000,-0.000125,-0.001955,-0.000050,0.001959,0.000050
11.296000,-0.000000,0.000000,-0.000000,-0.000125,-0.001955,-0.000050,0.001959,0.000050
11.347000,-0.000000,0.000000,-0.000000,0.000410,-0.001578,-0.000133,0.001630,0.000133
11.397000,-0.000000,0.000000,-0.000000,0.000410,-0.001578,-0.000133,0.001630,0.000133
11.446000,-0.000000,0.000000,-0.000000,0.000245,-0.001497,-0.000160,0.001517,0.000160
11.498000,-0.000000,0.000000,-0.000000,0.000245,-0.001497,-0.000160,0.001517,0.000160
11.548000,-0.000000,0.000000,-0.000000,0.000168,-0.001194,-0.000109,0.001206,0.000109
11.598000,-0.000000,0.000000,-0.000000,0.000168,-0.001194,-0.000109,0.001206,0.000109
11.646000,-0.000000,0.000000,-0.000000,0.000088,-0.000899,-0.000084,0.000903,0.000084
11.699000,-0.000000,0.000000,-0.000000,0.000088,-0.000899,-0.000084,0.000903,0.000084
11.746000,-0.000000,0.000000,-0.000000,-0.000093,-0.001487,-0.000102,0.001490,0.000102
11.799000,-0.000000,0.000000,-0.000000,-0.000093,-0.001487,-0.000102,0.001490,0.000102
11.847000,-0.000000,0.000000,-0.000000,0.000117,-0.001145,-0.000081,0.001151,0.000081
11.896000,-0.000000,0.000000,-0.000000,0.000117,-0.001145,-0.000081,0.001151,0.000081
11.948000,-0.000000,0.000000,-0.000000,-0.000057,-0.000754,-0.000085,0.000756,0.000085
11.998000,-0.000000,0.000000,-0.000000,-0.000057,-0.000754,-0.000085,0.000756,0.000085
12.045000,-0.000000,0.000000,-0.000000,-0.000737,-0.001336,-0.000268,0.001526,0.000268
12.045000,-0.000000,0.000000,-0.000000,-0.000737,-0.001336,-0.000268,0.001526,0.000268
12.045000,-0.000000,0.000000,-0.000000,-0.000737,-0.001336,-0.000268,0.001526,0.000268
12.045000,-0.000000,0.000000,-0.000000,-0.000737,-0.001336,-0.000268,0.001526,0.000268
12.045000,-0.000000,0.000000,-0.000000,-0.000737,-0.001336,-0.000268,0.001526,0.000268
12.045000,-0.000000,0.000000,-0.000000,-0.000737,-0.001336,-0.000268,0.001526,0.000268
12.045000,-0.000000,0.000000,-0.000000,-0.000737,-0.001336,-0.000268,0.001526,0.000268
12.045000,-0.000000,0.000000,-0.000000,-0.000737,-0.001336,-0.000268,0.001526,0.000268
12.413000,-0.000000,0.000000,-0.000000,-0.000746,-0.001430,-0.000036,0.001613,0.000036
12.695000,-0.000000,0.000000,-0.000000,0.000024,-0.000873,-0.000058,0.000873,0.000058
12.749000,-0.000000,0.000000,-0.000000,-0.000134,-0.001203,-0.000028,0.001210,0.000028
12.797000,0.000000,0.000000,0.000360,-0.000134,-0.001203,0.000069,0.001210,0.000291
12.847000,0.000000,0.000000,0.001320,0.000221,-0.001905,0.000356,0.001918,0.000964
12.898000,-0.000000,-0.000000,0.002464,0.000221,-0.001905,0.001304,0.001918,0.001160
12.946000,-0.000000,-0.000000,0.006568,0.000442,-0.001955,0.001762,0.002005,0.004806
12.999000,-0.000000,-0.000000,0.010904,0.000442,-0.001955,0.006259,0.002005,0.004645
13.049000,-0.000000,-0.000000,0.019304,0.000443,-0.002687,0.005804,0.002723,0.013500
13.099000,-0.000000,-0.000000,0.025064,0.000443,-0.002687,0.012998,0.002723,0.012066
13.144000,-0.000000,0.000000,0.033704,-0.000134,-0.002769,0.021966,0.002773,0.011738
13.198000,0.000000,0.000000,0.039464,-0.000134,-0.002769,0.029742,0.002773,0.009722
13.244000,-0.000000,0.000000,0.048104,-0.001237,-0.002784,0.039974,0.003047,0.008130
13.297000,-0.000000,0.000000,0.054145,-0.001237,-0.002784,0.047666,0.003047,0.006478
13.349000,0.000000,0.000000,0.065497,-0.000347,-0.003203,0.059272,0.003222,0.006225
13.394000,0.000000,0.000000,0.074665,-0.000347,-0.003203,0.068474,0.003222,0.006191
13.448000,0.000000,0.000000,0.090817,-0.000860,-0.003086,0.080285,0.003203,0.010532
13.499000,0.000000,0.000000,0.109849,-0.000860,-0.003086,0.094862,0.003203,0.014987
13.546000,0.000000,0.000000,0.124137,0.000741,-0.002047,0.103063,0.002177,0.021074
13.598000,0.000000,0.000000,0.139705,0.000741,-0.002047,0.122045,0.002177,0.017660
13.648000,0.000000,0.000000,0.165457,0.001122,-0.002643,0.141213,0.002871,0.024244
13.698000,0.000000,0.000000,0.184225,0.001122,-0.002643,0.163505,0.002871,0.020720
13.747000,0.000000,0.000000,0.214777,0.001250,-0.003194,0.181410,0.003430,0.033366
13.796000,0.000000,0.000000,0.236728,0.001250,-0.003194,0.207134,0.003430,0.029594
13.847000,0.000000,0.000000,0.270328,0.002040,-0.003181,0.234272,0.003779,0.036056
13.896000,0.000000,0.000000,0.293290,0.002040,-0.003181,0.261853,0.003779,0.031437
13.944000,0.000000,0.000000,0.330130,0.000668,-0.004140,0.287820,0.004194,0.042310
13.996000,0.000000,-0.000000,0.356290,0.000668,-0.004140,0.320532,0.004194,0.035758
14.049000,0.000000,0.000000,0.397930,0.003160,-0.005004,0.349244,0.005918,0.048687
14.099000,0.000000,0.000000,0.427290,0.003160,-0.005004,0.384760,0.005918,0.042531
14.146000,0.000000,0.000000,0.473730,0.002824,-0.006052,0.418438,0.006678,0.055293
14.199000,0.000000,0.000000,0.505728,0.002824,-0.006052,0.460159,0.006678,0.045569
14.249000,0.000000,0.000000,0.553728,0.003736,-0.006052,0.495399,0.007112,0.058329
14.294000,0.000000,0.000000,0.585728,0.003736,-0.006052,0.531399,0.007112,0.054329
14.347000,-0.000000,-0.000000,0.633728,0.002663,-0.005167,0.578812,0.005813,0.054916
14.399000,0.000000,-0.000000,0.665728,0.002663,-0.005167,0.620412,0.005813,0.045316
14.445000,-0.000000,-0.000000,0.713728,0.001867,-0.005968,0.663714,0.006253,0.050014
14.497000,0.000000,0.000000,0.745728,0.001867,-0.005968,0.705314,0.006253,0.040414
14.548000,0.000000,-0.000000,0.793728,0.000550,-0.005370,0.751955,0.005398,0.041773
14.595000,0.000000,-0.000000,0.825728,0.000550,-0.005370,0.789555,0.005398,0.036173
14.646000,-0.000000,-0.000000,0.873728,-0.001409,-0.005932,0.836550,0.006097,0.037178
14.695000,-0.000000,-0.000000,0.905728,-0.001409,-0.005932,0.875750,0.006097,0.029978
14.746000,-0.000000,-0.000000,0.953728,-0.003132,-0.006036,0.921592,0.006800,0.032136
14.796000,0.000208,0.000307,0.984832,-0.002869,-0.005677,0.961321,0.006728,0.023511
14.849000,0.001300,0.002047,1.029376,-0.003097,-0.007057,1.008204,0.010110,0.021172
14.898000,0.002476,0.004073,1.058816,-0.001588,-0.004616,1.044295,0.009593,0.014521
14.947000,0.004283,0.007461,1.102976,0.000870,-0.001649,1.088684,0.009729,0.014292
14.999000,0.005950,0.010951,1.146976,0.002389,0.001312,1.126956,0.010276,0.020020
15.047000,0.007211,0.013859,1.174928,0.003453,0.001258,1.163174,0.013149,0.011754
15.099000,0.008691,0.017543,1.201520,0.005432,0.005971,1.199080,0.012022,0.002440
15.148000,0.011243,0.024547,1.239120,0.005101,0.007201,1.232538,0.018401,0.006582
15.198000,0.013119,0.030214,1.262544,0.007509,0.014243,1.263041,0.016928,0.000497
15.246000,0.015926,0.039569,1.295312,0.006487,0.017853,1.295900,0.023678,0.000588
15.298000,0.017675,0.046005,1.315536,0.008772,0.026208,1.323455,0.021707,0.007919
15.349000,0.020101,0.055877,1.343520,0.016523,0.040197,1.354241,0.016083,0.010721
15.396000,0.021579,0.062539,1.361440,0.018199,0.048039,1.375654,0.014889,0.014214
15.449000,0.023572,0.072580,1.388320,0.021929,0.059778,1.404155,0.012907,0.015835
15.496000,0.025294,0.082671,1.415200,0.023217,0.067693,1.425211,0.015121,0.010011
15.546000,0.026300,0.089479,1.432464,0.022616,0.074834,1.452053,0.015101,0.019589
15.596000,0.027238,0.096629,1.448192,0.023618,0.083776,1.473150,0.013353,0.024958
15.645000,0.028464,0.107560,1.469408,0.023213,0.094621,1.498083,0.013965,0.028675
15.699000,0.029161,0.114901,1.482848,0.023892,0.104550,1.516600,0.011615,0.033752
15.747000,0.030024,0.125954,1.502768,0.022418,0.112579,1.537478,0.015386,0.034710
15.747000,0.030700,0.137386,1.520192,0.022418,0.112579,1.537478,0.026153,0.017286
15.747000,0.030700,0.137386,1.520192,0.022418,0.112579,1.537478,0.026153,0.017286
15.747000,0.031051,0.145101,1.530176,0.022418,0.112579,1.537478,0.033648,0.007302
15.806000,0.031333,0.152889,1.538912,0.022668,0.123864,1.556387,0.030291,0.017475
15.806000,0.031884,0.184358,1.566608,0.022668,0.123864,1.556387,0.061192,0.010221
15.961000,0.031895,0.188347,1.569232,0.021093,0.152854,1.598589,0.037100,0.029357
16.148000,0.031856,0.204228,1.576448,0.016969,0.189837,1.628982,0.020706,0.052534
16.194000,0.031804,0.212120,1.578144,0.016418,0.198895,1.632057,0.020288,0.053913
16.248000,0.031714,0.223924,1.578240,0.017248,0.210292,1.638385,0.019877,0.060145
16.300000,0.031634,0.235697,1.576811,0.016552,0.220474,1.637778,0.021429,0.060967
16.347000,0.031591,0.243541,1.575778,0.015413,0.230034,1.639681,0.021075,0.063903
16.397000,0.031556,0.251385,1.574734,0.014741,0.239816,1.638387,0.020410,0.063652
16.448000,0.031519,0.263141,1.573122,0.014199,0.250377,1.636488,0.021515,0.063366
16.499000,0.031502,0.274885,1.571390,0.013546,0.260337,1.635075,0.023109,0.063685
16.549000,0.031502,0.282715,1.570228,0.015604,0.271600,1.632910,0.019398,0.062682
16.599000,0.031511,0.290571,1.569157,0.014999,0.281401,1.631488,0.018887,0.062331
16.648000,0.031539,0.302360,1.567662,0.016402,0.294366,1.630404,0.017118,0.062742
16.699000,0.031567,0.310236,1.566745,0.015807,0.304389,1.629169,0.016810,0.062423
16.748000,0.031623,0.322052,1.565450,0.014755,0.316604,1.627441,0.017725,0.061992
16.799000,0.031668,0.329927,1.564595,0.014189,0.326630,1.626348,0.017787,0.061753
16.849000,0.031749,0.341740,1.563312,0.013840,0.336363,1.625430,0.018699,0.062118
16.898000,0.031811,0.349617,1.562460,0.013315,0.345998,1.624383,0.018847,0.061923
16.948000,0.031917,0.361431,1.561185,0.013650,0.358461,1.623055,0.018507,0.061870
16.948000,0.032038,0.373258,1.559964,0.013650,0.358461,1.623055,0.023602,0.063091
16.948000,0.032038,0.373258,1.559964,0.013650,0.358461,1.623055,0.023602,0.063091
16.948000,0.032082,0.377201,1.559566,0.013650,0.358461,1.623055,0.026285,0.063489
17.007000,0.032222,0.389028,1.558374,0.013050,0.370077,1.621815,0.026958,0.063441
17.030000,0.032663,0.420564,1.555201,0.012864,0.376052,1.620660,0.048716,0.065459
17.296000,0.032789,0.428446,1.554396,0.008562,0.429353,1.614218,0.024244,0.059822
17.348000,0.032990,0.440267,1.553185,0.009804,0.439210,1.612392,0.023210,0.059207
17.399000,0.033132,0.448163,1.552426,0.009388,0.449271,1.611377,0.023770,0.058952
17.448000,0.033356,0.460011,1.551361,0.009117,0.456886,1.610801,0.024440,0.059439
17.499000,0.033513,0.467910,1.550667,0.008716,0.466951,1.609907,0.024815,0.059239
17.546000,0.033757,0.479758,1.549635,0.007929,0.476393,1.608272,0.026047,0.058636
17.597000,0.033927,0.487657,1.548950,0.007554,0.486460,1.607396,0.026401,0.058446
17.646000,0.034192,0.499507,1.547927,0.007723,0.496817,1.606197,0.026606,0.058270
17.699000,0.034376,0.507406,1.547246,0.007354,0.507280,1.605294,0.027021,0.058049
17.747000,0.034661,0.519262,1.546247,0.008219,0.517947,1.604372,0.026474,0.058125
17.798000,0.034858,0.527169,1.545600,0.007883,0.528026,1.603538,0.026989,0.057938
17.848000,0.035162,0.539029,1.544630,0.009394,0.538713,1.602495,0.025770,0.057865
17.899000,0.035372,0.546936,1.543983,0.009076,0.548793,1.601670,0.026361,0.057687
17.946000,0.035696,0.558817,1.543105,0.008630,0.557428,1.600737,0.027102,0.057632
17.998000,0.035918,0.566756,1.542645,0.008324,0.567747,1.600047,0.027612,0.057402
18.047000,0.036257,0.578664,1.541984,0.008571,0.575115,1.599165,0.027912,0.057181
18.097000,0.036487,0.586603,1.541543,0.008291,0.585039,1.598613,0.028240,0.057071
18.149000,0.036840,0.598511,1.540882,0.008628,0.595116,1.597235,0.028415,0.056353
18.195000,0.037079,0.606456,1.540488,0.008388,0.604255,1.596740,0.028775,0.056252
18.249000,0.037444,0.618388,1.540003,0.009152,0.614448,1.595439,0.028565,0.055436
18.299000,0.037690,0.626354,1.539745,0.008908,0.624408,1.595066,0.028848,0.055321
18.348000,0.038064,0.638304,1.539415,0.010190,0.633444,1.594730,0.028294,0.055315
18.397000,0.038315,0.646283,1.539250,0.009957,0.643220,1.594482,0.028523,0.055232
18.445000,0.038694,0.658252,1.539025,0.010195,0.652125,1.594113,0.029150,0.055087
18.498000,0.038948,0.666231,1.538879,0.009949,0.662700,1.593915,0.029214,0.055036
18.546000,0.039331,0.678203,1.538703,0.009077,0.672754,1.593532,0.030741,0.054829
18.597000,0.039588,0.686178,1.538575,0.008846,0.682926,1.593383,0.030913,0.054808
18.649000,0.039975,0.698138,1.538355,0.008630,0.692033,1.593386,0.031934,0.055031
18.697000,0.040234,0.706110,1.538194,0.008414,0.701601,1.593202,0.032138,0.055008
18.748000,0.040625,0.718067,1.537949,0.007304,0.711862,1.593200,0.033894,0.055251
18.796000,0.040888,0.726038,1.537785,0.007090,0.721430,1.593003,0.034111,0.055218
18.847000,0.041284,0.737994,1.537539,0.004998,0.731984,1.592747,0.036780,0.055207
18.896000,0.041550,0.745951,1.537334,0.004784,0.741735,1.592539,0.037007,0.055205
18.944000,0.041951,0.757861,1.536835,0.004888,0.751556,1.591962,0.037596,0.055127
18.999000,0.042223,0.765804,1.536475,0.004658,0.762480,1.591480,0.037711,0.055005
19.048000,0.042635,0.777719,1.535933,0.005568,0.771839,1.591218,0.037531,0.055286
19.096000,0.042913,0.785662,1.535571,0.005374,0.781375,1.590785,0.037783,0.055213
19.146000,0.043336,0.797576,1.535029,0.005400,0.791270,1.589543,0.038457,0.054514
19.146000,0.043622,0.805519,1.534668,0.005400,0.791270,1.589543,0.040792,0.054875
19.146000,0.043766,0.809490,1.534488,0.005400,0.791270,1.589543,0.042473,0.055056
19.146000,0.044056,0.817433,1.534126,0.005400,0.791270,1.589543,0.046678,0.055417
19.146000,0.044202,0.821404,1.533946,0.005400,0.791270,1.589543,0.049129,0.055598
19.146000,0.045093,0.845256,1.532969,0.005400,0.791270,1.589543,0.067008,0.056574
19.146000,0.045700,0.861160,1.532331,0.005400,0.791270,1.589543,0.080677,0.057213
19.146000,0.046317,0.877063,1.531692,0.005400,0.791270,1.589543,0.095051,0.057851
19.146000,0.046945,0.892966,1.531054,0.005400,0.791270,1.589543,0.109854,0.058489
19.606000,0.047582,0.908868,1.530415,0.003075,0.880915,1.584751,0.052557,0.054336
19.897000,0.049054,0.944658,1.529023,0.001830,0.937731,1.581895,0.047729,0.052873
19.947000,0.049555,0.956598,1.528671,0.000108,0.947561,1.581589,0.050266,0.052918
19.947000,0.050060,0.968515,1.528229,0.000108,0.947561,1.581589,0.054169,0.053359
19.947000,0.050229,0.972488,1.528072,0.000108,0.947561,1.581589,0.055977,0.053516
20.004000,0.050570,0.980432,1.527758,-0.000014,0.958890,1.581233,0.054980,0.053475
20.195000,0.051608,1.004265,1.526814,0.000426,0.996919,1.579173,0.051706,0.052359
20.247000,0.052136,1.016201,1.526403,0.001660,1.007470,1.578010,0.051225,0.051608
20.299000,0.052491,1.024174,1.526210,0.001587,1.017844,1.577689,0.051296,0.051479
20.348000,0.053026,1.036137,1.525997,0.002336,1.027697,1.577163,0.051388,0.051166
20.396000,0.053384,1.044121,1.525905,0.002275,1.037287,1.577015,0.051563,0.051110
20.448000,0.053922,1.056097,1.525805,0.000554,1.046720,1.576742,0.054186,0.050937
20.496000,0.054282,1.064081,1.525741,0.000497,1.056311,1.576666,0.054344,0.050924
20.545000,0.054822,1.076045,1.525604,0.000674,1.065374,1.577060,0.055190,0.051455
20.598000,0.055364,1.087999,1.525401,0.000607,1.075944,1.576908,0.056068,0.051508
20.645000,0.055727,1.095968,1.525265,-0.000872,1.086205,1.577301,0.057434,0.052036
20.697000,0.056090,1.103937,1.525129,-0.000939,1.096576,1.577124,0.057502,0.051995
20.746000,0.056638,1.115891,1.524921,-0.001967,1.106730,1.577165,0.059316,0.052244
20.799000,0.057003,1.123837,1.524688,-0.002034,1.117271,1.576952,0.059402,0.052263
20.845000,0.057556,1.135754,1.524240,-0.000776,1.127105,1.576093,0.058970,0.051853
20.897000,0.057928,1.143713,1.523974,-0.000829,1.137462,1.575706,0.059089,0.051732
20.945000,0.058489,1.155654,1.523633,0.000215,1.147098,1.574831,0.058899,0.051198
20.996000,0.058867,1.163628,1.523465,0.000175,1.157275,1.574564,0.059034,0.051100
21.047000,0.059434,1.175591,1.523274,-0.000423,1.167505,1.574033,0.060401,0.050759
21.099000,0.059814,1.183564,1.523150,-0.000456,1.177881,1.573874,0.060537,0.050723
21.149000,0.060385,1.195523,1.522960,-0.001607,1.187546,1.573633,0.062504,0.050673
21.197000,0.060767,1.203486,1.522801,-0.001634,1.197113,1.573470,0.062726,0.050669
21.247000,0.061343,1.215432,1.522530,-0.003323,1.205901,1.573955,0.065364,0.051424
21.299000,0.061728,1.223395,1.522348,-0.003355,1.216265,1.573717,0.065472,0.051370
21.348000,0.062309,1.235340,1.522074,-0.005117,1.226569,1.574630,0.067993,0.052557
21.398000,0.062698,1.243303,1.521891,-0.005154,1.236535,1.574402,0.068189,0.052511
21.449000,0.063283,1.255228,1.521557,-0.005051,1.248317,1.573965,0.068683,0.052408
21.495000,0.063676,1.263173,1.521322,-0.005079,1.257465,1.573695,0.068991,0.052372
21.545000,0.064268,1.275090,1.520970,-0.003539,1.268117,1.572909,0.068164,0.051939
21.599000,0.064665,1.283035,1.520733,-0.003561,1.278856,1.572591,0.068354,0.051858
21.647000,0.065264,1.294923,1.520252,-0.003422,1.287880,1.572225,0.069045,0.051972
21.698000,0.065666,1.302848,1.519911,-0.003435,1.297998,1.571812,0.069271,0.051901
21.749000,0.066276,1.314775,1.519449,-0.002609,1.307045,1.571491,0.069317,0.052042
21.798000,0.066686,1.322737,1.519212,-0.002614,1.316811,1.571150,0.069553,0.051938
21.849000,0.067305,1.334682,1.518917,-0.002215,1.326853,1.569980,0.069959,0.051064
21.895000,0.067719,1.342654,1.518764,-0.002206,1.336033,1.569772,0.070238,0.051007
21.946000,0.068344,1.354614,1.518570,-0.002342,1.346232,1.568887,0.071181,0.050317
21.997000,0.068761,1.362587,1.518441,-0.002322,1.356411,1.568723,0.071351,0.050282
22.048000,0.069389,1.374547,1.518247,-0.002164,1.367333,1.568784,0.071915,0.050537
22.097000,0.069809,1.382520,1.518121,-0.002144,1.377113,1.568627,0.072155,0.050506
22.149000,0.070440,1.394488,1.517985,-0.001804,1.388532,1.569044,0.072489,0.051058
22.196000,0.070863,1.402469,1.517916,-0.001787,1.397922,1.568949,0.072791,0.051033
22.247000,0.071497,1.414440,1.517826,-0.001845,1.406217,1.569027,0.073801,0.051201
22.299000,0.072132,1.426410,1.517737,-0.001826,1.416605,1.568951,0.074605,0.051214
22.348000,0.072556,1.434391,1.517679,-0.003123,1.425820,1.568991,0.076163,0.051312
22.398000,0.072980,1.442360,1.517590,-0.003105,1.435796,1.568907,0.076368,0.051317
22.449000,0.073617,1.454312,1.517452,-0.004132,1.445715,1.568844,0.078223,0.051392
22.495000,0.074043,1.462281,1.517360,-0.004114,1.454892,1.568738,0.078506,0.051378
22.547000,0.074683,1.474233,1.517216,-0.003244,1.466095,1.568079,0.078351,0.050863
22.599000,0.075111,1.482201,1.517105,-0.003216,1.476468,1.567946,0.078536,0.050841
22.648000,0.075755,1.494155,1.516935,-0.002975,1.487072,1.567580,0.079047,0.050644
22.696000,0.076185,1.502126,1.516820,-0.002944,1.496651,1.567442,0.079318,0.050623
22.748000,0.076832,1.514082,1.516644,-0.002743,1.507368,1.567368,0.079857,0.050723
22.795000,0.077264,1.522053,1.516526,-0.002710,1.516747,1.567230,0.080151,0.050703
22.846000,0.077915,1.534009,1.516350,-0.003504,1.525847,1.567133,0.081828,0.050783
22.898000,0.078350,1.541980,1.516232,-0.003466,1.536224,1.566979,0.082018,0.050748
22.948000,0.079004,1.553939,1.516073,-0.003136,1.545547,1.567309,0.082567,0.051236
22.998000,0.079441,1.561912,1.515957,-0.003101,1.555527,1.567170,0.082788,0.051213
23.045000,0.080099,1.573870,1.515783,-0.004083,1.566583,1.567343,0.084497,0.051560
23.097000,0.080538,1.581837,1.515648,-0.004047,1.576957,1.567188,0.084726,0.051540
23.148000,0.081199,1.593778,1.515353,-0.004732,1.588585,1.566747,0.086087,0.051394
23.199000,0.081641,1.601732,1.515103,-0.004690,1.598741,1.566471,0.086383,0.051367
23.249000,0.082309,1.613663,1.514686,-0.004203,1.608919,1.565759,0.086642,0.051073
23.299000,0.082757,1.621623,1.514425,-0.004152,1.618886,1.565412,0.086952,0.050987
23.346000,0.083433,1.633566,1.514058,-0.003469,1.626015,1.565092,0.087229,0.051034
23.397000,0.083886,1.641527,1.513814,-0.003410,1.636182,1.564781,0.087460,0.050967
23.448000,0.084570,1.653469,1.513449,-0.002873,1.644919,1.564306,0.087860,0.050857
23.498000,0.085028,1.661431,1.513206,-0.002808,1.654887,1.564001,0.088079,0.050795
23.549000,0.085719,1.673400,1.512998,-0.003708,1.663925,1.563428,0.089928,0.050431
23.596000,0.086181,1.681370,1.512862,-0.003639,1.673306,1.563285,0.090181,0.050423
23.645000,0.086876,1.693325,1.512614,-0.003110,1.683403,1.562845,0.090531,0.050231
23.699000,0.087341,1.701295,1.512443,-0.003024,1.694181,1.562617,0.090644,0.050174
23.746000,0.088041,1.713250,1.512186,-0.001680,1.706626,1.562592,0.089965,0.050406
23.797000,0.088509,1.721220,1.512015,-0.001596,1.716805,1.562374,0.090213,0.050359
23.848000,0.089214,1.733178,1.511828,-0.000403,1.729283,1.562511,0.089701,0.050683
23.848000,0.089917,1.745112,1.512121,-0.000403,1.729283,1.562511,0.091697,0.050390
23.848000,0.090151,1.749089,1.512245,-0.000403,1.729283,1.562511,0.092694,0.050266
23.904000,0.090616,1.757044,1.512494,-0.000305,1.740437,1.562480,0.092425,0.049986
24.096000,0.091990,1.780861,1.514137,0.001355,1.776118,1.563735,0.090759,0.049598
24.149000,0.092657,1.792753,1.515442,0.000805,1.785761,1.564855,0.092118,0.049413
24.196000,0.093094,1.800695,1.516258,0.000857,1.795108,1.565875,0.092406,0.049617
24.248000,0.093738,1.812615,1.517370,0.001300,1.805660,1.568294,0.092698,0.050924
24.298000,0.094160,1.820561,1.518110,0.001323,1.815607,1.569211,0.092968,0.051102
24.346000,0.094782,1.832485,1.519236,0.001015,1.823840,1.570477,0.094164,0.051240
24.397000,0.095190,1.840446,1.519893,0.001015,1.834003,1.571408,0.094395,0.051515
24.448000,0.095793,1.852393,1.520749,0.000872,1.845680,1.573280,0.095159,0.052531
24.496000,0.096191,1.860367,1.521197,0.000845,1.855261,1.573919,0.095483,0.052722
24.549000,0.096783,1.872339,1.521429,-0.000936,1.866627,1.574667,0.097886,0.053238
24.598000,0.097177,1.880306,1.521394,-0.000976,1.876398,1.574742,0.098230,0.053348
24.646000,0.097769,1.892254,1.521230,-0.002809,1.885187,1.574694,0.100825,0.053464
24.697000,0.098164,1.900206,1.521059,-0.002849,1.895340,1.574526,0.101130,0.053467
24.744000,0.098759,1.912133,1.520752,-0.002670,1.903426,1.573986,0.101802,0.053234
24.799000,0.099158,1.920085,1.520543,-0.002704,1.914373,1.573699,0.102022,0.053156
24.848000,0.099760,1.932015,1.520233,-0.002096,1.924805,1.573072,0.102111,0.052839
24.899000,0.100164,1.939978,1.520048,-0.002118,1.934969,1.572816,0.102405,0.052769
24.949000,0.100772,1.951922,1.519793,-0.003337,1.945702,1.572407,0.104295,0.052614
24.999000,0.101179,1.959878,1.519601,-0.003353,1.955659,1.572190,0.104617,0.052589
25.048000,0.101792,1.971810,1.519284,-0.003332,1.966533,1.571597,0.105256,0.052313
25.097000,0.102203,1.979767,1.519070,-0.003339,1.976293,1.571334,0.105599,0.052265
25.148000,0.102823,1.991702,1.518748,-0.003489,1.987524,1.571222,0.106394,0.052474
25.196000,0.103239,1.999659,1.518535,-0.003492,1.997086,1.570966,0.106762,0.052431
25.249000,0.103865,2.011595,1.518216,-0.003220,2.006676,1.570642,0.107197,0.052426
25.298000,0.104284,2.019551,1.518003,-0.003218,2.016437,1.570381,0.107547,0.052378
25.344000,0.104917,2.031486,1.517683,-0.001657,2.024216,1.569849,0.106821,0.052166
25.398000,0.105341,2.039442,1.517465,-0.001646,2.034972,1.569559,0.107080,0.052094
25.448000,0.105980,2.051377,1.517141,-0.001720,2.045091,1.569068,0.107883,0.051927
25.498000,0.106624,2.063346,1.516951,-0.001701,2.055079,1.568825,0.108640,0.051874
25.547000,0.107055,2.071327,1.516842,-0.001651,2.065882,1.568682,0.108842,0.051840
25.596000,0.107486,2.079308,1.516733,-0.001630,2.075673,1.568549,0.109177,0.051816
25.649000,0.108135,2.091279,1.516569,-0.001993,2.088201,1.568271,0.110171,0.051702
25.696000,0.108568,2.099260,1.516486,-0.001969,2.097593,1.568149,0.110550,0.051663
25.747000,0.109220,2.111233,1.516406,-0.001818,2.107239,1.568084,0.111110,0.051678
25.797000,0.109655,2.119217,1.516368,-0.001791,2.117234,1.568026,0.111463,0.051658
25.846000,0.110307,2.131194,1.516322,-0.000750,2.124574,1.567673,0.111254,0.051351
25.898000,0.110743,2.139175,1.516334,-0.000717,2.134965,1.567648,0.111539,0.051314
25.949000,0.111395,2.151146,1.516369,-0.001450,2.143869,1.567571,0.113079,0.051202
25.999000,0.112047,2.163117,1.516404,-0.001418,2.153859,1.567600,0.113842,0.051196
26.048000,0.112481,2.171097,1.516427,-0.001641,2.164246,1.567818,0.114327,0.051391
26.097000,0.112916,2.179081,1.516452,-0.001611,2.174040,1.567848,0.114638,0.051396
26.147000,0.113567,2.191061,1.516455,-0.001000,2.184928,1.568353,0.114731,0.051898
26.199000,0.114002,2.199047,1.516460,-0.000974,2.195326,1.568354,0.115036,0.051894
26.248000,0.114653,2.211026,1.516479,-0.001397,2.204298,1.568300,0.116246,0.051821
26.298000,0.115087,2.219013,1.516482,-0.001373,2.214296,1.568313,0.116556,0.051831
26.347000,0.115739,2.230993,1.516474,-0.002382,2.223367,1.568019,0.118367,0.051545
26.397000,0.116173,2.238973,1.516439,-0.002355,2.233357,1.568002,0.118660,0.051563
26.445000,0.116825,2.250942,1.516364,-0.002207,2.242430,1.567276,0.119336,0.050912
26.499000,0.117260,2.258921,1.516313,-0.002169,2.253218,1.567207,0.119565,0.050894
26.549000,0.117913,2.270890,1.516237,-0.002158,2.263023,1.566989,0.120328,0.050752
26.599000,0.118349,2.278869,1.516186,-0.002120,2.273012,1.566926,0.120611,0.050740
26.645000,0.119004,2.290847,1.516134,-0.002178,2.284291,1.567052,0.121359,0.050918
26.697000,0.119441,2.298832,1.516113,-0.002139,2.294688,1.567018,0.121650,0.050905
26.747000,0.120097,2.310811,1.516086,-0.001980,2.304212,1.567514,0.122255,0.051428
26.799000,0.120534,2.318796,1.516067,-0.001946,2.314608,1.567490,0.122551,0.051424
26.849000,0.121191,2.330774,1.516038,-0.002367,2.323621,1.567762,0.123765,0.051724
26.897000,0.121628,2.338759,1.516019,-0.002338,2.333218,1.567739,0.124090,0.051720
26.949000,0.122285,2.350735,1.515985,-0.001494,2.342268,1.567238,0.124069,0.051253
26.999000,0.122723,2.358721,1.515977,-0.001458,2.352265,1.567212,0.124349,0.051235
27.048000,0.123380,2.370698,1.515995,0.000181,2.362816,1.567039,0.123452,0.051044
27.097000,0.123817,2.378668,1.516068,0.000218,2.372594,1.567074,0.123749,0.051007
27.147000,0.124471,2.390622,1.516240,-0.000180,2.382445,1.567360,0.124919,0.051120
27.197000,0.124906,2.398596,1.516351,-0.000146,2.392427,1.567507,0.125204,0.051156
27.248000,0.125557,2.410557,1.516502,-0.001028,2.403015,1.567887,0.126810,0.051385
27.299000,0.125991,2.418541,1.516573,-0.000999,2.413209,1.568003,0.127102,0.051430
27.344000,0.126640,2.430517,1.516678,-0.001140,2.422928,1.568161,0.128005,0.051483
27.397000,0.127288,2.442494,1.516783,-0.001112,2.433523,1.568254,0.128713,0.051471
27.449000,0.127720,2.450478,1.516850,-0.001289,2.444702,1.568052,0.129138,0.051203
27.498000,0.128151,2.458465,1.516881,-0.001263,2.454500,1.568122,0.129475,0.051241
27.547000,0.128797,2.470447,1.516900,-0.000285,2.465398,1.568386,0.129181,0.051485
27.597000,0.129228,2.478427,1.516934,-0.000261,2.475389,1.568406,0.129524,0.051472
27.649000,0.129873,2.490397,1.517012,0.000496,2.485391,1.568613,0.129474,0.051602
27.697000,0.130302,2.498371,1.517090,0.000517,2.494974,1.568686,0.129830,0.051596
27.747000,0.130944,2.510332,1.517230,0.000591,2.504262,1.568787,0.130494,0.051557
27.797000,0.131371,2.518306,1.517325,0.000611,2.514244,1.568905,0.130823,0.051581
27.845000,0.132011,2.530268,1.517467,0.001127,2.524019,1.569294,0.131032,0.051827
27.898000,0.132436,2.538242,1.517562,0.001143,2.534600,1.569420,0.131344,0.051858
27.947000,0.133072,2.550203,1.517709,0.001214,2.545189,1.569882,0.131953,0.052174
27.999000,0.133707,2.562164,1.517856,0.001223,2.555570,1.570010,0.132647,0.052154
28.046000,0.134129,2.570138,1.517954,0.001146,2.564432,1.570267,0.133106,0.052313
28.098000,0.134550,2.578112,1.518054,0.001151,2.574812,1.570395,0.133440,0.052340
28.146000,0.135181,2.590070,1.518213,0.000755,2.584732,1.570357,0.134532,0.052144
28.199000,0.135600,2.598042,1.518318,0.000759,2.595309,1.570497,0.134868,0.052178
28.249000,0.136227,2.610001,1.518477,0.000490,2.605381,1.570669,0.135816,0.052192
28.292000,0.136645,2.617980,1.518566,0.000491,2.613970,1.570779,0.136213,0.052213
28.297000,0.136853,2.621972,1.518595,0.000491,2.614969,1.570791,0.136542,0.052196
28.297000,0.137479,2.633949,1.518666,0.000491,2.614969,1.570791,0.138296,0.052125
28.598000,0.139764,2.677862,1.518913,0.000892,2.675800,1.571657,0.138888,0.052744
28.648000,0.140386,2.689839,1.518972,0.000814,2.685514,1.571548,0.139639,0.052576
28.682000,0.140800,2.697823,1.519010,0.000809,2.692310,1.571581,0.140100,0.052571
28.682000,0.141420,2.709800,1.519065,0.000809,2.692310,1.571581,0.141695,0.052517
28.682000,0.141627,2.713793,1.519082,0.000809,2.692310,1.571581,0.142448,0.052500
28.682000,0.141834,2.717786,1.519099,0.000809,2.692310,1.571581,0.143308,0.052483
28.682000,0.142247,2.725771,1.519133,0.000809,2.692310,1.571581,0.145342,0.052448
28.682000,0.143278,2.745734,1.519219,0.000809,2.692310,1.571581,0.152157,0.052362
28.894000,0.143896,2.757711,1.519271,0.000105,2.736042,1.571336,0.145415,0.052065
29.197000,0.145952,2.797640,1.519416,0.000627,2.794476,1.571623,0.145359,0.052207
29.247000,0.146568,2.809622,1.519434,0.000702,2.804232,1.571516,0.145965,0.052082
29.295000,0.146979,2.817609,1.519446,0.000695,2.813830,1.571530,0.146332,0.052085
29.347000,0.147594,2.829590,1.519464,0.000057,2.825139,1.571590,0.147604,0.052126
29.395000,0.148005,2.837578,1.519476,0.000050,2.834737,1.571604,0.147982,0.052128
29.449000,0.148620,2.849558,1.519499,0.000994,2.844590,1.571527,0.147709,0.052028
29.495000,0.149030,2.857544,1.519515,0.000987,2.853787,1.571546,0.148090,0.052031
29.548000,0.149645,2.869521,1.519526,-0.000054,2.863401,1.571502,0.149823,0.051975
29.595000,0.150054,2.877505,1.519548,-0.000060,2.872794,1.571521,0.150188,0.051973
29.647000,0.150668,2.889482,1.519575,0.000348,2.883839,1.571686,0.150426,0.052110
29.698000,0.151078,2.897470,1.519574,0.000339,2.894038,1.571700,0.150778,0.052126
29.746000,0.151692,2.909453,1.519566,0.000620,2.904996,1.571367,0.151138,0.051801
29.796000,0.152102,2.917439,1.519573,0.000615,2.914992,1.571364,0.151507,0.051790
29.846000,0.152716,2.929419,1.519599,0.000458,2.924646,1.571071,0.152332,0.051473
29.899000,0.153125,2.937406,1.519619,0.000455,2.935242,1.571096,0.152685,0.051477
29.946000,0.153738,2.949386,1.519648,0.000122,2.944355,1.570951,0.153698,0.051302
29.994000,0.154147,2.957375,1.519660,0.000121,2.953954,1.570972,0.154065,0.051312
30.048000,0.154760,2.969358,1.519673,-0.000117,2.963610,1.570910,0.154984,0.051237
30.048000,0.155374,2.981342,1.519681,-0.000117,2.963610,1.570910,0.156499,0.051229
30.048000,0.155374,2.981342,1.519681,-0.000117,2.963610,1.570910,0.156499,0.051229
30.048000,0.155578,2.985336,1.519679,-0.000117,2.963610,1.570910,0.157204,0.051231
30.106000,0.156191,2.997314,1.519653,-0.000119,2.975209,1.570922,0.157865,0.051269
30.122000,0.157623,3.025257,1.519545,-0.000423,2.978612,1.571109,0.164785,0.051564
30.399000,0.158237,3.037220,1.519439,-0.001736,3.037087,1.571196,0.159972,0.051757
30.445000,0.158852,3.049178,1.519271,-0.000762,3.044782,1.570849,0.159675,0.051578
30.494000,0.159264,3.057159,1.519184,-0.000761,3.054572,1.570714,0.160047,0.051530
30.548000,0.159884,3.069133,1.519096,-0.001464,3.064709,1.570535,0.161409,0.051438
30.596000,0.160297,3.077110,1.519028,-0.001462,3.074295,1.570465,0.161783,0.051437
30.649000,0.160917,3.089077,1.518910,-0.000841,3.084416,1.570242,0.161825,0.051332
30.699000,0.161332,3.097060,1.518851,-0.000835,3.094409,1.570149,0.162189,0.051298
30.748000,0.161955,3.109037,1.518790,-0.000005,3.104182,1.570327,0.162033,0.051537
30.799000,0.162371,3.117024,1.518778,0.000000,3.114379,1.570287,0.162393,0.051510
30.849000,0.162995,3.129004,1.518783,0.000152,3.124916,1.570958,0.162895,0.052175
30.899000,0.163618,3.140985,1.518789,0.000150,3.134913,1.570963,0.163581,0.052174
30.946000,0.164034,3.148972,1.518793,0.000349,3.144294,1.571018,0.163752,0.052225
30.999000,0.164450,3.156959,1.518800,0.000347,3.154891,1.571024,0.164116,0.052224
31.048000,0.165073,3.168939,1.518821,0.000573,3.164992,1.570853,0.164548,0.052032
31.096000,0.165489,3.176924,1.518845,0.000572,3.174586,1.570873,0.164933,0.052028
31.145000,0.166111,3.188900,1.518892,0.000052,3.183922,1.570995,0.166133,0.052104
31.196000,0.166526,3.196884,1.518923,0.000050,3.194116,1.571036,0.166499,0.052112
31.248000,0.167147,3.208861,1.518971,-0.000057,3.203536,1.571078,0.167289,0.052107
31.299000,0.167561,3.216845,1.519003,-0.000060,3.213730,1.571118,0.167651,0.052116
31.346000,0.168182,3.228826,1.519023,0.000609,3.223928,1.571192,0.167645,0.052169
31.399000,0.168596,3.236813,1.519029,0.000605,3.234526,1.571201,0.168007,0.052172
31.448000,0.169217,3.248794,1.519035,0.001393,3.245612,1.571368,0.167854,0.052334
31.496000,0.169630,3.256773,1.519074,0.001388,3.255200,1.571382,0.168250,0.052308
31.547000,0.170249,3.268742,1.519165,0.000732,3.264484,1.571253,0.169571,0.052088
31.595000,0.170662,3.276727,1.519214,0.000727,3.274078,1.571325,0.169955,0.052112
31.645000,0.171280,3.288704,1.519267,0.000888,3.283442,1.571418,0.170473,0.052151
31.697000,0.171691,3.296690,1.519300,0.000882,3.293837,1.571462,0.170834,0.052162
31.746000,0.172308,3.308668,1.519348,0.001401,3.303478,1.571479,0.170986,0.052130
31.799000,0.172925,3.320646,1.519397,0.001394,3.314073,1.571521,0.171657,0.052125
31.849000,0.173335,3.328628,1.519436,0.000944,3.323152,1.571579,0.172478,0.052143
31.897000,0.173746,3.336612,1.519478,0.000937,3.332745,1.571627,0.172852,0.052150
31.948000,0.174361,3.348589,1.519532,0.001406,3.344227,1.571515,0.173010,0.051984
31.994000,0.174770,3.356570,1.519582,0.001399,3.353416,1.571560,0.173399,0.051978
32.049000,0.175383,3.368540,1.519673,-0.000832,3.364341,1.571388,0.176265,0.051715
32.095000,0.175791,3.376519,1.519670,-0.000839,3.373529,1.571441,0.176655,0.051771
32.148000,0.176404,3.388488,1.519634,-0.000817,3.383951,1.571218,0.177278,0.051584
32.196000,0.176812,3.396467,1.519603,-0.000821,3.393538,1.571189,0.177657,0.051585
32.249000,0.177426,3.408437,1.519519,-0.000791,3.404600,1.571412,0.178259,0.051893
32.299000,0.178041,3.420407,1.519420,-0.000797,3.414587,1.571336,0.178933,0.051916
32.346000,0.178452,3.428386,1.519352,-0.000485,3.423496,1.571523,0.179004,0.052170
32.396000,0.178863,3.436368,1.519290,-0.000492,3.433486,1.571439,0.179378,0.052150
32.442000,0.179481,3.448340,1.519196,0.000179,3.442296,1.571477,0.179403,0.052281
32.497000,0.179893,3.456325,1.519145,0.000172,3.453289,1.571394,0.179747,0.052249
32.547000,0.180513,3.468307,1.519112,0.001024,3.463814,1.571446,0.179545,0.052334
32.596000,0.180926,3.476295,1.519092,0.001017,3.473612,1.571422,0.179929,0.052330
32.645000,0.181546,3.488272,1.519105,0.001917,3.484013,1.571628,0.179679,0.052523
32.695000,0.181959,3.496248,1.519169,0.001909,3.493996,1.571668,0.180063,0.052500
32.747000,0.182576,3.508212,1.519296,0.001125,3.504694,1.571566,0.181485,0.052270
32.799000,0.182987,3.516194,1.519370,0.001117,3.515084,1.571674,0.181874,0.052304
32.849000,0.183603,3.528168,1.519479,-0.000161,3.525081,1.571817,0.183790,0.052338
32.896000,0.184013,3.536151,1.519523,-0.000171,3.534474,1.571897,0.184191,0.052374
32.947000,0.184627,3.548125,1.519491,0.000359,3.544201,1.571801,0.184310,0.052310
32.999000,0.185038,3.556113,1.519466,0.000348,3.554599,1.571765,0.184695,0.052298
33.049000,0.185653,3.568096,1.519429,-0.000222,3.564339,1.571810,0.185913,0.052381
33.098000,0.186064,3.576084,1.519405,-0.000231,3.574138,1.571780,0.186306,0.052375
33.148000,0.186681,3.588067,1.519369,0.000103,3.585058,1.571685,0.186602,0.052316
33.148000,0.187298,3.600045,1.519325,0.000103,3.585058,1.571685,0.187794,0.052360
33.148000,0.187503,3.604038,1.519311,0.000103,3.585058,1.571685,0.188359,0.052374
33.203000,0.187709,3.608032,1.519298,0.000093,3.596052,1.571650,0.187998,0.052352
33.398000,0.189148,3.635973,1.519412,-0.000162,3.634770,1.571068,0.189314,0.051655
33.447000,0.189764,3.647953,1.519388,0.000851,3.644290,1.571133,0.188948,0.051745
33.499000,0.190174,3.655933,1.519420,0.000848,3.654679,1.571123,0.189330,0.051703
33.546000,0.190789,3.667902,1.519534,0.000175,3.664064,1.571139,0.190653,0.051605
33.597000,0.191198,3.675882,1.519615,0.000171,3.674252,1.571241,0.191034,0.051627
33.648000,0.191811,3.687852,1.519736,-0.000263,3.684000,1.571078,0.192112,0.051342
33.696000,0.192218,3.695832,1.519817,-0.000266,3.693588,1.571175,0.192497,0.051358
33.748000,0.192829,3.707810,1.519868,0.000265,3.703609,1.571509,0.192609,0.051641
33.797000,0.193440,3.719793,1.519872,0.000258,3.713408,1.571522,0.193287,0.051650
33.849000,0.193847,3.727781,1.519880,0.000078,3.723521,1.571834,0.193816,0.051954
33.899000,0.194254,3.735768,1.519863,0.000067,3.733517,1.571836,0.194200,0.051973
33.946000,0.194865,3.747747,1.519806,-0.000128,3.742386,1.571833,0.195067,0.052027
33.998000,0.195273,3.755729,1.519738,-0.000139,3.752777,1.571771,0.195434,0.052033
34.049000,0.195885,3.767703,1.519603,-0.000846,3.764547,1.571705,0.196756,0.052102
34.097000,0.196294,3.775673,1.519409,-0.000855,3.774123,1.571562,0.197156,0.052153
34.148000,0.196912,3.787626,1.518983,-0.000048,3.783957,1.571264,0.196994,0.052281
34.196000,0.197327,3.795611,1.518796,-0.000050,3.793551,1.570943,0.197388,0.052146
34.247000,0.197951,3.807592,1.518679,-0.000834,3.804072,1.570630,0.198816,0.051952
34.299000,0.198367,3.815562,1.518486,-0.000834,3.814449,1.570507,0.199204,0.052020
34.346000,0.198996,3.827517,1.518030,-0.000242,3.823278,1.570258,0.199283,0.052229
34.394000,0.199419,3.835501,1.517815,-0.000235,3.832872,1.569902,0.199671,0.052087
34.446000,0.200055,3.847481,1.517666,0.000010,3.843414,1.569798,0.200086,0.052132
34.495000,0.200480,3.855465,1.517680,0.000022,3.853208,1.569723,0.200471,0.052043
34.546000,0.201014,3.865603,1.519118,0.000093,3.862917,1.570083,0.200939,0.050964
34.595000,0.201322,3.871670,1.521081,0.000101,3.870374,1.571857,0.201225,0.050777
34.644000,0.201727,3.880069,1.524309,0.001789,3.875790,1.573022,0.199985,0.048713
34.699000,0.201903,3.883964,1.527762,0.001783,3.881354,1.576485,0.200137,0.048723
34.747000,0.202052,3.887714,1.535325,0.003719,3.881859,1.582034,0.198419,0.046709
34.798000,0.202125,3.889947,1.541130,0.003684,3.884710,1.589024,0.198510,0.047894
34.849000,0.202175,3.891811,1.550430,0.009178,3.885379,1.596511,0.193103,0.046081
34.896000,0.202175,3.891835,1.558107,0.009179,3.885389,1.604412,0.193104,0.046305
34.949000,0.202175,3.891835,1.572023,0.012000,3.884715,1.617785,0.190308,0.045763
34.949000,0.202175,3.891835,1.588818,0.012000,3.884715,1.617785,0.190308,0.028967
34.949000,0.202175,3.891835,1.588818,0.012000,3.884715,1.617785,0.190308,0.028967
35.000000,0.202175,3.891835,1.601478,0.012000,3.884715,1.630461,0.190308,0.028983
35.197000,0.202175,3.891835,1.646604,0.019975,3.883307,1.692197,0.182400,0.045593
35.246000,0.202175,3.891835,1.668295,0.022948,3.881343,1.712588,0.179534,0.044292
35.296000,0.202175,3.891835,1.683700,0.022948,3.881343,1.731269,0.179534,0.047569
35.344000,0.202175,3.891835,1.706808,0.024814,3.875745,1.749377,0.178089,0.042569
35.399000,0.202175,3.891835,1.722213,0.024814,3.875745,1.770559,0.178089,0.048346
35.449000,0.202175,3.891835,1.746185,0.024742,3.869775,1.791099,0.178799,0.044914
35.500000,0.202175,3.891835,1.772965,0.024742,3.869775,1.812270,0.178799,0.039305
35.548000,0.202175,3.891835,1.792401,0.026431,3.861503,1.832963,0.178343,0.040562
35.598000,0.202175,3.891835,1.812286,0.026431,3.861503,1.857429,0.178343,0.045143
35.647000,0.202175,3.891835,1.842113,0.028131,3.858916,1.880225,0.177130,0.038112
35.699000,0.202175,3.891835,1.861998,0.028131,3.858916,1.906076,0.177130,0.044077
35.749000,0.202175,3.891835,1.892846,0.026895,3.856752,1.931897,0.178756,0.039051
35.794000,0.202175,3.891835,1.914987,0.026895,3.856752,1.955726,0.178756,0.040739
35.848000,0.202175,3.891835,1.950598,0.027400,3.855135,1.985180,0.178586,0.034582
35.897000,0.202175,3.891835,1.975939,0.027400,3.855135,2.015031,0.178586,0.039092
35.948000,0.202175,3.891835,2.016351,0.024766,3.853257,2.043717,0.181555,0.027366
35.995000,0.202175,3.891835,2.044892,0.024766,3.853257,2.076109,0.181555,0.031217
36.048000,0.202139,3.891899,2.090103,0.024798,3.853218,2.111379,0.181511,0.021276
36.098000,0.201842,3.892396,2.121368,0.024424,3.853822,2.149759,0.181562,0.028391
36.148000,0.200560,3.894369,2.166312,0.021940,3.854212,2.184677,0.183079,0.018365
36.199000,0.199171,3.896355,2.195551,0.020152,3.856701,2.222340,0.183358,0.026789
36.244000,0.196913,3.899345,2.239282,0.018070,3.852835,2.259948,0.184791,0.020666
36.297000,0.194984,3.901716,2.266954,0.015499,3.855883,2.298055,0.185244,0.031101
36.347000,0.190986,3.906303,2.306141,0.012177,3.858532,2.333448,0.185080,0.027306
36.399000,0.187547,3.910009,2.330613,0.007628,3.863208,2.366560,0.185906,0.035947
36.449000,0.181445,3.916211,2.364936,0.001472,3.868317,2.401017,0.186237,0.036081
36.499000,0.177340,3.920156,2.387136,-0.003813,3.873087,2.429090,0.187168,0.041955
36.546000,0.171021,3.925900,2.420435,-0.004332,3.875385,2.463089,0.182484,0.042654
36.546000,0.164514,3.931431,2.453734,-0.004332,3.875385,2.463089,0.177905,0.009355
36.546000,0.164514,3.931431,2.453734,-0.004332,3.875385,2.463089,0.177905,0.009355
36.604000,0.160030,3.935035,2.475454,-0.010838,3.880467,2.495278,0.179370,0.019825
36.799000,0.143673,3.946921,2.550912,-0.034659,3.894050,2.603695,0.186004,0.052783
36.847000,0.135814,3.952012,2.581459,-0.041456,3.895663,2.629447,0.186011,0.047987
36.896000,0.130198,3.955460,2.600203,-0.048520,3.899563,2.653614,0.187256,0.053411
36.948000,0.121558,3.960502,2.625934,-0.054288,3.902940,2.680996,0.185028,0.055062
36.998000,0.115701,3.963759,2.642373,-0.061810,3.906626,2.701896,0.186479,0.059523
37.048000,0.106817,3.968462,2.667033,-0.066033,3.908188,2.729677,0.183057,0.062644
37.096000,0.100831,3.971475,2.683472,-0.073418,3.911371,2.749404,0.184323,0.065932
37.147000,0.091725,3.975827,2.707731,-0.082426,3.915385,2.769906,0.184341,0.062174
37.196000,0.085562,3.978624,2.723531,-0.090166,3.918357,2.789470,0.185774,0.065939
37.247000,0.076057,3.982713,2.746430,-0.099616,3.917954,2.810658,0.187228,0.064228
37.297000,0.069458,3.985409,2.760950,-0.108051,3.920806,2.829238,0.188900,0.068288
37.346000,0.059468,3.989281,2.782553,-0.111913,3.921515,2.852776,0.184293,0.070223
37.399000,0.052553,3.991825,2.795520,-0.121269,3.924236,2.871307,0.186500,0.075787
37.450000,0.042073,3.995492,2.814420,-0.129607,3.924506,2.890282,0.185776,0.075862
37.498000,0.035044,3.997828,2.826923,-0.138223,3.926685,2.905382,0.187304,0.078459
37.549000,0.024211,4.001255,2.843039,-0.145759,3.927436,2.924119,0.185308,0.081081
37.596000,0.016883,4.003473,2.852198,-0.154555,3.929336,2.936007,0.186781,0.083809
37.648000,0.005794,4.006703,2.863529,-0.161645,3.930140,2.954622,0.184114,0.091092
37.694000,-0.001687,4.008814,2.869473,-0.170437,3.931768,2.962598,0.185506,0.093125
37.746000,-0.012970,4.011920,2.876004,-0.184054,3.935607,2.973747,0.187333,0.097743
37.796000,-0.020515,4.013961,2.878748,-0.193692,3.937211,2.978407,0.189422,0.099660
37.845000,-0.031852,4.016996,2.880909,-0.204580,3.938557,2.986464,0.189705,0.105556
37.897000,-0.039413,4.019008,2.882137,-0.214631,3.940126,2.988085,0.192155,0.105948
37.948000,-0.050760,4.022009,2.883980,-0.228149,3.944634,2.991588,0.193530,0.107608
37.999000,-0.062125,4.024992,2.885758,-0.238015,3.946121,2.993155,0.192763,0.107396
38.048000,-0.069684,4.026965,2.886946,-0.249959,3.949099,2.993709,0.196372,0.106763
38.097000,-0.077222,4.028922,2.888267,-0.259395,3.950503,2.995206,0.198334,0.106938
38.147000,-0.088526,4.031835,2.890397,-0.270783,3.953606,2.995938,0.198336,0.105542
38.199000,-0.096065,4.033764,2.891829,-0.280792,3.955070,2.997799,0.200790,0.105970
38.247000,-0.107355,4.036631,2.894076,-0.290435,3.958535,2.998601,0.199041,0.104526
38.299000,-0.114846,4.038517,2.895782,-0.300377,3.959964,3.000652,0.201476,0.104870
38.347000,-0.126083,4.041320,2.898520,-0.309987,3.961885,3.001525,0.200326,0.103005
38.399000,-0.133565,4.043168,2.900428,-0.319909,3.963279,3.003940,0.202747,0.103512
38.447000,-0.144793,4.045912,2.903356,-0.330709,3.964767,3.004299,0.202853,0.100943
38.497000,-0.152282,4.047723,2.905313,-0.340251,3.966079,3.006745,0.204934,0.101432
38.547000,-0.163523,4.050412,2.908249,-0.351261,3.968149,3.007473,0.204970,0.099224
38.597000,-0.171021,4.052187,2.910207,-0.360807,3.969431,3.009920,0.207043,0.099713
38.645000,-0.182246,4.054813,2.913269,-0.371046,3.971210,3.010386,0.206483,0.097117
38.698000,-0.189725,4.056543,2.915371,-0.381131,3.972534,3.013145,0.209031,0.097773
38.746000,-0.200950,4.059108,2.918525,-0.390400,3.972621,3.013816,0.208258,0.095291
38.795000,-0.208438,4.060798,2.920627,-0.399728,3.973813,3.016392,0.210139,0.095764
38.848000,-0.219677,4.063304,2.923781,-0.405010,3.974910,3.021436,0.205334,0.097655
38.895000,-0.227173,4.064955,2.925883,-0.413966,3.975985,3.023906,0.206899,0.098023
38.948000,-0.238408,4.067398,2.929113,-0.420454,3.976558,3.027398,0.203452,0.098285
38.999000,-0.245900,4.069006,2.931275,-0.430161,3.977665,3.030155,0.205658,0.098880
39.048000,-0.257174,4.071393,2.934489,-0.438896,3.978418,3.032834,0.204125,0.098344
39.098000,-0.264710,4.072969,2.936562,-0.448463,3.979457,3.035471,0.206179,0.098910
39.148000,-0.276020,4.075302,2.939668,-0.458696,3.980998,3.037515,0.205582,0.097847
39.197000,-0.287337,4.077601,2.942731,-0.468077,3.981972,3.040044,0.204479,0.097313
39.246000,-0.294887,4.079115,2.944755,-0.474601,3.982501,3.044645,0.204037,0.099890
39.299000,-0.302455,4.080616,2.946723,-0.484775,3.983484,3.047308,0.206580,0.100585
39.347000,-0.313817,4.082842,2.949602,-0.492337,3.983698,3.050863,0.204202,0.101261
39.399000,-0.325187,4.085035,2.952471,-0.502331,3.984602,3.053350,0.203634,0.100879
39.448000,-0.332782,4.086481,2.954333,-0.512077,3.985531,3.056214,0.205761,0.101881
39.496000,-0.340386,4.087915,2.956163,-0.521329,3.986318,3.058437,0.207515,0.102274
39.547000,-0.351797,4.090039,2.958909,-0.532446,3.986040,3.060036,0.208446,0.101127
39.599000,-0.359407,4.091438,2.960739,-0.542472,3.986855,3.062415,0.210833,0.101676
39.646000,-0.370835,4.093511,2.963437,-0.553047,3.987808,3.063735,0.210652,0.100298
39.699000,-0.378468,4.094879,2.965138,-0.563291,3.988601,3.066068,0.213200,0.100930
39.747000,-0.389927,4.096908,2.967627,-0.571485,3.990187,3.069550,0.210600,0.101923
39.798000,-0.397571,4.098244,2.969264,-0.581353,3.990894,3.071653,0.212838,0.102389
39.847000,-0.409045,4.100227,2.971691,-0.589401,3.990068,3.075639,0.211337,0.103948
39.899000,-0.416722,4.101538,2.973216,-0.599502,3.990730,3.077709,0.213745,0.104492
39.949000,-0.428247,4.103484,2.975392,-0.609040,3.990627,3.080968,0.213127,0.105576
39.998000,-0.435947,4.104770,2.976763,-0.618586,3.991201,3.082708,0.215070,0.105946
40.048000,-0.447506,4.106681,2.978737,-0.628706,3.991330,3.084957,0.214801,0.106220
40.097000,-0.455223,4.107944,2.980004,-0.638270,3.991868,3.086549,0.216748,0.106545
40.145000,-0.466805,4.109821,2.981851,-0.648302,3.992154,3.087756,0.216303,0.105905
40.196000,-0.474532,4.111061,2.983059,-0.658265,3.992687,3.089314,0.218565,0.106255
40.245000,-0.486127,4.112904,2.984843,-0.667733,3.993464,3.090320,0.217363,0.105477
40.245000,-0.497723,4.114727,2.986627,-0.667733,3.993464,3.090320,0.208826,0.103693
40.245000,-0.497723,4.114727,2.986627,-0.667733,3.993464,3.090320,0.208826,0.103693
40.245000,-0.505455,4.115930,2.987817,-0.667733,3.993464,3.090320,0.203303,0.102502
40.245000,-0.513189,4.117124,2.989008,-0.667733,3.993464,3.090320,0.197929,0.101312
40.245000,-0.528660,4.119484,2.991389,-0.667733,3.993464,3.090320,0.187676,0.098931
40.245000,-0.544137,4.121808,2.993770,-0.667733,3.993464,3.090320,0.178180,0.096550
40.245000,-0.559620,4.124094,2.996151,-0.667733,3.993464,3.090320,0.169567,0.094168
40.618000,-0.575108,4.126344,2.998532,-0.740580,3.997597,3.100496,0.209659,0.101964
40.618000,-0.609975,4.131271,3.003890,-0.740580,3.997597,3.100496,0.186886,0.096606
40.717000,-0.613851,4.131807,3.004485,-0.760000,3.997899,3.103930,0.198220,0.099445
40.862000,-0.629357,4.133928,3.006866,-0.787366,4.001267,3.108455,0.206315,0.101589
41.048000,-0.640990,4.135494,3.008652,-0.821365,4.002202,3.114618,0.224281,0.105967
41.048000,-0.652635,4.137041,3.010406,-0.821365,4.002202,3.114618,0.215989,0.104212
41.048000,-0.652635,4.137041,3.010406,-0.821365,4.002202,3.114618,0.215989,0.104212
41.102000,-0.660400,4.138061,3.011576,-0.831936,4.002478,3.116216,0.218648,0.104641
41.297000,-0.687745,4.141589,3.014797,-0.870130,4.002044,3.122697,0.229645,0.107900
41.347000,-0.699493,4.143079,3.015927,-0.880447,4.003020,3.124273,0.228825,0.108346
41.397000,-0.707327,4.144066,3.016664,-0.890315,4.003189,3.125202,0.230935,0.108538
41.449000,-0.719079,4.145535,3.017769,-0.900514,4.003031,3.126312,0.230707,0.108543
41.498000,-0.726915,4.146508,3.018505,-0.910185,4.003177,3.127214,0.232662,0.108709
41.548000,-0.738668,4.147955,3.019611,-0.918729,4.003293,3.128304,0.230974,0.108693
41.599000,-0.746502,4.148913,3.020349,-0.928791,4.003425,3.129245,0.233229,0.108896
41.650000,-0.758266,4.150339,3.021425,-0.939409,4.003525,3.130168,0.233168,0.108743
41.696000,-0.766115,4.151284,3.022128,-0.948500,4.003627,3.130980,0.234663,0.108852
41.749000,-0.777890,4.152691,3.023183,-0.957498,4.002997,3.132246,0.233811,0.109062
41.796000,-0.785740,4.153623,3.023887,-0.966786,4.003082,3.133072,0.235457,0.109186
41.849000,-0.797544,4.155013,3.024800,-0.977344,4.003503,3.134011,0.235124,0.109211
41.898000,-0.805423,4.155935,3.025302,-0.987062,4.003574,3.134688,0.237079,0.109385
41.945000,-0.817246,4.157312,3.026004,-0.996722,4.004239,3.135517,0.235888,0.109513
41.999000,-0.825129,4.158225,3.026467,-1.007435,4.004302,3.136143,0.238596,0.109676
42.048000,-0.836955,4.159589,3.027152,-1.016946,4.004078,3.137009,0.237867,0.109856
42.095000,-0.844844,4.160494,3.027580,-1.026277,4.004119,3.137535,0.239523,0.109955
42.146000,-0.856682,4.161846,3.028189,-1.037569,4.002951,3.138312,0.240765,0.110123
42.197000,-0.864575,4.162743,3.028591,-1.047697,4.002983,3.138826,0.243017,0.110234
42.246000,-0.876428,4.164085,3.029146,-1.058630,4.002122,3.140122,0.243782,0.110976
42.296000,-0.884350,4.164978,3.029418,-1.068596,4.002135,3.140538,0.245895,0.111120
42.349000,-0.896235,4.166315,3.029821,-1.080800,4.003147,-3.141523,0.246348,0.111841
42.398000,-0.904159,4.167203,3.030091,-1.090567,4.003146,-3.141194,0.248319,0.111901
42.449000,-0.916045,4.168531,3.030494,-1.100711,4.002796,-3.140204,0.248132,0.112487
42.497000,-0.927932,4.169855,3.030897,-1.110279,4.002782,-3.139881,0.247313,0.112407
42.549000,-0.935858,4.170735,3.031129,-1.120325,4.002609,-3.139231,0.249588,0.112825
42.598000,-0.943784,4.171613,3.031361,-1.130094,4.002586,-3.138947,0.251558,0.112878
42.649000,-0.955685,4.172929,3.031613,-1.139382,4.002177,-3.138249,0.250800,0.113323
42.649000,-0.967606,4.174244,3.031720,-1.139382,4.002177,-3.138249,0.243134,0.113217
42.649000,-0.967606,4.174244,3.031720,-1.139382,4.002177,-3.138249,0.243134,0.113217
42.649000,-0.971579,4.174683,3.031745,-1.139382,4.002177,-3.138249,0.240657,0.113191
42.702000,-0.979527,4.175559,3.031795,-1.149977,4.002140,-3.138079,0.243161,0.113311
42.729000,-1.015293,4.179498,3.032023,-1.156228,4.001674,-3.137447,0.226901,0.113715
42.997000,-1.023241,4.180372,3.032066,-1.210114,4.001675,-3.136250,0.258561,0.114870
43.049000,-1.035164,4.181683,3.032126,-1.220897,4.002917,-3.135869,0.257786,0.115191
43.098000,-1.043107,4.182555,3.032131,-1.230685,4.002861,-3.135830,0.259761,0.115224
43.148000,-1.055016,4.183864,3.032114,-1.241948,4.002955,-3.135469,0.260138,0.115602
43.195000,-1.062956,4.184737,3.032103,-1.251333,4.002898,-3.135483,0.261824,0.115600
43.245000,-1.074866,4.186047,3.032078,-1.261048,4.003002,-3.134804,0.261092,0.116303
43.299000,-1.082809,4.186920,3.032045,-1.271835,4.002928,-3.134835,0.263787,0.116305
43.346000,-1.094725,4.188231,3.031998,-1.281800,4.002923,-3.134470,0.263317,0.116717
43.399000,-1.102675,4.189106,3.031975,-1.292397,4.002848,-3.134508,0.265869,0.116702
43.448000,-1.114599,4.190418,3.031935,-1.303013,4.002883,-3.134560,0.265837,0.116690
43.498000,-1.122545,4.191293,3.031897,-1.313006,4.002813,-3.134599,0.267956,0.116689
43.548000,-1.134464,4.192606,3.031835,-1.324209,4.005090,-3.134891,0.266769,0.116459
43.596000,-1.142400,4.193481,3.031867,-1.333790,4.005027,-3.134920,0.268598,0.116399
43.649000,-1.154305,4.194792,3.031996,-1.344498,4.005311,-3.134835,0.268470,0.116355
43.695000,-1.162240,4.195664,3.032106,-1.353677,4.005249,-3.134724,0.270012,0.116356
43.745000,-1.174143,4.196972,3.032278,-1.362852,4.005910,-3.134119,0.268543,0.116788
43.797000,-1.182076,4.197842,3.032404,-1.373227,4.005833,-3.133966,0.270936,0.116815
43.847000,-1.193977,4.199146,3.032599,-1.382683,4.005683,-3.133345,0.270254,0.117242
43.896000,-1.201911,4.200013,3.032729,-1.392460,4.005602,-3.133185,0.272221,0.117271
43.948000,-1.213817,4.201313,3.032910,-1.402838,4.004635,-3.133012,0.272785,0.117263
43.996000,-1.221766,4.202180,3.032976,-1.412433,4.004552,-3.132888,0.274611,0.117322
44.047000,-1.233692,4.203481,3.033021,-1.422374,4.004564,-3.133361,0.274169,0.116804
44.098000,-1.241641,4.204347,3.033045,-1.432569,4.004480,-3.133330,0.276406,0.116811
44.146000,-1.253566,4.205646,3.033081,-1.441996,4.005110,-3.133509,0.275174,0.116596
44.198000,-1.261509,4.206511,3.033125,-1.452384,4.005027,-3.133472,0.277542,0.116588
44.249000,-1.273426,4.207809,3.033212,-1.462279,4.005626,-3.133594,0.276665,0.116380
44.296000,-1.281364,4.208672,3.033288,-1.471661,4.005551,-3.133519,0.278336,0.116379
44.348000,-1.293271,4.209966,3.033404,-1.482040,4.005464,-3.133518,0.278307,0.116263
44.398000,-1.301211,4.210828,3.033490,-1.492022,4.005383,-3.133419,0.280386,0.116277
44.446000,-1.313123,4.212120,3.033618,-1.501999,4.003502,-3.133199,0.281417,0.116368
44.499000,-1.321065,4.212981,3.033701,-1.512583,4.003413,-3.133088,0.283898,0.116396
44.548000,-1.332981,4.214271,3.033798,-1.522902,4.002682,-3.132820,0.284323,0.116568
44.597000,-1.340929,4.215130,3.033831,-1.532694,4.002595,-3.132760,0.286260,0.116595
44.645000,-1.352842,4.216419,3.033793,-1.542255,4.002190,-3.132380,0.285957,0.117012
44.699000,-1.360775,4.217278,3.033681,-1.553028,4.002091,-3.132473,0.288560,0.117031
44.749000,-1.372675,4.218569,3.033466,-1.562826,4.003128,-3.132386,0.287354,0.117333
44.797000,-1.380619,4.219431,3.033352,-1.572414,4.003040,-3.132553,0.289155,0.117281
44.848000,-1.392535,4.220727,3.033224,-1.583228,4.003305,-3.132927,0.289199,0.117034
44.896000,-1.404459,4.222025,3.033150,-1.592823,4.003223,-3.133016,0.288713,0.117019
44.947000,-1.412409,4.222890,3.033117,-1.603090,4.003339,-3.133200,0.290795,0.116868
44.947000,-1.424338,4.224190,3.033099,-1.603090,4.003339,-3.133200,0.284125,0.116886
45.001000,-1.428315,4.224623,3.033097,-1.613889,4.003249,-3.133237,0.288867,0.116851
45.001000,-1.440224,4.225920,3.033192,-1.613889,4.003249,-3.133237,0.282386,0.116756
45.064000,-1.448155,4.226782,3.033362,-1.627037,4.004697,-3.133873,0.285168,0.115950
45.196000,-1.460058,4.228074,3.033634,-1.652988,4.003899,-3.133565,0.295764,0.115986
45.247000,-1.471966,4.229363,3.033867,-1.661434,4.003507,-3.133286,0.294803,0.116032
45.298000,-1.479910,4.230222,3.033992,-1.671621,4.003422,-3.133099,0.296970,0.116094
45.349000,-1.491827,4.231508,3.034148,-1.681573,4.003293,-3.132547,0.296792,0.116490
45.395000,-1.499775,4.232365,3.034230,-1.690766,4.003209,-3.132437,0.298311,0.116518
45.447000,-1.511698,4.233649,3.034334,-1.701330,4.002820,-3.132500,0.298735,0.116351
45.496000,-1.519650,4.234505,3.034377,-1.711127,4.002731,-3.132425,0.300638,0.116383
45.548000,-1.531579,4.235789,3.034414,-1.721699,4.002007,-3.132605,0.301329,0.116166
45.598000,-1.539526,4.236644,3.034375,-1.731689,4.001916,-3.132597,0.303354,0.116213
45.648000,-1.551444,4.237927,3.034244,-1.741788,4.002902,-3.132682,0.302436,0.116259
45.699000,-1.559388,4.238784,3.034229,-1.751975,4.002813,-3.132773,0.304585,0.116184
45.748000,-1.571303,4.240068,3.034223,-1.762351,4.002241,-3.132583,0.305058,0.116379
45.798000,-1.579250,4.240924,3.034258,-1.772342,4.002152,-3.132577,0.307078,0.116350
45.845000,-1.591178,4.242209,3.034327,-1.781742,4.001920,-3.132597,0.306681,0.116261
45.899000,-1.603106,4.243493,3.034396,-1.792539,4.001823,-3.132535,0.307066,0.116254
45.948000,-1.611058,4.244349,3.034442,-1.802149,4.002200,-3.132607,0.308467,0.116136
45.997000,-1.622979,4.245630,3.034568,-1.811942,4.002112,-3.132549,0.308234,0.116068
46.049000,-1.630924,4.246483,3.034724,-1.821798,4.002077,-3.132599,0.310109,0.115862
46.096000,-1.638866,4.247334,3.034926,-1.831184,4.001993,-3.132402,0.311735,0.115858
46.147000,-1.650780,4.248608,3.035274,-1.840643,4.001322,-3.132299,0.311767,0.115612
46.196000,-1.658723,4.249455,3.035515,-1.850428,4.001230,-3.132008,0.313634,0.115663
46.245000,-1.670638,4.250721,3.035876,-1.860972,4.001882,-3.131574,0.313285,0.115735
46.295000,-1.678582,4.251563,3.036117,-1.870956,4.001781,-3.131273,0.315276,0.115795
46.345000,-1.690498,4.252823,3.036479,-1.881044,4.001258,-3.130669,0.315583,0.116038
46.345000,-1.702416,4.254078,3.036800,-1.881044,4.001258,-3.130669,0.309557,0.115717
46.345000,-1.702416,4.254078,3.036800,-1.881044,4.001258,-3.130669,0.309557,0.115717
46.345000,-1.706380,4.254495,3.036803,-1.881044,4.001258,-3.130669,0.307630,0.115714
46.407000,-1.718252,4.255745,3.036584,-1.893427,4.001120,-3.130296,0.309063,0.116304
46.698000,-1.757827,4.259938,3.035405,-1.951583,4.001151,-3.130338,0.323284,0.117442
46.748000,-1.769696,4.261206,3.035013,-1.961463,4.001659,-3.130293,0.322706,0.117880
46.798000,-1.781565,4.262478,3.034619,-1.971410,4.001547,-3.130620,0.322685,0.117945
46.846000,-1.789480,4.263329,3.034360,-1.981582,4.001801,-3.131344,0.324500,0.117481
46.899000,-1.797403,4.264183,3.034127,-1.992140,4.001694,-3.131678,0.326837,0.117380
46.947000,-1.809289,4.265467,3.033806,-2.002543,4.000737,-3.132620,0.327764,0.116760
46.999000,-1.817208,4.266325,3.033581,-2.012898,4.000644,-3.132900,0.329971,0.116704
47.048000,-1.829088,4.267615,3.033232,-2.022719,3.999471,-3.133439,0.330749,0.116515
47.097000,-1.837007,4.268478,3.032998,-2.032478,3.999392,-3.133725,0.332590,0.116462
47.148000,-1.848886,4.269775,3.032647,-2.042191,3.999430,-3.134379,0.332345,0.116160
47.197000,-1.856805,4.270642,3.032412,-2.051949,3.999360,-3.134665,0.334178,0.116107
47.247000,-1.868678,4.271946,3.032043,-2.061764,4.000286,-3.135074,0.333288,0.116069
47.298000,-1.876603,4.272818,3.031817,-2.071928,4.000220,-3.135387,0.335352,0.115982
47.347000,-1.888490,4.274130,3.031494,-2.081610,4.000216,-3.135515,0.335148,0.116176
47.397000,-1.896414,4.275007,3.031279,-2.091576,4.000156,-3.135784,0.337092,0.116122
47.448000,-1.908301,4.276326,3.030957,-2.101541,4.000571,-3.136084,0.336723,0.116144
47.498000,-1.916226,4.277207,3.030756,-2.111509,4.000517,-3.136350,0.338663,0.116080
47.549000,-1.928115,4.278532,3.030469,-2.122363,4.000558,-3.136825,0.339119,0.115892
47.596000,-1.936041,4.279417,3.030277,-2.131734,4.000513,-3.137050,0.340709,0.115858
47.648000,-1.947929,4.280747,3.029990,-2.143789,4.000913,-3.137615,0.341567,0.115580
47.697000,-1.955864,4.281637,3.029849,-2.153571,4.000876,-3.137834,0.343387,0.115502
47.745000,-1.967776,4.282975,3.029717,-2.163596,4.000335,-3.137945,0.343847,0.115523
47.799000,-1.979681,4.284313,3.029587,-2.174378,4.000296,-3.138057,0.344344,0.115542
47.799000,-1.987617,4.285206,3.029496,-2.174378,4.000296,-3.138057,0.340666,0.115633
47.851000,-1.987617,4.285206,3.029496,-2.182983,3.999264,-3.137977,0.346311,0.115712
48.197000,-2.055073,4.292826,3.028720,-2.252572,3.998587,-3.137400,0.354376,0.117065
48.246000,-2.066977,4.294176,3.028581,-2.263594,3.998526,-3.137946,0.355060,0.116659
48.296000,-2.074912,4.295077,3.028488,-2.273577,3.998490,-3.138062,0.356976,0.116635
48.346000,-2.086815,4.296430,3.028349,-2.283585,3.998402,-3.138681,0.357126,0.116156
48.396000,-2.094751,4.297333,3.028256,-2.293568,3.998373,-3.138797,0.359034,0.116133
48.448000,-2.106648,4.298688,3.028102,-2.302564,3.998362,-3.139098,0.358579,0.115985
48.495000,-2.114568,4.299591,3.027931,-2.311930,3.998338,-3.139244,0.360146,0.116010
48.548000,-2.126452,4.300949,3.027663,-2.322868,3.997602,-3.139264,0.361385,0.116259
48.594000,-2.134368,4.301856,3.027460,-2.332030,3.997581,-3.139476,0.362841,0.116249
48.648000,-2.146242,4.303219,3.027135,-2.343015,3.996694,-3.139706,0.364249,0.116344
48.699000,-2.154151,4.304129,3.026891,-2.353166,3.996675,-3.139993,0.366244,0.116302
48.749000,-2.166016,4.305499,3.026503,-2.363532,3.996505,-3.139951,0.366728,0.116732
48.799000,-2.173923,4.306414,3.026235,-2.373483,3.996489,-3.140278,0.368615,0.116672
48.848000,-2.185786,4.307791,3.025834,-2.382199,3.996176,-3.140554,0.368350,0.116798
48.899000,-2.193693,4.308711,3.025563,-2.392348,3.996166,-3.140895,0.370336,0.116727
48.948000,-2.205555,4.310096,3.025158,-2.404041,3.998007,3.141402,0.369860,0.116244
48.948000,-2.217447,4.311489,3.024884,-2.404041,3.998007,3.141402,0.364812,0.116518
48.948000,-2.217447,4.311489,3.024884,-2.404041,3.998007,3.141402,0.364812,0.116518
49.006000,-2.225377,4.312419,3.024753,-2.415618,3.998013,3.141045,0.367482,0.116291
49.199000,-2.253183,4.315686,3.024568,-2.454224,3.998395,3.140545,0.375620,0.115976
49.247000,-2.265100,4.317087,3.024498,-2.462820,3.997318,3.140979,0.375959,0.116482
49.298000,-2.273036,4.318021,3.024447,-2.473008,3.997324,3.140922,0.377936,0.116475
49.349000,-2.284921,4.319421,3.024268,-2.483150,3.996619,3.141148,0.378808,0.116880
49.396000,-2.292838,4.320354,3.024103,-2.492516,3.996623,3.140989,0.380360,0.116885
49.447000,-2.304713,4.321758,3.023821,-2.502690,3.995806,3.140888,0.381365,0.117067
49.498000,-2.312624,4.322694,3.023604,-2.512846,3.995813,3.140637,0.383328,0.117033
49.548000,-2.324489,4.324103,3.023256,-2.523804,3.996408,3.139316,0.383549,0.116060
49.598000,-2.332410,4.325046,3.023059,-2.533775,3.996432,3.139036,0.385402,0.115977
49.649000,-2.344294,4.326462,3.022815,-2.544350,3.996723,3.138055,0.385681,0.115239
49.699000,-2.352224,4.327409,3.022689,-2.554332,3.996760,3.137868,0.387527,0.115179
49.748000,-2.364120,4.328831,3.022538,-2.562554,3.997008,3.137974,0.386630,0.115436
49.794000,-2.372053,4.329781,3.022453,-2.571742,3.997041,3.137866,0.388061,0.115413
49.846000,-2.383952,4.331206,3.022340,-2.582447,3.996558,3.138108,0.389088,0.115768
49.897000,-2.391880,4.332156,3.022249,-2.592628,3.996593,3.138009,0.391027,0.115759
49.944000,-2.403773,4.333583,3.022099,-2.601900,3.997451,3.138227,0.390179,0.116128
49.999000,-2.411701,4.334535,3.021999,-2.612880,3.997488,3.138089,0.392523,0.116090
50.047000,-2.423593,4.335965,3.021847,-2.623070,3.998622,3.138164,0.391907,0.116316
50.098000,-2.431521,4.336920,3.021747,-2.633251,3.998658,3.138035,0.393848,0.116288
50.147000,-2.443413,4.338353,3.021595,-2.642086,3.998523,3.138079,0.393644,0.116483
50.200000,-2.455311,4.339788,3.021477,-2.652669,3.998560,3.137946,0.394191,0.116469
50.247000,-2.463250,4.340746,3.021470,-2.663848,3.999490,3.137425,0.395848,0.115956
50.298000,-2.471179,4.341703,3.021520,-2.674031,3.999533,3.137432,0.397781,0.115913
50.344000,-2.483070,4.343137,3.021650,-2.682543,4.000385,3.137551,0.396570,0.115901
50.398000,-2.490992,4.344091,3.021773,-2.693315,4.000429,3.137684,0.398796,0.115911
50.448000,-2.502873,4.345521,3.021972,-2.702507,3.999971,3.137879,0.399071,0.115907
50.496000,-2.510794,4.346472,3.022107,-2.712080,4.000007,3.138038,0.400693,0.115931
50.547000,-2.522684,4.347899,3.022294,-2.722975,3.999607,3.137632,0.401775,0.115338
50.598000,-2.530613,4.348849,3.022405,-2.733156,3.999647,3.137784,0.403690,0.115379
50.644000,-2.542506,4.350272,3.022560,-2.742595,4.000164,3.137675,0.403250,0.115115
50.699000,-2.550436,4.351220,3.022660,-2.753575,4.000207,3.137814,0.405556,0.115154
50.748000,-2.562329,4.352640,3.022815,-2.762862,3.999420,3.137949,0.406175,0.115134
50.796000,-2.570261,4.353586,3.022917,-2.772448,3.999455,3.138074,0.407785,0.115157
50.849000,-2.582159,4.355004,3.023068,-2.781711,3.999807,3.138384,0.407413,0.115316
50.895000,-2.590092,4.355948,3.023169,-2.790898,3.999836,3.138500,0.408826,0.115331
50.948000,-2.601991,4.357363,3.023318,-2.800311,3.999777,3.138910,0.408899,0.115593
50.998000,-2.609924,4.358306,3.023410,-2.810297,3.999804,3.139031,0.410698,0.115621
51.047000,-2.621823,4.359718,3.023547,-2.819372,4.000699,3.139182,0.409780,0.115635
51.097000,-2.629750,4.360657,3.023652,-2.829351,4.000723,3.139301,0.411574,0.115648
51.149000,-2.641642,4.362065,3.023826,-2.839133,4.001652,3.139483,0.410975,0.115657
51.197000,-2.649562,4.363002,3.023965,-2.848703,4.001672,3.139631,0.412572,0.115666
51.246000,-2.661442,4.364404,3.024174,-2.860481,4.000257,3.139349,0.414994,0.115175
51.298000,-2.669362,4.365338,3.024314,-2.870848,4.000280,3.139531,0.416970,0.115217
51.349000,-2.681243,4.366737,3.024527,-2.881359,4.000046,3.139762,0.417742,0.115235
51.399000,-2.689177,4.367669,3.024642,-2.891345,4.000063,3.139933,0.419531,0.115291
51.448000,-2.701083,4.369067,3.024755,-2.900142,3.999024,3.140399,0.420186,0.115644
51.498000,-2.709025,4.369999,3.024777,-2.910138,3.999035,3.140471,0.421972,0.115694
51.546000,-2.720938,4.371397,3.024761,-2.919539,3.999300,3.141205,0.421781,0.116444
51.595000,-2.728879,4.372330,3.024742,-2.929334,3.999303,3.141185,0.423474,0.116443
51.647000,-2.740792,4.373728,3.024714,-2.939198,3.999715,-3.141528,0.423380,0.116944
51.695000,-2.748734,4.374661,3.024692,-2.948794,3.999715,-3.141552,0.424981,0.116942
51.746000,-2.760648,4.376060,3.024661,-2.960989,3.999339,3.140996,0.426679,0.116335
51.797000,-2.768591,4.376993,3.024641,-2.971185,3.999345,3.140970,0.428558,0.116329
51.797000,-2.780505,4.378393,3.024611,-2.971185,3.999345,3.140970,0.424307,0.116359
51.875000,-2.804336,4.381194,3.024584,-2.988177,3.999502,3.140231,0.423658,0.115646
51.944000,-2.840082,4.385396,3.024564,-3.001945,3.998895,3.140207,0.419026,0.115643
52.198000,-2.848022,4.386330,3.024542,-3.051703,3.998370,3.140093,0.438176,0.115551
52.244000,-2.859928,4.387730,3.024472,-3.060204,3.998583,3.140274,0.437659,0.115802
52.296000,-2.867866,4.388664,3.024422,-3.070594,3.998597,3.140210,0.439603,0.115788
52.347000,-2.879774,4.390066,3.024347,-3.081230,3.997279,3.140320,0.441437,0.115973
52.396000,-2.887707,4.391001,3.024284,-3.091016,3.997291,3.140256,0.443105,0.115972
52.448000,-2.899596,4.392403,3.024161,-3.102832,3.998203,3.139584,0.443507,0.115423
52.495000,-2.907522,4.393338,3.024070,-3.112209,3.998222,3.139486,0.444988,0.115415
52.547000,-2.919428,4.394745,3.023964,-3.122583,3.999103,3.139119,0.444752,0.115155
52.598000,-2.927370,4.395683,3.023945,-3.132779,3.999129,3.139051,0.446596,0.115106
52.649000,-2.939281,4.397091,3.023963,-3.142280,3.999319,3.139130,0.446577,0.115167
52.699000,-2.951191,4.398498,3.024005,-3.152273,3.999343,3.139153,0.446944,0.115148
52.746000,-2.959131,4.399436,3.024039,-3.161504,3.998999,3.139421,0.448670,0.115382
52.797000,-2.967075,4.400374,3.024060,-3.171702,3.999021,3.139460,0.450508,0.115400
52.845000,-2.978991,4.401781,3.024084,-3.180382,3.998862,3.139518,0.450447,0.115434
52.897000,-2.986935,4.402719,3.024100,-3.190781,3.998883,3.139539,0.452368,0.115439
52.945000,-2.998851,4.404125,3.024124,-3.200103,3.999455,3.139936,0.451952,0.115812
52.997000,-3.006794,4.405063,3.024138,-3.210501,3.999472,3.139956,0.453872,0.115818
53.047000,-3.018707,4.406468,3.024163,-3.220231,3.999043,3.140049,0.454540,0.115886
53.099000,-3.026651,4.407405,3.024166,-3.230629,3.999059,3.140066,0.456458,0.115900
53.146000,-3.038565,4.408811,3.024165,-3.240768,3.999733,3.139944,0.456322,0.115779
53.197000,-3.046509,4.409748,3.024163,-3.250965,3.999750,3.139942,0.458149,0.115779
53.247000,-3.058424,4.411154,3.024162,-3.260503,3.999395,3.139687,0.458673,0.115525
53.299000,-3.066365,4.412090,3.024165,-3.270899,3.999415,3.139686,0.460581,0.115521
53.344000,-3.078277,4.413496,3.024193,-3.279043,3.999779,3.139700,0.459857,0.115507
53.398000,-3.086216,4.414432,3.024223,-3.289835,3.999799,3.139730,0.461931,0.115507
53.447000,-3.098124,4.415836,3.024270,-3.301230,3.999644,3.139457,0.463106,0.115187
53.495000,-3.106062,4.416771,3.024301,-3.310822,3.999665,3.139494,0.464655,0.115193
53.548000,-3.117970,4.418174,3.024349,-3.321387,3.999157,3.139743,0.465783,0.115394
53.596000,-3.125911,4.419109,3.024383,-3.330982,3.999174,3.139783,0.467332,0.115400
53.649000,-3.137827,4.420512,3.024406,-3.340623,3.997218,3.140134,0.469365,0.115728
53.699000,-3.145772,4.421447,3.024418,-3.350622,3.997233,3.140150,0.471086,0.115732
53.749000,-3.157689,4.422850,3.024438,-3.360329,3.996925,3.140757,0.471673,0.116319
53.795000,-3.165633,4.423785,3.024450,-3.369528,3.996933,3.140771,0.473050,0.116321
53.849000,-3.177522,4.425184,3.024336,-3.380464,3.997241,3.140838,0.473625,0.116503
53.896000,-3.185445,4.426118,3.024198,-3.389838,3.997248,3.140704,0.475085,0.116506
53.945000,-3.197330,4.427521,3.023980,-3.399311,3.998184,3.140354,0.474475,0.116373
53.999000,-3.209215,4.428927,3.023763,-3.410082,3.998198,3.140158,0.475263,0.116395
54.046000,-3.217139,4.429866,3.023617,-3.420836,3.998022,3.138905,0.477474,0.115288
54.096000,-3.225066,4.430806,3.023481,-3.430814,3.998050,3.138725,0.479176,0.115244
54.148000,-3.236966,4.432219,3.023304,-3.442505,3.998544,3.137870,0.479917,0.114566
54.197000,-3.244899,4.433162,3.023186,-3.452292,3.998581,3.137725,0.481531,0.114539
54.246000,-3.256798,4.434579,3.023009,-3.460931,3.997986,3.138073,0.481958,0.115064
54.298000,-3.264738,4.435525,3.022950,-3.471325,3.998023,3.137940,0.483824,0.114990
54.349000,-3.276652,4.436945,3.022912,-3.480237,3.997657,3.138574,0.484170,0.115662
54.397000,-3.284588,4.437892,3.022878,-3.489828,3.997686,3.138545,0.485700,0.115667
54.447000,-3.296493,4.439312,3.022809,-3.498488,3.997531,3.138734,0.485770,0.115925
54.495000,-3.304427,4.440259,3.022751,-3.508077,3.997558,3.138674,0.487296,0.115923
54.548000,-3.316329,4.441681,3.022656,-3.518552,3.997082,3.138411,0.488429,0.115755
54.597000,-3.324259,4.442629,3.022576,-3.528336,3.997113,3.138327,0.490033,0.115751
54.649000,-3.336155,4.444052,3.022439,-3.540828,3.998739,3.137148,0.490097,0.114709
54.694000,-3.344085,4.445002,3.022347,-3.549813,3.998779,3.137044,0.491364,0.114697
54.747000,-3.355980,4.446428,3.022209,-3.560460,3.999863,3.136747,0.491154,0.114539
54.795000,-3.363910,4.447380,3.022116,-3.570044,3.999910,3.136637,0.492667,0.114520
54.847000,-3.375805,4.448809,3.021978,-3.579216,4.000020,3.136890,0.492734,0.114912
54.898000,-3.383735,4.449762,3.021886,-3.589399,4.000068,3.136772,0.494492,0.114886
54.946000,-3.395620,4.451192,3.021881,-3.599108,3.998832,3.137256,0.496021,0.115375
54.994000,-3.403555,4.452146,3.021956,-3.608698,3.998874,3.137318,0.497533,0.115362
55.046000,-3.415459,4.453577,3.022061,-3.619022,3.999320,3.137351,0.497782,0.115291
55.095000,-3.423396,4.454529,3.022130,-3.628814,3.999361,3.137437,0.499374,0.115306
55.146000,-3.435301,4.455958,3.022235,-3.639280,3.998932,3.137497,0.500480,0.115262
55.195000,-3.443235,4.456909,3.022308,-3.649069,3.998972,3.137582,0.502070,0.115274
55.250000,-3.455143,4.458336,3.022402,-3.660847,3.999595,3.137384,0.502750,0.114982
55.298000,-3.463072,4.459285,3.022500,-3.670430,3.999635,3.137467,0.504257,0.114967
55.347000,-3.474967,4.460707,3.022697,-3.680316,4.000939,3.137201,0.503542,0.114504
55.399000,-3.482878,4.461651,3.022945,-3.690674,4.000986,3.137417,0.505363,0.114472
55.445000,-3.494744,4.463063,3.023453,-3.698462,4.002323,3.137929,0.503768,0.114477
55.498000,-3.502638,4.463998,3.023921,-3.708996,4.002362,3.138432,0.505659,0.114511
55.549000,-3.514478,4.465393,3.024693,-3.718593,4.002809,3.139074,0.505616,0.114381
55.598000,-3.522372,4.466318,3.025207,-3.728329,4.002832,3.139704,0.507186,0.114497
55.649000,-3.534214,4.467698,3.025979,-3.737821,4.003209,3.140874,0.507155,0.114895
55.697000,-3.542107,4.468612,3.026551,-3.747356,4.003215,3.141504,0.508647,0.114953
55.749000,-3.553945,4.469975,3.027482,-3.756891,4.003082,-3.140298,0.509093,0.115406
55.796000,-3.561837,4.470877,3.028102,-3.766225,4.003068,-3.139569,0.510509,0.115514
55.847000,-3.573677,4.472221,3.029033,-3.776231,4.003096,-3.138309,0.510985,0.115844
55.899000,-3.581568,4.473110,3.029708,-3.786556,4.003061,-3.137487,0.512802,0.115990
55.944000,-3.593406,4.474434,3.030746,-3.794946,4.002306,-3.136255,0.513345,0.116184
55.996000,-3.601299,4.475310,3.031439,-3.805269,4.002248,-3.135355,0.515161,0.116392
56.049000,-3.613142,4.476613,3.032486,-3.815663,4.001092,-3.134140,0.516851,0.116560
56.099000,-3.625048,4.477913,3.033023,-3.825639,4.001012,-3.133327,0.517369,0.116836
56.146000,-3.632989,4.478779,3.032964,-3.836475,4.000950,-3.132610,0.519352,0.117611
56.197000,-3.640928,4.479645,3.032755,-3.846657,4.000857,-3.132736,0.521117,0.117695
56.247000,-3.652548,4.480917,3.032457,-3.857824,3.998928,-3.132335,0.523882,0.118393
56.298000,-3.658959,4.481618,3.033358,-3.866109,3.998864,-3.132211,0.525321,0.117617
56.349000,-3.666175,4.482391,3.037106,-3.871912,4.000470,-3.131035,0.523999,0.115044
56.396000,-3.669423,4.482725,3.041205,-3.875717,4.000435,-3.127363,0.524558,0.114617
56.448000,-3.671853,4.482962,3.049753,-3.874588,4.003341,-3.124295,0.520709,0.109138
56.499000,-3.672029,4.482978,3.061181,-3.874855,4.003338,-3.116213,0.520762,0.105791
56.546000,-3.672029,4.482978,3.070370,-3.871305,4.009730,-3.108928,0.513493,0.103888
56.599000,-3.672029,4.482978,3.080837,-3.871305,4.009730,-3.096321,0.513493,0.106028
56.648000,-3.672029,4.482978,3.098937,-3.868471,4.013990,-3.085059,0.508467,0.099189
56.699000,-3.672029,4.482978,3.112604,-3.868471,4.013990,-3.068842,0.508467,0.101739
56.747000,-3.672029,4.482978,3.135504,-3.864055,4.018369,-3.053281,0.502728,0.094401
56.797000,-3.672029,4.482978,-3.130815,-3.864055,4.018369,-3.033422,0.502728,0.097393
56.848000,-3.672029,4.482978,-3.104392,-3.859049,4.021847,-3.013944,0.497613,0.090448
56.899000,-3.672029,4.482978,-3.086773,-3.859049,4.021847,-2.991480,0.497613,0.095293
56.945000,-3.672029,4.482978,-3.060345,-3.855569,4.024580,-2.972333,0.493777,0.088012
56.997000,-3.672029,4.482978,-3.042222,-3.855569,4.024580,-2.949307,0.493777,0.092915
57.047000,-3.672029,4.482978,-3.012650,-3.851155,4.024574,-2.925213,0.492159,0.087437
57.097000,-3.672029,4.482978,-2.991839,-3.851155,4.024574,-2.899899,0.492159,0.091940
57.147000,-3.672029,4.482978,-2.960459,-3.843871,4.026695,-2.875674,0.487570,0.084785
57.197000,-3.672029,4.482978,-2.938528,-3.843871,4.026695,-2.849125,0.487570,0.089403
57.247000,-3.672029,4.482978,-2.905212,-3.839322,4.028271,-2.821613,0.484506,0.083599
57.299000,-3.672029,4.482978,-2.881817,-3.839322,4.028271,-2.792307,0.484506,0.089510
57.347000,-3.672029,4.482978,-2.845789,-3.836637,4.029321,-2.765415,0.482597,0.080374
57.347000,-3.672029,4.482978,-2.809761,-3.836637,4.029321,-2.765415,0.482597,0.044346
57.400000,-3.672029,4.482978,-2.797752,-3.836637,4.029321,-2.733590,0.482597,0.064162
57.498000,-3.672029,4.482978,-2.760447,-3.836642,4.028211,-2.676412,0.483643,0.084035
57.548000,-3.672029,4.482978,-2.720267,-3.832643,4.030231,-2.643310,0.480392,0.076957
57.597000,-3.672029,4.482978,-2.692413,-3.832643,4.030231,-2.609834,0.480392,0.082579
57.646000,-3.672029,4.482978,-2.650625,-3.831726,4.029474,-2.580331,0.480800,0.070294
57.698000,-3.672029,4.482978,-2.622766,-3.831726,4.029474,-2.544115,0.480800,0.078651
57.747000,-3.672328,4.482793,-2.580425,-3.831438,4.030137,-2.510524,0.479806,0.069900
57.798000,-3.673292,4.482166,-2.552433,-3.832580,4.029283,-2.474398,0.480079,0.078036
57.846000,-3.675933,4.480316,-2.512822,-3.832672,4.027794,-2.441508,0.478898,0.071314
57.895000,-3.678456,4.478430,-2.487966,-3.835574,4.025297,-2.409905,0.479600,0.078061
57.948000,-3.683327,4.474555,-2.453139,-3.837727,4.023459,-2.373051,0.476788,0.080088
57.998000,-3.687267,4.471239,-2.431531,-3.842304,4.018961,-2.344843,0.478113,0.086688
58.048000,-3.693757,4.465484,-2.401504,-3.842642,4.014637,-2.311451,0.474795,0.090053
58.095000,-3.698115,4.461429,-2.383097,-3.847322,4.009437,-2.288710,0.475983,0.094387
58.148000,-3.704546,4.455168,-2.356061,-3.851533,4.003152,-2.258143,0.475315,0.097918
58.198000,-3.708745,4.450891,-2.338214,-3.856255,3.997336,-2.235651,0.476940,0.102563
58.248000,-3.715131,4.444104,-2.313946,-3.856604,3.989834,-2.209653,0.475790,0.104293
58.298000,-3.719391,4.439399,-2.299395,-3.861294,3.983438,-2.190262,0.477532,0.109133
58.344000,-3.725712,4.432173,-2.279943,-3.869984,3.976974,-2.171869,0.477515,0.108074
58.398000,-3.729859,4.427282,-2.268528,-3.874843,3.969809,-2.155202,0.479898,0.113326
58.447000,-3.736014,4.419828,-2.253876,-3.881441,3.964103,-2.138796,0.478366,0.115080
58.498000,-3.740072,4.414797,-2.245445,-3.885848,3.957140,-2.127113,0.480313,0.118332
58.546000,-3.746096,4.407170,-2.233050,-3.886733,3.948716,-2.110722,0.479540,0.122328
58.598000,-3.750097,4.401995,-2.224937,-3.891083,3.941415,-2.100036,0.481676,0.124902
58.646000,-3.756035,4.394153,-2.212953,-3.895999,3.936198,-2.089130,0.478866,0.123823
58.698000,-3.759946,4.388880,-2.205009,-3.900209,3.928775,-2.078773,0.481010,0.126236
58.747000,-3.765743,4.380901,-2.193141,-3.904488,3.923134,-2.068831,0.478331,0.124310
58.799000,-3.769559,4.375537,-2.185253,-3.908559,3.915608,-2.058559,0.480475,0.126694
58.847000,-3.775214,4.367422,-2.173465,-3.912888,3.908720,-2.049269,0.478917,0.124196
58.900000,-3.778933,4.361971,-2.165625,-3.916897,3.900950,-2.038870,0.481222,0.126756
58.944000,-3.784440,4.353727,-2.153906,-3.920000,3.896048,-2.030483,0.477332,0.123423
58.999000,-3.788065,4.348186,-2.146129,-3.924019,3.887881,-2.019760,0.479963,0.126368
59.049000,-3.793430,4.339806,-2.134524,-3.928368,3.879999,-2.010247,0.479198,0.124277
59.099000,-3.796955,4.334181,-2.126815,-3.931883,3.872483,-2.000593,0.481010,0.126222
59.149000,-3.802172,4.325677,-2.115302,-3.934993,3.866515,-1.990948,0.477987,0.124354
59.197000,-3.805603,4.319962,-2.107676,-3.938240,3.859204,-1.981760,0.479469,0.125916
59.249000,-3.810679,4.311323,-2.096321,-3.941280,3.852965,-1.971621,0.476601,0.124700
59.296000,-3.814017,4.305516,-2.088816,-3.944334,3.845712,-1.962755,0.477915,0.126061
59.348000,-3.818954,4.296742,-2.077654,-3.945742,3.836011,-1.952110,0.477858,0.125544
59.396000,-3.822207,4.290831,-2.070321,-3.948738,3.828490,-1.943223,0.479343,0.127098
59.447000,-3.827013,4.281908,-2.059424,-3.950355,3.821666,-1.932510,0.476483,0.126914
59.498000,-3.830164,4.275930,-2.052160,-3.953387,3.813602,-1.923249,0.478468,0.128911
59.549000,-3.834833,4.266871,-2.041448,-3.955517,3.805321,-1.913178,0.477067,0.128270
59.596000,-3.837912,4.260768,-2.034498,-3.958196,3.797749,-1.904888,0.478388,0.129610
59.647000,-3.842461,4.251552,-2.024244,-3.959585,3.790358,-1.894510,0.475834,0.129734
59.696000,-3.845456,4.245354,-2.017532,-3.962249,3.782358,-1.886186,0.477500,0.131346
59.748000,-3.849881,4.235998,-2.007628,-3.965689,3.773887,-1.876094,0.476401,0.131534
59.797000,-3.852785,4.229724,-2.001104,-3.968219,3.765804,-1.868047,0.478065,0.133057
59.847000,-3.857075,4.220257,-1.991426,-3.970152,3.759772,-1.858019,0.474165,0.133407
59.899000,-3.859895,4.213898,-1.985077,-3.972697,3.751096,-1.849677,0.476351,0.135400
59.947000,-3.864060,4.204305,-1.975700,-3.972811,3.743624,-1.839861,0.473343,0.135839
59.996000,-3.866803,4.197850,-1.969598,-3.975077,3.735338,-1.832262,0.475016,0.137335
60.049000,-3.870854,4.188114,-1.960645,-3.975099,3.727138,-1.822006,0.472616,0.138638
60.049000,-3.874847,4.178276,-1.951997,-3.975099,3.727138,-1.822006,0.462142,0.129990
60.049000,-3.874847,4.178276,-1.951997,-3.975099,3.727138,-1.822006,0.462142,0.129990
60.102000,-3.876161,4.174983,-1.949166,-3.977391,3.718034,-1.814180,0.468028,0.134986
60.296000,-3.886418,4.148334,-1.927355,-3.981022,3.685768,-1.781837,0.472141,0.145518
60.349000,-3.890119,4.138272,-1.919233,-3.984648,3.675615,-1.774914,0.472215,0.144319
60.395000,-3.892542,4.131544,-1.913870,-3.986301,3.667558,-1.768701,0.473364,0.145169
60.449000,-3.896111,4.121425,-1.905844,-3.988715,3.657446,-1.760836,0.473130,0.145007
60.449000,-3.899628,4.111196,-1.898166,-3.988715,3.657446,-1.760836,0.462413,0.137329
60.500000,-3.899628,4.111196,-1.898166,-3.990414,3.648397,-1.754058,0.471620,0.144107
60.598000,-3.904232,4.097421,-1.888626,-3.992916,3.632580,-1.740196,0.473225,0.148429
60.649000,-3.907612,4.087025,-1.881760,-3.994548,3.622689,-1.732800,0.472404,0.148959
60.698000,-3.909832,4.080064,-1.877289,-3.995980,3.613853,-1.727247,0.474103,0.150043
60.749000,-3.913110,4.069585,-1.870716,-4.031563,3.664441,-1.735549,0.422104,0.135167
60.749000,-3.916166,4.059576,-1.862923,-4.031563,3.664441,-1.735549,0.411640,0.127374
60.801000,-3.916166,4.059576,-1.862923,-4.033024,3.655565,-1.729706,0.420571,0.133216
60.897000,-3.921057,4.042867,-1.848275,-4.034168,3.640090,-1.714302,0.418359,0.133973
60.949000,-3.922962,4.036102,-1.842339,-4.033152,3.632230,-1.706926,0.418634,0.135414
60.999000,-3.924831,4.029315,-1.836431,-4.034332,3.623510,-1.699517,0.420319,0.136914
61.049000,-3.927558,4.019113,-1.827568,-4.035667,3.615521,-1.691392,0.417821,0.136176
61.095000,-3.929325,4.012299,-1.821660,-4.036626,3.607482,-1.684597,0.418796,0.137063
61.148000,-3.931916,4.002000,-1.812977,-4.036990,3.598919,-1.675347,0.416551,0.137629
61.199000,-3.933620,3.995024,-1.807625,-4.037927,3.589814,-1.668178,0.418420,0.139448
61.249000,-3.936114,3.984511,-1.799962,-4.038355,3.581275,-1.659569,0.415996,0.140393
61.297000,-3.937734,3.977488,-1.794886,-4.039110,3.572659,-1.653476,0.417329,0.141410
61.347000,-3.940111,3.966877,-1.787565,-4.040131,3.565131,-1.644320,0.414010,0.143245
61.399000,-3.941663,3.959749,-1.782962,-4.040813,3.555674,-1.638145,0.416062,0.144817
61.447000,-3.943938,3.949015,-1.776299,-4.042016,3.545889,-1.631912,0.414886,0.144388
61.498000,-3.945415,3.941847,-1.771882,-4.042575,3.536575,-1.626278,0.416756,0.145604
61.549000,-3.947572,3.931083,-1.765255,-4.041768,3.527408,-1.618594,0.414520,0.146661
61.599000,-3.948971,3.923900,-1.760837,-4.042195,3.518270,-1.613071,0.416205,0.147766
61.647000,-3.951027,3.913021,-1.754578,-4.042434,3.509952,-1.605417,0.413305,0.149160
61.647000,-3.953040,3.902020,-1.749020,-4.042434,3.509952,-1.605417,0.402131,0.143603
61.647000,-3.953040,3.902020,-1.749020,-4.042434,3.509952,-1.605417,0.402131,0.143603
61.710000,-3.954352,3.894659,-1.745522,-4.042805,3.498210,-1.599165,0.406196,0.146357
61.897000,-3.958763,3.868786,-1.733908,-4.046416,3.462771,-1.580243,0.415369,0.153665
61.945000,-3.960567,3.857653,-1.729110,-4.046737,3.452640,-1.575353,0.414078,0.153757
61.945000,-3.962322,3.846491,-1.724394,-4.046737,3.452640,-1.575353,0.402796,0.149041
62.000000,-3.962898,3.842753,-1.722875,-4.046758,3.442281,-1.570958,0.409159,0.151917
62.099000,-3.964591,3.831534,-1.718319,-4.047409,3.422822,-1.563391,0.417019,0.154928
62.146000,-3.966240,3.820268,-1.714044,-4.046974,3.413275,-1.558005,0.414923,0.156038
62.197000,-3.967319,3.812716,-1.711446,-4.046840,3.403551,-1.554508,0.416821,0.156937
62.246000,-3.968905,3.801366,-1.707716,-4.048209,3.393903,-1.551188,0.415109,0.156528
62.299000,-3.969938,3.793796,-1.705232,-4.048004,3.383782,-1.547896,0.417380,0.157335
62.344000,-3.971453,3.782436,-1.701506,-4.046486,3.374630,-1.543087,0.414651,0.158418
62.395000,-3.972440,3.774857,-1.699060,-4.046208,3.364889,-1.539926,0.416551,0.159134
62.448000,-3.973902,3.763376,-1.695910,-4.047015,3.353542,-1.536430,0.416304,0.159480
62.499000,-3.974859,3.755707,-1.694002,-4.046669,3.343695,-1.533877,0.418223,0.160125
62.549000,-3.976270,3.744180,-1.691304,-4.047650,3.334271,-1.530657,0.416078,0.160647
62.598000,-3.977195,3.736488,-1.689577,-4.047264,3.324787,-1.528494,0.417621,0.161082
62.647000,-3.978560,3.724926,-1.687093,-4.047081,3.315605,-1.525510,0.415016,0.161582
62.694000,-3.979456,3.717203,-1.685511,-4.046662,3.306480,-1.523603,0.416185,0.161909
62.746000,-3.980777,3.705616,-1.683142,-4.045709,3.294928,-1.521216,0.415789,0.161926
62.797000,-3.981643,3.697889,-1.681563,-4.045213,3.285027,-1.519202,0.417727,0.162360
62.846000,-3.982919,3.686295,-1.679202,-4.044273,3.276466,-1.516048,0.414396,0.163154
62.897000,-3.983760,3.678512,-1.677844,-4.043719,3.266503,-1.514105,0.416349,0.163739
62.945000,-3.985010,3.666788,-1.676213,-4.043904,3.257664,-1.512101,0.413341,0.164112
62.996000,-3.985834,3.658964,-1.675250,-4.043311,3.247651,-1.510790,0.415310,0.164460
63.047000,-3.987058,3.647211,-1.673919,-4.043803,3.236040,-1.509063,0.415068,0.164855
63.097000,-3.987866,3.639374,-1.673043,-4.043193,3.226211,-1.507969,0.416851,0.165075
63.148000,-3.989064,3.627616,-1.671731,-4.042858,3.215346,-1.506502,0.415765,0.165229
63.197000,-3.989855,3.619777,-1.670856,-4.042235,3.205714,-1.505430,0.417362,0.165426
63.244000,-3.991030,3.607994,-1.669646,-4.043075,3.196521,-1.504862,0.414751,0.164784
63.295000,-3.991809,3.600115,-1.668931,-4.042406,3.186450,-1.503893,0.416748,0.165037
63.345000,-3.992966,3.588295,-1.667858,-4.041266,3.176632,-1.502863,0.414486,0.164995
63.399000,-3.993730,3.580414,-1.667143,-4.040538,3.165968,-1.501898,0.417081,0.165245
63.445000,-3.994867,3.568589,-1.666123,-4.039579,3.158601,-1.501085,0.412419,0.165038
63.499000,-3.995622,3.560668,-1.665670,-4.038826,3.147891,-1.500261,0.415033,0.165409
63.547000,-3.996752,3.548770,-1.665221,-4.037557,3.137747,-1.499023,0.413044,0.166198
63.596000,-3.997504,3.540821,-1.665039,-4.036854,3.127991,-1.498714,0.414701,0.166325
63.648000,-3.998631,3.528885,-1.664897,-4.036053,3.116669,-1.497663,0.413912,0.167234
63.698000,-3.999382,3.520925,-1.664879,-4.035322,3.106702,-1.497582,0.415780,0.167297
63.749000,-4.000508,3.508996,-1.664950,-4.035057,3.095583,-1.497121,0.414854,0.167829
63.799000,-4.001259,3.501048,-1.665042,-4.034322,3.085631,-1.497206,0.416731,0.167837
63.848000,-4.002386,3.489136,-1.665242,-4.034078,3.075915,-1.496923,0.414434,0.168319
63.899000,-4.003139,3.481198,-1.665409,-4.033327,3.065777,-1.497113,0.416516,0.168297
63.946000,-4.004270,3.469300,-1.665713,-4.034168,3.056475,-1.497434,0.413906,0.168279
63.997000,-4.005026,3.461360,-1.665903,-4.033424,3.046333,-1.497695,0.415997,0.168208
64.050000,-4.006163,3.449457,-1.666192,-4.032681,3.035091,-1.498247,0.415214,0.167945
64.097000,-4.006923,3.441526,-1.666407,-4.032003,3.025754,-1.498483,0.416528,0.167923
64.149000,-4.008066,3.429637,-1.666769,-4.030983,3.015050,-1.499155,0.415220,0.167614
64.199000,-4.008829,3.421713,-1.667015,-4.030271,3.005124,-1.499463,0.417140,0.167552
64.247000,-4.009978,3.409833,-1.667417,-4.029876,2.995478,-1.499924,0.414832,0.167493
64.298000,-4.010746,3.401921,-1.667743,-4.029158,2.985369,-1.500295,0.416959,0.167448
64.348000,-4.011903,3.390059,-1.668271,-4.028489,2.974867,-1.500990,0.415523,0.167280
64.399000,-4.012678,3.382151,-1.668623,-4.027783,2.964761,-1.501439,0.417663,0.167183
64.445000,-4.013844,3.370300,-1.669210,-4.027201,2.956777,-1.501432,0.413738,0.167778
64.496000,-4.014625,3.362407,-1.669654,-4.026501,2.946689,-1.501961,0.415888,0.167694
64.546000,-4.015803,3.350575,-1.670378,-4.025529,2.936617,-1.502889,0.414072,0.167489
64.596000,-4.016593,3.342691,-1.670892,-4.024858,2.926736,-1.503508,0.416038,0.167384
64.648000,-4.017785,3.330872,-1.671703,-4.024259,2.915341,-1.504562,0.415581,0.167141
64.698000,-4.018584,3.322995,-1.672256,-4.023605,2.905465,-1.505247,0.417560,0.167009
64.748000,-4.019792,3.311179,-1.673084,-4.023014,2.895228,-1.505941,0.415963,0.167143
64.795000,-4.020603,3.303303,-1.673637,-4.022413,2.885944,-1.506590,0.417363,0.167046
64.849000,-4.021827,3.291489,-1.674468,-4.021883,2.876297,-1.507755,0.415192,0.166712
64.898000,-4.022649,3.283613,-1.675024,-4.021274,2.866616,-1.508435,0.416999,0.166588
64.944000,-4.023890,3.271800,-1.675858,-4.020515,2.858211,-1.509052,0.413603,0.166805
64.995000,-4.024722,3.263925,-1.676414,-4.019894,2.848134,-1.509761,0.415819,0.166653
65.047000,-4.025978,3.252131,-1.677318,-4.018890,2.837629,-1.510715,0.414563,0.166604
65.098000,-4.026820,3.244278,-1.677988,-4.018287,2.827577,-1.511523,0.416789,0.166465
65.144000,-4.028093,3.232503,-1.679039,-4.017132,2.817179,-1.512544,0.415468,0.166495
65.196000,-4.028949,3.224659,-1.679772,-4.016536,2.806938,-1.513469,0.417905,0.166302
65.245000,-4.030242,3.212897,-1.680904,-4.017724,2.796491,-1.514869,0.416593,0.166035
65.299000,-4.031114,3.205040,-1.681611,-4.017130,2.785838,-1.515875,0.419435,0.165736
65.345000,-4.032431,3.193255,-1.682614,-4.017973,2.776313,-1.517516,0.417193,0.165098
65.398000,-4.033317,3.185386,-1.683222,-4.017418,2.765836,-1.518378,0.419851,0.164844
65.449000,-4.034655,3.173582,-1.684078,-4.015920,2.756064,-1.519185,0.417939,0.164893
65.499000,-4.035551,3.165723,-1.684672,-4.015411,2.746189,-1.519902,0.420017,0.164770
65.549000,-4.036905,3.153938,-1.685602,-4.013850,2.735820,-1.520184,0.418754,0.165417
65.596000,-4.037813,3.146083,-1.686225,-4.013381,2.726540,-1.520916,0.420254,0.165309
65.647000,-4.039185,3.134300,-1.687159,-4.012482,2.717633,-1.521079,0.417522,0.166080
65.699000,-4.040105,3.126446,-1.687782,-4.011973,2.707365,-1.521889,0.420024,0.165893
65.746000,-4.041493,3.114691,-1.688828,-4.011447,2.698050,-1.522536,0.417723,0.166292
65.746000,-4.042892,3.102949,-1.689992,-4.011447,2.698050,-1.522536,0.406118,0.167456
65.746000,-4.042892,3.102949,-1.689992,-4.011447,2.698050,-1.522536,0.406118,0.167456
65.804000,-4.043833,3.095121,-1.690780,-4.010901,2.686632,-1.523603,0.409815,0.167176
65.997000,-4.047173,3.067731,-1.693538,-4.011899,2.647372,-1.528677,0.421837,0.164861
66.048000,-4.048633,3.055949,-1.694545,-4.010286,2.636017,-1.529728,0.421680,0.164817
66.097000,-4.049611,3.048104,-1.695180,-4.009890,2.626339,-1.530516,0.423631,0.164664
66.148000,-4.051088,3.036337,-1.696132,-4.009720,2.616758,-1.531764,0.421613,0.164368
66.198000,-4.052079,3.028493,-1.696771,-4.009337,2.606883,-1.532559,0.423771,0.164212
66.246000,-4.053575,3.016729,-1.697731,-4.009480,2.599328,-1.533271,0.419723,0.164460
66.297000,-4.054579,3.008880,-1.698355,-4.009104,2.589248,-1.534084,0.422090,0.164271
66.344000,-4.056094,2.997105,-1.699252,-4.008096,2.579875,-1.535345,0.419982,0.163907
66.398000,-4.057110,2.989258,-1.699853,-4.007719,2.569200,-1.536149,0.422952,0.163703
66.449000,-4.058643,2.977490,-1.700762,-4.007085,2.559827,-1.536946,0.420833,0.163815
66.495000,-4.059671,2.969647,-1.701376,-4.006779,2.550735,-1.537646,0.422237,0.163730
66.547000,-4.061221,2.957884,-1.702301,-4.007123,2.540110,-1.538757,0.421262,0.163544
66.599000,-4.062260,2.950042,-1.702919,-4.006796,2.529832,-1.539559,0.423855,0.163360
66.647000,-4.063831,2.938268,-1.703796,-4.006940,2.520401,-1.540690,0.421722,0.163106
66.699000,-4.064884,2.930414,-1.704347,-4.006632,2.510103,-1.541432,0.424328,0.162915
66.746000,-4.066471,2.918632,-1.705171,-4.005863,2.500590,-1.542417,0.422412,0.162753
66.799000,-4.067535,2.910778,-1.705720,-4.005567,2.490093,-1.543145,0.425225,0.162575
66.846000,-4.069139,2.898998,-1.706540,-4.005380,2.481625,-1.543482,0.422215,0.163058
66.898000,-4.070214,2.891146,-1.707072,-4.005100,2.471326,-1.544186,0.424840,0.162886
66.946000,-4.071834,2.879366,-1.707868,-4.004586,2.460900,-1.544973,0.423835,0.162896
66.997000,-4.072920,2.871513,-1.708407,-4.004327,2.450796,-1.545653,0.426272,0.162754
67.049000,-4.074556,2.859733,-1.709224,-4.003927,2.441037,-1.546765,0.424611,0.162459
67.098000,-4.075652,2.851879,-1.709769,-4.003695,2.431325,-1.547433,0.426665,0.162336
67.147000,-4.077305,2.840096,-1.710585,-4.004770,2.422024,-1.548312,0.424318,0.162273
67.197000,-4.078413,2.832241,-1.711130,-4.004549,2.412111,-1.548992,0.426574,0.162137
67.245000,-4.080084,2.820445,-1.711867,-4.004829,2.401413,-1.550282,0.425735,0.161585
67.294000,-4.081205,2.812563,-1.712260,-4.004631,2.391664,-1.550833,0.427808,0.161427
67.349000,-4.082892,2.800739,-1.712785,-4.003683,2.381050,-1.551751,0.427098,0.161033
67.395000,-4.084020,2.792856,-1.713125,-4.003509,2.371894,-1.552146,0.428592,0.160978
67.448000,-4.085717,2.781032,-1.713635,-4.003336,2.362322,-1.551923,0.426738,0.161711
67.497000,-4.086852,2.773150,-1.713975,-4.003153,2.352568,-1.552340,0.428829,0.161635
67.549000,-4.088559,2.761332,-1.714513,-4.003646,2.341309,-1.552379,0.428520,0.162134
67.599000,-4.089700,2.753458,-1.714902,-4.003463,2.331365,-1.552847,0.430812,0.162055
67.646000,-4.091418,2.741646,-1.715483,-4.002465,2.321994,-1.553811,0.428975,0.161673
67.699000,-4.093143,2.729834,-1.716124,-4.002286,2.311452,-1.554333,0.428134,0.161791
67.745000,-4.094297,2.721960,-1.716579,-4.002115,2.301940,-1.555218,0.430017,0.161361
67.795000,-4.095455,2.714084,-1.717035,-4.001961,2.291990,-1.555787,0.432324,0.161248
67.848000,-4.097199,2.702270,-1.717715,-4.001891,2.280960,-1.556651,0.431955,0.161064
67.898000,-4.098367,2.694394,-1.718169,-4.001751,2.271009,-1.557218,0.434269,0.160951
67.948000,-4.100124,2.682581,-1.718848,-4.000930,2.261132,-1.558050,0.432964,0.160799
67.995000,-4.101301,2.674706,-1.719302,-4.000813,2.251778,-1.558583,0.434702,0.160719
68.049000,-4.103072,2.662896,-1.720019,-3.999159,2.240306,-1.558772,0.435179,0.161247
68.098000,-4.104254,2.655054,-1.720788,-3.999040,2.230592,-1.559467,0.437308,0.161320
68.149000,-4.106039,2.643296,-1.722241,-4.000542,2.221516,-1.559845,0.434773,0.162397
68.197000,-4.107243,2.635428,-1.723073,-4.000443,2.211965,-1.560993,0.436723,0.162081
68.246000,-4.109062,2.623620,-1.724060,-4.000869,2.201497,-1.562275,0.435768,0.161785
68.298000,-4.110282,2.615736,-1.724580,-4.000784,2.191126,-1.563059,0.438501,0.161521
68.348000,-4.112120,2.603907,-1.725338,-4.000697,2.180621,-1.564786,0.437706,0.160553
68.396000,-4.113351,2.596017,-1.725701,-4.000643,2.171038,-1.565355,0.439671,0.160346
68.448000,-4.115202,2.584173,-1.726033,-4.001798,2.161433,-1.565854,0.437686,0.160180
68.497000,-4.116435,2.576296,-1.725875,-4.001755,2.151667,-1.565987,0.439842,0.159888
68.546000,-4.118278,2.564475,-1.725214,-4.000616,2.143357,-1.565609,0.437247,0.159605
68.595000,-4.119505,2.556589,-1.725104,-4.000560,2.133581,-1.565158,0.439413,0.159945
68.645000,-4.121345,2.544764,-1.725165,-3.999430,2.123585,-1.564856,0.438469,0.160309
68.699000,-4.122572,2.536880,-1.725224,-3.999367,2.112815,-1.564934,0.441601,0.160290
68.746000,-4.124413,2.525055,-1.725313,-4.000121,2.103037,-1.564638,0.439941,0.160674
68.796000,-4.125641,2.517172,-1.725372,-4.000059,2.093065,-1.564712,0.442310,0.160660
68.847000,-4.127483,2.505358,-1.725579,-4.000244,2.084336,-1.564709,0.439829,0.160870
68.897000,-4.128713,2.497479,-1.725731,-4.000184,2.074368,-1.564894,0.442202,0.160838
68.948000,-4.130561,2.485661,-1.725962,-3.999802,2.064459,-1.565100,0.441032,0.160863
68.997000,-4.131794,2.477783,-1.726116,-3.999747,2.054690,-1.565288,0.443220,0.160828
69.049000,-4.133645,2.465966,-1.726347,-4.000661,2.043651,-1.566111,0.442758,0.160236
69.096000,-4.134881,2.458088,-1.726501,-4.000618,2.034281,-1.566292,0.444566,0.160209
69.147000,-4.136740,2.446257,-1.726688,-4.001579,2.023500,-1.566924,0.443838,0.159765
69.198000,-4.137981,2.438359,-1.726758,-4.001541,2.013306,-1.567059,0.446414,0.159699
69.247000,-4.139845,2.426509,-1.726814,-4.000274,2.003484,-1.566669,0.445456,0.160145
69.299000,-4.141086,2.418622,-1.726884,-4.000230,1.993104,-1.566724,0.448226,0.160160
69.348000,-4.142948,2.406793,-1.727037,-3.998242,1.984587,-1.566428,0.446316,0.160610
69.396000,-4.144188,2.398924,-1.727215,-3.998200,1.975029,-1.566575,0.448331,0.160639
69.448000,-4.146051,2.387124,-1.727557,-3.998856,1.964956,-1.566333,0.447094,0.161224
69.499000,-4.147296,2.379254,-1.727784,-3.998811,1.954796,-1.566629,0.449680,0.161155
69.546000,-4.149167,2.367446,-1.728107,-4.000581,1.944378,-1.566528,0.448402,0.161579
69.546000,-4.151045,2.355616,-1.728327,-4.000581,1.944378,-1.566528,0.437900,0.161799
69.602000,-4.151672,2.351672,-1.728383,-4.000536,1.933196,-1.566806,0.444931,0.161577
69.696000,-4.153554,2.339831,-1.728479,-4.001830,1.912874,-1.567882,0.453114,0.160597
69.748000,-4.155438,2.327985,-1.728487,-4.001257,1.901995,-1.568928,0.453033,0.159559
69.748000,-4.157321,2.316139,-1.728493,-4.001257,1.901995,-1.568928,0.442573,0.159566
69.803000,-4.157949,2.312190,-1.728496,-4.001237,1.891000,-1.568934,0.449400,0.159562
69.899000,-4.159833,2.300344,-1.728498,-4.000548,1.872667,-1.568929,0.456376,0.159569
69.947000,-4.161717,2.288498,-1.728515,-4.001294,1.862420,-1.568776,0.455278,0.159739
69.947000,-4.163601,2.276651,-1.728511,-4.001294,1.862420,-1.568776,0.444895,0.159736
69.947000,-4.163601,2.276651,-1.728511,-4.001294,1.862420,-1.568776,0.444895,0.159736
70.004000,-4.164857,2.268753,-1.728498,-4.001271,1.851023,-1.568791,0.448618,0.159706
70.197000,-4.169251,2.241124,-1.728561,-3.998902,1.814160,-1.567414,0.459692,0.161146
70.246000,-4.171131,2.229311,-1.728786,-3.997241,1.804090,-1.567295,0.459403,0.161492
70.295000,-4.172384,2.221450,-1.729008,-3.997207,1.794338,-1.567506,0.461640,0.161502
70.347000,-4.174268,2.209661,-1.729371,-3.998132,1.783218,-1.567362,0.461387,0.162009
70.397000,-4.175525,2.201803,-1.729620,-3.998099,1.773269,-1.567666,0.463811,0.161954
70.449000,-4.177418,2.190002,-1.729976,-3.998555,1.762771,-1.567996,0.463161,0.161981
70.496000,-4.178682,2.182129,-1.730183,-3.998529,1.753402,-1.568262,0.465040,0.161921
70.549000,-4.180583,2.170319,-1.730460,-3.998920,1.740816,-1.569954,0.466341,0.160506
70.596000,-4.181853,2.162435,-1.730608,-3.998913,1.731433,-1.570157,0.468220,0.160452
70.649000,-4.183760,2.150609,-1.730828,-4.000229,1.720368,-1.571104,0.467751,0.159725
70.699000,-4.185033,2.142725,-1.730975,-4.000232,1.710386,-1.571287,0.470179,0.159688
70.747000,-4.186945,2.130900,-1.731181,-3.998749,1.702206,-1.570998,0.468184,0.160183
70.798000,-4.188222,2.123013,-1.731274,-3.998752,1.692019,-1.571153,0.470801,0.160122
70.849000,-4.190137,2.111182,-1.731389,-3.998967,1.682479,-1.570802,0.469396,0.160588
70.899000,-4.191415,2.103294,-1.731459,-3.998967,1.672491,-1.570893,0.471835,0.160566
70.948000,-4.193333,2.091462,-1.731557,-3.999498,1.663862,-1.570932,0.469482,0.160625
70.997000,-4.195253,2.079630,-1.731655,-3.999500,1.654073,-1.571012,0.468421,0.160643
71.045000,-4.196533,2.071738,-1.731708,-3.998740,1.643870,-1.570719,0.471374,0.160989
71.099000,-4.197815,2.063846,-1.731758,-3.998739,1.633076,-1.570790,0.474546,0.160969
71.147000,-4.199737,2.052007,-1.731835,-3.998747,1.623360,-1.570829,0.473430,0.161006
71.198000,-4.201020,2.044115,-1.731885,-3.998747,1.613166,-1.570894,0.476058,0.160992
71.245000,-4.202942,2.032286,-1.731986,-3.998438,1.601937,-1.571885,0.476469,0.160101
71.298000,-4.204225,2.024399,-1.732055,-3.998450,1.591350,-1.571978,0.479453,0.160077
71.347000,-4.206150,2.012568,-1.732151,-3.998990,1.582513,-1.572392,0.477350,0.159759
71.399000,-4.207435,2.004674,-1.732190,-3.999007,1.572117,-1.572466,0.480155,0.159723
71.447000,-4.209363,1.992832,-1.732218,-3.999085,1.562420,-1.572632,0.479032,0.159586
71.498000,-4.210649,1.984937,-1.732226,-3.999103,1.552220,-1.572650,0.481658,0.159576
71.546000,-4.212578,1.973093,-1.732227,-3.998176,1.543053,-1.572727,0.480523,0.159501
71.596000,-4.213863,1.965204,-1.732253,-3.998195,1.533062,-1.572735,0.482969,0.159519
71.644000,-4.215790,1.953372,-1.732321,-3.998082,1.524004,-1.573067,0.481408,0.159254
71.699000,-4.217076,1.945483,-1.732368,-3.998108,1.513014,-1.573131,0.484744,0.159236
71.748000,-4.219005,1.933651,-1.732439,-3.999388,1.503891,-1.572830,0.482623,0.159609
71.796000,-4.220292,1.925759,-1.732451,-3.999408,1.494295,-1.572877,0.484717,0.159574
71.847000,-4.222222,1.913921,-1.732427,-3.999903,1.484877,-1.572402,0.483224,0.160025
71.899000,-4.223509,1.906030,-1.732404,-3.999920,1.474482,-1.572375,0.486030,0.160029
71.949000,-4.225438,1.894193,-1.732367,-3.999534,1.463909,-1.572825,0.485981,0.159542
71.998000,-4.226724,1.886302,-1.732334,-3.999554,1.454115,-1.572790,0.488254,0.159543
72.047000,-4.228653,1.874466,-1.732282,-4.000045,1.443235,-1.573168,0.488080,0.159114
72.098000,-4.230579,1.862638,-1.732195,-4.000069,1.433049,-1.573118,0.487527,0.159077
72.149000,-4.231863,1.854753,-1.732132,-3.998815,1.424803,-1.573399,0.489048,0.158733
72.195000,-4.233146,1.846866,-1.732072,-3.998839,1.415614,-1.573327,0.490794,0.158745
72.248000,-4.235073,1.835023,-1.732038,-3.999464,1.403808,-1.573599,0.491384,0.158439
72.299000,-4.236357,1.827128,-1.732023,-3.999493,1.393609,-1.573577,0.494007,0.158446
72.349000,-4.238282,1.815288,-1.731991,-4.000433,1.382334,-1.573472,0.493984,0.158519
72.396000,-4.239563,1.807407,-1.731915,-4.000459,1.372953,-1.573428,0.495904,0.158487
72.445000,-4.241484,1.795586,-1.731762,-4.000491,1.363640,-1.573185,0.494626,0.158577
72.495000,-4.242763,1.787705,-1.731654,-4.000515,1.353660,-1.573053,0.497071,0.158601
72.546000,-4.244680,1.775882,-1.731493,-3.999142,1.345180,-1.572477,0.495775,0.159016
72.599000,-4.246596,1.764059,-1.731331,-3.999159,1.334601,-1.572335,0.495641,0.158997
72.645000,-4.247872,1.756177,-1.731224,-3.999065,1.325534,-1.571794,0.497351,0.159430
72.696000,-4.249148,1.748289,-1.731137,-3.999075,1.315346,-1.571660,0.499976,0.159477
72.747000,-4.251062,1.736449,-1.731124,-4.000611,1.305467,-1.572076,0.498469,0.159048
72.797000,-4.252338,1.728563,-1.731101,-4.000625,1.295480,-1.572071,0.500919,0.159031
72.845000,-4.254250,1.716733,-1.731064,-4.000684,1.285094,-1.571506,0.500608,0.159558
72.897000,-4.255525,1.708846,-1.731016,-4.000692,1.274708,-1.571466,0.503405,0.159550
72.947000,-4.257437,1.697014,-1.730925,-4.001591,1.264906,-1.571456,0.502170,0.159469
72.996000,-4.258709,1.689133,-1.730833,-4.001598,1.255126,-1.571371,0.504448,0.159462
73.048000,-4.260616,1.677312,-1.730664,-4.001451,1.242791,-1.571869,0.505939,0.158795
73.095000,-4.261886,1.669432,-1.730543,-4.001461,1.233412,-1.571733,0.507872,0.158811
73.149000,-4.263790,1.657610,-1.730358,-4.001544,1.222795,-1.571529,0.507777,0.158830
73.199000,-4.265058,1.649729,-1.730236,-4.001551,1.212817,-1.571375,0.510223,0.158861
73.246000,-4.266958,1.637906,-1.730056,-4.000688,1.203685,-1.570922,0.509360,0.159134
73.298000,-4.268225,1.630014,-1.729973,-4.000689,1.193295,-1.570779,0.512151,0.159194
73.349000,-4.270125,1.618175,-1.729889,-4.001397,1.183357,-1.570348,0.511158,0.159541
73.397000,-4.271391,1.610287,-1.729827,-4.001393,1.173769,-1.570282,0.513270,0.159545
73.448000,-4.273288,1.598454,-1.729722,-4.000122,1.164362,-1.570021,0.512888,0.159701
73.498000,-4.274553,1.590557,-1.729693,-4.000114,1.154366,-1.569946,0.515344,0.159747
73.547000,-4.276451,1.578713,-1.729701,-4.000275,1.143382,-1.569901,0.515545,0.159800
73.597000,-4.277717,1.570815,-1.729713,-4.000266,1.133384,-1.569913,0.518001,0.159799
73.647000,-4.279616,1.558969,-1.729730,-4.002192,1.122917,-1.570515,0.516822,0.159215
73.697000,-4.280882,1.551071,-1.729741,-4.002190,1.112919,-1.570529,0.519275,0.159212
73.749000,-4.282778,1.539241,-1.729688,-4.001242,1.103562,-1.570796,0.518728,0.158891
73.797000,-4.284041,1.531354,-1.729608,-4.001242,1.093976,-1.570719,0.520840,0.158889
73.846000,-4.285936,1.519521,-1.729491,-4.000893,1.084649,-1.570915,0.519964,0.158576
73.896000,-4.287198,1.511630,-1.729422,-4.000894,1.074660,-1.570821,0.522411,0.158601
73.949000,-4.289091,1.499793,-1.729329,-4.000615,1.064145,-1.570394,0.522501,0.158935
73.997000,-4.290353,1.491897,-1.729286,-4.000611,1.054550,-1.570326,0.524617,0.158959
74.048000,-4.292246,1.480053,-1.729240,-4.000430,1.045225,-1.569990,0.523671,0.159250
74.099000,-4.293508,1.472156,-1.729214,-4.000422,1.035029,-1.569955,0.526288,0.159259
74.147000,-4.295400,1.460310,-1.729181,-4.001121,1.024651,-1.569498,0.525737,0.159683
74.196000,-4.296661,1.452414,-1.729160,-4.001108,1.014856,-1.569474,0.528023,0.159686
74.249000,-4.298552,1.440570,-1.729121,-4.001089,1.004768,-1.569029,0.527644,0.160091
74.296000,-4.299813,1.432672,-1.729100,-4.001072,0.995371,-1.569000,0.529603,0.160101
74.347000,-4.301705,1.420825,-1.729079,-4.001755,0.984801,-1.569175,0.529232,0.159904
74.397000,-4.302964,1.412933,-1.729042,-4.001739,0.974812,-1.569151,0.531683,0.159892
74.448000,-4.304853,1.401096,-1.728964,-4.001874,0.963961,-1.569300,0.531867,0.159664
74.496000,-4.306111,1.393206,-1.728900,-4.001860,0.954373,-1.569232,0.533987,0.159668
74.545000,-4.307997,1.381370,-1.728799,-4.000968,0.943986,-1.569905,0.534389,0.158894
74.596000,-4.309255,1.373474,-1.728748,-4.000959,0.933793,-1.569824,0.536998,0.158925
74.644000,-4.311141,1.361630,-1.728688,-4.001702,0.925035,-1.569769,0.535134,0.158919
74.698000,-4.312398,1.353734,-1.728648,-4.001690,0.914241,-1.569715,0.538232,0.158933
74.749000,-4.314282,1.341895,-1.728576,-4.001148,0.903538,-1.569283,0.538712,0.159293
74.797000,-4.315538,1.333999,-1.728533,-4.001133,0.893943,-1.569221,0.540833,0.159312
74.848000,-4.317422,1.322152,-1.728490,-4.000454,0.882573,-1.568629,0.541940,0.159861
74.899000,-4.319306,1.310310,-1.728510,-4.000431,0.872380,-1.568606,0.541723,0.159904
74.947000,-4.320561,1.302415,-1.728544,-4.001267,0.863863,-1.568502,0.542473,0.160042
74.995000,-4.321818,1.294516,-1.728558,-4.001246,0.854265,-1.568537,0.544599,0.160021
75.045000,-4.323703,1.282666,-1.728558,-4.001553,0.843606,-1.568717,0.544568,0.159841
75.098000,-4.324960,1.274767,-1.728556,-4.001531,0.833008,-1.568715,0.547501,0.159841
75.146000,-4.326845,1.262917,-1.728554,-4.001735,0.822489,-1.568957,0.547425,0.159597
75.199000,-4.328101,1.255018,-1.728552,-4.001715,0.811890,-1.568954,0.550354,0.159598
75.247000,-4.329985,1.243175,-1.728516,-4.001342,0.802956,-1.568745,0.549363,0.159771
75.297000,-4.331241,1.235277,-1.728487,-4.001321,0.792960,-1.568705,0.551808,0.159782
75.349000,-4.333125,1.223430,-1.728454,-4.001189,0.782488,-1.568834,0.551915,0.159621
75.349000,-4.335008,1.211582,-1.728431,-4.001189,0.782488,-1.568834,0.543651,0.159597
75.400000,-4.335636,1.207632,-1.728424,-4.001169,0.772291,-1.568809,0.548990,0.159615
75.498000,-4.337519,1.195783,-1.728405,-4.001323,0.752426,-1.568515,0.556411,0.159891
75.549000,-4.339402,1.183935,-1.728386,-4.001315,0.742021,-1.568654,0.556409,0.159732
75.597000,-4.340657,1.176036,-1.728373,-4.001294,0.732423,-1.568638,0.558533,0.159735
75.597000,-4.342540,1.164187,-1.728354,-4.001294,0.732423,-1.568638,0.550335,0.159716
75.597000,-4.343167,1.160238,-1.728347,-4.001294,0.732423,-1.568638,0.547633,0.159709
75.597000,-4.343795,1.156288,-1.728341,-4.001294,0.732423,-1.568638,0.544948,0.159703
75.597000,-4.344422,1.152339,-1.728334,-4.001294,0.732423,-1.568638,0.542278,0.159696
75.597000,-4.346931,1.136541,-1.728307,-4.001294,0.732423,-1.568638,0.531767,0.159669
75.597000,-4.350068,1.116793,-1.728274,-4.001294,0.732423,-1.568638,0.519021,0.159636
75.597000,-4.353203,1.097046,-1.728240,-4.001294,0.732423,-1.568638,0.506744,0.159602
75.958000,-4.355711,1.081248,-1.728213,-4.000860,0.661378,-1.568064,0.549736,0.160149
76.247000,-4.361349,1.045722,-1.728266,-3.998250,0.605573,-1.568927,0.570589,0.159340
76.298000,-4.362600,1.037845,-1.728394,-3.998231,0.595404,-1.569039,0.573167,0.159354
76.349000,-4.364479,1.026030,-1.728629,-3.998231,0.584714,-1.569281,0.573496,0.159348
76.397000,-4.365734,1.018153,-1.728791,-3.998217,0.575142,-1.569474,0.575610,0.159317
76.448000,-4.367618,1.006336,-1.729029,-3.998105,0.565650,-1.569530,0.575103,0.159499
76.495000,-4.368876,0.998458,-1.729188,-3.998094,0.556277,-1.569716,0.577065,0.159472
76.548000,-4.370764,0.986642,-1.729425,-3.998906,0.545460,-1.570073,0.576992,0.159352
76.596000,-4.372027,0.978756,-1.729550,-3.998900,0.535877,-1.570252,0.579107,0.159298
76.649000,-4.373922,0.966926,-1.729699,-3.999407,0.524898,-1.570470,0.579353,0.159229
76.696000,-4.375187,0.959034,-1.729771,-3.999404,0.515506,-1.570576,0.581317,0.159195
76.746000,-4.377085,0.947195,-1.729851,-4.000380,0.504791,-1.570857,0.581058,0.158994
76.797000,-4.378352,0.939300,-1.729863,-4.000381,0.494596,-1.570910,0.583629,0.158953
76.849000,-4.380251,0.927457,-1.729839,-4.000672,0.483112,-1.571508,0.584400,0.158331
76.896000,-4.381517,0.919567,-1.729793,-4.000679,0.473723,-1.571477,0.586357,0.158316
76.947000,-4.383414,0.907733,-1.729698,-4.000838,0.464495,-1.571281,0.585512,0.158417
76.995000,-4.384678,0.899844,-1.729625,-4.000843,0.454907,-1.571200,0.587621,0.158425
77.047000,-4.386573,0.888010,-1.729509,-4.001553,0.445749,-1.570785,0.586374,0.158724
77.097000,-4.387834,0.880126,-1.729409,-4.001553,0.435769,-1.570681,0.588784,0.158728
77.146000,-4.389725,0.868300,-1.729232,-4.000988,0.427055,-1.569871,0.588059,0.159361
77.146000,-4.391613,0.856473,-1.729053,-4.000988,0.427055,-1.569871,0.580507,0.159182
77.201000,-4.391613,0.856473,-1.729053,-4.000977,0.416077,-1.569707,0.588681,0.159346
77.298000,-4.394128,0.840704,-1.728814,-4.000500,0.396625,-1.569487,0.593422,0.159327
77.346000,-4.396014,0.828860,-1.728711,-4.000502,0.385944,-1.569877,0.593805,0.158834
77.398000,-4.397272,0.820960,-1.728678,-4.000492,0.375545,-1.569818,0.596515,0.158859
77.449000,-4.399159,0.809110,-1.728629,-4.000516,0.364444,-1.569929,0.597196,0.158700
77.497000,-4.400416,0.801210,-1.728596,-4.000508,0.354845,-1.569890,0.599306,0.158706
77.549000,-4.402301,0.789361,-1.728552,-4.001246,0.344545,-1.570244,0.598921,0.158308
77.599000,-4.403557,0.781462,-1.728526,-4.001241,0.334547,-1.570210,0.601325,0.158316
77.648000,-4.405441,0.769619,-1.728465,-3.999842,0.324568,-1.570094,0.602147,0.158370
77.697000,-4.406696,0.761725,-1.728455,-3.999834,0.314775,-1.570046,0.604401,0.158409
77.748000,-4.408579,0.749882,-1.728470,-3.999430,0.305401,-1.569490,0.604124,0.158980
77.796000,-4.409834,0.741986,-1.728481,-3.999417,0.295807,-1.569503,0.606232,0.158978
77.847000,-4.411717,0.730143,-1.728496,-3.998081,0.286297,-1.568950,0.606708,0.159547
77.899000,-4.412971,0.722262,-1.728598,-3.998061,0.275921,-1.568984,0.609402,0.159614
77.947000,-4.414850,0.710471,-1.729169,-3.999984,0.265405,-1.569808,0.608439,0.159361
77.996000,-4.416112,0.702578,-1.729449,-3.999977,0.255615,-1.570276,0.610692,0.159173
78.049000,-4.418008,0.690734,-1.729619,-4.000684,0.244424,-1.570718,0.611025,0.158901
78.097000,-4.419272,0.682846,-1.729578,-4.000685,0.234838,-1.570789,0.613127,0.158789
78.147000,-4.421165,0.671016,-1.729356,-4.000152,0.225565,-1.571444,0.612926,0.157912
78.198000,-4.422426,0.663123,-1.729220,-4.000157,0.215373,-1.571245,0.615460,0.157976
78.248000,-4.424317,0.651281,-1.729066,-4.000410,0.205648,-1.570829,0.615049,0.158237
78.299000,-4.426205,0.639444,-1.728889,-4.000410,0.195460,-1.570698,0.615162,0.158191
78.348000,-4.427463,0.631553,-1.728769,-4.000866,0.185379,-1.570295,0.617298,0.158474
78.398000,-4.428719,0.623662,-1.728649,-4.000861,0.175390,-1.570145,0.619686,0.158504
78.449000,-4.430603,0.611825,-1.728465,-4.000798,0.165422,-1.569731,0.619683,0.158734
78.498000,-4.431855,0.603940,-1.728222,-4.000789,0.155643,-1.569541,0.621924,0.158681
78.547000,-4.433729,0.592114,-1.727707,-4.001254,0.145834,-1.568808,0.621450,0.158899
78.598000,-4.434844,0.585051,-1.726800,-4.001243,0.136676,-1.568202,0.623739,0.158599
78.647000,-4.436113,0.576904,-1.723101,-4.001685,0.131379,-1.566106,0.622270,0.156995
78.697000,-4.436701,0.573029,-1.719034,-4.001669,0.126434,-1.562239,0.623458,0.156796
78.749000,-4.437191,0.569667,-1.710535,-4.002158,0.129164,-1.558092,0.619109,0.152443
78.796000,-4.437406,0.568099,-1.703772,-4.002133,0.127315,-1.550801,0.619478,0.152972
78.847000,-4.437709,0.565745,-1.693617,-4.002044,0.129811,-1.543048,0.616313,0.150568
78.896000,-4.437897,0.564174,-1.686846,-4.001987,0.127873,-1.534755,0.616747,0.152092
78.950000,-4.438083,0.562530,-1.676343,-4.002593,0.129460,-1.522047,0.614167,0.154296
78.998000,-4.438085,0.562508,-1.667988,-4.002594,0.129454,-1.513105,0.614156,0.154884
79.049000,-4.438085,0.562508,-1.653057,-4.003111,0.132069,-1.499923,0.611947,0.153133
79.098000,-4.438085,0.562508,-1.641502,-4.003111,0.132069,-1.486953,0.611947,0.154549
79.147000,-4.438085,0.562508,-1.621771,-4.005587,0.132813,-1.474390,0.609665,0.147380
79.147000,-4.438085,0.562508,-1.599195,-4.005587,0.132813,-1.474390,0.609665,0.124805
79.147000,-4.438085,0.562508,-1.599195,-4.005587,0.132813,-1.474390,0.609665,0.124805
79.207000,-4.438085,0.562508,-1.583465,-4.005587,0.132813,-1.453613,0.609665,0.129852
79.398000,-4.438085,0.562508,-1.528408,-4.005007,0.135937,-1.383619,0.607881,0.144789
79.448000,-4.438085,0.562508,-1.504813,-4.003738,0.136826,-1.360832,0.608163,0.143981
79.498000,-4.438085,0.562508,-1.489082,-4.003738,0.136826,-1.341169,0.608163,0.147913
79.549000,-4.438085,0.562508,-1.465227,-4.002911,0.137404,-1.319415,0.608349,0.145811
79.598000,-4.438085,0.562508,-1.448040,-4.002911,0.137404,-1.299434,0.608349,0.148606
79.649000,-4.438085,0.562508,-1.419861,-4.000033,0.137556,-1.277857,0.610306,0.142004
79.649000,-4.438085,0.562508,-1.388801,-4.000033,0.137556,-1.277857,0.610306,0.110944
79.649000,-4.438085,0.562508,-1.388801,-4.000033,0.137556,-1.277857,0.610306,0.110944
79.706000,-4.438085,0.562508,-1.366755,-4.000033,0.137556,-1.250054,0.610306,0.116700
79.896000,-4.438085,0.562508,-1.289189,-3.997045,0.135047,-1.151584,0.614198,0.137605
79.947000,-4.438085,0.562508,-1.253762,-3.997147,0.133698,-1.122877,0.615064,0.130884
79.998000,-4.438085,0.562508,-1.228543,-3.997147,0.133698,-1.091948,0.615064,0.136595
80.049000,-4.438085,0.562508,-1.188316,-3.995908,0.132572,-1.062307,0.616737,0.126008
80.096000,-4.438085,0.562508,-1.159897,-3.995908,0.132572,-1.030076,0.616737,0.129822
80.149000,-4.437917,0.562156,-1.114870,-3.991786,0.133834,-0.993800,0.618460,0.121069
80.196000,-4.437392,0.561130,-1.083960,-3.991026,0.132691,-0.957977,0.618711,0.125983
80.247000,-4.436409,0.559372,-1.037610,-3.990012,0.132604,-0.922072,0.617577,0.115538
80.297000,-4.435533,0.557942,-1.007570,-3.988735,0.130958,-0.883682,0.618016,0.123888
80.297000,-4.433315,0.554602,-0.964958,-3.988735,0.130958,-0.883682,0.614105,0.081275
80.297000,-4.432316,0.553182,-0.951393,-3.988735,0.130958,-0.883682,0.612402,0.067711
80.297000,-4.429905,0.549899,-0.924329,-3.988735,0.130958,-0.883682,0.608393,0.040647
80.297000,-4.426932,0.546071,-0.897264,-3.988735,0.130958,-0.883682,0.603602,0.013582
80.297000,-4.420400,0.538325,-0.843136,-3.988735,0.130958,-0.883682,0.593534,0.040547
80.297000,-4.413458,0.530943,-0.789007,-3.988735,0.130958,-0.883682,0.583419,0.094676
80.297000,-4.406127,0.523948,-0.734878,-3.988735,0.130958,-0.883682,0.573287,0.148805
80.664000,-4.400386,0.518968,-0.694281,-3.970697,0.057082,-0.624027,0.630850,0.070254
80.664000,-4.378750,0.503373,-0.561967,-3.970697,0.057082,-0.624027,0.604717,0.062060
80.864000,-4.376045,0.501692,-0.550003,-3.945643,0.045940,-0.485398,0.626862,0.064605
81.049000,-4.364862,0.495183,-0.505042,-3.916837,0.035063,-0.362613,0.642213,0.142428
81.098000,-4.359132,0.492097,-0.483097,-3.909365,0.032280,-0.335689,0.643212,0.147408
81.146000,-4.350414,0.487705,-0.450181,-3.898290,0.026849,-0.304677,0.645604,0.145503
81.198000,-4.344523,0.484937,-0.428236,-3.890203,0.024362,-0.276149,0.646944,0.152087
81.247000,-4.335200,0.480860,-0.397143,-3.880295,0.021512,-0.248057,0.646483,0.149086
81.297000,-4.328665,0.478194,-0.378031,-3.871732,0.019413,-0.222952,0.647508,0.155079
81.346000,-4.318644,0.474368,-0.351754,-3.860583,0.017208,-0.195482,0.647159,0.156272
81.396000,-4.311808,0.471922,-0.335826,-3.851673,0.015507,-0.174352,0.648104,0.161474
81.447000,-4.301376,0.468409,-0.314269,-3.841716,0.014802,-0.148738,0.645792,0.165532
81.498000,-4.294281,0.466154,-0.301525,-3.832325,0.013448,-0.131239,0.646797,0.170286
81.549000,-4.283482,0.462897,-0.284832,-3.826243,0.011722,-0.111365,0.642360,0.173467
81.595000,-4.276228,0.460814,-0.274408,-3.817612,0.010788,-0.099054,0.642535,0.175354
81.645000,-4.265306,0.457831,-0.258771,-3.810779,0.008636,-0.082717,0.639039,0.176054
81.696000,-4.257999,0.455938,-0.248346,-3.801186,0.007872,-0.069426,0.639876,0.178921
81.748000,-4.246966,0.453230,-0.233286,-3.790295,0.008357,-0.054887,0.637542,0.178398
81.797000,-4.239571,0.451511,-0.223501,-3.781008,0.007873,-0.042845,0.638039,0.180656
81.844000,-4.228287,0.449032,-0.209577,-3.772507,0.007969,-0.030690,0.634249,0.178887
81.896000,-4.220522,0.447411,-0.201984,-3.762216,0.007700,-0.019399,0.635131,0.182585
81.945000,-4.208784,0.445066,-0.192955,-3.752349,0.008391,-0.008147,0.631679,0.184808
81.996000,-4.200967,0.443557,-0.188547,-3.742195,0.008343,-0.001272,0.632362,0.187275
82.046000,-4.189262,0.441355,-0.183438,-3.733354,0.007498,0.008407,0.629352,0.191845
82.096000,-4.181454,0.439920,-0.180054,-3.723430,0.007592,0.012638,0.629836,0.192691
82.148000,-4.169732,0.437817,-0.174977,-3.713849,0.007806,0.019044,0.626689,0.194021
82.198000,-4.161916,0.436449,-0.171785,-3.703933,0.008007,0.023234,0.627145,0.195018
82.245000,-4.150349,0.434458,-0.169476,-3.695427,0.006764,0.025782,0.624401,0.195258
82.296000,-4.142641,0.433140,-0.169516,-3.685461,0.007041,0.026976,0.624959,0.196492
82.344000,-4.131091,0.431153,-0.171277,-3.676030,0.008259,0.030221,0.621224,0.201498
82.399000,-4.123394,0.429816,-0.172513,-3.665293,0.008579,0.028528,0.622333,0.201042
82.445000,-4.111852,0.427794,-0.174368,-3.658229,0.008148,0.028417,0.617962,0.202785
82.496000,-4.104160,0.426434,-0.175604,-3.648273,0.008427,0.026841,0.618516,0.202445
82.547000,-4.092645,0.424379,-0.177595,-3.638418,0.008739,0.024580,0.615694,0.202175
82.599000,-4.084961,0.422995,-0.178928,-3.628273,0.008984,0.022829,0.616417,0.201757
82.648000,-4.073431,0.420898,-0.180876,-3.619307,0.010317,0.020966,0.612214,0.201842
82.698000,-4.065750,0.419488,-0.182168,-3.609547,0.010518,0.019352,0.612681,0.201520
82.749000,-4.054224,0.417354,-0.184083,-3.600211,0.012602,0.017539,0.608236,0.201622
82.799000,-4.046552,0.415920,-0.185383,-3.590456,0.012770,0.015939,0.608731,0.201323
82.847000,-4.035040,0.413749,-0.187338,-3.581388,0.011293,0.012782,0.606441,0.200120
82.898000,-4.027341,0.412285,-0.188544,-3.571399,0.011416,0.011155,0.607108,0.199699
82.947000,-4.015786,0.410070,-0.190214,-3.563066,0.010864,0.008994,0.603590,0.199208
82.999000,-4.008071,0.408580,-0.191257,-3.552852,0.010952,0.007586,0.604427,0.198843
83.048000,-3.996500,0.406331,-0.192818,-3.543158,0.012516,0.006191,0.600507,0.199009
83.096000,-3.984933,0.404063,-0.194378,-3.533729,0.012572,0.004943,0.597370,0.199321
83.149000,-3.977223,0.402541,-0.195408,-3.523503,0.013229,0.003774,0.597850,0.199183
83.199000,-3.969512,0.401011,-0.196390,-3.513677,0.013263,0.002504,0.598443,0.198893
83.248000,-3.957944,0.398701,-0.197822,-3.504266,0.013062,0.001669,0.595433,0.199491
83.292000,-3.950233,0.397151,-0.198776,-3.495615,0.013074,0.000619,0.595142,0.199395
83.345000,-3.938671,0.394814,-0.200208,-3.484486,0.013171,-0.001063,0.593241,0.199145
83.396000,-3.930963,0.393246,-0.201155,-3.474457,0.013157,-0.002279,0.594024,0.198875
83.447000,-3.919369,0.390874,-0.202405,-3.464258,0.013181,-0.003947,0.591420,0.198458
83.496000,-3.911634,0.389283,-0.203157,-3.454585,0.013140,-0.004924,0.591927,0.198234
83.546000,-3.900026,0.386886,-0.204212,-3.445398,0.011320,-0.006681,0.589691,0.197531
83.597000,-3.892266,0.385276,-0.204813,-3.435295,0.011250,-0.007536,0.590524,0.197277
83.647000,-3.880618,0.382852,-0.205587,-3.426921,0.011686,-0.008442,0.586179,0.197145
83.647000,-3.868971,0.380419,-0.206306,-3.426921,0.011686,-0.008442,0.575650,0.197864
83.701000,-3.865089,0.379605,-0.206542,-3.416213,0.011594,-0.009115,0.580449,0.197427
83.701000,-3.849559,0.376344,-0.207480,-3.416213,0.011594,-0.009115,0.566420,0.198365
83.701000,-3.849559,0.376344,-0.207480,-3.416213,0.011594,-0.009115,0.566420,0.198365
83.805000,-3.841782,0.374705,-0.207893,-3.395802,0.010851,-0.010608,0.575576,0.197285
83.995000,-3.814539,0.368941,-0.209043,-3.358610,0.011778,-0.013007,0.579169,0.196035
84.048000,-3.802863,0.366462,-0.209515,-3.348627,0.011896,-0.013669,0.576235,0.195845
84.096000,-3.795080,0.364805,-0.209829,-3.339079,0.011765,-0.014047,0.576692,0.195782
84.148000,-3.783419,0.362319,-0.210329,-3.327925,0.010922,-0.014619,0.575286,0.195710
84.196000,-3.775647,0.360659,-0.210664,-3.318390,0.010782,-0.015021,0.575759,0.195643
84.248000,-3.763977,0.358160,-0.211146,-3.307396,0.010108,-0.015632,0.574114,0.195514
84.297000,-3.756194,0.356491,-0.211453,-3.297645,0.009955,-0.016023,0.574764,0.195430
84.346000,-3.744488,0.353976,-0.211745,-3.287499,0.009367,-0.016783,0.572359,0.194962
84.346000,-3.732769,0.351456,-0.211896,-3.287499,0.009367,-0.016783,0.561507,0.195113
84.401000,-3.728862,0.350615,-0.211929,-3.276511,0.009180,-0.017000,0.566744,0.194929
84.498000,-3.717134,0.348091,-0.211985,-3.256716,0.008663,-0.017727,0.572010,0.194258
84.549000,-3.705405,0.345567,-0.211987,-3.245999,0.008693,-0.018331,0.569682,0.193656
84.599000,-3.697588,0.343885,-0.211970,-3.236006,0.008509,-0.018322,0.570556,0.193647
84.645000,-3.685865,0.341362,-0.211922,-3.227093,0.008427,-0.018787,0.566849,0.193135
84.696000,-3.678050,0.339681,-0.211889,-3.216902,0.008235,-0.018745,0.567902,0.193144
84.746000,-3.666327,0.337159,-0.211839,-3.206754,0.007186,-0.019165,0.565764,0.192674
84.797000,-3.658511,0.335478,-0.211805,-3.196563,0.006991,-0.019122,0.566833,0.192683
84.849000,-3.646791,0.332959,-0.211744,-3.186571,0.006615,-0.019395,0.564183,0.192348
84.896000,-3.638978,0.331279,-0.211700,-3.177182,0.006433,-0.019345,0.564606,0.192356
84.948000,-3.627279,0.328766,-0.211546,-3.166653,0.006782,-0.019670,0.562005,0.191875
84.998000,-3.619484,0.327092,-0.211373,-3.156690,0.006585,-0.019495,0.562942,0.191878
84.998000,-3.607793,0.324585,-0.211085,-3.156690,0.006585,-0.019495,0.551923,0.191590
84.998000,-3.607793,0.324585,-0.211085,-3.156690,0.006585,-0.019495,0.551923,0.191590
84.998000,-3.599999,0.322916,-0.210887,-3.156690,0.006585,-0.019495,0.544600,0.191392
84.998000,-3.592205,0.321248,-0.210690,-3.156690,0.006585,-0.019495,0.537296,0.191195
84.998000,-3.572718,0.317086,-0.210196,-3.156690,0.006585,-0.019495,0.519124,0.190702
84.998000,-3.557127,0.313763,-0.209802,-3.156690,0.006585,-0.019495,0.504686,0.190307
85.281000,-3.541534,0.310446,-0.209407,-3.100272,0.005022,-0.019060,0.536652,0.190347
85.597000,-3.502547,0.302180,-0.208420,-3.038606,0.002874,-0.017947,0.552110,0.190473
85.646000,-3.490854,0.299709,-0.208111,-3.029217,0.001895,-0.017319,0.549364,0.190791
85.698000,-3.483082,0.298069,-0.207797,-3.018892,0.001716,-0.017012,0.550725,0.190785
85.747000,-3.471431,0.295616,-0.207203,-3.008636,-0.000317,-0.016258,0.549323,0.190945
85.797000,-3.463677,0.293988,-0.206742,-2.998733,-0.000477,-0.015732,0.550348,0.191010
85.849000,-3.452046,0.291553,-0.206048,-2.988621,0.000696,-0.014796,0.547138,0.191252
85.899000,-3.444283,0.289932,-0.205572,-2.978709,0.000550,-0.014211,0.548179,0.191361
85.950000,-3.432623,0.287505,-0.204917,-2.968107,-0.000448,-0.013673,0.546527,0.191244
85.999000,-3.424855,0.285892,-0.204473,-2.958389,-0.000580,-0.013141,0.547409,0.191332
86.047000,-3.413201,0.283480,-0.203794,-2.948509,0.000563,-0.012774,0.544040,0.191020
86.096000,-3.401527,0.281071,-0.203186,-2.938777,0.000441,-0.012230,0.541194,0.190956
86.149000,-3.393742,0.279468,-0.202814,-2.927672,0.000600,-0.012018,0.543129,0.190796
86.196000,-3.385955,0.277868,-0.202457,-2.918331,0.000489,-0.011585,0.543701,0.190872
86.248000,-3.374272,0.275473,-0.201928,-2.907007,0.000700,-0.010848,0.542067,0.191080
86.298000,-3.366482,0.273880,-0.201577,-2.897069,0.000593,-0.010407,0.543170,0.191170
86.346000,-3.354787,0.271493,-0.201102,-2.887748,0.000248,-0.010211,0.540092,0.190891
86.397000,-3.346991,0.269905,-0.200795,-2.877605,0.000145,-0.009816,0.541382,0.190979
86.449000,-3.335296,0.267528,-0.200337,-2.868032,-0.000569,-0.009355,0.538713,0.190982
86.498000,-3.327503,0.265946,-0.200019,-2.858291,-0.000660,-0.008978,0.539666,0.191041
86.547000,-3.315811,0.263579,-0.199530,-2.848891,0.000280,-0.008829,0.536042,0.190700
86.598000,-3.308007,0.262002,-0.199234,-2.838740,0.000191,-0.008423,0.537360,0.190811
86.645000,-3.296298,0.259641,-0.198831,-2.830547,0.000677,-0.008056,0.532904,0.190774
86.694000,-3.288486,0.258067,-0.198592,-2.820785,0.000599,-0.007739,0.533885,0.190853
86.747000,-3.276766,0.255711,-0.198265,-2.810207,-0.000077,-0.007419,0.532075,0.190846
86.798000,-3.268956,0.254143,-0.198039,-2.800051,-0.000152,-0.007141,0.533420,0.190898
86.845000,-3.257240,0.251794,-0.197687,-2.789825,0.000201,-0.006897,0.530826,0.190790
86.899000,-3.249425,0.250229,-0.197466,-2.779065,0.000127,-0.006584,0.532718,0.190882
86.949000,-3.237701,0.247886,-0.197140,-2.767990,0.000082,-0.005624,0.531070,0.191516
86.997000,-3.229885,0.246325,-0.196923,-2.758425,0.000029,-0.005364,0.531918,0.191559
87.048000,-3.218160,0.243988,-0.196597,-2.747400,0.000388,-0.004465,0.530053,0.192133
87.094000,-3.210337,0.242431,-0.196401,-2.738227,0.000348,-0.004219,0.530558,0.192183
87.147000,-3.198592,0.240095,-0.196194,-2.728363,0.000929,-0.003875,0.527556,0.192319
87.195000,-3.190754,0.238538,-0.196098,-2.718775,0.000892,-0.003727,0.528432,0.192371
87.250000,-3.178997,0.236203,-0.195989,-2.708886,0.000809,-0.003525,0.525752,0.192464
87.295000,-3.171159,0.234647,-0.195925,-2.699896,0.000778,-0.003449,0.526103,0.192476
87.346000,-3.159401,0.232314,-0.195832,-2.690158,-0.000110,-0.003660,0.523651,0.192172
87.398000,-3.151571,0.230761,-0.195741,-2.679780,-0.000148,-0.003571,0.525267,0.192170
87.448000,-3.139826,0.228434,-0.195569,-2.669673,0.000068,-0.003589,0.522681,0.191980
87.495000,-3.131994,0.226883,-0.195455,-2.660291,0.000035,-0.003453,0.523415,0.192002
87.545000,-3.120245,0.224557,-0.195290,-2.649760,-0.000086,-0.002961,0.521365,0.192328
87.596000,-3.112411,0.223008,-0.195185,-2.639578,-0.000115,-0.002823,0.522834,0.192362
87.649000,-3.100660,0.220686,-0.195035,-2.628237,-0.000349,-0.002035,0.521574,0.193000
87.699000,-3.088905,0.218365,-0.194897,-2.618253,-0.000369,-0.001913,0.518997,0.192984
87.744000,-3.081069,0.216818,-0.194809,-2.609359,0.000873,-0.001957,0.518790,0.192852
87.797000,-3.073232,0.215272,-0.194722,-2.598775,0.000853,-0.001841,0.520659,0.192881
87.846000,-3.061476,0.212954,-0.194591,-2.590166,0.000372,-0.002076,0.517035,0.192515
87.899000,-3.053639,0.211410,-0.194503,-2.579582,0.000350,-0.001960,0.518918,0.192543
87.947000,-3.041875,0.209093,-0.194417,-2.571646,-0.000731,-0.002164,0.514919,0.192252
87.997000,-3.034041,0.207551,-0.194336,-2.561666,-0.000753,-0.002094,0.516264,0.192242
88.048000,-3.022291,0.205240,-0.194179,-2.552074,-0.001954,-0.002374,0.513842,0.191805
88.096000,-3.014469,0.203702,-0.194025,-2.542507,-0.001977,-0.002232,0.514832,0.191793
88.147000,-3.002736,0.201398,-0.193774,-2.531979,-0.001792,-0.002253,0.512736,0.191521
88.147000,-2.991002,0.199097,-0.193511,-2.531979,-0.001792,-0.002253,0.501057,0.191258
88.200000,-2.987089,0.198330,-0.193421,-2.521417,-0.001815,-0.002030,0.506862,0.191391
88.200000,-2.971439,0.195268,-0.193058,-2.521417,-0.001815,-0.002030,0.491285,0.191028
88.302000,-2.967519,0.194502,-0.193012,-2.498961,0.001532,-0.000624,0.506738,0.192387
88.399000,-2.955758,0.192204,-0.192895,-2.479205,0.000591,-0.000107,0.513633,0.192789
88.444000,-2.943997,0.189907,-0.192779,-2.470875,0.000657,-0.000029,0.509569,0.192749
88.494000,-2.936156,0.188377,-0.192701,-2.460889,0.000657,0.000068,0.510997,0.192769
88.548000,-2.924388,0.186081,-0.192677,-2.450107,0.000176,-0.000310,0.509415,0.192367
88.597000,-2.916537,0.184549,-0.192689,-2.440308,0.000173,-0.000320,0.510675,0.192369
88.647000,-2.904760,0.182251,-0.192697,-2.431085,-0.000494,-0.001034,0.507704,0.191663
88.696000,-2.896917,0.180721,-0.192660,-2.421296,-0.000505,-0.001028,0.508977,0.191631
88.748000,-2.885154,0.178427,-0.192555,-2.412987,-0.001306,-0.001473,0.505218,0.191082
88.799000,-2.877322,0.176901,-0.192427,-2.402813,-0.001321,-0.001361,0.506875,0.191066
88.849000,-2.865575,0.174613,-0.192213,-2.392758,0.000556,-0.000387,0.503836,0.191826
88.849000,-2.853820,0.172327,-0.192022,-2.392758,0.000556,-0.000387,0.492019,0.191635
88.900000,-2.853820,0.172327,-0.192022,-2.382578,0.000554,-0.000204,0.501572,0.191819
88.996000,-2.838143,0.169279,-0.192104,-2.362213,0.001742,0.000918,0.504557,0.193021
89.048000,-2.826401,0.166994,-0.192251,-2.352758,0.000358,0.000717,0.502101,0.192968
89.098000,-2.818566,0.165468,-0.192387,-2.342781,0.000365,0.000578,0.503618,0.192965
89.149000,-2.806799,0.163175,-0.192532,-2.332200,-0.000219,0.000103,0.501938,0.192636
89.196000,-2.798949,0.161645,-0.192565,-2.322803,-0.000219,0.000013,0.502906,0.192577
89.249000,-2.787176,0.159349,-0.192546,-2.311899,-0.000733,-0.000498,0.501511,0.192047
89.249000,-2.775416,0.157057,-0.192407,-2.311899,-0.000733,-0.000498,0.489637,0.191909
89.302000,-2.771496,0.156293,-0.192342,-2.301318,-0.000739,-0.000452,0.495708,0.191889
89.395000,-2.759725,0.154002,-0.192203,-2.282030,0.000157,-0.000190,0.501858,0.192013
89.447000,-2.747948,0.151711,-0.192193,-2.270559,0.000822,0.000867,0.500668,0.193061
89.498000,-2.736196,0.149422,-0.192403,-2.260380,0.000832,0.000830,0.498477,0.193233
89.548000,-2.728362,0.147895,-0.192620,-2.250232,0.002618,0.001692,0.499713,0.194312
89.596000,-2.720563,0.146372,-0.193111,-2.240697,0.002637,0.001350,0.500930,0.194462
89.646000,-2.708870,0.144080,-0.194174,-2.231615,0.001815,0.000742,0.498007,0.194916
89.696000,-2.701060,0.142541,-0.194855,-2.221666,0.001819,-0.000161,0.499621,0.194694
89.748000,-2.689342,0.140223,-0.195770,-2.212066,0.001240,-0.001559,0.497101,0.194211
89.798000,-2.681516,0.138669,-0.196240,-2.202092,0.001221,-0.002270,0.498738,0.193971
89.848000,-2.669773,0.136331,-0.196777,-2.192454,0.001844,-0.003717,0.495904,0.193061
89.898000,-2.661945,0.134769,-0.197122,-2.182475,0.001806,-0.004149,0.497564,0.192973
89.949000,-2.650203,0.132421,-0.197639,-2.172066,0.001202,-0.005262,0.495816,0.192378
89.998000,-2.642376,0.130852,-0.197984,-2.162287,0.001149,-0.005684,0.497301,0.192300
90.046000,-2.630651,0.128496,-0.198582,-2.153183,0.000192,-0.006755,0.494406,0.191827
90.098000,-2.622836,0.126922,-0.198983,-2.142819,0.000121,-0.007277,0.496482,0.191706
90.149000,-2.611109,0.124555,-0.199231,-2.132818,-0.002272,-0.008709,0.494821,0.190522
90.199000,-2.603321,0.122983,-0.199082,-2.122887,-0.002362,-0.008737,0.496516,0.190345
90.247000,-2.591642,0.120629,-0.198683,-2.115011,-0.002937,-0.009442,0.492387,0.189241
90.297000,-2.583863,0.119064,-0.198352,-2.105092,-0.003030,-0.009073,0.494093,0.189279
90.348000,-2.572193,0.116722,-0.197825,-2.096829,-0.003498,-0.009470,0.490330,0.188354
90.396000,-2.564412,0.115163,-0.197473,-2.087307,-0.003588,-0.009048,0.491662,0.188425
90.449000,-2.552740,0.112831,-0.196945,-2.073423,-0.001634,-0.007669,0.492795,0.189277
90.498000,-2.544958,0.111280,-0.196592,-2.063702,-0.001708,-0.007237,0.494341,0.189354
90.547000,-2.533283,0.108958,-0.196053,-2.052267,-0.001120,-0.005817,0.493450,0.190236
90.597000,-2.525494,0.107412,-0.195703,-2.042342,-0.001177,-0.005371,0.495205,0.190332
90.648000,-2.513774,0.105092,-0.195300,-2.032197,-0.001477,-0.004359,0.493228,0.190941
90.696000,-2.505958,0.103546,-0.195070,-2.022636,-0.001518,-0.004058,0.494609,0.191012
90.750000,-2.494232,0.101232,-0.194743,-2.012544,-0.001180,-0.003749,0.492454,0.190995
90.797000,-2.486414,0.099690,-0.194528,-2.003182,-0.001214,-0.003495,0.493655,0.191034
90.849000,-2.474687,0.097382,-0.194206,-1.994523,-0.001267,-0.003501,0.490193,0.190705
90.895000,-2.466868,0.095845,-0.193991,-1.985359,-0.001299,-0.003254,0.491211,0.190737
90.950000,-2.455137,0.093542,-0.193675,-1.975821,-0.001456,-0.003445,0.488639,0.190230
90.997000,-2.447313,0.092008,-0.193471,-1.966454,-0.001487,-0.003202,0.489865,0.190269
91.049000,-2.435578,0.089711,-0.193165,-1.954171,-0.001699,-0.002153,0.490009,0.191011
91.096000,-2.427754,0.088181,-0.192960,-1.944803,-0.001719,-0.001913,0.491246,0.191047
91.148000,-2.416016,0.085890,-0.192665,-1.934437,0.000127,-0.001355,0.489155,0.191310
91.199000,-2.404246,0.083595,-0.192515,-1.924246,0.000114,-0.001134,0.487205,0.191382
91.248000,-2.396397,0.082065,-0.192468,-1.913783,-0.000977,-0.000591,0.489707,0.191877
91.297000,-2.388556,0.080537,-0.192407,-1.903996,-0.000983,-0.000529,0.491369,0.191878
91.348000,-2.376794,0.078246,-0.192295,-1.894468,-0.001995,-0.000310,0.488955,0.191984
91.397000,-2.368961,0.076722,-0.192188,-1.884692,-0.001998,-0.000208,0.490625,0.191980
91.448000,-2.357210,0.074436,-0.191998,-1.874487,-0.002365,-0.000137,0.488794,0.191861
91.499000,-2.349378,0.072914,-0.191856,-1.864316,-0.002367,0.000032,0.490870,0.191887
91.548000,-2.337630,0.070634,-0.191633,-1.855230,-0.001096,0.000138,0.487703,0.191771
91.596000,-2.329786,0.069112,-0.191524,-1.845642,-0.001094,0.000305,0.489208,0.191829
91.647000,-2.318018,0.066831,-0.191411,-1.834166,0.000147,0.001257,0.488425,0.192669
91.695000,-2.310171,0.065311,-0.191401,-1.824575,0.000160,0.001324,0.489947,0.192726
91.747000,-2.298402,0.063030,-0.191452,-1.811112,-0.000223,0.002147,0.491378,0.193598
91.797000,-2.286632,0.060748,-0.191526,-1.801121,-0.000202,0.002096,0.489322,0.193621
91.848000,-2.278786,0.059227,-0.191579,-1.791955,-0.000665,0.001974,0.490502,0.193552
91.897000,-2.270936,0.057704,-0.191616,-1.782159,-0.000646,0.001914,0.492247,0.193530
91.945000,-2.259160,0.055419,-0.191654,-1.773358,-0.001529,0.001119,0.489128,0.192773
91.945000,-2.247392,0.053136,-0.191640,-1.773358,-0.001529,0.001119,0.477176,0.192759
91.945000,-2.247392,0.053136,-0.191640,-1.773358,-0.001529,0.001119,0.477176,0.192759
92.006000,-2.239547,0.051614,-0.191629,-1.761171,-0.001516,0.001097,0.481317,0.192726
92.196000,-2.212090,0.046288,-0.191549,-1.727395,-0.001422,0.000488,0.487038,0.192038
92.246000,-2.200326,0.044007,-0.191448,-1.716993,-0.001926,0.000151,0.485511,0.191600
92.246000,-2.188569,0.041729,-0.191301,-1.716993,-0.001926,0.000151,0.473593,0.191452
92.246000,-2.188569,0.041729,-0.191301,-1.716993,-0.001926,0.000151,0.473593,0.191452
92.303000,-2.184650,0.040970,-0.191246,-1.705617,-0.001924,0.000259,0.480950,0.191505
92.499000,-2.153263,0.034896,-0.191188,-1.663605,0.001061,0.002472,0.490826,0.193660
92.548000,-2.141513,0.032621,-0.191374,-1.654532,0.001793,0.002561,0.487956,0.193934
92.598000,-2.133680,0.031103,-0.191509,-1.644558,0.001818,0.002397,0.489998,0.193905
92.647000,-2.121930,0.028823,-0.191711,-1.636248,0.002957,0.002046,0.486371,0.193757
92.647000,-2.110181,0.026542,-0.191913,-1.636248,0.002957,0.002046,0.474520,0.193959
92.647000,-2.110181,0.026542,-0.191913,-1.636248,0.002957,0.002046,0.474520,0.193959
92.703000,-2.102356,0.025021,-0.192072,-1.625077,0.002979,0.001857,0.477787,0.193929
92.898000,-2.074931,0.019680,-0.192478,-1.584815,-0.000372,-0.000656,0.490526,0.191822
92.948000,-2.063162,0.017386,-0.192448,-1.574059,-0.000743,-0.000522,0.489438,0.191926
92.996000,-2.055318,0.015858,-0.192400,-1.564470,-0.000748,-0.000483,0.491129,0.191917
93.047000,-2.043553,0.013567,-0.192312,-1.553517,-0.000192,0.000764,0.490229,0.193075
93.097000,-2.035702,0.012038,-0.192286,-1.543520,-0.000184,0.000828,0.492334,0.193114
93.145000,-2.023927,0.009746,-0.192290,-1.532504,0.000562,0.001011,0.491509,0.193300
93.199000,-2.016083,0.008218,-0.192327,-1.521716,0.000573,0.000992,0.494427,0.193319
93.248000,-2.004319,0.005927,-0.192398,-1.513713,0.000280,0.000507,0.490639,0.192905
93.296000,-1.996476,0.004399,-0.192444,-1.504124,0.000284,0.000451,0.492369,0.192895
93.348000,-1.984712,0.002106,-0.192515,-1.495119,0.001243,-0.000031,0.489594,0.192484
93.398000,-1.976870,0.000577,-0.192568,-1.485131,0.001243,-0.000091,0.491739,0.192476
93.447000,-1.965106,-0.001717,-0.192651,-1.475900,0.000303,-0.000607,0.489210,0.192044
93.496000,-1.957257,-0.003248,-0.192685,-1.466103,0.000296,-0.000669,0.491166,0.192016
93.547000,-1.945479,-0.005546,-0.192699,-1.455085,-0.000215,-0.001209,0.490423,0.191490
93.596000,-1.937634,-0.007077,-0.192675,-1.445294,-0.000227,-0.001206,0.492388,0.191468
93.648000,-1.925868,-0.009372,-0.192610,-1.434245,0.000528,-0.001195,0.491722,0.191415
93.648000,-1.914101,-0.011666,-0.192541,-1.434245,0.000528,-0.001195,0.480010,0.191347
93.648000,-1.914101,-0.011666,-0.192541,-1.434245,0.000528,-0.001195,0.480010,0.191347
93.702000,-1.906250,-0.013197,-0.192513,-1.423455,0.000515,-0.001133,0.482990,0.191380
93.897000,-1.878787,-0.018551,-0.192611,-1.383518,0.000326,0.000323,0.495630,0.192933
93.949000,-1.867016,-0.020847,-0.192660,-1.375150,-0.000596,-0.000220,0.492283,0.192439
93.949000,-1.855247,-0.023143,-0.192642,-1.375150,-0.000596,-0.000220,0.480627,0.192421
93.949000,-1.855247,-0.023143,-0.192642,-1.375150,-0.000596,-0.000220,0.480627,0.192421
93.949000,-1.851325,-0.023908,-0.192625,-1.375150,-0.000596,-0.000220,0.476745,0.192404
94.008000,-1.843479,-0.025438,-0.192584,-1.363360,-0.000600,-0.000251,0.480761,0.192333
94.154000,-1.808162,-0.032322,-0.192491,-1.332099,0.000233,-0.000019,0.477175,0.192471
94.298000,-1.800328,-0.033849,-0.192562,-1.303127,0.001686,0.000746,0.498469,0.193308
94.346000,-1.788578,-0.036142,-0.192731,-1.292370,0.001623,0.000900,0.497642,0.193632
94.398000,-1.780744,-0.037671,-0.192857,-1.281995,0.001632,0.000744,0.500296,0.193601
94.447000,-1.768995,-0.039966,-0.193046,-1.274040,0.000977,0.000394,0.496646,0.193441
94.498000,-1.761163,-0.041498,-0.193173,-1.263864,0.000981,0.000233,0.499109,0.193406
94.546000,-1.749414,-0.043797,-0.193362,-1.255263,0.001183,-0.000418,0.496194,0.192944
94.546000,-1.737665,-0.046099,-0.193554,-1.255263,0.001183,-0.000418,0.484714,0.193136
94.546000,-1.737665,-0.046099,-0.193554,-1.255263,0.001183,-0.000418,0.484714,0.193136
94.546000,-1.733749,-0.046867,-0.193618,-1.255263,0.001183,-0.000418,0.480893,0.193200
94.605000,-1.721986,-0.049174,-0.193759,-1.243491,0.001177,-0.000605,0.481138,0.193154
94.605000,-1.678826,-0.057650,-0.194062,-1.243491,0.001177,-0.000605,0.439292,0.193457
94.903000,-1.674902,-0.058421,-0.194083,-1.180884,0.000290,-0.000887,0.497494,0.193196
94.903000,-1.659216,-0.061505,-0.194074,-1.180884,0.000290,-0.000887,0.482307,0.193187
94.903000,-1.655298,-0.062275,-0.194047,-1.180884,0.000290,-0.000887,0.478521,0.193160
95.006000,-1.647461,-0.063815,-0.193992,-1.159760,-0.001187,-0.000543,0.491705,0.193449
95.198000,-1.623950,-0.068432,-0.193822,-1.123317,0.000084,-0.001720,0.505299,0.192102
95.248000,-1.612194,-0.070739,-0.193716,-1.112909,-0.000070,-0.001698,0.504262,0.192019
95.299000,-1.604354,-0.072276,-0.193649,-1.102723,-0.000087,-0.001609,0.506799,0.192040
95.347000,-1.592590,-0.074583,-0.193560,-1.091199,0.002178,-0.000643,0.507233,0.192917
95.395000,-1.584756,-0.076118,-0.193569,-1.081619,0.002173,-0.000595,0.509192,0.192974
95.447000,-1.573005,-0.078422,-0.193587,-1.070522,0.003091,0.000553,0.509052,0.194140
95.499000,-1.565177,-0.079957,-0.193660,-1.060152,0.003097,0.000519,0.511809,0.194179
95.547000,-1.553447,-0.082259,-0.193921,-1.050883,0.003858,0.000638,0.509889,0.194559
95.599000,-1.545634,-0.083794,-0.194150,-1.040531,0.003864,0.000383,0.512653,0.194533
95.647000,-1.533915,-0.086101,-0.194526,-1.031928,0.003396,-0.000636,0.509903,0.193891
95.695000,-1.526103,-0.087641,-0.194779,-1.022373,0.003389,-0.000938,0.511889,0.193840
95.747000,-1.514377,-0.089956,-0.195130,-1.014082,0.002213,-0.002143,0.508714,0.192987
95.795000,-1.506540,-0.091506,-0.195276,-1.004496,0.002191,-0.002391,0.510712,0.192885
95.846000,-1.494781,-0.093833,-0.195409,-0.993853,0.000728,-0.003271,0.509775,0.192138
95.899000,-1.486942,-0.095384,-0.195422,-0.983264,0.000693,-0.003358,0.512759,0.192064
95.948000,-1.475183,-0.097712,-0.195361,-0.975497,0.000729,-0.003341,0.509291,0.192020
95.997000,-1.467344,-0.099263,-0.195306,-0.965708,0.000697,-0.003281,0.511499,0.192025
96.047000,-1.455585,-0.101588,-0.195217,-0.953834,0.000822,-0.002902,0.512095,0.192315
96.099000,-1.447745,-0.103138,-0.195158,-0.943446,0.000792,-0.002825,0.514898,0.192333
96.145000,-1.435985,-0.105463,-0.195070,-0.932021,0.003275,-0.002492,0.515561,0.192578
96.197000,-1.428154,-0.107010,-0.195105,-0.921644,0.003250,-0.002447,0.518373,0.192658
96.249000,-1.416409,-0.109332,-0.195257,-0.911058,0.003701,-0.002593,0.517838,0.192663
96.298000,-1.408583,-0.110880,-0.195391,-0.901285,0.003675,-0.002735,0.520071,0.192656
96.344000,-1.396843,-0.113205,-0.195607,-0.893212,0.003054,-0.003158,0.516876,0.192450
96.397000,-1.389009,-0.114758,-0.195727,-0.882631,0.003020,-0.003342,0.519895,0.192385
96.448000,-1.377256,-0.117089,-0.195873,-0.872437,0.003505,-0.003777,0.519024,0.192096
96.499000,-1.369424,-0.118643,-0.195971,-0.862255,0.003466,-0.003898,0.521661,0.192072
96.548000,-1.357674,-0.120977,-0.196118,-0.851886,0.003880,-0.003071,0.520971,0.193047
96.597000,-1.349848,-0.122532,-0.196240,-0.842112,0.003850,-0.003198,0.523229,0.193042
96.649000,-1.338109,-0.124867,-0.196448,-0.830780,0.002004,-0.003355,0.522952,0.193093
96.696000,-1.330267,-0.126428,-0.196531,-0.821384,0.001971,-0.003502,0.524831,0.193029
96.747000,-1.318501,-0.128771,-0.196585,-0.811663,0.002380,-0.003701,0.523532,0.192884
96.797000,-1.310660,-0.130333,-0.196614,-0.801669,0.002343,-0.003738,0.525999,0.192876
96.846000,-1.298897,-0.132676,-0.196659,-0.793853,0.001703,-0.004222,0.522616,0.192437
96.846000,-1.291055,-0.134238,-0.196662,-0.793853,0.001703,-0.004222,0.515451,0.192440
96.846000,-1.287134,-0.135020,-0.196659,-0.793853,0.001703,-0.004222,0.511878,0.192437
96.846000,-1.283213,-0.135801,-0.196656,-0.793853,0.001703,-0.004222,0.508311,0.192434
96.846000,-1.275371,-0.137363,-0.196650,-0.793853,0.001703,-0.004222,0.501197,0.192428
96.846000,-1.259687,-0.140488,-0.196638,-0.793853,0.001703,-0.004222,0.487052,0.192416
96.846000,-1.236161,-0.145174,-0.196620,-0.793853,0.001703,-0.004222,0.466057,0.192398
96.846000,-1.220477,-0.148298,-0.196608,-0.793853,0.001703,-0.004222,0.452225,0.192386
96.846000,-1.204793,-0.151422,-0.196596,-0.793853,0.001703,-0.004222,0.438541,0.192374
97.300000,-1.189108,-0.154546,-0.196584,-0.698975,0.001244,-0.002406,0.514296,0.194178
97.596000,-1.153833,-0.161571,-0.196525,-0.644369,0.000332,-0.004687,0.534572,0.191838
97.650000,-1.142091,-0.163908,-0.196364,-0.633316,-0.001273,-0.004609,0.534137,0.191755
97.697000,-1.134276,-0.165462,-0.196192,-0.623954,-0.001316,-0.004458,0.536071,0.191734
97.749000,-1.122554,-0.167789,-0.195878,-0.611863,0.000614,-0.003662,0.537740,0.192216
97.796000,-1.114739,-0.169339,-0.195666,-0.602502,0.000581,-0.003412,0.539685,0.192254
97.848000,-1.103015,-0.171661,-0.195347,-0.591155,0.001766,-0.002298,0.540442,0.193049
97.895000,-1.095199,-0.173207,-0.195134,-0.581794,0.001745,-0.002048,0.542396,0.193086
97.949000,-1.083448,-0.175528,-0.194883,-0.572821,0.002017,-0.001857,0.540613,0.193025
97.995000,-1.075610,-0.177074,-0.194723,-0.563634,0.002000,-0.001674,0.542391,0.193049
98.049000,-1.063854,-0.179391,-0.194484,-0.556149,0.001133,-0.001888,0.538844,0.192596
98.095000,-1.056014,-0.180935,-0.194355,-0.546960,0.001117,-0.001708,0.540628,0.192646
98.145000,-1.044243,-0.183252,-0.194321,-0.537962,0.001944,-0.001255,0.539090,0.193066
98.196000,-1.036406,-0.184794,-0.194361,-0.527776,0.001932,-0.001255,0.541822,0.193106
98.248000,-1.024649,-0.187109,-0.194466,-0.515079,0.001663,0.000414,0.543412,0.194880
98.296000,-1.016817,-0.188652,-0.194562,-0.505499,0.001667,0.000318,0.545589,0.194881
98.347000,-1.005068,-0.190968,-0.194729,-0.495691,0.003744,0.000619,0.545323,0.195348
98.347000,-0.993349,-0.193281,-0.195030,-0.495691,0.003744,0.000619,0.535240,0.195649
98.347000,-0.993349,-0.193281,-0.195030,-0.495691,0.003744,0.000619,0.535240,0.195649
98.403000,-0.985538,-0.194825,-0.195279,-0.484545,0.003751,0.000432,0.538912,0.195712
98.595000,-0.958153,-0.200252,-0.195967,-0.446022,0.002897,-0.002289,0.550952,0.193678
98.647000,-0.946412,-0.202585,-0.196203,-0.436450,0.002500,-0.003547,0.549655,0.192656
98.698000,-0.938576,-0.204143,-0.196329,-0.426264,0.002463,-0.003735,0.552403,0.192594
98.749000,-0.926821,-0.206482,-0.196516,-0.417472,0.002012,-0.004813,0.550370,0.191703
98.798000,-0.918981,-0.208043,-0.196607,-0.407679,0.001964,-0.004957,0.552750,0.191650
98.847000,-0.907213,-0.210387,-0.196644,-0.396665,0.003986,-0.005048,0.553728,0.191596
98.899000,-0.895477,-0.212726,-0.196824,-0.386292,0.003935,-0.005097,0.553363,0.191727
98.946000,-0.887655,-0.214287,-0.197011,-0.373548,0.002045,-0.004800,0.557768,0.192211
98.999000,-0.879832,-0.215849,-0.197205,-0.362980,0.001994,-0.005050,0.560885,0.192155
99.048000,-0.868100,-0.218195,-0.197495,-0.349480,0.001805,-0.004673,0.563353,0.192822
99.097000,-0.860278,-0.219761,-0.197689,-0.339708,0.001759,-0.004911,0.565742,0.192779
99.148000,-0.848531,-0.222115,-0.197910,-0.329565,0.001583,-0.005289,0.565125,0.192622
99.148000,-0.836768,-0.224474,-0.197944,-0.329565,0.001583,-0.005289,0.555299,0.192655
99.148000,-0.832848,-0.225261,-0.197938,-0.329565,0.001583,-0.005289,0.552043,0.192649
99.205000,-0.825009,-0.226833,-0.197934,-0.318168,0.001520,-0.005424,0.555907,0.192510
99.398000,-0.801497,-0.231550,-0.198055,-0.282098,0.001521,-0.006734,0.569295,0.191321
99.446000,-0.789740,-0.233909,-0.197979,-0.273769,0.000964,-0.007027,0.566914,0.190952
99.495000,-0.781912,-0.235479,-0.197849,-0.263988,0.000894,-0.006936,0.569313,0.190914
99.549000,-0.770169,-0.237832,-0.197566,-0.251768,0.002279,-0.005136,0.571308,0.192430
99.595000,-0.762341,-0.239398,-0.197363,-0.242587,0.002232,-0.004909,0.573175,0.192455
99.648000,-0.750597,-0.241744,-0.197059,-0.231375,0.001043,-0.003709,0.573182,0.193350
99.697000,-0.742768,-0.243307,-0.196857,-0.221595,0.001007,-0.003461,0.575596,0.193396
99.749000,-0.731019,-0.245648,-0.196703,-0.175784,0.004936,0.001394,0.609162,0.198098
99.796000,-0.723299,-0.247190,-0.197630,-0.166537,0.004962,0.001174,0.611199,0.198804
99.845000,-0.711745,-0.249523,-0.201097,-0.158929,0.006531,-0.000606,0.609236,0.200491
99.897000,-0.704087,-0.251096,-0.204254,-0.148763,0.006522,-0.004120,0.612170,0.200135
99.947000,-0.692614,-0.253501,-0.209027,-0.140324,0.008242,-0.007624,0.611174,0.201403
99.998000,-0.688219,-0.254438,-0.212368,-0.134429,0.008197,-0.011753,0.612912,0.200615
100.046000,-0.688219,-0.254438,-0.215372,-0.135493,0.009277,-0.016384,0.612414,0.198988
100.097000,-0.688219,-0.254438,-0.215797,-0.135493,0.009277,-0.018134,0.612414,0.197663
100.147000,-0.688219,-0.254438,-0.215797,-0.135125,0.007104,-0.021831,0.611814,0.193966
100.197000,-0.688219,-0.254438,-0.215797,-0.135125,0.007104,-0.021831,0.611814,0.193966
100.248000,-0.688219,-0.254438,-0.215797,-0.133255,0.002892,-0.022468,0.611722,0.193329
100.298000,-0.688219,-0.254438,-0.215797,-0.133255,0.002892,-0.022468,0.611722,0.193329
100.347000,-0.688219,-0.254438,-0.215797,-0.132163,0.001714,-0.022372,0.612219,0.193425
100.399000,-0.688219,-0.254438,-0.215797,-0.132163,0.001714,-0.022372,0.612219,0.193425
100.448000,-0.688219,-0.254438,-0.215797,-0.132635,0.002148,-0.022095,0.611972,0.193703
100.498000,-0.688219,-0.254438,-0.215797,-0.132635,0.002148,-0.022095,0.611972,0.193703
100.545000,-0.688219,-0.254438,-0.215797,-0.132351,0.003184,-0.022016,0.612665,0.193781
100.599000,-0.688219,-0.254438,-0.215797,-0.132351,0.003184,-0.022016,0.612665,0.193781
100.646000,-0.688219,-0.254438,-0.215797,-0.132755,0.003569,-0.021826,0.612460,0.193971
100.700000,-0.688219,-0.254438,-0.215797,-0.132755,0.003569,-0.021826,0.612460,0.193971
100.745000,-0.688219,-0.254438,-0.215797,-0.134128,0.004555,-0.021701,0.611632,0.194096
100.798000,-0.688219,-0.254438,-0.215797,-0.134128,0.004555,-0.021701,0.611632,0.194096
100.846000,-0.688219,-0.254438,-0.215797,-0.134102,0.004943,-0.021485,0.611820,0.194312
100.899000,-0.688219,-0.254438,-0.215797,-0.134102,0.004943,-0.021485,0.611820,0.194312
100.948000,-0.688219,-0.254438,-0.215797,-0.133845,0.005301,-0.021536,0.612204,0.194261
100.994000,-0.688219,-0.254438,-0.215797,-0.133845,0.005301,-0.021536,0.612204,0.194261
101.047000,-0.688219,-0.254438,-0.215797,-0.133750,0.005096,-0.021183,0.612204,0.194614
101.097000,-0.688219,-0.254438,-0.215797,-0.133750,0.005096,-0.021183,0.612204,0.194614
101.146000,-0.688219,-0.254438,-0.215797,-0.133581,0.004705,-0.021217,0.612191,0.194580
101.199000,-0.688219,-0.254438,-0.215797,-0.133581,0.004705,-0.021217,0.612191,0.194580
101.249000,-0.688219,-0.254438,-0.215797,-0.133688,0.006141,-0.021133,0.612704,0.194664
101.299000,-0.688219,-0.254438,-0.215797,-0.133688,0.006141,-0.021133,0.612704,0.194664
101.348000,-0.688219,-0.254438,-0.215797,-0.133852,0.006115,-0.021049,0.612544,0.194749
101.395000,-0.688219,-0.254438,-0.215797,-0.133852,0.006115,-0.021049,0.612544,0.194749
101.448000,-0.688219,-0.254438,-0.215797,-0.133603,0.006222,-0.020990,0.612816,0.194807
101.497000,-0.688219,-0.254438,-0.215797,-0.133603,0.006222,-0.020990,0.612816,0.194807
101.549000,-0.688219,-0.254438,-0.215797,-0.134682,0.005871,-0.020750,0.611689,0.195047
101.594000,-0.688219,-0.254438,-0.215797,-0.134682,0.005871,-0.020750,0.611689,0.195047
101.644000,-0.688219,-0.254438,-0.215797,-0.133037,0.005639,-0.020864,0.613079,0.194933
101.696000,-0.688219,-0.254438,-0.215797,-0.133037,0.005639,-0.020864,0.613079,0.194933
101.747000,-0.688219,-0.254438,-0.215797,-0.132560,0.005313,-0.020911,0.613374,0.194886
101.798000,-0.688219,-0.254438,-0.215797,-0.132560,0.005313,-0.020911,0.613374,0.194886
101.847000,-0.688219,-0.254438,-0.215797,-0.132864,0.005076,-0.020913,0.612997,0.194884
101.898000,-0.688219,-0.254438,-0.215797,-0.132864,0.005076,-0.020913,0.612997,0.194884
101.949000,-0.688219,-0.254438,-0.215797,-0.133899,0.004799,-0.020866,0.611943,0.194931
101.996000,-0.688219,-0.254438,-0.215797,-0.133899,0.004799,-0.020866,0.611943,0.194931
102.048000,-0.688219,-0.254438,-0.215797,-0.133482,0.005608,-0.021102,0.612663,0.194695
102.099000,-0.688219,-0.254438,-0.215797,-0.133482,0.005608,-0.021102,0.612663,0.194695
102.145000,-0.688219,-0.254438,-0.215797,-0.134222,0.005782,-0.020927,0.612067,0.194870
102.199000,-0.688219,-0.254438,-0.215797,-0.134222,0.005782,-0.020927,0.612067,0.194870
102.247000,-0.688219,-0.254438,-0.215797,-0.133596,0.004661,-0.020758,0.612159,0.195039
102.297000,-0.688219,-0.254438,-0.215797,-0.133596,0.004661,-0.020758,0.612159,0.195039
102.346000,-0.688219,-0.254438,-0.215797,-0.133272,0.004975,-0.020757,0.612586,0.195040
102.399000,-0.688219,-0.254438,-0.215797,-0.133272,0.004975,-0.020757,0.612586,0.195040
102.449000,-0.688219,-0.254438,-0.215797,-0.133130,0.005607,-0.020875,0.612982,0.194922
102.496000,-0.688219,-0.254438,-0.215797,-0.133130,0.005607,-0.020875,0.612982,0.194922
102.547000,-0.688219,-0.254438,-0.215797,-0.133161,0.005790,-0.020934,0.613031,0.194863
102.598000,-0.688219,-0.254438,-0.215797,-0.133161,0.005790,-0.020934,0.613031,0.194863
102.649000,-0.688219,-0.254438,-0.215797,-0.134120,0.005709,-0.020828,0.612129,0.194969
102.700000,-0.688219,-0.254438,-0.215797,-0.134120,0.005709,-0.020828,0.612129,0.194969
102.747000,-0.688219,-0.254438,-0.215797,-0.133616,0.006058,-0.020732,0.612734,0.195065
102.798000,-0.688219,-0.254438,-0.215797,-0.133616,0.006058,-0.020732,0.612734,0.195065
102.848000,-0.688219,-0.254438,-0.215797,-0.134013,0.005485,-0.020536,0.612131,0.195261
102.899000,-0.688219,-0.254438,-0.215797,-0.134013,0.005485,-0.020536,0.612131,0.195261
102.947000,-0.688219,-0.254438,-0.215797,-0.134419,0.005662,-0.020819,0.611838,0.194978
102.999000,-0.688219,-0.254438,-0.215797,-0.134419,0.005662,-0.020819,0.611838,0.194978
103.047000,-0.688219,-0.254438,-0.215797,-0.134139,0.006553,-0.020738,0.612471,0.195059
103.098000,-0.688219,-0.254438,-0.215797,-0.134139,0.006553,-0.020738,0.612471,0.195059
103.146000,-0.688219,-0.254438,-0.215797,-0.135115,0.005377,-0.020720,0.611087,0.195078
103.197000,-0.688219,-0.254438,-0.215797,-0.135115,0.005377,-0.020720,0.611087,0.195078
103.245000,-0.688219,-0.254438,-0.215797,-0.134265,0.005639,-0.020652,0.611968,0.195145
103.298000,-0.688219,-0.254438,-0.215797,-0.134265,0.005639,-0.020652,0.611968,0.195145
103.349000,-0.688219,-0.254438,-0.215797,-0.134031,0.005244,-0.020753,0.612012,0.195044
103.397000,-0.688219,-0.254438,-0.215797,-0.134031,0.005244,-0.020753,0.612012,0.195044
103.447000,-0.688219,-0.254438,-0.215797,-0.134141,0.004962,-0.020727,0.611793,0.195070
103.494000,-0.688219,-0.254438,-0.215797,-0.134141,0.004962,-0.020727,0.611793,0.195070
103.549000,-0.688219,-0.254438,-0.215797,-0.133430,0.005377,-0.020690,0.612613,0.195107
103.598000,-0.688219,-0.254438,-0.215797,-0.133430,0.005377,-0.020690,0.612613,0.195107
103.647000,-0.688219,-0.254438,-0.215797,-0.134930,0.006258,-0.020593,0.611630,0.195204
103.697000,-0.688219,-0.254438,-0.215797,-0.134930,0.006258,-0.020593,0.611630,0.195204
103.745000,-0.688219,-0.254438,-0.215797,-0.135091,0.006072,-0.020633,0.611404,0.195165
103.799000,-0.688219,-0.254438,-0.215797,-0.135091,0.006072,-0.020633,0.611404,0.195165
103.848000,-0.688219,-0.254438,-0.215797,-0.134921,0.004993,-0.020478,0.611100,0.195319
103.894000,-0.688219,-0.254438,-0.215797,-0.134921,0.004993,-0.020478,0.611100,0.195319
103.949000,-0.688219,-0.254438,-0.215797,-0.133995,0.004942,-0.020388,0.611916,0.195409
103.998000,-0.688219,-0.254438,-0.215797,-0.133995,0.004942,-0.020388,0.611916,0.195409
104.048000,-0.688219,-0.254438,-0.215797,-0.133613,0.005651,-0.020506,0.612563,0.195291
104.097000,-0.688219,-0.254438,-0.215797,-0.133613,0.005651,-0.020506,0.612563,0.195291
104.146000,-0.688219,-0.254438,-0.215797,-0.134260,0.005874,-0.020405,0.612072,0.195392
104.198000,-0.688219,-0.254438,-0.215797,-0.134260,0.005874,-0.020405,0.612072,0.195392
104.247000,-0.688219,-0.254438,-0.215797,-0.134702,0.005867,-0.020300,0.611670,0.195497
104.297000,-0.688219,-0.254438,-0.215797,-0.134702,0.005867,-0.020300,0.611670,0.195497
104.346000,-0.688219,-0.254438,-0.215797,-0.134832,0.005276,-0.020442,0.611300,0.195355
104.396000,-0.688219,-0.254438,-0.215797,-0.134832,0.005276,-0.020442,0.611300,0.195355
104.449000,-0.688219,-0.254438,-0.215797,-0.134501,0.004351,-0.020360,0.611208,0.195437
104.495000,-0.688219,-0.254438,-0.215797,-0.134501,0.004351,-0.020360,0.611208,0.195437
104.546000,-0.688219,-0.254438,-0.215797,-0.134805,0.004294,-0.020413,0.610909,0.195384
104.599000,-0.688219,-0.254438,-0.215797,-0.134805,0.004294,-0.020413,0.610909,0.195384
104.649000,-0.688219,-0.254438,-0.215797,-0.134551,0.004611,-0.020447,0.611272,0.195350
104.698000,-0.688219,-0.254438,-0.215797,-0.134551,0.004611,-0.020447,0.611272,0.195350
104.749000,-0.688219,-0.254438,-0.215797,-0.134789,0.005146,-0.020443,0.611284,0.195354
104.796000,-0.688219,-0.254438,-0.215797,-0.134789,0.005146,-0.020443,0.611284,0.195354
104.844000,-0.688219,-0.254438,-0.215797,-0.134474,0.005276,-0.020516,0.611624,0.195281
104.897000,-0.688219,-0.254438,-0.215797,-0.134474,0.005276,-0.020516,0.611624,0.195281
104.948000,-0.688219,-0.254438,-0.215797,-0.133705,0.005902,-0.020567,0.612587,0.195230
104.997000,-0.688219,-0.254438,-0.215797,-0.133705,0.005902,-0.020567,0.612587,0.195230
