timestamp,odom_x,odom_y,odom_yaw,slam_x,slam_y,slam_yaw,pos_delta,angle_delta
8.720000,-0.000000,0.000000,-0.000000,-0.000000,0.000000,-0.000000,0.000000,0.000000
9.440000,-0.000000,0.000000,-0.000000,-0.000000,0.000000,-0.000000,0.000000,0.000000
9.480000,-0.000000,0.000000,-0.000000,-0.000000,0.000000,-0.000000,0.000000,0.000000
9.540000,-0.000000,0.000000,-0.000000,-0.000000,0.000000,-0.000000,0.000000,0.000000
9.580000,-0.000000,0.000000,-0.000000,-0.000000,0.000000,-0.000000,0.000000,0.000000
9.640000,-0.000000,0.000000,-0.000000,-0.000000,0.000000,-0.000000,0.000000,0.000000
9.680000,-0.000000,0.000000,-0.000000,-0.000000,0.000000,-0.000000,0.000000,0.000000
9.740000,-0.000000,0.000000,-0.000000,-0.000000,0.000000,-0.000000,0.000000,0.000000
9.780000,-0.000000,0.000000,-0.000000,-0.000000,0.000000,-0.000000,0.000000,0.000000
9.840000,-0.000000,0.000000,-0.000000,-0.000000,0.000000,-0.000000,0.000000,0.000000
9.880000,-0.000000,0.000000,-0.000000,-0.000000,0.000000,-0.000000,0.000000,0.000000
9.940000,-0.000000,0.000000,-0.000000,-0.000000,0.000000,-0.000000,0.000000,0.000000
9.980000,-0.000000,0.000000,-0.000000,-0.000000,0.000000,-0.000000,0.000000,0.000000
10.040000,-0.000000,0.000000,-0.000000,-0.000000,0.000000,-0.000000,0.000000,0.000000
10.080000,-0.000000,0.000000,-0.000000,-0.000000,0.000000,-0.000000,0.000000,0.000000
10.140000,-0.000000,0.000000,-0.000000,-0.000000,0.000000,-0.000000,0.000000,0.000000
10.180000,-0.000000,0.000000,-0.000000,-0.000000,0.000000,-0.000000,0.000000,0.000000
10.240000,-0.000000,0.000000,-0.000000,-0.000000,0.000000,-0.000000,0.000000,0.000000
10.280000,-0.000000,0.000000,-0.000000,-0.000000,0.000000,-0.000000,0.000000,0.000000
10.340000,-0.000000,0.000000,-0.000000,-0.000000,0.000000,-0.000000,0.000000,0.000000
10.380000,-0.000000,0.000000,-0.000000,-0.000000,0.000000,-0.000000,0.000000,0.000000
10.440000,-0.000000,0.000000,-0.000000,-0.000000,0.000000,-0.000000,0.000000,0.000000
10.480000,-0.000000,0.000000,-0.000000,-0.000000,0.000000,-0.000000,0.000000,0.000000
10.540000,-0.000000,0.000000,-0.000000,-0.000000,0.000000,-0.000000,0.000000,0.000000
10.580000,-0.000000,0.000000,-0.000000,-0.000000,0.000000,-0.000000,0.000000,0.000000
10.640000,-0.000000,0.000000,-0.000000,-0.000000,0.000000,-0.000000,0.000000,0.000000
10.680000,-0.000000,0.000000,-0.000000,-0.000000,0.000000,-0.000000,0.000000,0.000000
10.740000,-0.000000,0.000000,-0.000000,-0.000000,0.000000,-0.000000,0.000000,0.000000
10.800000,-0.000000,0.000000,-0.000000,-0.000000,0.000000,-0.000000,0.000000,0.000000
10.840000,-0.000000,0.000000,-0.000000,-0.000000,0.000000,-0.000000,0.000000,0.000000
10.880000,-0.000000,0.000000,-0.000000,-0.000000,0.000000,-0.000000,0.000000,0.000000
10.940000,-0.000000,0.000000,-0.000000,-0.000000,0.000000,-0.000000,0.000000,0.000000
10.980000,-0.000000,0.000000,-0.000000,-0.000000,0.000000,-0.000000,0.000000,0.000000
11.040000,-0.000000,0.000000,-0.000000,-0.000000,0.000000,-0.000000,0.000000,0.000000
11.080000,-0.000000,0.000000,-0.000000,-0.000000,0.000000,-0.000000,0.000000,0.000000
11.140000,-0.000000,0.000000,-0.000000,-0.000000,0.000000,-0.000000,0.000000,0.000000
11.180000,-0.000000,0.000000,-0.000000,-0.000000,0.000000,-0.000000,0.000000,0.000000
11.240000,-0.000000,0.000000,-0.000000,-0.000000,0.000000,-0.000000,0.000000,0.000000
11.280000,-0.000000,0.000000,-0.000000,-0.000000,0.000000,-0.000000,0.000000,0.000000
11.340000,-0.000000,0.000000,-0.000000,-0.000000,0.000000,-0.000000,0.000000,0.000000
11.380000,-0.000000,0.000000,-0.000000,-0.000000,0.000000,-0.000000,0.000000,0.000000
11.440000,-0.000000,0.000000,-0.000000,-0.000000,0.000000,-0.000000,0.000000,0.000000
11.480000,-0.000000,0.000000,-0.000000,-0.000000,0.000000,-0.000000,0.000000,0.000000
11.540000,-0.000000,0.000000,-0.000000,-0.000000,0.000000,-0.000000,0.000000,0.000000
11.580000,-0.000000,0.000000,-0.000000,-0.000000,0.000000,-0.000000,0.000000,0.000000
11.640000,-0.000000,0.000000,-0.000000,-0.000000,0.000000,-0.000000,0.000000,0.000000
11.680000,-0.000000,0.000000,-0.000000,-0.000000,0.000000,-0.000000,0.000000,0.000000
11.740000,-0.000000,0.000000,-0.000000,-0.000000,0.000000,-0.000000,0.000000,0.000000
11.780000,-0.000000,0.000000,-0.000000,-0.000000,0.000000,-0.000000,0.000000,0.000000
11.840000,-0.000000,0.000000,-0.000000,-0.000000,0.000000,-0.000000,0.000000,0.000000
11.880000,-0.000000,0.000000,-0.000000,-0.000000,0.000000,-0.000000,0.000000,0.000000
11.940000,-0.000000,0.000000,-0.000000,-0.000000,0.000000,-0.000000,0.000000,0.000000
11.980000,-0.000000,0.000000,-0.000000,-0.000000,0.000000,-0.000000,0.000000,0.000000
12.040000,-0.000000,0.000000,-0.000000,-0.000000,0.000000,-0.000000,0.000000,0.000000
12.100000,-0.000000,0.000000,-0.000000,-0.000000,0.000000,-0.000000,0.000000,0.000000
12.140000,-0.000000,0.000000,-0.000000,-0.000000,0.000000,-0.000000,0.000000,0.000000
12.180000,-0.000000,0.000000,-0.000000,-0.000000,0.000000,-0.000000,0.000000,0.000000
12.240000,-0.000000,0.000000,-0.000000,-0.000000,0.000000,-0.000000,0.000000,0.000000
12.300000,-0.000000,0.000000,-0.000000,-0.000000,0.000000,-0.000000,0.000000,0.000000
12.340000,-0.000000,0.000000,-0.000000,-0.000000,0.000000,-0.000000,0.000000,0.000000
12.380000,-0.000000,0.000000,-0.000000,-0.000000,0.000000,-0.000000,0.000000,0.000000
12.440000,-0.000000,0.000000,-0.000000,-0.000000,0.000000,-0.000000,0.000000,0.000000
12.480000,-0.000000,0.000000,-0.000000,-0.000000,0.000000,-0.000000,0.000000,0.000000
12.540000,-0.000000,0.000000,-0.000000,-0.000000,0.000000,-0.000000,0.000000,0.000000
12.580000,-0.000000,0.000000,-0.000000,-0.000000,0.000000,-0.000000,0.000000,0.000000
12.640000,-0.000000,0.000000,-0.000000,-0.000000,0.000000,-0.000000,0.000000,0.000000
12.680000,-0.000000,0.000000,-0.000000,-0.000000,0.000000,-0.000000,0.000000,0.000000
12.740000,-0.000000,0.000000,-0.000000,-0.000000,0.000000,-0.000000,0.000000,0.000000
12.780000,-0.000000,0.000000,-0.000000,-0.000000,0.000000,-0.000000,0.000000,0.000000
12.840000,-0.000000,0.000000,-0.000000,-0.000000,0.000000,-0.000000,0.000000,0.000000
12.880000,-0.000000,0.000000,-0.000000,-0.000000,0.000000,-0.000000,0.000000,0.000000
12.940000,-0.000000,0.000000,-0.000000,-0.000000,0.000000,-0.000000,0.000000,0.000000
12.980000,-0.000000,0.000000,-0.000000,-0.000000,0.000000,-0.000000,0.000000,0.000000
13.060000,-0.000000,0.000000,-0.000000,-0.000000,0.000000,-0.000000,0.000000,0.000000
13.080000,-0.000000,0.000000,-0.000000,-0.000000,0.000000,-0.000000,0.000000,0.000000
13.080000,-0.000000,0.000000,-0.000000,-0.000000,0.000000,-0.000000,0.000000,0.000000
13.180000,-0.000000,0.000000,-0.000000,-0.000000,0.000000,-0.000000,0.000000,0.000000
13.200000,-0.000000,0.000000,-0.000000,-0.000000,0.000000,-0.000000,0.000000,0.000000
13.280000,-0.000000,0.000000,-0.000000,-0.000000,0.000000,-0.000000,0.000000,0.000000
13.340000,-0.000000,0.000000,-0.000000,-0.000000,0.000000,-0.000000,0.000000,0.000000
13.380000,-0.000000,0.000000,-0.000000,-0.000000,0.000000,-0.000000,0.000000,0.000000
13.440000,-0.000000,0.000000,-0.000000,-0.000000,0.000000,-0.000000,0.000000,0.000000
13.480000,-0.000000,0.000000,-0.000000,-0.000000,0.000000,-0.000000,0.000000,0.000000
13.540000,-0.000000,0.000000,-0.000000,-0.000000,0.000000,-0.000000,0.000000,0.000000
13.580000,-0.000000,0.000000,-0.000000,-0.000000,0.000000,-0.000000,0.000000,0.000000
13.640000,-0.000000,0.000000,-0.000000,-0.000000,0.000000,-0.000000,0.000000,0.000000
13.680000,-0.000000,0.000000,-0.000000,-0.000000,0.000000,-0.000000,0.000000,0.000000
13.740000,-0.000000,0.000000,-0.000000,-0.000000,0.000000,-0.000000,0.000000,0.000000
13.780000,-0.000000,0.000000,-0.000000,-0.000000,0.000000,-0.000000,0.000000,0.000000
13.840000,-0.000000,0.000000,-0.000000,-0.000000,0.000000,-0.000000,0.000000,0.000000
13.880000,-0.000000,0.000000,-0.000000,-0.000000,0.000000,-0.000000,0.000000,0.000000
13.940000,-0.000000,0.000000,-0.000000,-0.000000,0.000000,-0.000000,0.000000,0.000000
13.980000,-0.000000,0.000000,-0.000000,-0.000000,0.000000,-0.000000,0.000000,0.000000
14.040000,-0.000000,0.000000,-0.000000,-0.000000,0.000000,-0.000000,0.000000,0.000000
14.080000,-0.000000,0.000000,-0.000000,-0.000000,0.000000,-0.000000,0.000000,0.000000
14.140000,-0.000000,0.000000,-0.000000,-0.000000,0.000000,-0.000000,0.000000,0.000000
14.180000,-0.000000,0.000000,-0.000000,-0.000000,0.000000,-0.000000,0.000000,0.000000
14.240000,-0.000000,0.000000,-0.000000,-0.000000,0.000000,-0.000000,0.000000,0.000000
14.280000,-0.000000,0.000000,-0.000000,-0.000000,0.000000,-0.000000,0.000000,0.000000
14.340000,-0.000000,0.000000,-0.000000,-0.000000,0.000000,-0.000000,0.000000,0.000000
14.380000,-0.000000,0.000000,-0.000000,-0.000000,0.000000,-0.000000,0.000000,0.000000
14.440000,-0.000000,0.000000,-0.000000,-0.000000,0.000000,-0.000000,0.000000,0.000000
14.480000,-0.000000,0.000000,-0.000000,-0.000000,0.000000,-0.000000,0.000000,0.000000
14.540000,-0.000000,0.000000,-0.000000,-0.000000,0.000000,-0.000000,0.000000,0.000000
14.580000,-0.000000,0.000000,-0.000000,-0.000000,0.000000,-0.000000,0.000000,0.000000
14.640000,-0.000000,0.000000,-0.000000,-0.000000,0.000000,-0.000000,0.000000,0.000000
14.680000,-0.000000,0.000000,-0.000000,-0.000000,0.000000,-0.000000,0.000000,0.000000
14.740000,-0.000000,0.000000,-0.000000,-0.000000,0.000000,-0.000000,0.000000,0.000000
14.780000,-0.000000,0.000000,-0.000000,-0.000000,0.000000,-0.000000,0.000000,0.000000
14.840000,-0.000000,0.000000,-0.000000,-0.000000,0.000000,-0.000000,0.000000,0.000000
14.880000,-0.000000,0.000000,-0.000000,-0.000000,0.000000,-0.000000,0.000000,0.000000
14.940000,-0.000000,0.000000,0.000422,-0.000000,0.000000,0.000422,0.000000,0.000000
14.980000,-0.000000,0.000000,0.002102,-0.000000,0.000000,0.002102,0.000000,0.000000
15.040000,-0.000000,-0.000000,0.007022,-0.000000,-0.000000,0.007022,0.000000,0.000000
15.080000,-0.000000,-0.000000,0.011902,-0.000000,-0.000000,0.011902,0.000000,0.000000
15.140000,-0.000000,-0.000000,0.021622,-0.000000,-0.000000,0.021622,0.000000,0.000000
15.180000,-0.000000,-0.000000,0.029702,-0.000000,-0.000000,0.029702,0.000000,0.000000
15.240000,-0.000000,-0.000000,0.044222,-0.000000,-0.000000,0.044222,0.000000,0.000000
15.300000,-0.000000,-0.000000,0.061622,-0.000000,-0.000000,0.061622,0.000000,0.000000
15.340000,-0.000000,-0.000000,0.074822,-0.000000,-0.000000,0.074822,0.000000,0.000000
15.380000,-0.000000,-0.000000,0.089302,-0.000000,-0.000000,0.089302,0.000000,0.000000
15.440000,-0.000000,-0.000000,0.113422,-0.000000,-0.000000,0.113422,0.000000,0.000000
15.480000,-0.000000,-0.000000,0.131102,-0.000000,-0.000000,0.131102,0.000000,0.000000
15.540000,-0.000000,0.000000,0.160022,-0.000000,0.000000,0.160022,0.000000,0.000000
15.580000,-0.000000,0.000000,0.180902,-0.000000,0.000000,0.180902,0.000000,0.000000
15.640000,-0.000000,0.000000,0.214622,-0.000000,0.000000,0.214622,0.000000,0.000000
15.680000,-0.000000,-0.000000,0.238702,-0.000000,-0.000000,0.238702,0.000000,0.000000
15.740000,-0.000000,-0.000000,0.277222,-0.000000,-0.000000,0.277222,0.000000,0.000000
15.780000,-0.000000,-0.000000,0.304502,-0.000000,-0.000000,0.304502,0.000000,0.000000
15.840000,-0.000000,0.000000,0.347822,-0.000000,0.000000,0.347822,0.000000,0.000000
15.880000,-0.000000,-0.000000,0.378302,-0.000000,-0.000000,0.378302,0.000000,0.000000
15.940000,-0.000000,-0.000000,0.426000,-0.000000,-0.000000,0.426000,0.000000,0.000000
15.980000,-0.000000,-0.000000,0.458000,-0.000000,-0.000000,0.458000,0.000000,0.000000
16.040000,-0.000000,-0.000000,0.506000,-0.000000,-0.000000,0.506000,0.000000,0.000000
16.080000,-0.000000,-0.000000,0.554000,-0.000000,-0.000000,0.538000,0.000000,0.016000
16.140000,-0.000000,-0.000000,0.586000,-0.000000,-0.000000,0.586000,0.000000,0.000000
16.180000,-0.000000,-0.000000,0.618000,-0.000000,-0.000000,0.618000,0.000000,0.000000
16.240000,-0.000000,-0.000000,0.666000,-0.000000,-0.000000,0.666000,0.000000,0.000000
16.280000,-0.000000,-0.000000,0.698000,-0.000000,-0.000000,0.698000,0.000000,0.000000
16.340000,-0.000000,-0.000000,0.746000,-0.000000,-0.000000,0.746000,0.000000,0.000000
16.380000,-0.000000,-0.000000,0.778000,-0.000000,-0.000000,0.778000,0.000000,0.000000
16.440000,0.000048,0.000052,0.825949,0.000048,0.000052,0.825949,0.000000,0.000000
16.480000,0.000461,0.000517,0.857284,0.000461,0.000517,0.857284,0.000000,0.000000
16.540000,0.002005,0.002395,0.902092,0.002005,0.002395,0.902092,0.000000,0.000000
16.580000,0.003599,0.004476,0.930448,0.003599,0.004476,0.930448,0.000000,0.000000
16.640000,0.006751,0.008900,0.970551,0.006751,0.008900,0.970551,0.000000,0.000000
16.680000,0.009311,0.012748,0.995675,0.009311,0.012748,0.995675,0.000000,0.000000
16.740000,0.013764,0.019903,1.030962,0.013764,0.019903,1.030962,0.000000,0.000000
16.780000,0.017011,0.025462,1.052886,0.017011,0.025462,1.052886,0.000000,0.000000
16.840000,0.022106,0.034740,1.083373,0.022106,0.034740,1.083373,0.000000,0.000000
16.880000,0.025604,0.041495,1.102081,0.025604,0.041495,1.102081,0.000000,0.000000
16.940000,0.030458,0.051388,1.127783,0.030458,0.051388,1.127783,0.000000,0.000000
16.980000,0.032944,0.056733,1.143292,0.032944,0.056733,1.143292,0.000000,0.000000
17.040000,0.036431,0.064610,1.164194,0.036431,0.064610,1.164194,0.000000,0.000000
17.080000,0.038689,0.069945,1.176518,0.038689,0.069945,1.176518,0.000000,0.000000
17.140000,0.041986,0.078058,1.192882,0.041986,0.078058,1.192882,0.000000,0.000000
17.180000,0.044125,0.083532,1.203432,0.044125,0.083532,1.203432,0.000000,0.000000
17.240000,0.047247,0.091839,1.219076,0.047247,0.091839,1.219076,0.000000,0.000000
17.280000,0.049269,0.097438,1.229388,0.049269,0.097438,1.229388,0.000000,0.000000
17.340000,0.052210,0.105920,1.244701,0.052210,0.105920,1.244701,0.000000,0.000000
17.380000,0.054110,0.111634,1.254800,0.054110,0.111634,1.254800,0.000000,0.000000
17.440000,0.056869,0.120291,1.269774,0.056869,0.120291,1.269774,0.000000,0.000000
17.480000,0.058647,0.126120,1.279637,0.058647,0.126120,1.279637,0.000000,0.000000
17.540000,0.061222,0.134947,1.294250,0.061222,0.134947,1.294250,0.000000,0.000000
17.580000,0.062878,0.140894,1.303854,0.062878,0.140894,1.303854,0.000000,0.000000
17.640000,0.065269,0.149886,1.318081,0.065269,0.149886,1.318081,0.000000,0.000000
17.680000,0.066800,0.155933,1.327442,0.066800,0.155933,1.327442,0.000000,0.000000
17.740000,0.069005,0.165085,1.341283,0.069005,0.165085,1.341283,0.000000,0.000000
17.780000,0.070413,0.171238,1.350376,0.070413,0.171238,1.350376,0.000000,0.000000
17.840000,0.072432,0.180544,1.363808,0.072432,0.180544,1.363808,0.000000,0.000000
17.880000,0.073718,0.186804,1.372606,0.073718,0.186804,1.372606,0.000000,0.000000
17.940000,0.075553,0.196259,1.385607,0.075553,0.196259,1.385607,0.000000,0.000000
17.980000,0.076714,0.202611,1.394136,0.076714,0.202611,1.394136,0.000000,0.000000
18.040000,0.078365,0.212207,1.406716,0.078365,0.212207,1.406716,0.000000,0.000000
18.080000,0.079405,0.218652,1.414955,0.079405,0.218652,1.414955,0.000000,0.000000
18.140000,0.080874,0.228386,1.427092,0.080874,0.228386,1.427092,0.000000,0.000000
18.180000,0.081793,0.234921,1.435029,0.081793,0.234921,1.435029,0.000000,0.000000
18.240000,0.083082,0.244794,1.446699,0.083082,0.244794,1.446699,0.000000,0.000000
18.280000,0.083883,0.251415,1.454322,0.083883,0.251415,1.454322,0.000000,0.000000
18.340000,0.084995,0.261408,1.465537,0.084995,0.261408,1.465537,0.000000,0.000000
18.380000,0.085678,0.268111,1.472861,0.085678,0.268111,1.472861,0.000000,0.000000
18.440000,0.086617,0.278225,1.483613,0.086617,0.278225,1.483613,0.000000,0.000000
18.480000,0.087185,0.285008,1.490618,0.087185,0.285008,1.490618,0.000000,0.000000
18.540000,0.087954,0.295241,1.500887,0.087954,0.295241,1.500887,0.000000,0.000000
18.580000,0.088412,0.302099,1.507576,0.088412,0.302099,1.507576,0.000000,0.000000
18.640000,0.089015,0.312443,1.517364,0.089015,0.312443,1.517364,0.000000,0.000000
18.680000,0.089364,0.319374,1.523727,0.089364,0.319374,1.523727,0.000000,0.000000
18.740000,0.089807,0.329824,1.533034,0.089807,0.329824,1.533034,0.000000,0.000000
18.780000,0.090050,0.336825,1.539072,0.090050,0.336825,1.539072,0.000000,0.000000
18.840000,0.090338,0.347377,1.547888,0.090338,0.347377,1.547888,0.000000,0.000000
18.880000,0.090480,0.354445,1.553604,0.090480,0.354445,1.553604,0.000000,0.000000
18.940000,0.090618,0.365098,1.561926,0.090618,0.365098,1.561926,0.000000,0.000000
19.000000,0.090670,0.375804,1.569947,0.090670,0.375804,1.569947,0.000000,0.000000
19.040000,0.090658,0.382977,1.575123,0.090658,0.382977,1.575123,0.000000,0.000000
19.080000,0.090608,0.390168,1.580183,0.090608,0.390168,1.580183,0.000000,0.000000
19.140000,0.090467,0.400997,1.587544,0.090467,0.400997,1.587544,0.000000,0.000000
19.180000,0.090328,0.408245,1.592294,0.090328,0.408245,1.592294,0.000000,0.000000
19.240000,0.090055,0.419160,1.599177,0.090055,0.419160,1.599177,0.000000,0.000000
19.300000,0.089707,0.430128,1.605766,0.089707,0.430128,1.605766,0.000000,0.000000
19.340000,0.089435,0.437464,1.609993,0.089435,0.437464,1.609993,0.000000,0.000000
19.380000,0.089132,0.444820,1.614104,0.089132,0.444820,1.614104,0.000000,0.000000
19.440000,0.088619,0.455892,1.620046,0.088619,0.455892,1.620046,0.000000,0.000000
19.480000,0.088239,0.463298,1.623851,0.088239,0.463298,1.623851,0.000000,0.000000
19.540000,0.087625,0.474307,1.629069,0.018460,0.474055,1.800079,0.069165,0.171010
19.580000,0.087201,0.481423,1.631182,0.016832,0.480994,1.802192,0.070371,0.171010
19.640000,0.086553,0.492041,1.631950,0.014386,0.491348,1.802960,0.072171,0.171010
19.680000,0.086124,0.499101,1.630846,0.012762,0.498231,1.801856,0.073368,0.171010
19.740000,0.085507,0.509672,1.626799,0.010355,0.508543,1.797809,0.075161,0.171010
19.780000,0.085127,0.516717,1.622527,0.008781,0.515420,1.793537,0.076357,0.171010
19.840000,0.084622,0.527295,1.614167,0.006484,0.525759,1.785177,0.078154,0.171010
19.880000,0.084336,0.534363,1.608452,0.004999,0.532675,1.779462,0.079355,0.171010
19.940000,0.083981,0.544991,1.599983,0.002840,0.543087,1.770993,0.081163,0.171010
19.980000,0.083793,0.552094,1.594418,0.001447,0.550055,1.765428,0.082372,0.171010
20.040000,0.083585,0.562774,1.586194,-0.000576,0.560543,1.757204,0.084191,0.171010
20.080000,0.083494,0.569910,1.580796,-0.001880,0.567560,1.751806,0.085406,0.171010
20.140000,0.083430,0.580639,1.572827,-0.003769,0.578122,1.743837,0.087235,0.171010
20.180000,0.083434,0.587809,1.567602,-0.004985,0.585187,1.738612,0.088458,0.171010
20.240000,0.083510,0.598586,1.559894,-0.006744,0.595820,1.730904,0.090297,0.171010
20.280000,0.083607,0.605786,1.554842,-0.007874,0.602932,1.725852,0.091526,0.171010
20.340000,0.083820,0.616610,1.547398,-0.017293,0.616959,1.729576,0.101114,0.182178
20.380000,0.084005,0.623754,1.542298,-0.026267,0.627253,1.735644,0.110328,0.193346
20.440000,0.084348,0.634261,1.533818,-0.031937,0.639209,1.732748,0.116390,0.198930
20.480000,0.084627,0.641216,1.527736,-0.033038,0.646082,1.726666,0.117766,0.198930
20.540000,0.085126,0.651678,1.518532,-0.034616,0.656437,1.717462,0.119837,0.198930
20.580000,0.085513,0.658674,1.512460,-0.035619,0.663371,1.711390,0.121224,0.198930
20.640000,0.086175,0.669196,1.503507,-0.037050,0.673817,1.702437,0.123312,0.198930
20.680000,0.086670,0.676232,1.497658,-0.037955,0.680811,1.696588,0.124709,0.198930
20.740000,0.087491,0.686814,1.489066,-0.039241,0.691347,1.687996,0.126814,0.198930
20.780000,0.088091,0.693888,1.483459,-0.040051,0.698400,1.682389,0.128222,0.198930
20.840000,0.089067,0.704526,1.475232,-0.041197,0.709021,1.674162,0.130341,0.198930
20.880000,0.089767,0.711635,1.469865,-0.041915,0.716128,1.668795,0.131759,0.198930
20.940000,0.090893,0.722327,1.462004,-0.042925,0.726832,1.660934,0.133894,0.198930
20.980000,0.091692,0.729472,1.456888,-0.043554,0.733994,1.655818,0.135321,0.198930
21.040000,0.092962,0.740215,1.449392,-0.044432,0.744775,1.648322,0.137469,0.198930
21.080000,0.093856,0.747393,1.444517,-0.044974,0.751988,1.643447,0.138906,0.198930
21.140000,0.095265,0.758184,1.437389,-0.045725,0.762846,1.636319,0.141067,0.198930
21.180000,0.096250,0.765394,1.432759,-0.046185,0.770108,1.631689,0.142512,0.198930
21.240000,0.097793,0.776232,1.425994,-0.046814,0.781038,1.624924,0.144686,0.198930
21.280000,0.098865,0.783473,1.421604,-0.047194,0.788347,1.620534,0.146140,0.198930
21.340000,0.100537,0.794356,1.415205,-0.047706,0.799346,1.614135,0.148326,0.198930
21.400000,0.102282,0.805265,1.409016,-0.048150,0.810384,1.607946,0.150520,0.198930
21.440000,0.103487,0.812551,1.405009,-0.048409,0.817765,1.603939,0.151986,0.198930
21.480000,0.104722,0.819848,1.401097,-0.048640,0.825163,1.600027,0.153455,0.198930
21.540000,0.106634,0.830815,1.395404,-0.048934,0.836291,1.594334,0.155664,0.198930
21.580000,0.107946,0.838141,1.391730,-0.049095,0.843732,1.590660,0.157141,0.198930
21.640000,0.109969,0.849147,1.386397,-0.049287,0.854921,1.585327,0.159361,0.198930
21.680000,0.111353,0.856497,1.382950,-0.049383,0.862399,1.581880,0.160844,0.198930
21.740000,0.113481,0.867540,1.377943,-0.049479,0.873644,1.576873,0.163075,0.198930
21.780000,0.114934,0.874916,1.374724,-0.049513,0.881163,1.573654,0.164565,0.198930
21.840000,0.117161,0.885996,1.370066,-0.049519,0.892464,1.568996,0.166806,0.198930
21.900000,0.119446,0.897096,1.365597,-0.049473,0.903797,1.564527,0.169052,0.198930
21.940000,0.121001,0.904511,1.362738,-0.051365,0.911200,1.567252,0.172496,0.204514
21.980000,0.122572,0.911902,1.359867,-0.053319,0.918554,1.569965,0.176017,0.210098
22.040000,0.124958,0.922925,1.355325,-0.054311,0.929721,1.568215,0.179397,0.212890
22.080000,0.126576,0.930261,1.352179,-0.054279,0.937233,1.565069,0.180989,0.212890
22.140000,0.129051,0.941282,1.347524,-0.054188,0.948528,1.560414,0.183383,0.212890
22.180000,0.130734,0.948641,1.344510,-0.054098,0.956076,1.557400,0.184982,0.212890
22.240000,0.133305,0.959699,1.340165,-0.053921,0.967428,1.553055,0.187386,0.212890
22.280000,0.135049,0.967081,1.337372,-0.053776,0.975012,1.550262,0.188992,0.212890
22.340000,0.137710,0.978170,1.333342,-0.053519,0.986413,1.546232,0.191406,0.212890
22.380000,0.139512,0.985574,1.330764,-0.053322,0.994030,1.543654,0.193019,0.212890
22.440000,0.142256,0.996695,1.327058,-0.052990,1.005481,1.539948,0.195443,0.212890
22.480000,0.144112,1.004121,1.324696,-0.052744,1.013131,1.537586,0.197062,0.212890
22.540000,0.146934,1.015277,1.321322,-0.052343,1.024632,1.534212,0.199497,0.212890
22.580000,0.148840,1.022723,1.319169,-0.052053,1.032312,1.532059,0.201122,0.212890
22.640000,0.151734,1.033907,1.316085,-0.051588,1.043855,1.528975,0.203565,0.212890
22.700000,0.154668,1.045109,1.313181,-0.051087,1.055424,1.526071,0.206013,0.212890
22.740000,0.156646,1.052587,1.311343,-0.050734,1.063151,1.524233,0.207648,0.212890
22.780000,0.158640,1.060074,1.309584,-0.050366,1.070891,1.522474,0.209286,0.212890
22.840000,0.161661,1.071317,1.307093,-0.049789,1.082518,1.519983,0.211747,0.212890
22.880000,0.163693,1.078822,1.305519,-0.049388,1.090283,1.518409,0.213390,0.212890
22.940000,0.166769,1.090093,1.303292,-0.048763,1.101949,1.516182,0.215858,0.212890
22.980000,0.168837,1.097617,1.301900,-0.048332,1.109740,1.514790,0.217507,0.212890
23.040000,0.171962,1.108915,1.299944,-0.047664,1.121444,1.512834,0.219984,0.212890
23.080000,0.174062,1.116457,1.298721,-0.047206,1.129259,1.511611,0.221638,0.212890
23.140000,0.177231,1.127781,1.297014,-0.046500,1.140997,1.509904,0.224122,0.212890
23.180000,0.179358,1.135339,1.295953,-0.046018,1.148833,1.508843,0.225780,0.212890
23.240000,0.182568,1.146688,1.294475,-0.045279,1.160604,1.507365,0.228271,0.212890
23.280000,0.184719,1.154262,1.293568,-0.044776,1.168462,1.506458,0.229935,0.212890
23.340000,0.187964,1.165636,1.292320,-0.044008,1.180265,1.505210,0.232433,0.212890
23.380000,0.190137,1.173227,1.291561,-0.043488,1.188144,1.504451,0.234101,0.212890
23.440000,0.193412,1.184625,1.290529,-0.042696,1.199977,1.503419,0.236606,0.212890
23.480000,0.195604,1.192232,1.289910,-0.042160,1.207875,1.502800,0.238278,0.212890
23.540000,0.198904,1.203653,1.289082,-0.041347,1.219735,1.501972,0.240789,0.212890
23.580000,0.201112,1.211275,1.288595,-0.040800,1.227652,1.501485,0.242465,0.212890
23.640000,0.204407,1.222627,1.288085,-0.019026,1.238923,1.473055,0.224027,0.184970
23.680000,0.206561,1.230049,1.288892,-0.018274,1.246615,1.473862,0.225445,0.184970
23.740000,0.209771,1.241181,1.291331,-0.017167,1.258147,1.476301,0.227571,0.184970
23.780000,0.211895,1.248608,1.293135,-0.016445,1.265837,1.478105,0.228989,0.184970
23.840000,0.215056,1.259757,1.295889,-0.015388,1.277378,1.480859,0.231117,0.184970
23.880000,0.217147,1.267197,1.297724,-0.014701,1.285076,1.482694,0.232537,0.184970
23.940000,0.220260,1.278369,1.300456,-0.013696,1.296629,1.485426,0.234668,0.184970
23.980000,0.222318,1.285823,1.302262,-0.013044,1.304335,1.487232,0.236089,0.184970
24.040000,0.225382,1.297017,1.304945,-0.012091,1.315901,1.489915,0.238223,0.184970
24.080000,0.227409,1.304486,1.306716,-0.011472,1.323616,1.491686,0.239646,0.184970
24.140000,0.230426,1.315701,1.309342,-0.010570,1.335195,1.494312,0.241783,0.184970
24.180000,0.232421,1.323186,1.311073,-0.009985,1.342918,1.496043,0.243208,0.184970
24.240000,0.235392,1.334423,1.313639,-0.009131,1.354510,1.498609,0.245347,0.184970
24.280000,0.237357,1.341922,1.315328,-0.008579,1.362243,1.500298,0.246774,0.184970
24.340000,0.240283,1.353181,1.317830,-0.010724,1.373765,1.500008,0.251850,0.182178
24.380000,0.242221,1.360704,1.319444,-0.013110,1.381420,1.498830,0.256170,0.179386
24.440000,0.245114,1.372025,1.321696,-0.013731,1.393023,1.499686,0.259696,0.177990
24.480000,0.247032,1.379585,1.323103,-0.013182,1.400803,1.501093,0.261078,0.177990
24.540000,0.249889,1.390933,1.325157,-0.012379,1.412478,1.503147,0.263152,0.177990
24.580000,0.251782,1.398504,1.326507,-0.011857,1.420263,1.504497,0.264535,0.177990
24.640000,0.254602,1.409866,1.328512,-0.011093,1.431946,1.506502,0.266611,0.177990
24.680000,0.256470,1.417446,1.329836,-0.010597,1.439737,1.507826,0.267995,0.177990
24.740000,0.259254,1.428823,1.331804,-0.009871,1.451427,1.509794,0.270073,0.177990
24.780000,0.261098,1.436413,1.333103,-0.009400,1.459224,1.511093,0.271458,0.177990
24.840000,0.263846,1.447806,1.335029,-0.008712,1.470923,1.513019,0.273537,0.177990
24.880000,0.265666,1.455404,1.336309,-0.008266,1.478723,1.514299,0.274923,0.177990
24.940000,0.268379,1.466806,1.338228,-0.007615,1.490425,1.516218,0.277003,0.177990
24.980000,0.270175,1.474411,1.339507,-0.007194,1.498228,1.517497,0.278390,0.177990
25.040000,0.272850,1.485821,1.341426,-0.006581,1.509932,1.519416,0.280470,0.177990
25.080000,0.274622,1.493431,1.342705,-0.006185,1.517735,1.520695,0.281857,0.177990
25.140000,0.277262,1.504853,1.344613,-0.005609,1.529444,1.522603,0.283938,0.177990
25.180000,0.279014,1.512488,1.345844,-0.005236,1.537268,1.523834,0.285328,0.177990
25.240000,0.281625,1.523949,1.347666,-0.004695,1.549011,1.525656,0.287415,0.177990
25.280000,0.283356,1.531596,1.348876,-0.004346,1.556843,1.526866,0.288808,0.177990
25.340000,0.285935,1.543075,1.350688,-0.003840,1.568598,1.528678,0.290897,0.177990
25.380000,0.287643,1.550734,1.351896,-0.003514,1.576438,1.529886,0.292290,0.177990
25.440000,0.290190,1.562231,1.353708,-0.003043,1.588204,1.531698,0.294382,0.177990
25.480000,0.291877,1.569902,1.354917,-0.002741,1.596052,1.532907,0.295777,0.177990
25.540000,0.294391,1.581416,1.356731,-0.002305,1.607830,1.534721,0.297870,0.177990
25.580000,0.296057,1.589099,1.357941,-0.002027,1.615686,1.535931,0.299267,0.177990
25.640000,0.298538,1.600631,1.359757,-0.001626,1.627476,1.537747,0.301363,0.177990
25.680000,0.300182,1.608326,1.360968,-0.001371,1.635340,1.538958,0.302760,0.177990
25.740000,0.302631,1.619876,1.362786,-0.000479,1.647111,1.539380,0.304330,0.176594
25.780000,0.304250,1.627573,1.364040,0.000302,1.654938,1.539238,0.305178,0.175198
25.840000,0.306656,1.639103,1.366114,0.000938,1.666692,1.540614,0.306960,0.174500
25.880000,0.308246,1.646788,1.367613,0.001169,1.674536,1.542113,0.308327,0.174500
25.940000,0.310609,1.658328,1.369923,0.001494,1.686311,1.544423,0.310380,0.174500
25.980000,0.312171,1.666028,1.371477,0.001695,1.694165,1.545977,0.311749,0.174500
26.040000,0.314492,1.677589,1.373814,0.001974,1.705954,1.548314,0.313803,0.174500
26.080000,0.316026,1.685304,1.375375,0.002144,1.713818,1.549875,0.315174,0.174500
26.140000,0.318304,1.696886,1.377717,0.002377,1.725620,1.552217,0.317231,0.174500
26.180000,0.319809,1.704616,1.379280,0.002518,1.733493,1.553780,0.318603,0.174500
26.240000,0.322045,1.716221,1.381626,0.002705,1.745311,1.556126,0.320663,0.174500
26.280000,0.323522,1.723965,1.383191,0.002814,1.753194,1.557691,0.322037,0.174500
26.340000,0.325715,1.735592,1.385540,0.002955,1.765024,1.560040,0.324099,0.174500
26.380000,0.327162,1.743350,1.387106,0.003034,1.772916,1.561606,0.325474,0.174500
26.440000,0.329312,1.754998,1.389457,0.003129,1.784760,1.563957,0.327538,0.174500
26.480000,0.330731,1.762770,1.391026,0.003177,1.792661,1.565526,0.328915,0.174500
26.540000,0.332838,1.774440,1.393380,0.003226,1.804519,1.567880,0.330982,0.174500
26.580000,0.334228,1.782227,1.394950,0.003242,1.812429,1.569450,0.332360,0.174500
26.640000,0.336291,1.793918,1.397307,0.003244,1.824301,1.571807,0.334429,0.174500
26.680000,0.337652,1.801720,1.398880,0.003230,1.832221,1.573380,0.335810,0.174500
26.740000,0.339671,1.813433,1.401240,0.003185,1.844106,1.575740,0.337881,0.174500
26.800000,0.341664,1.825158,1.403601,0.003113,1.855999,1.578101,0.339954,0.174500
26.840000,0.342989,1.833029,1.404417,0.003050,1.863980,1.578917,0.341344,0.174500
26.880000,0.344310,1.840904,1.404656,0.002984,1.871966,1.579156,0.342736,0.174500
26.940000,0.346290,1.852715,1.404665,0.002884,1.883941,1.579165,0.344823,0.174500
26.980000,0.347611,1.860588,1.404597,0.002817,1.891924,1.579097,0.346214,0.174500
27.040000,0.349592,1.872398,1.404465,0.002719,1.903898,1.578965,0.348301,0.174500
27.080000,0.350915,1.880271,1.404371,0.002654,1.911881,1.578871,0.349692,0.174500
27.140000,0.352899,1.892081,1.404227,0.005490,1.923882,1.581519,0.348862,0.177292
27.200000,0.354888,1.903906,1.404131,0.009708,1.935883,1.585611,0.346658,0.181480
27.240000,0.356214,1.911787,1.404134,0.009590,1.943875,1.585614,0.348106,0.181480
27.300000,0.358202,1.923605,1.404208,0.009412,1.955857,1.585688,0.350277,0.181480
27.340000,0.359526,1.931483,1.404273,0.009293,1.963845,1.585753,0.351725,0.181480
27.380000,0.360850,1.939362,1.404341,0.009173,1.971833,1.585821,0.353173,0.181480
27.440000,0.362835,1.951180,1.404447,0.008992,1.983816,1.585927,0.355344,0.181480
27.480000,0.364158,1.959059,1.404517,0.008871,1.991804,1.585997,0.356792,0.181480
27.540000,0.366141,1.970879,1.404623,0.008688,2.003787,1.586103,0.358964,0.181480
27.580000,0.367462,1.978759,1.404693,0.008566,2.011776,1.586173,0.360412,0.181480
27.640000,0.369443,1.990582,1.404787,0.008381,2.023763,1.586267,0.362584,0.181480
27.680000,0.370764,1.998466,1.404837,0.008257,2.031756,1.586317,0.364033,0.181480
27.740000,0.372745,2.010294,1.404895,0.008071,2.043748,1.586375,0.366206,0.181480
27.780000,0.374066,2.018182,1.404921,0.007946,2.051744,1.586401,0.367655,0.181480
27.840000,0.376047,2.030015,1.404945,0.007758,2.063740,1.586425,0.369829,0.181480
27.880000,0.377367,2.037905,1.404949,0.007633,2.071739,1.586429,0.371279,0.181480
27.940000,0.379348,2.049738,1.404941,0.007446,2.083735,1.586421,0.373453,0.181480
27.980000,0.380668,2.057625,1.404926,0.007321,2.091731,1.586406,0.374902,0.181480
28.040000,0.382649,2.069454,1.404888,0.007134,2.103723,1.586368,0.377075,0.181480
28.080000,0.383969,2.077338,1.404854,0.007010,2.111716,1.586334,0.378524,0.181480
28.140000,0.385950,2.089163,1.404790,0.006824,2.123704,1.586270,0.380696,0.181480
28.180000,0.387271,2.097045,1.404738,0.006700,2.131695,1.586218,0.382145,0.181480
28.240000,0.389252,2.108866,1.404649,0.006516,2.143680,1.586129,0.384317,0.181480
28.280000,0.390574,2.116746,1.404582,0.006394,2.151669,1.586062,0.385764,0.181480
28.340000,0.392557,2.128564,1.404470,0.006211,2.163650,1.585950,0.387936,0.181480
28.380000,0.393880,2.136441,1.404388,0.006091,2.171637,1.585868,0.389383,0.181480
28.440000,0.395865,2.148255,1.404255,0.005911,2.183616,1.585735,0.391554,0.181480
28.480000,0.397189,2.156131,1.404160,0.005792,2.191601,1.585640,0.393001,0.181480
28.540000,0.399177,2.167942,1.404009,0.000534,2.203571,1.588281,0.400232,0.184272
28.580000,0.400496,2.175774,1.403763,-0.004707,2.211487,1.590827,0.406774,0.187064
28.640000,0.402463,2.187411,1.402795,-0.007506,2.223268,1.591255,0.411535,0.188460
28.680000,0.404438,2.199001,1.401294,-0.007663,2.231103,1.590278,0.413349,0.188983
28.740000,0.405765,2.206729,1.400225,-0.007883,2.242862,1.588685,0.415222,0.188460
28.780000,0.407100,2.214459,1.399157,-0.008019,2.250705,1.587617,0.416698,0.188460
28.840000,0.409120,2.226058,1.397586,-0.008207,2.262478,1.586046,0.418914,0.188460
28.880000,0.410478,2.233794,1.396566,-0.008323,2.270331,1.585026,0.420392,0.188460
28.940000,0.412530,2.245401,1.395081,-0.008482,2.282117,1.583541,0.422610,0.188460
28.980000,0.413908,2.253143,1.394122,-0.008578,2.289980,1.582582,0.424090,0.188460
29.040000,0.415991,2.264758,1.392727,-0.008709,2.301780,1.581187,0.426310,0.188460
29.080000,0.417388,2.272505,1.391828,-0.008787,2.309651,1.580288,0.427792,0.188460
29.140000,0.419499,2.284129,1.390521,-0.008892,2.321464,1.578981,0.430015,0.188460
29.180000,0.420915,2.291880,1.389679,-0.008953,2.329344,1.578139,0.431498,0.188460
29.240000,0.423053,2.303512,1.388457,-0.009033,2.341170,1.576917,0.433723,0.188460
29.280000,0.424486,2.311269,1.387671,-0.009078,2.349058,1.576131,0.435208,0.188460
29.340000,0.426648,2.322908,1.386533,-0.009134,2.360896,1.574993,0.437435,0.188460
29.380000,0.428098,2.330670,1.385801,-0.009164,2.368793,1.574261,0.438921,0.188460
29.440000,0.430284,2.342317,1.384743,-0.009199,2.380643,1.573203,0.441151,0.188460
29.480000,0.431749,2.350083,1.384063,-0.009215,2.388546,1.572523,0.442638,0.188460
29.540000,0.433957,2.361737,1.383082,-0.009230,2.400408,1.571542,0.444870,0.188460
29.580000,0.436177,2.373396,1.382151,-0.009233,2.408319,1.570917,0.446777,0.188766
29.640000,0.437664,2.381171,1.381553,-0.009229,2.420192,1.570013,0.448593,0.188460
29.680000,0.439155,2.388947,1.380973,-0.009221,2.428110,1.569433,0.450083,0.188460
29.740000,0.441402,2.400615,1.380139,-0.009200,2.439992,1.568599,0.452319,0.188460
29.780000,0.442906,2.408397,1.379606,-0.009180,2.447917,1.568066,0.453811,0.188460
29.840000,0.445171,2.420072,1.378843,-0.009143,2.459810,1.567303,0.456048,0.188460
29.880000,0.446686,2.427857,1.378357,-0.009114,2.467742,1.566817,0.457541,0.188460
29.940000,0.448966,2.439539,1.377658,-0.009062,2.479643,1.566118,0.459781,0.188460
29.980000,0.450491,2.447329,1.377214,-0.009023,2.487581,1.565674,0.461274,0.188460
30.040000,0.452787,2.459016,1.376578,-0.008958,2.499492,1.565038,0.463515,0.188460
30.080000,0.454321,2.466810,1.376174,-0.008911,2.507435,1.564634,0.465010,0.188460
30.140000,0.456630,2.478505,1.375603,-0.008834,2.519356,1.564063,0.467253,0.188460
30.180000,0.458173,2.486303,1.375242,-0.008779,2.527305,1.563702,0.468749,0.188460
30.240000,0.460494,2.498003,1.374725,-0.008691,2.539232,1.563185,0.470993,0.188460
30.280000,0.462045,2.505805,1.374399,-0.008629,2.547187,1.562859,0.472490,0.188460
30.340000,0.464377,2.517511,1.373937,-0.008532,2.559122,1.562397,0.474736,0.188460
30.380000,0.465935,2.525317,1.373646,-0.008464,2.567081,1.562106,0.476234,0.188460
30.440000,0.468277,2.537028,1.373237,-0.008358,2.579024,1.561697,0.478481,0.188460
30.480000,0.469841,2.544838,1.372980,-0.008284,2.586988,1.561440,0.479979,0.188460
30.540000,0.472192,2.556554,1.372620,-0.008170,2.598938,1.561080,0.482228,0.188460
30.580000,0.473762,2.564367,1.372396,-0.008092,2.606907,1.560856,0.483727,0.188460
30.640000,0.476120,2.576090,1.372084,-0.007971,2.618864,1.560544,0.485977,0.188460
30.680000,0.477695,2.583906,1.371892,-0.007889,2.626837,1.560352,0.487478,0.188460
30.740000,0.480061,2.595634,1.371625,-0.007762,2.638800,1.560085,0.489729,0.188460
30.780000,0.481640,2.603453,1.371459,-0.007676,2.646777,1.559919,0.491230,0.188460
30.840000,0.484011,2.615185,1.371232,-0.007544,2.658745,1.559692,0.493482,0.188460
30.880000,0.485594,2.623008,1.371095,-0.007455,2.666726,1.559555,0.494983,0.188460
30.940000,0.487971,2.634745,1.370908,-0.007319,2.678700,1.559368,0.497236,0.188460
30.980000,0.489556,2.642570,1.370795,-0.007228,2.686684,1.559255,0.498739,0.188460
31.040000,0.491937,2.654311,1.370644,-0.007088,2.698664,1.559104,0.500993,0.188460
31.080000,0.493526,2.662140,1.370555,-0.006995,2.706651,1.559015,0.502496,0.188460
31.140000,0.495910,2.673885,1.370439,-0.006853,2.718635,1.558899,0.504751,0.188460
31.180000,0.498297,2.685633,1.370343,-0.006757,2.726626,1.558832,0.506715,0.188490
31.240000,0.499889,2.693466,1.370290,-0.006613,2.738615,1.558750,0.508510,0.188460
31.280000,0.501481,2.701300,1.370246,-0.006517,2.746609,1.558706,0.510015,0.188460
31.340000,0.503871,2.713054,1.370194,-0.005833,2.758601,1.557258,0.511735,0.187064
31.380000,0.505464,2.720888,1.370194,-0.005175,2.766588,1.555862,0.512680,0.185668
31.440000,0.507848,2.732618,1.370323,-0.004714,2.778551,1.555293,0.514616,0.184970
31.480000,0.509435,2.740431,1.370482,-0.004591,2.786523,1.555452,0.516088,0.184970
31.540000,0.511813,2.752149,1.370761,-0.004409,2.798479,1.555731,0.518296,0.184970
31.580000,0.513396,2.759962,1.370955,-0.004289,2.806450,1.555925,0.519768,0.184970
31.640000,0.515768,2.771681,1.371253,-0.004113,2.818405,1.556223,0.521977,0.184970
31.680000,0.517347,2.779494,1.371454,-0.003998,2.826375,1.556424,0.523449,0.184970
31.740000,0.519713,2.791214,1.371758,-0.003828,2.838330,1.556728,0.525657,0.184970
31.780000,0.521288,2.799027,1.371961,-0.003717,2.846300,1.556931,0.527129,0.184970
31.840000,0.523648,2.810748,1.372268,-0.003553,2.858255,1.557238,0.529337,0.184970
31.880000,0.525219,2.818562,1.372473,-0.003446,2.866224,1.557443,0.530809,0.184970
31.940000,0.527573,2.830284,1.372782,-0.003288,2.878179,1.557752,0.533017,0.184970
31.980000,0.529140,2.838099,1.372988,-0.003185,2.886149,1.557958,0.534489,0.184970
32.040000,0.531488,2.849821,1.373297,-0.003033,2.898103,1.558267,0.536697,0.184970
32.080000,0.533051,2.857637,1.373503,-0.002934,2.906073,1.558473,0.538169,0.184970
32.140000,0.535393,2.869361,1.373812,-0.002788,2.918028,1.558782,0.540377,0.184970
32.180000,0.536952,2.877178,1.374018,-0.002693,2.925998,1.558988,0.541849,0.184970
32.240000,0.539287,2.888903,1.374325,-0.002554,2.937953,1.559295,0.544057,0.184970
32.280000,0.540843,2.896721,1.374530,-0.002463,2.945923,1.559500,0.545529,0.184970
32.340000,0.543172,2.908448,1.374835,-0.002330,2.957879,1.559805,0.547737,0.184970
32.400000,0.545499,2.920176,1.375139,-0.002200,2.969834,1.560109,0.549946,0.184970
32.440000,0.547048,2.927995,1.375340,-0.002116,2.977805,1.560310,0.551418,0.184970
32.480000,0.548595,2.935815,1.375540,-0.002033,2.985776,1.560510,0.552890,0.184970
32.540000,0.550913,2.947545,1.375839,-0.001912,2.997733,1.560809,0.555099,0.184970
32.580000,0.553228,2.959277,1.376135,-0.001833,3.005704,1.561007,0.556999,0.184872
32.640000,0.554769,2.967098,1.376331,-0.001718,3.017661,1.561301,0.558779,0.184970
32.680000,0.556309,2.974920,1.376525,-0.001643,3.025633,1.561495,0.560252,0.184970
32.740000,0.558616,2.986654,1.376815,-0.001534,3.037591,1.561785,0.562461,0.184970
32.780000,0.560152,2.994478,1.377006,-0.001462,3.045564,1.561976,0.563933,0.184970
32.840000,0.562453,3.006214,1.377290,-0.001359,3.057523,1.562260,0.566142,0.184970
32.880000,0.564752,3.017951,1.377570,-0.001291,3.065496,1.562447,0.568036,0.184877
32.940000,0.566282,3.025776,1.377755,-0.001193,3.077456,1.562725,0.569824,0.184970
32.980000,0.567811,3.033602,1.377938,-0.001130,3.085429,1.562908,0.571296,0.184970
33.040000,0.570102,3.045342,1.378209,-0.001037,3.097390,1.563179,0.573506,0.184970
33.080000,0.571628,3.053169,1.378388,-0.000977,3.105365,1.563358,0.574979,0.184970
33.140000,0.573914,3.064911,1.378653,-0.000889,3.117327,1.563623,0.577188,0.184970
33.180000,0.575436,3.072739,1.378827,-0.000833,3.125302,1.563797,0.578661,0.184970
33.240000,0.577717,3.084483,1.379084,-0.000751,3.137265,1.564054,0.580871,0.184970
33.280000,0.579236,3.092313,1.379254,-0.000698,3.145240,1.564224,0.582344,0.184970
33.340000,0.581512,3.104059,1.379504,-0.000620,3.157205,1.564474,0.584554,0.184970
33.380000,0.583786,3.115806,1.379749,-0.000571,3.165181,1.564638,0.586439,0.184889
33.440000,0.585300,3.123638,1.379911,-0.000498,3.177146,1.564881,0.588237,0.184970
33.480000,0.586813,3.131471,1.380070,-0.000452,3.185124,1.565040,0.589710,0.184970
33.540000,0.589080,3.143221,1.380305,-0.000384,3.197090,1.565275,0.591921,0.184970
33.580000,0.590590,3.151055,1.380459,-0.000341,3.205068,1.565429,0.593394,0.184970
33.640000,0.592853,3.162807,1.380685,-0.000278,3.217036,1.565655,0.595605,0.184970
33.680000,0.594360,3.170642,1.380834,-0.000238,3.225015,1.565804,0.597078,0.184970
33.740000,0.596619,3.182396,1.381052,-0.000179,3.236983,1.566022,0.599289,0.184970
33.780000,0.598123,3.190232,1.381196,-0.000142,3.244963,1.566166,0.600763,0.184970
33.840000,0.600378,3.201988,1.381406,-0.000088,3.256933,1.566376,0.602974,0.184970
33.880000,0.601880,3.209826,1.381544,-0.000053,3.264913,1.566514,0.604448,0.184970
33.940000,0.604131,3.221584,1.381747,-0.000003,3.276884,1.566717,0.606659,0.184970
33.980000,0.605630,3.229423,1.381879,0.000029,3.284866,1.566849,0.608133,0.184970
34.040000,0.607877,3.241183,1.382074,0.000075,3.296838,1.567044,0.610345,0.184970
34.080000,0.609374,3.249023,1.382201,0.000105,3.304820,1.567171,0.611819,0.184970
34.140000,0.611618,3.260785,1.382387,0.000147,3.316794,1.567357,0.614030,0.184970
34.180000,0.613112,3.268626,1.382508,0.000174,3.324776,1.567478,0.615505,0.184970
34.240000,0.615353,3.280390,1.382687,0.000213,3.336751,1.567657,0.617717,0.184970
34.280000,0.616845,3.288232,1.382803,0.000237,3.344735,1.567773,0.619191,0.184970
34.340000,0.619083,3.299998,1.382973,0.000273,3.356710,1.567943,0.621403,0.184970
34.380000,0.620573,3.307842,1.383084,0.000295,3.364695,1.568054,0.622878,0.184970
34.440000,0.622807,3.319608,1.383246,0.000327,3.376672,1.568216,0.625090,0.184970
34.480000,0.624295,3.327454,1.383351,0.000347,3.384657,1.568321,0.626565,0.184970
34.540000,0.626527,3.339222,1.383505,0.000376,3.396635,1.568475,0.628778,0.184970
34.580000,0.628013,3.347068,1.383606,0.000394,3.404621,1.568576,0.630253,0.184970
34.640000,0.630242,3.358839,1.383752,0.000419,3.416600,1.568722,0.632465,0.184970
34.680000,0.631726,3.366686,1.383847,0.000436,3.424587,1.568817,0.633941,0.184970
34.740000,0.633952,3.378458,1.383986,0.000459,3.436567,1.568956,0.636153,0.184970
34.780000,0.635435,3.386306,1.384076,0.000473,3.444555,1.569046,0.637629,0.184970
34.840000,0.637659,3.398080,1.384207,0.000493,3.456536,1.569177,0.639842,0.184970
34.880000,0.639140,3.405929,1.384293,0.000506,3.464524,1.569263,0.641317,0.184970
34.940000,0.641362,3.417704,1.384417,0.000523,3.476506,1.569387,0.643530,0.184970
34.980000,0.642842,3.425554,1.384497,0.000534,3.484495,1.569467,0.645006,0.184970
35.040000,0.645060,3.437331,1.384614,0.000549,3.496479,1.569584,0.647219,0.184970
35.080000,0.646539,3.445182,1.384690,0.000559,3.504468,1.569660,0.648695,0.184970
35.140000,0.648756,3.456960,1.384800,0.000572,3.516452,1.569770,0.650909,0.184970
35.180000,0.650233,3.464812,1.384874,0.000580,3.524442,1.569844,0.652384,0.184970
35.240000,0.652448,3.476590,1.384983,0.000590,3.536427,1.569953,0.654598,0.184970
35.280000,0.653924,3.484443,1.385056,0.000597,3.544418,1.570026,0.656074,0.184970
35.340000,0.656137,3.496223,1.385166,0.000605,3.556403,1.570136,0.658288,0.184970
35.380000,0.657611,3.504076,1.385239,0.000610,3.564394,1.570209,0.659764,0.184970
35.440000,0.659822,3.515857,1.385348,0.000617,3.576380,1.570318,0.661978,0.184970
35.500000,0.662032,3.527638,1.385458,0.000622,3.588367,1.570428,0.664192,0.184970
35.540000,0.663504,3.535493,1.385531,0.004625,3.596358,1.570501,0.661685,0.184970
35.580000,0.664970,3.543317,1.385725,0.008626,3.604319,1.570695,0.659172,0.184970
35.640000,0.667147,3.554969,1.386584,0.010623,3.616172,1.571554,0.659370,0.184970
35.680000,0.668586,3.562713,1.387524,0.010614,3.624049,1.572494,0.660825,0.184970
35.740000,0.670731,3.574335,1.389114,0.010584,3.635867,1.574084,0.663008,0.184970
35.780000,0.672150,3.582087,1.390214,0.010554,3.643748,1.575184,0.664463,0.184970
35.840000,0.674265,3.593723,1.391881,0.010492,3.655575,1.576851,0.666648,0.184970
35.880000,0.675664,3.601486,1.392996,0.010440,3.663462,1.577966,0.668105,0.184970
35.940000,0.677748,3.613137,1.394671,0.010345,3.675298,1.579641,0.670291,0.184970
35.980000,0.679127,3.620909,1.395789,0.010271,3.683191,1.580759,0.671749,0.184970
36.040000,0.681179,3.632576,1.397466,0.010143,3.695036,1.582436,0.673937,0.184970
36.080000,0.682537,3.640358,1.398585,0.010047,3.702936,1.583555,0.675396,0.184970
36.140000,0.684559,3.652040,1.400263,0.009886,3.714790,1.585233,0.677585,0.184970
36.180000,0.685897,3.659833,1.401383,0.009767,3.722696,1.586353,0.679046,0.184970
36.240000,0.687887,3.671529,1.403063,0.009573,3.734559,1.588033,0.681237,0.184970
36.280000,0.689204,3.679332,1.404183,0.009432,3.742471,1.589153,0.682698,0.184970
36.340000,0.691163,3.691044,1.405864,0.009204,3.754343,1.590834,0.684891,0.184970
36.380000,0.692459,3.698856,1.406986,0.009041,3.762261,1.591956,0.686353,0.184970
36.440000,0.694387,3.710583,1.408669,0.008779,3.774142,1.593639,0.688548,0.184970
36.480000,0.695662,3.718406,1.409791,0.008594,3.782066,1.594761,0.690012,0.184970
36.540000,0.697559,3.730147,1.411475,0.008299,3.793956,1.596445,0.692208,0.184970
36.580000,0.698813,3.737980,1.412599,0.008091,3.801885,1.597569,0.693672,0.184970
36.640000,0.700679,3.749736,1.414284,0.007762,3.813784,1.599254,0.695870,0.184970
36.680000,0.701912,3.757578,1.415409,0.007532,3.821719,1.600379,0.697336,0.184970
36.740000,0.703745,3.769350,1.417096,0.007169,3.833627,1.602066,0.699535,0.184970
36.780000,0.704957,3.777202,1.418221,0.006917,3.841568,1.603191,0.701002,0.184970
36.840000,0.706759,3.788988,1.419910,0.006520,3.853484,1.604880,0.703203,0.184970
36.880000,0.707909,3.796580,1.421158,0.006254,3.861159,1.606128,0.704621,0.184970
36.940000,0.709255,3.805607,1.425128,0.005917,3.870279,1.610098,0.706305,0.184970
36.980000,0.710141,3.811774,1.431977,0.005733,3.874739,1.614344,0.707217,0.182367
37.040000,0.710495,3.814357,1.438114,0.005526,3.879108,1.623084,0.707936,0.184970
37.080000,0.710661,3.815626,1.445528,0.005456,3.880386,1.630498,0.708172,0.184970
37.140000,0.710683,3.815805,1.459049,0.005444,3.880566,1.644019,0.708206,0.184970
37.180000,0.710683,3.815805,1.469663,0.005444,3.880566,1.654633,0.708206,0.184970
37.240000,0.710683,3.815805,1.487985,0.005444,3.880566,1.672955,0.708206,0.184970
37.280000,0.710683,3.815805,1.501799,0.005444,3.880566,1.686769,0.708206,0.184970
37.340000,0.710683,3.815805,1.524920,0.005444,3.880566,1.709890,0.708206,0.184970
37.380000,0.710683,3.815805,1.541934,0.005444,3.880566,1.726904,0.708206,0.184970
37.440000,0.710683,3.815805,1.569856,0.005444,3.880566,1.754826,0.708206,0.184970
37.480000,0.710683,3.815805,1.590070,0.005444,3.880566,1.775040,0.708206,0.184970
37.540000,0.710683,3.815805,1.622791,0.005444,3.880566,1.807761,0.708206,0.184970
37.580000,0.710683,3.815805,1.646205,0.005444,3.880566,1.831175,0.708206,0.184970
37.640000,0.710683,3.815805,1.683698,0.005444,3.880566,1.868668,0.708206,0.184970
37.680000,0.710683,3.815805,1.710280,0.005444,3.880566,1.895250,0.708206,0.184970
37.740000,0.710683,3.815805,1.752553,0.005444,3.880566,1.937523,0.708206,0.184970
37.780000,0.710683,3.815805,1.782336,0.005444,3.880566,1.967306,0.708206,0.184970
37.840000,0.710683,3.815805,1.829363,0.005444,3.880566,2.014333,0.708206,0.184970
37.880000,0.710683,3.815805,1.861363,0.005444,3.880566,2.046333,0.708206,0.184970
37.940000,0.710683,3.815805,1.909363,0.005444,3.880566,2.094333,0.708206,0.184970
37.980000,0.710683,3.815805,1.941363,0.005444,3.880566,2.126333,0.708206,0.184970
38.040000,0.710629,3.815930,1.989211,0.005368,3.880679,2.174181,0.708226,0.184970
38.080000,0.710280,3.816677,2.020221,0.004888,3.881349,2.205191,0.708350,0.184970
38.140000,0.709030,3.819112,2.064444,0.003212,3.883513,2.249414,0.708750,0.184970
38.180000,0.707656,3.821579,2.092342,0.001407,3.885685,2.277312,0.709152,0.184970
38.240000,0.704694,3.826492,2.131781,-0.002408,3.889969,2.316751,0.709945,0.184970
38.280000,0.702075,3.830544,2.156480,-0.005727,3.893470,2.341450,0.710594,0.184970
38.340000,0.697145,3.837692,2.191119,-0.011888,3.899590,2.376089,0.711730,0.184970
38.380000,0.693316,3.842930,2.212585,-0.016615,3.904034,2.397555,0.712556,0.184970
38.440000,0.686910,3.851232,2.242472,-0.014438,3.911017,2.427442,0.703892,0.184970
38.480000,0.682225,3.857015,2.260771,-0.020107,3.915839,2.445741,0.704791,0.184970
38.540000,0.674651,3.865954,2.286122,-0.029196,3.923232,2.471092,0.706174,0.184970
38.580000,0.667929,3.873519,2.309008,-0.034766,3.927581,2.486669,0.704772,0.177661
38.640000,0.664061,3.877711,2.322681,-0.041767,3.932842,2.507651,0.707978,0.184970
38.680000,0.660143,3.881849,2.335058,-0.046380,3.936188,2.520028,0.708609,0.184970
38.740000,0.654137,3.888010,2.351666,-0.053416,3.941139,2.536636,0.709545,0.184970
38.780000,0.650061,3.892079,2.362464,-0.058172,3.944389,2.547434,0.710161,0.184970
38.840000,0.643834,3.898129,2.378552,-0.065405,3.949191,2.563522,0.711075,0.184970
38.880000,0.639614,3.902122,2.389222,-0.070288,3.952340,2.574192,0.711675,0.184970
38.940000,0.633176,3.908052,2.405142,-0.077706,3.956985,2.590112,0.712564,0.184970
38.980000,0.628810,3.911969,2.415689,-0.082718,3.960032,2.600659,0.713149,0.184970
39.040000,0.622160,3.917778,2.431414,-0.090323,3.964519,2.616384,0.714014,0.184970
39.080000,0.617656,3.921610,2.441834,-0.095454,3.967457,2.626804,0.714583,0.184970
39.140000,0.610797,3.927294,2.457362,-0.103242,3.971783,2.642332,0.715424,0.184970
39.180000,0.606152,3.931044,2.467635,-0.108498,3.974614,2.652605,0.715976,0.184970
39.240000,0.599087,3.936598,2.482941,-0.116464,3.978775,2.667911,0.716793,0.184970
39.280000,0.594308,3.940258,2.493069,-0.121834,3.981493,2.678039,0.717328,0.184970
39.340000,0.587040,3.945680,2.508146,-0.129975,3.985486,2.693116,0.718120,0.184970
39.380000,0.582128,3.949250,2.518114,-0.135460,3.988092,2.703084,0.718639,0.184970
39.440000,0.574661,3.954536,2.532941,-0.143772,3.991914,2.717911,0.719405,0.184970
39.480000,0.569617,3.958015,2.542737,-0.149370,3.994406,2.727707,0.719907,0.184970
39.540000,0.561947,3.963168,2.557278,-0.157857,3.998061,2.742248,0.720649,0.184970
39.580000,0.556773,3.966554,2.566883,-0.163565,4.000437,2.751853,0.721135,0.184970
39.640000,0.548920,3.971561,2.581161,-0.172205,4.003914,2.766131,0.721850,0.184970
39.680000,0.543621,3.974852,2.590584,-0.178019,4.006174,2.775554,0.722319,0.184970
39.740000,0.535579,3.979716,2.604569,-0.186818,4.009476,2.789539,0.723010,0.184970
39.780000,0.530153,3.982913,2.613788,-0.192740,4.011620,2.798758,0.723463,0.184970
39.840000,0.521927,3.987633,2.627455,-0.201693,4.014747,2.812425,0.724128,0.184970
39.880000,0.516384,3.990731,2.636466,-0.207712,4.016773,2.821436,0.724564,0.184970
39.940000,0.507980,3.995305,2.649822,-0.216814,4.019723,2.834792,0.725205,0.184970
39.980000,0.502319,3.998305,2.658616,-0.222930,4.021631,2.843586,0.725624,0.184970
40.040000,0.493740,4.002733,2.671637,-0.232177,4.024405,2.856607,0.726240,0.184970
40.080000,0.487964,4.005635,2.680204,-0.238388,4.026196,2.865174,0.726643,0.184970
40.140000,0.479215,4.009916,2.692880,-0.247775,4.028795,2.877850,0.727235,0.184970
40.180000,0.473328,4.012720,2.701213,-0.254078,4.030468,2.886183,0.727622,0.184970
40.240000,0.464414,4.016853,2.713533,-0.263599,4.032892,2.898503,0.728190,0.184970
40.280000,0.458418,4.019560,2.721624,-0.269991,4.034450,2.906594,0.728561,0.184970
40.340000,0.449345,4.023546,2.733579,-0.285152,4.030390,2.960429,0.734528,0.226850
40.380000,0.443105,4.026215,2.741057,-0.296566,4.017944,3.009787,0.739717,0.268730
40.440000,0.433163,4.030369,2.750168,-0.309243,4.009630,3.039838,0.742696,0.289670
40.480000,0.426279,4.033191,2.754674,-0.316646,4.010368,3.044344,0.743276,0.289670
40.540000,0.415906,4.037383,2.760338,-0.327785,4.011423,3.050008,0.744144,0.289670
40.580000,0.408965,4.040151,2.763875,-0.335227,4.012093,3.053545,0.744721,0.289670
40.640000,0.398517,4.044265,2.769003,-0.346415,4.013051,3.058673,0.745586,0.289670
40.680000,0.391530,4.046983,2.772334,-0.353888,4.013660,3.062004,0.746162,0.289670
40.740000,0.381014,4.051023,2.777214,-0.365119,4.014528,3.066884,0.747025,0.289670
40.780000,0.373982,4.053692,2.780392,-0.372621,4.015077,3.070062,0.747600,0.289670
40.840000,0.363401,4.057661,2.785049,-0.383894,4.015859,3.074719,0.748464,0.289670
40.880000,0.356326,4.060284,2.788080,-0.391424,4.016351,3.077750,0.749039,0.289670
40.940000,0.345682,4.064185,2.792520,-0.402738,4.017049,3.082190,0.749903,0.289670
40.980000,0.338564,4.066764,2.795403,-0.410296,4.017488,3.085073,0.750480,0.289670
41.040000,0.327860,4.070599,2.799617,-0.421650,4.018106,3.089287,0.751346,0.289670
41.080000,0.320702,4.073136,2.802354,-0.429234,4.018493,3.092024,0.751925,0.289670
41.140000,0.309940,4.076910,2.806356,-0.440626,4.019035,3.096026,0.752794,0.289670
41.180000,0.302746,4.079405,2.808956,-0.448233,4.019372,3.098626,0.753375,0.289670
41.240000,0.291928,4.083120,2.812755,-0.459661,4.019841,3.102425,0.754249,0.289670
41.280000,0.284698,4.085577,2.815216,-0.467292,4.020131,3.104886,0.754833,0.289670
41.340000,0.273748,4.089261,2.818532,-0.490635,4.005965,-3.133103,0.768908,0.331550
41.380000,0.266176,4.091792,2.819451,-0.498618,4.005893,-3.132184,0.769603,0.331550
41.440000,0.254808,4.095583,2.819916,-0.510601,4.005777,-3.131719,0.770660,0.331550
41.480000,0.247226,4.098109,2.820041,-0.518593,4.005697,-3.131595,0.771374,0.331550
41.540000,0.235850,4.101898,2.820146,-0.530582,4.005577,-3.131489,0.772461,0.331550
41.580000,0.228264,4.104423,2.820192,-0.538577,4.005496,-3.131443,0.773196,0.331550
41.640000,0.216884,4.108212,2.820243,-0.550570,4.005374,-3.131392,0.774314,0.331550
41.680000,0.209296,4.110738,2.820267,-0.558568,4.005292,-3.131368,0.775070,0.331550
41.740000,0.197913,4.114527,2.820291,-0.570564,4.005169,-3.131344,0.776219,0.331550
41.780000,0.190323,4.117053,2.820300,-0.578563,4.005087,-3.131335,0.776996,0.331550
41.840000,0.178937,4.120842,2.820303,-0.590562,4.004964,-3.131332,0.778176,0.331550
41.880000,0.171348,4.123368,2.820297,-0.598560,4.004882,-3.131338,0.778972,0.331550
41.940000,0.159966,4.127157,2.820279,-0.610556,4.004759,-3.131356,0.780183,0.331550
41.980000,0.152378,4.129682,2.820261,-0.618553,4.004677,-3.131374,0.780999,0.331550
42.040000,0.140998,4.133471,2.820225,-0.630546,4.004555,-3.131411,0.782240,0.331550
42.080000,0.133412,4.135996,2.820195,-0.638541,4.004474,-3.131440,0.783077,0.331550
42.140000,0.122034,4.139784,2.820142,-0.650532,4.004352,-3.131493,0.784347,0.331550
42.180000,0.114450,4.142310,2.820102,-0.658525,4.004272,-3.131533,0.785204,0.331550
42.240000,0.103203,4.146057,2.819763,-0.680374,3.983261,-3.103952,0.800310,0.359470
42.280000,0.095924,4.148489,2.818277,-0.688043,3.982977,-3.105438,0.801249,0.359470
42.340000,0.085009,4.152164,2.815318,-0.699554,3.982577,-3.108397,0.802682,0.359470
42.380000,0.077730,4.154636,2.813240,-0.707236,3.982330,-3.110475,0.803655,0.359470
42.440000,0.066808,4.158375,2.810151,-0.718776,3.981989,-3.113564,0.805143,0.359470
42.500000,0.055884,4.162154,2.807149,-0.730331,3.981682,-3.116566,0.806662,0.359470
42.540000,0.048597,4.164694,2.805205,-0.738046,3.981497,-3.118511,0.807693,0.359470
42.580000,0.037663,4.168534,2.802383,-0.745769,3.981326,-3.120402,0.805489,0.360401
42.640000,0.030373,4.171114,2.800551,-0.757364,3.981096,-3.123164,0.810331,0.359470
42.680000,0.023079,4.173710,2.798771,-0.765105,3.980961,-3.124944,0.811410,0.359470
42.740000,0.012135,4.177632,2.796187,-0.776728,3.980782,-3.127528,0.813054,0.359470
42.780000,0.004838,4.180265,2.794516,-0.784485,3.980680,-3.129199,0.814166,0.359470
42.840000,-0.006111,4.184241,2.792090,-0.796134,3.980549,-3.131625,0.815859,0.359470
42.880000,-0.013413,4.186909,2.790527,-0.803907,3.980478,-3.133189,0.817003,0.359470
42.940000,-0.024371,4.190936,2.788263,-0.815581,3.980393,-3.135453,0.818744,0.359470
42.980000,-0.031678,4.193637,2.786806,-0.823371,3.980351,-3.136909,0.819920,0.359470
43.040000,-0.042642,4.197712,2.784702,-0.835069,3.980309,-3.139014,0.821708,0.359470
43.080000,-0.049955,4.200444,2.783351,-0.842875,3.980294,-3.140365,0.822914,0.359470
43.140000,-0.060927,4.204564,2.781399,-0.854595,3.980291,3.140869,0.824747,0.359470
43.180000,-0.068245,4.207325,2.780148,-0.862416,3.980302,3.139618,0.825983,0.359470
43.240000,-0.079224,4.211488,2.778345,-0.874159,3.980335,3.137815,0.827860,0.359470
43.280000,-0.086547,4.214276,2.777191,-0.881994,3.980370,3.136661,0.829125,0.359470
43.340000,-0.097536,4.218478,2.775536,-0.893759,3.980437,3.135006,0.831044,0.359470
43.380000,-0.104864,4.221292,2.774480,-0.901608,3.980493,3.133950,0.832337,0.359470
43.440000,-0.115860,4.225530,2.772961,-0.913392,3.980592,3.132431,0.834297,0.359470
43.480000,-0.123193,4.228367,2.771993,-0.921254,3.980668,3.131463,0.835617,0.359470
43.540000,-0.134196,4.232638,2.770606,-0.933057,3.980796,3.130076,0.837617,0.359470
43.580000,-0.141535,4.235497,2.769724,-0.940932,3.980890,3.129194,0.838964,0.359470
43.640000,-0.152546,4.239799,2.768464,-0.952753,3.981044,3.127934,0.841003,0.359470
43.680000,-0.159890,4.242678,2.767667,-0.960640,3.981155,3.127137,0.842374,0.359470
43.740000,-0.170876,4.246996,2.766432,-0.942357,3.977147,3.136372,0.817314,0.369940
43.780000,-0.178145,4.249863,2.765317,-0.950172,3.977192,3.135257,0.818764,0.369940
43.840000,-0.189051,4.254183,2.763519,-0.961902,3.977277,3.133459,0.820960,0.369940
43.880000,-0.196325,4.257077,2.762333,-0.969730,3.977345,3.132273,0.822439,0.369940
43.940000,-0.207240,4.261438,2.760613,-0.981483,3.977465,3.130553,0.824678,0.369940
43.980000,-0.214518,4.264358,2.759508,-0.989325,3.977556,3.129448,0.826185,0.369940
44.040000,-0.225440,4.268757,2.757923,-1.001099,3.977708,3.127863,0.828466,0.369940
44.080000,-0.232725,4.271702,2.756914,-1.008955,3.977820,3.126854,0.830000,0.369940
44.140000,-0.243657,4.276137,2.755480,-1.020751,3.978003,3.125420,0.832322,0.369940
44.180000,-0.250947,4.279105,2.754567,-1.028621,3.978134,3.124507,0.833883,0.369940
44.240000,-0.261887,4.283572,2.753267,-1.040436,3.978343,3.123207,0.836244,0.369940
44.280000,-0.272832,4.288058,2.752048,-1.048319,3.978491,3.122385,0.834992,0.370338
44.340000,-0.280131,4.291057,2.751278,-1.060153,3.978726,3.121218,0.840229,0.369940
44.380000,-0.287433,4.294065,2.750543,-1.068048,3.978890,3.120483,0.841840,0.369940
44.440000,-0.298391,4.298589,2.749504,-1.079900,3.979146,3.119444,0.844275,0.369940
44.480000,-0.305699,4.301614,2.748852,-1.087807,3.979324,3.118792,0.845911,0.369940
44.540000,-0.316666,4.306163,2.747936,-1.099677,3.979600,3.117876,0.848381,0.369940
44.580000,-0.323980,4.309203,2.747367,-1.107596,3.979790,3.117307,0.850039,0.369940
44.640000,-0.334955,4.313774,2.746567,-1.119481,3.980084,3.116507,0.852544,0.369940
44.680000,-0.342276,4.316829,2.746072,-1.127411,3.980285,3.116012,0.854224,0.369940
44.740000,-0.353260,4.321419,2.745383,-1.139311,3.980593,3.115323,0.856761,0.369940
44.780000,-0.360585,4.324485,2.744956,-1.147250,3.980804,3.114896,0.858463,0.369940
44.840000,-0.371578,4.329093,2.744368,-1.159165,3.981125,3.114308,0.861032,0.369940
44.880000,-0.378909,4.332171,2.744009,-1.167113,3.981344,3.113949,0.862754,0.369940
44.940000,-0.389911,4.336794,2.743518,-1.179042,3.981676,3.113458,0.865354,0.369940
45.000000,-0.400917,4.341425,2.743082,-1.190978,3.982015,3.113022,0.867970,0.369940
45.040000,-0.408258,4.344517,2.742822,-1.210935,3.982783,3.111366,0.880422,0.368544
45.080000,-0.415608,4.347615,2.742612,-1.230899,3.983568,3.109760,0.892878,0.367148
45.140000,-0.426655,4.352274,2.742453,-1.248877,3.984227,3.108903,0.900836,0.366450
45.180000,-0.434022,4.355381,2.742441,-1.256868,3.984489,3.108891,0.902572,0.366450
45.240000,-0.445069,4.360040,2.742488,-1.268850,3.984881,3.108938,0.905185,0.366450
45.280000,-0.452430,4.363145,2.742546,-1.276835,3.985141,3.108996,0.906934,0.366450
45.340000,-0.463469,4.367799,2.742666,-1.288809,3.985531,3.109116,0.909568,0.366450
45.380000,-0.470827,4.370900,2.742765,-1.296789,3.985790,3.109215,0.911330,0.366450
45.440000,-0.481861,4.375548,2.742939,-1.308756,3.986176,3.109389,0.913984,0.366450
45.480000,-0.489215,4.378645,2.743072,-1.316731,3.986433,3.109522,0.915759,0.366450
45.540000,-0.500243,4.383288,2.743294,-1.328691,3.986815,3.109744,0.918431,0.366450
45.580000,-0.507595,4.386380,2.743458,-1.336662,3.987068,3.109908,0.920219,0.366450
45.640000,-0.518620,4.391016,2.743725,-1.348616,3.987446,3.110175,0.922910,0.366450
45.680000,-0.525969,4.394104,2.743916,-1.356584,3.987695,3.110366,0.924710,0.366450
45.740000,-0.536991,4.398732,2.744221,-1.368533,3.988067,3.110671,0.927419,0.366450
45.780000,-0.544339,4.401815,2.744436,-1.376497,3.988312,3.110886,0.929231,0.366450
45.840000,-0.555359,4.406435,2.744776,-1.388441,3.988677,3.111226,0.931959,0.366450
45.880000,-0.562706,4.409512,2.745013,-1.396402,3.988918,3.111463,0.933782,0.366450
45.940000,-0.573724,4.414124,2.745385,-1.408342,3.989276,3.111835,0.936527,0.366450
45.980000,-0.581070,4.417196,2.745642,-1.416301,3.989512,3.112092,0.938362,0.366450
46.040000,-0.592089,4.421800,2.746041,-1.428237,3.989862,3.112491,0.941124,0.366450
46.100000,-0.603107,4.426398,2.746456,-1.440171,3.990206,3.112906,0.943896,0.366450
46.140000,-0.610453,4.429460,2.746740,-1.448127,3.990434,3.113190,0.945749,0.366450
46.180000,-0.617799,4.432520,2.747029,-1.456081,3.990658,3.113479,0.947607,0.366450
46.240000,-0.628818,4.437106,2.747473,-1.468012,3.990991,3.113923,0.950402,0.366450
46.280000,-0.636164,4.440160,2.747775,-1.475965,3.991210,3.114225,0.952271,0.366450
46.340000,-0.647185,4.444736,2.748237,-1.487893,3.991534,3.114687,0.955083,0.366450
46.380000,-0.654532,4.447784,2.748550,-1.495845,3.991747,3.115000,0.956962,0.366450
46.440000,-0.665554,4.452351,2.749027,-1.503758,3.992606,3.114081,0.956007,0.365054
46.480000,-0.672896,4.455389,2.749375,-1.507682,3.993371,3.113033,0.954111,0.363658
46.540000,-0.683891,4.459933,2.750017,-1.517563,3.993987,3.112977,0.955047,0.362960
46.580000,-0.691218,4.462956,2.750516,-1.525486,3.994211,3.113476,0.956935,0.362960
46.640000,-0.702213,4.467485,2.751299,-1.537372,3.994541,3.114259,0.959774,0.362960
46.680000,-0.709546,4.470499,2.751828,-1.545297,3.994756,3.114788,0.961672,0.362960
46.740000,-0.720550,4.475014,2.752626,-1.557188,3.995070,3.115586,0.964526,0.362960
46.780000,-0.727890,4.478020,2.753158,-1.565117,3.995274,3.116118,0.966433,0.362960
46.840000,-0.738905,4.482523,2.753957,-1.577013,3.995572,3.116917,0.969302,0.362960
46.880000,-0.746252,4.485520,2.754490,-1.584945,3.995766,3.117450,0.971219,0.362960
46.940000,-0.757277,4.490010,2.755290,-1.596846,3.996048,3.118250,0.974102,0.362960
46.980000,-0.764630,4.492998,2.755823,-1.604781,3.996232,3.118783,0.976028,0.362960
47.040000,-0.775666,4.497475,2.756623,-1.616687,3.996498,3.119583,0.978925,0.362960
47.080000,-0.783026,4.500455,2.757156,-1.624626,3.996671,3.120116,0.980861,0.362960
47.140000,-0.794072,4.504918,2.757956,-1.636537,3.996922,3.120916,0.983772,0.362960
47.180000,-0.801439,4.507890,2.758490,-1.644479,3.997084,3.121450,0.985717,0.362960
47.240000,-0.812495,4.512340,2.759290,-1.656395,3.997320,3.122250,0.988642,0.362960
47.280000,-0.819869,4.515303,2.759824,-1.664340,3.997471,3.122784,0.990597,0.362960
47.340000,-0.830935,4.519741,2.760625,-1.676261,3.997691,3.123585,0.993535,0.362960
47.380000,-0.838316,4.522694,2.761159,-1.684209,3.997832,3.124119,0.995499,0.362960
47.440000,-0.849392,4.527119,2.761960,-1.696135,3.998035,3.124920,0.998450,0.362960
47.480000,-0.856779,4.530064,2.762494,-1.704086,3.998166,3.125454,1.000423,0.362960
47.540000,-0.867865,4.534475,2.763296,-1.716017,3.998353,3.126256,1.003388,0.362960
47.580000,-0.875259,4.537412,2.763830,-1.723972,3.998473,3.126790,1.005369,0.362960
47.640000,-0.886356,4.541810,2.764632,-1.735907,3.998645,3.127592,1.008347,0.362960
47.700000,-0.897458,4.546200,2.765434,-1.747844,3.998808,3.128394,1.011333,0.362960
47.740000,-0.904863,4.549123,2.765968,-1.755805,3.998911,3.128928,1.013328,0.362960
47.780000,-0.912271,4.552042,2.766503,-1.763766,3.999009,3.129463,1.015327,0.362960
47.840000,-0.923385,4.556412,2.767327,-1.775697,3.999693,3.128891,1.018024,0.361564
47.880000,-0.930784,4.559316,2.768013,-1.783631,4.000338,3.128181,1.019707,0.360168
47.940000,-0.941865,4.563651,2.769390,-1.795519,4.000769,3.128860,1.022526,0.359470
47.980000,-0.949248,4.566528,2.770554,-1.803442,4.000866,3.130024,1.024510,0.359470
48.040000,-0.960333,4.570829,2.772428,-1.815331,4.000992,3.131898,1.027490,0.359470
48.080000,-0.967730,4.573686,2.773709,-1.823261,4.001064,3.133179,1.029480,0.359470
48.140000,-0.978839,4.577955,2.775646,-1.835161,4.001153,3.135116,1.032468,0.359470
48.180000,-0.986253,4.580791,2.776941,-1.843099,4.001199,3.136411,1.034462,0.359470
48.240000,-0.997385,4.585028,2.778886,-1.855010,4.001249,3.138356,1.037458,0.359470
48.280000,-1.004840,4.587853,2.779629,-1.862982,4.001271,3.139099,1.039465,0.359470
48.340000,-1.016034,4.592089,2.780074,-1.874951,4.001298,3.139544,1.042483,0.359470
48.380000,-1.023500,4.594911,2.780232,-1.882932,4.001314,3.139702,1.044501,0.359470
48.440000,-1.034699,4.599142,2.780412,-1.894904,4.001335,3.139882,1.047533,0.359470
48.480000,-1.042166,4.601963,2.780520,-1.902886,4.001349,3.139990,1.049560,0.359470
48.540000,-1.053368,4.606192,2.780677,-1.914860,4.001367,3.140147,1.052607,0.359470
48.580000,-1.060836,4.609010,2.780780,-1.922842,4.001378,3.140250,1.054643,0.359470
48.640000,-1.072040,4.613237,2.780935,-1.934817,4.001393,3.140405,1.057703,0.359470
48.680000,-1.079510,4.616054,2.781039,-1.942800,4.001402,3.140509,1.059748,0.359470
48.740000,-1.090715,4.620278,2.781193,-1.954775,4.001414,3.140663,1.062822,0.359470
48.780000,-1.098186,4.623093,2.781296,-1.962759,4.001421,3.140766,1.064876,0.359470
48.840000,-1.109394,4.627314,2.781451,-1.974735,4.001430,3.140921,1.067963,0.359470
48.880000,-1.120603,4.631534,2.781606,-1.982719,4.001435,3.141024,1.067834,0.359418
48.940000,-1.128076,4.634346,2.781709,-1.994697,4.001441,3.141179,1.073126,0.359470
48.980000,-1.135549,4.637158,2.781812,-2.002682,4.001444,3.141282,1.075198,0.359470
49.040000,-1.146761,4.641374,2.781966,-2.014660,4.001447,3.141436,1.078311,0.359470
49.100000,-1.157974,4.645589,2.782115,-2.026639,4.001448,3.141585,1.081433,0.359470
49.140000,-1.165450,4.648398,2.782211,-2.034625,4.001447,-3.141504,1.083518,0.359470
49.180000,-1.172927,4.651207,2.782304,-2.042612,4.001446,-3.141412,1.085606,0.359470
49.240000,-1.184144,4.655419,2.782436,-2.050601,4.000910,-3.139883,1.085878,0.360866
49.280000,-1.191630,4.658229,2.782494,-2.054599,4.000344,-3.138429,1.085140,0.362262
49.340000,-1.202849,4.662441,2.782461,-2.064581,4.000018,-3.137764,1.086916,0.362960
49.380000,-1.210322,4.665246,2.782370,-2.072564,3.999988,-3.137855,1.089050,0.362960
49.440000,-1.221532,4.669457,2.782203,-2.084538,3.999944,-3.138022,1.092258,0.362960
49.480000,-1.229005,4.672265,2.782086,-2.092521,3.999916,-3.138139,1.094401,0.362960
49.540000,-1.240214,4.676479,2.781912,-2.104496,3.999876,-3.138314,1.097623,0.362960
49.600000,-1.251423,4.680695,2.781740,-2.116472,3.999838,-3.138485,1.100853,0.362960
49.640000,-1.258896,4.683507,2.781629,-2.124456,3.999813,-3.138596,1.103010,0.362960
49.680000,-1.270104,4.687727,2.781465,-2.132440,3.999790,-3.138706,1.103123,0.363014
49.740000,-1.277577,4.690541,2.781359,-2.144418,3.999756,-3.138867,1.108421,0.362960
49.780000,-1.285050,4.693356,2.781254,-2.152403,3.999735,-3.138971,1.110591,0.362960
49.840000,-1.296258,4.697580,2.781100,-2.164381,3.999704,-3.139125,1.113853,0.362960
49.900000,-1.307467,4.701807,2.780952,-2.176360,3.999676,-3.139274,1.117123,0.362960
49.940000,-1.314939,4.704625,2.780855,-2.184346,3.999658,-3.139370,1.119307,0.362960
49.980000,-1.322412,4.707444,2.780760,-2.192333,3.999640,-3.139465,1.121494,0.362960
50.040000,-1.333620,4.711675,2.780621,-2.204313,3.999616,-3.139604,1.124782,0.362960
50.080000,-1.341093,4.714496,2.780531,-2.212301,3.999600,-3.139694,1.126978,0.362960
50.140000,-1.352302,4.718730,2.780400,-2.224282,3.999578,-3.139826,1.130278,0.362960
50.180000,-1.359774,4.721553,2.780314,-2.232270,3.999564,-3.139911,1.132483,0.362960
50.240000,-1.370983,4.725789,2.780190,-2.244252,3.999545,-3.140036,1.135795,0.362960
50.280000,-1.378455,4.728614,2.780109,-2.252241,3.999533,-3.140116,1.138008,0.362960
50.340000,-1.389664,4.732853,2.779991,-2.264224,3.999516,-3.140234,1.141332,0.362960
50.380000,-1.397136,4.735679,2.779915,-2.272214,3.999505,-3.140310,1.143553,0.362960
50.440000,-1.408345,4.739921,2.779804,-2.284198,3.999491,-3.140421,1.146889,0.362960
50.480000,-1.415818,4.742749,2.779732,-2.292188,3.999481,-3.140493,1.149118,0.362960
50.540000,-1.427027,4.746992,2.779628,-2.304173,3.999469,-3.140598,1.152466,0.362960
50.580000,-1.434499,4.749822,2.779560,-2.312164,3.999461,-3.140665,1.154702,0.362960
50.640000,-1.445708,4.754068,2.779462,-2.328152,3.998916,-3.139367,1.161448,0.364356
50.680000,-1.453174,4.756896,2.779372,-2.340131,3.998344,-3.138061,1.167088,0.365752
50.740000,-1.464351,4.761134,2.779125,-2.354081,3.998016,-3.137610,1.172164,0.366450
50.780000,-1.471797,4.763958,2.778896,-2.362044,3.997985,-3.137839,1.174417,0.366450
50.840000,-1.482965,4.768199,2.778532,-2.373991,3.997942,-3.138204,1.177804,0.366450
50.880000,-1.490411,4.771028,2.778289,-2.381956,3.997916,-3.138446,1.180066,0.366450
50.940000,-1.501580,4.775277,2.777933,-2.393906,3.997881,-3.138802,1.183465,0.366450
50.980000,-1.509026,4.778112,2.777703,-2.401873,3.997859,-3.139032,1.185736,0.366450
51.040000,-1.520196,4.782368,2.777369,-2.413826,3.997831,-3.139366,1.189148,0.366450
51.080000,-1.527643,4.785208,2.777155,-2.421796,3.997814,-3.139581,1.191428,0.366450
51.140000,-1.538813,4.789471,2.776844,-2.433752,3.997792,-3.139892,1.194853,0.366450
51.180000,-1.546260,4.792315,2.776643,-2.441724,3.997779,-3.140093,1.197140,0.366450
51.240000,-1.557431,4.796585,2.776353,-2.453683,3.997763,-3.140383,1.200577,0.366450
51.280000,-1.564878,4.799434,2.776166,-2.461657,3.997754,-3.140570,1.202873,0.366450
51.340000,-1.576050,4.803710,2.775895,-2.473619,3.997743,-3.140840,1.206322,0.366450
51.380000,-1.583498,4.806563,2.775722,-2.481595,3.997738,-3.141014,1.208625,0.366450
51.440000,-1.594670,4.810845,2.775471,-2.493559,3.997732,-3.141264,1.212086,0.366450
51.480000,-1.602119,4.813701,2.775311,-2.501537,3.997730,-3.141425,1.214397,0.366450
51.540000,-1.613292,4.817989,2.775079,-2.513505,3.997730,3.141529,1.217870,0.366450
51.580000,-1.620741,4.820849,2.774931,-2.521484,3.997731,3.141381,1.220189,0.366450
51.640000,-1.631916,4.825141,2.774719,-2.533454,3.997735,3.141169,1.223672,0.366450
51.680000,-1.639365,4.828005,2.774583,-2.541435,3.997739,3.141033,1.225998,0.366450
51.740000,-1.650540,4.832302,2.774389,-2.553408,3.997746,3.140839,1.229493,0.366450
51.780000,-1.657991,4.835168,2.774264,-2.561391,3.997753,3.140714,1.231826,0.366450
51.840000,-1.669167,4.839470,2.774087,-2.573366,3.997765,3.140537,1.235332,0.366450
51.880000,-1.676618,4.842339,2.773973,-2.581350,3.997773,3.140423,1.237672,0.366450
51.940000,-1.687794,4.846644,2.773811,-2.593327,3.997788,3.140261,1.241188,0.366450
51.980000,-1.698972,4.850952,2.773658,-2.601313,3.997800,3.140158,1.241809,0.366500
52.040000,-1.706424,4.853825,2.773562,-2.617293,3.997818,3.140012,1.249973,0.366450
52.100000,-1.717602,4.858137,2.773424,-2.635274,3.997837,3.139874,1.257870,0.366450
52.140000,-1.725054,4.861012,2.773337,-2.643262,3.997851,3.139787,1.260218,0.366450
52.180000,-1.732507,4.863888,2.773253,-2.651250,3.997866,3.139703,1.262570,0.366450
52.240000,-1.743687,4.868203,2.773135,-2.663234,3.997890,3.139585,1.266101,0.366450
52.280000,-1.751140,4.871081,2.773061,-2.671223,3.997906,3.139511,1.268459,0.366450
52.340000,-1.762321,4.875400,2.772956,-2.683209,3.997931,3.139406,1.272001,0.366450
52.380000,-1.769775,4.878279,2.772890,-2.691200,3.997949,3.139340,1.274365,0.366450
52.440000,-1.780956,4.882600,2.772798,-2.703187,3.997977,3.139248,1.277916,0.366450
52.480000,-1.788411,4.885482,2.772741,-2.711179,3.997996,3.139191,1.280286,0.366450
52.540000,-1.799593,4.889805,2.772660,-2.723168,3.998025,3.139110,1.283846,0.366450
52.580000,-1.807049,4.892687,2.772610,-2.731161,3.998045,3.139060,1.286223,0.366450
52.640000,-1.818232,4.897012,2.772541,-2.743152,3.998076,3.138991,1.289792,0.366450
52.680000,-1.825688,4.899896,2.772498,-2.751146,3.998097,3.138948,1.292174,0.366450
52.740000,-1.836872,4.904223,2.772439,-2.763138,3.998129,3.138889,1.295752,0.366450
52.780000,-1.844329,4.907108,2.772404,-2.771133,3.998151,3.138854,1.298141,0.366450
52.840000,-1.855514,4.911436,2.772355,-2.783126,3.998184,3.138805,1.301728,0.366450
52.880000,-1.862971,4.914322,2.772326,-2.791123,3.998206,3.138776,1.304122,0.366450
52.940000,-1.874157,4.918652,2.772286,-2.803117,3.998240,3.138736,1.307717,0.366450
52.980000,-1.881615,4.921538,2.772263,-2.811114,3.998263,3.138713,1.310117,0.366450
53.040000,-1.892802,4.925869,2.772232,-2.823110,3.998298,3.138682,1.313720,0.366450
53.080000,-1.900260,4.928756,2.772214,-2.831107,3.998321,3.138664,1.316125,0.366450
53.140000,-1.911448,4.933088,2.772190,-2.843104,3.998357,3.138640,1.319737,0.366450
53.180000,-1.918907,4.935976,2.772178,-2.851103,3.998380,3.138628,1.322148,0.366450
53.240000,-1.930095,4.940308,2.772162,-2.863101,3.998416,3.138612,1.325768,0.366450
53.300000,-1.941284,4.944640,2.772151,-2.875099,3.998452,3.138601,1.329392,0.366450
53.340000,-1.948744,4.947529,2.772146,-2.883099,3.998476,3.138596,1.331811,0.366450
53.380000,-1.956204,4.950418,2.772142,-2.891099,3.998500,3.138592,1.334232,0.366450
53.440000,-1.967394,4.954751,2.772140,-2.903098,3.998536,3.138590,1.337868,0.366450
53.480000,-1.974854,4.957640,2.772141,-2.911098,3.998560,3.138591,1.340294,0.366450
53.540000,-1.986044,4.961973,2.772145,-2.913097,3.998596,3.138595,1.336983,0.366450
53.580000,-1.993503,4.964861,2.772150,-2.921096,3.998620,3.138600,1.339422,0.366450
53.640000,-2.004692,4.969194,2.772159,-2.933095,3.998656,3.138609,1.343084,0.366450
53.680000,-2.012151,4.972082,2.772167,-2.941093,3.998679,3.138617,1.345528,0.366450
53.740000,-2.023339,4.976414,2.772182,-2.953091,3.998715,3.138632,1.349197,0.366450
53.780000,-2.030798,4.979302,2.772193,-2.961089,3.998739,3.138643,1.351645,0.366450
53.840000,-2.041986,4.983633,2.772212,-2.973086,3.998774,3.138662,1.355321,0.366450
53.880000,-2.049444,4.986521,2.772227,-2.981084,3.998797,3.138677,1.357774,0.366450
53.940000,-2.060632,4.990852,2.772250,-2.993080,3.998832,3.138700,1.361456,0.366450
53.980000,-2.068090,4.993739,2.772267,-3.001078,3.998855,3.138717,1.363913,0.366450
54.040000,-2.079277,4.998069,2.772294,-3.013074,3.998890,3.138744,1.367602,0.366450
54.080000,-2.086735,5.000956,2.772313,-3.021071,3.998912,3.138763,1.370064,0.366450
54.140000,-2.097922,5.005285,2.772343,-3.033066,3.998946,3.138793,1.373759,0.366450
54.200000,-2.109109,5.009614,2.772375,-3.045062,3.998979,3.138825,1.377458,0.366450
54.240000,-2.116567,5.012500,2.772398,-3.053058,3.999001,3.138848,1.379926,0.366450
54.280000,-2.124025,5.015386,2.772421,-3.061055,3.999023,3.138871,1.382396,0.366450
54.340000,-2.135211,5.019714,2.772457,-3.073050,3.999056,3.138907,1.386104,0.366450
54.380000,-2.142669,5.022599,2.772482,-3.081046,3.999077,3.138932,1.388578,0.366450
54.440000,-2.153856,5.026926,2.772520,-3.093040,3.999109,3.138970,1.392291,0.366450
54.500000,-2.165042,5.031253,2.772560,-3.105034,3.999140,3.139010,1.396009,0.366450
54.540000,-2.172500,5.034137,2.772587,-3.113030,3.999161,3.139037,1.398490,0.366450
54.580000,-2.179958,5.037021,2.772615,-3.121026,3.999181,3.139065,1.400972,0.366450
54.640000,-2.191145,5.041346,2.772657,-3.133020,3.999211,3.139107,1.404698,0.366450
54.680000,-2.198603,5.044230,2.772686,-3.141016,3.999231,3.139136,1.407184,0.366450
54.740000,-2.209789,5.048554,2.772729,-3.153010,3.999260,3.139179,1.410916,0.366450
54.780000,-2.217247,5.051437,2.772759,-3.161005,3.999279,3.139209,1.413406,0.366450
54.840000,-2.228434,5.055761,2.772804,-3.172999,4.003307,3.139254,1.414164,0.366450
54.880000,-2.235869,5.058634,2.772917,-3.180969,4.007326,3.139367,1.413670,0.366450
54.940000,-2.246958,5.062915,2.773448,-3.192856,4.009349,3.139898,1.415883,0.366450
54.980000,-2.254335,5.065758,2.774013,-3.200762,4.009361,3.140463,1.418344,0.366450
55.040000,-2.265408,5.070016,2.774933,-3.212626,4.009369,3.141383,1.422039,0.366450
55.080000,-2.272796,5.072851,2.775544,-3.220538,4.009368,-3.141191,1.424504,0.366450
55.140000,-2.283885,5.077096,2.776434,-3.232412,4.009358,-3.140302,1.428205,0.366450
55.180000,-2.291283,5.079922,2.777005,-3.240331,4.009345,-3.139730,1.430674,0.366450
55.240000,-2.302388,5.084155,2.777827,-3.252216,4.009318,-3.138909,1.434380,0.366450
55.300000,-2.313501,5.088381,2.778607,-3.264106,4.009282,-3.138128,1.438090,0.366450
55.340000,-2.320915,5.091194,2.779105,-3.272036,4.009252,-3.137630,1.440565,0.366450
55.380000,-2.328334,5.094006,2.779584,-3.279969,4.009219,-3.137151,1.443043,0.366450
55.440000,-2.339467,5.098218,2.780269,-3.291872,4.009162,-3.136466,1.446761,0.366450
55.480000,-2.346894,5.101022,2.780706,-3.299811,4.009119,-3.136030,1.449242,0.366450
55.540000,-2.358041,5.105225,2.781329,-3.311723,4.009049,-3.135406,1.452967,0.366450
55.600000,-2.369195,5.109423,2.781917,-3.323641,4.008972,-3.134819,1.456695,0.366450
55.640000,-2.376635,5.112220,2.782288,-3.331589,4.008917,-3.134447,1.459183,0.366450
55.680000,-2.384078,5.115014,2.782645,-3.339539,4.008859,-3.134091,1.461672,0.366450
55.740000,-2.395249,5.119202,2.783150,-3.351469,4.008766,-3.133585,1.465409,0.366450
55.780000,-2.402699,5.121991,2.783469,-3.359424,4.008701,-3.133267,1.467903,0.366450
55.840000,-2.413880,5.126173,2.783919,-3.371361,4.008599,-3.132816,1.471646,0.366450
55.880000,-2.421338,5.128959,2.784202,-3.379322,4.008528,-3.132534,1.474144,0.366450
55.940000,-2.432529,5.133136,2.784600,-3.391266,4.008417,-3.132136,1.477893,0.366450
55.980000,-2.439992,5.135918,2.784849,-3.399231,4.008341,-3.131887,1.480395,0.366450
56.040000,-2.451193,5.140090,2.785197,-3.411183,4.008223,-3.131538,1.484151,0.366450
56.080000,-2.458662,5.142870,2.785414,-3.419153,4.008142,-3.131321,1.486657,0.366450
56.140000,-2.469871,5.147039,2.785716,-3.431111,4.008017,-3.131019,1.490420,0.366450
56.180000,-2.477346,5.149816,2.785903,-3.439085,4.007932,-3.130833,1.492930,0.366450
56.240000,-2.488562,5.153981,2.786161,-3.455049,4.003802,-3.130575,1.502334,0.366450
56.280000,-2.496053,5.156762,2.786233,-3.467038,3.999713,-3.130502,1.510487,0.366450
56.340000,-2.507231,5.160911,2.785950,-3.480960,3.997582,-3.130785,1.517064,0.366450
56.380000,-2.514662,5.163673,2.785544,-3.488888,3.997498,-3.131192,1.519565,0.366450
56.440000,-2.525809,5.167823,2.784846,-3.500782,3.997379,-3.131889,1.523322,0.366450
56.500000,-2.536955,5.171981,2.784131,-3.512678,3.997267,-3.132604,1.527085,0.366450
56.540000,-2.544386,5.174759,2.783656,-3.520611,3.997198,-3.133079,1.529596,0.366450
56.580000,-2.551817,5.177540,2.783181,-3.528544,3.997132,-3.133555,1.532110,0.366450
56.640000,-2.562962,5.181720,2.782468,-3.540447,3.997041,-3.134268,1.535884,0.366450
56.680000,-2.570391,5.184511,2.781992,-3.548383,3.996985,-3.134743,1.538404,0.366450
56.740000,-2.581536,5.188705,2.781279,-3.560290,3.996907,-3.135456,1.542188,0.366450
56.780000,-2.588965,5.191506,2.780804,-3.568230,3.996861,-3.135932,1.544713,0.366450
56.840000,-2.600107,5.195715,2.780090,-3.580141,3.996797,-3.136645,1.548505,0.366450
56.880000,-2.607536,5.198525,2.779615,-3.588083,3.996760,-3.137121,1.551036,0.366450
56.940000,-2.618677,5.202749,2.778901,-3.599998,3.996711,-3.137834,1.554837,0.366450
56.980000,-2.626105,5.205569,2.778425,-3.607943,3.996683,-3.138310,1.557374,0.366450
57.040000,-2.637245,5.209808,2.777711,-3.619862,3.996648,-3.139024,1.561183,0.366450
57.080000,-2.644671,5.212638,2.777235,-3.627810,3.996630,-3.139500,1.563725,0.366450
57.140000,-2.655811,5.216891,2.776521,-3.639733,3.996609,-3.140214,1.567543,0.366450
57.180000,-2.663236,5.219731,2.776045,-3.647683,3.996600,-3.140690,1.570091,0.366450
57.240000,-2.674374,5.223999,2.775331,-3.659611,3.996593,-3.141405,1.573917,0.366450
57.280000,-2.681799,5.226849,2.774854,-3.667564,3.996594,3.141304,1.576470,0.366450
57.340000,-2.692935,5.231131,2.774140,-3.679495,3.996601,3.140590,1.580305,0.366450
57.380000,-2.700359,5.233991,2.773663,-3.687451,3.996611,3.140113,1.582864,0.366450
57.440000,-2.711495,5.238288,2.772948,-3.699387,3.996633,3.139398,1.586706,0.366450
57.480000,-2.718918,5.241157,2.772471,-3.707345,3.996653,3.138921,1.589270,0.366450
57.540000,-2.730052,5.245469,2.771756,-3.719285,3.996689,3.138206,1.593121,0.366450
57.580000,-2.737474,5.248348,2.771279,-3.727246,3.996718,3.137729,1.595690,0.366450
57.640000,-2.748607,5.252675,2.770564,-3.735189,4.000768,3.137014,1.593931,0.366450
57.680000,-2.756033,5.255565,2.770358,-3.739158,4.004806,3.136808,1.590891,0.366450
57.740000,-2.767073,5.259858,2.771452,-3.749003,4.006858,3.137902,1.591916,0.366450
57.780000,-2.774400,5.262695,2.773025,-3.756861,4.006881,3.139475,1.594458,0.366450
57.840000,-2.785405,5.266928,2.775799,-3.768652,4.006889,-3.140936,1.598271,0.366450
57.880000,-2.792753,5.269734,2.777741,-3.776517,4.006877,-3.138994,1.600813,0.366450
57.940000,-2.803793,5.273919,2.780696,-3.788323,4.006829,-3.136040,1.604625,0.366450
57.980000,-2.811164,5.276693,2.782676,-3.796200,4.006777,-3.134059,1.607166,0.366450
58.040000,-2.822240,5.280830,2.785654,-3.808022,4.006670,-3.131082,1.610977,0.366450
58.080000,-2.829636,5.283571,2.787641,-3.815909,4.006580,-3.129094,1.613518,0.366450
58.140000,-2.840748,5.287658,2.790625,-3.827748,4.006414,-3.126110,1.617330,0.366450
58.180000,-2.851882,5.291716,2.793612,-3.835646,4.006284,-3.124119,1.618681,0.365454
58.240000,-2.859317,5.294404,2.795605,-3.847501,4.006059,-3.121130,1.623681,0.366450
58.280000,-2.866761,5.297080,2.797599,-3.855409,4.005889,-3.119136,1.626222,0.366450
58.340000,-2.876208,5.300444,2.801914,-3.865434,4.005646,-3.114822,1.629439,0.366450
58.380000,-2.881001,5.302127,2.806388,-3.870512,4.005499,-3.110347,1.631066,0.366450
58.440000,-2.885959,5.303832,2.815500,-3.875752,4.005315,-3.101235,1.632739,0.366450
58.480000,-2.887772,5.304439,2.823175,-3.877662,4.005232,-3.093561,1.633347,0.366450
58.540000,-2.888380,5.304637,2.837073,-3.878301,4.005199,-3.079663,1.633549,0.366450
58.580000,-2.888380,5.304637,2.847915,-3.878301,4.005199,-3.068820,1.633549,0.366450
58.640000,-2.888380,5.304637,2.866579,-3.878301,4.005199,-3.050156,1.633549,0.366450
58.680000,-2.888380,5.304637,2.880622,-3.878301,4.005199,-3.036114,1.633549,0.366450
58.740000,-2.888380,5.304637,2.904086,-3.878301,4.005199,-3.012650,1.633549,0.366450
58.780000,-2.888380,5.304637,2.921328,-3.878301,4.005199,-2.995407,1.633549,0.366450
58.840000,-2.888380,5.304637,2.949592,-3.878301,4.005199,-2.967143,1.633549,0.366450
58.880000,-2.888380,5.304637,2.970035,-3.878301,4.005199,-2.946701,1.633549,0.366450
58.940000,-2.888380,5.304637,3.003098,-3.878301,4.005199,-2.913637,1.633549,0.366450
58.980000,-2.888380,5.304637,3.026741,-3.878301,4.005199,-2.889994,1.633549,0.366450
59.040000,-2.888380,5.304637,3.064605,-3.878301,4.005199,-2.852131,1.633549,0.366450
59.080000,-2.888380,5.304637,3.091447,-3.878301,4.005199,-2.825288,1.633549,0.366450
59.140000,-2.888380,5.304637,3.134111,-3.878301,4.005199,-2.782624,1.633549,0.366450
59.200000,-2.888380,5.304637,-3.103530,-3.878301,4.005199,-2.737080,1.633549,0.366450
59.240000,-2.888380,5.304637,-3.071724,-3.878301,4.005199,-2.705274,1.633549,0.366450
59.280000,-2.888380,5.304637,-3.039724,-3.878301,4.005199,-2.673274,1.633549,0.366450
59.340000,-2.888380,5.304637,-2.991724,-3.878301,4.005199,-2.625274,1.633549,0.366450
59.380000,-2.888380,5.304637,-2.959724,-3.878301,4.005199,-2.593274,1.633549,0.366450
59.440000,-2.888454,5.304620,-2.911826,-3.878364,4.005156,-2.545376,1.633563,0.366450
59.480000,-2.889181,5.304436,-2.880712,-3.878977,4.004724,-2.514262,1.633691,0.366450
59.540000,-2.891700,5.303696,-2.836302,-3.881063,4.003130,-2.469852,1.634108,0.366450
59.580000,-2.894310,5.302830,-2.808289,-3.883190,4.001387,-2.441839,1.634514,0.366450
59.640000,-2.899585,5.300879,-2.768711,-3.887415,3.997675,-2.402261,1.635282,0.366450
59.680000,-2.903986,5.299091,-2.743898,-3.890884,3.994430,-2.377448,1.635882,0.366450
59.740000,-2.911835,5.295625,-2.709104,-3.896970,3.988381,-2.342654,1.636880,0.366450
59.780000,-2.917651,5.292862,-2.687507,-3.901409,3.983718,-2.321057,1.637571,0.366450
59.840000,-2.926956,5.288141,-2.657465,-3.908405,3.975976,-2.291015,1.638603,0.366450
59.880000,-2.933483,5.284630,-2.639052,-3.913240,3.970360,-2.272602,1.639278,0.366450
59.940000,-2.943673,5.278856,-2.613629,-3.920685,3.961318,-2.247179,1.640262,0.366450
59.980000,-2.949740,5.275255,-2.598020,-3.925059,3.955782,-2.231570,1.640810,0.366450
60.040000,-2.957156,5.270666,-2.577014,-3.930338,3.948841,-2.210564,1.641434,0.366450
60.080000,-2.961947,5.267589,-2.564604,-3.933709,3.944252,-2.198154,1.641811,0.366450
60.140000,-2.969113,5.262839,-2.547990,-3.938697,3.937248,-2.181540,1.642340,0.366450
60.180000,-2.973867,5.259593,-2.537188,-3.941973,3.932515,-2.170738,1.642670,0.366450
60.240000,-2.980965,5.254606,-2.521091,-3.946813,3.925316,-2.154641,1.643129,0.366450
60.300000,-2.988015,5.249482,-2.505093,-3.951558,3.918006,-2.138643,1.643546,0.366450
60.340000,-2.992693,5.245986,-2.494489,-3.954673,3.913066,-2.128039,1.643801,0.366450
60.380000,-2.997346,5.242431,-2.483931,-3.957743,3.908080,-2.117481,1.644036,0.366450
60.440000,-3.004285,5.236984,-2.468185,-3.962270,3.900508,-2.101735,1.644355,0.366450
60.480000,-3.008883,5.233276,-2.457751,-3.965234,3.895399,-2.091301,1.644543,0.366450
60.540000,-3.015737,5.227600,-2.442202,-3.969600,3.887644,-2.075752,1.644790,0.366450
60.580000,-3.020278,5.223740,-2.431906,-3.972455,3.882414,-2.065456,1.644931,0.366450
60.640000,-3.027043,5.217838,-2.416571,-3.976657,3.874480,-2.050121,1.645108,0.366450
60.680000,-3.031522,5.213829,-2.406424,-3.979402,3.869131,-2.039974,1.645201,0.366450
60.740000,-3.038195,5.207703,-2.391321,-3.983437,3.861021,-2.024871,1.645306,0.366450
60.780000,-3.042611,5.203545,-2.381331,-3.986070,3.855557,-2.014881,1.645353,0.366450
60.840000,-3.049186,5.197199,-2.366472,-3.989934,3.847277,-2.000022,1.645387,0.366450
60.880000,-3.053536,5.192895,-2.356653,-3.992454,3.841699,-1.990203,1.645386,0.366450
60.940000,-3.060014,5.186327,-2.342061,-3.996148,3.833247,-1.975611,1.645349,0.366450
60.980000,-3.064300,5.181875,-2.332439,-3.998555,3.827555,-1.965989,1.645301,0.366450
61.040000,-3.070672,5.175097,-2.318128,-4.002075,3.818944,-1.951678,1.645194,0.366450
61.080000,-3.074885,5.170507,-2.308680,-4.004363,3.813149,-1.942230,1.645099,0.366450
61.140000,-3.081150,5.163518,-2.294651,-4.007708,3.804379,-1.928201,1.644922,0.366450
61.180000,-3.085291,5.158789,-2.285399,-4.009880,3.798481,-1.918949,1.644781,0.366450
61.240000,-3.091448,5.151593,-2.271674,-4.013050,3.789556,-1.905224,1.644535,0.366450
61.280000,-3.095516,5.146727,-2.262630,-4.015104,3.783556,-1.896180,1.644348,0.366450
61.340000,-3.101562,5.139328,-2.249225,-4.018098,3.774482,-1.882775,1.644033,0.366450
61.380000,-3.105555,5.134329,-2.240397,-4.020035,3.768383,-1.873947,1.643800,0.366450
61.440000,-3.111489,5.126731,-2.227322,-4.022852,3.759164,-1.860872,1.643418,0.366450
61.480000,-3.115407,5.121600,-2.218719,-4.024672,3.752970,-1.852269,1.643141,0.366450
61.540000,-3.121227,5.113809,-2.205985,-4.027314,3.743610,-1.839535,1.642692,0.366450
61.580000,-3.125070,5.108550,-2.197615,-4.029017,3.737324,-1.831165,1.642370,0.366450
61.640000,-3.130775,5.100568,-2.185236,-4.031484,3.727828,-1.818786,1.641856,0.366450
61.680000,-3.134540,5.095185,-2.177105,-4.033070,3.721453,-1.810655,1.641492,0.366450
61.740000,-3.140131,5.087019,-2.165088,-4.026344,3.707515,-1.755362,1.639635,0.409726
61.780000,-3.143912,5.081377,-2.157611,-4.009067,3.690082,-1.704609,1.638351,0.453002
61.840000,-3.149884,5.072302,-2.148631,-3.997452,3.671637,-1.673991,1.637142,0.474640
61.880000,-3.153992,5.065970,-2.144229,-3.998212,3.664127,-1.669589,1.636420,0.474640
61.940000,-3.160124,5.056425,-2.139446,-3.999303,3.652835,-1.664806,1.635325,0.474640
61.980000,-3.164193,5.050037,-2.136530,-4.000003,3.645293,-1.661890,1.634590,0.474640
62.040000,-3.170269,5.040422,-2.132308,-4.001014,3.633965,-1.657668,1.633481,0.474640
62.080000,-3.174302,5.033991,-2.129560,-4.001662,3.626402,-1.654920,1.632738,0.474640
62.140000,-3.180325,5.024314,-2.125526,-4.002597,3.615041,-1.650886,1.631619,0.474640
62.180000,-3.184324,5.017841,-2.122895,-4.003195,3.607456,-1.648255,1.630869,0.474640
62.240000,-3.190297,5.008103,-2.119020,-4.004057,3.596065,-1.644380,1.629741,0.474640
62.280000,-3.194262,5.001592,-2.116488,-4.004608,3.588461,-1.641848,1.628987,0.474640
62.340000,-3.200185,4.991795,-2.112768,-4.005399,3.577041,-1.638128,1.627851,0.474640
62.380000,-3.204118,4.985245,-2.110338,-4.005904,3.569417,-1.635698,1.627092,0.474640
62.440000,-3.209995,4.975391,-2.106773,-4.006628,3.557967,-1.632133,1.625951,0.474640
62.500000,-3.215845,4.965503,-2.103308,-4.007312,3.546499,-1.628668,1.624806,0.474640
62.540000,-3.219730,4.958893,-2.101054,-4.007747,3.538843,-1.626414,1.624042,0.474640
62.580000,-3.223603,4.952270,-2.098835,-4.008165,3.531182,-1.624195,1.623277,0.474640
62.640000,-3.229392,4.942308,-2.095582,-4.004912,3.523461,-1.606982,1.616959,0.488600
62.680000,-3.233270,4.935594,-2.093670,-4.000220,3.518939,-1.591110,1.610938,0.502560
62.740000,-3.239174,4.925327,-2.091896,-3.997503,3.508507,-1.582356,1.606998,0.509540
62.780000,-3.243139,4.918414,-2.091382,-3.997593,3.500538,-1.581842,1.606105,0.509540
62.840000,-3.249084,4.908040,-2.090945,-3.997722,3.488582,-1.581405,1.604780,0.509540
62.880000,-3.253046,4.901122,-2.090724,-3.997806,3.480610,-1.581184,1.603908,0.509540
62.940000,-3.258985,4.890742,-2.090423,-3.997928,3.468652,-1.580883,1.602616,0.509540
62.980000,-3.262944,4.883822,-2.090231,-3.998008,3.460680,-1.580691,1.601765,0.509540
63.040000,-3.268879,4.873439,-2.089946,-3.998124,3.448721,-1.580406,1.600506,0.509540
63.080000,-3.272834,4.866516,-2.089757,-3.998200,3.440748,-1.580217,1.599678,0.509540
63.140000,-3.278764,4.856130,-2.089477,-3.998311,3.428789,-1.579937,1.598453,0.509540
63.180000,-3.282716,4.849205,-2.089292,-3.998383,3.420816,-1.579752,1.597647,0.509540
63.240000,-3.288642,4.838815,-2.089017,-3.998489,3.408855,-1.579477,1.596455,0.509540
63.280000,-3.292591,4.831888,-2.088835,-3.998557,3.400882,-1.579295,1.595671,0.509540
63.340000,-3.298513,4.821495,-2.088565,-3.998657,3.388921,-1.579025,1.594513,0.509540
63.380000,-3.302459,4.814565,-2.088387,-3.998722,3.380946,-1.578847,1.593752,0.509540
63.440000,-3.308377,4.804169,-2.088122,-3.998817,3.368984,-1.578582,1.592628,0.509540
63.480000,-3.312320,4.797237,-2.087947,-3.998878,3.361010,-1.578407,1.591889,0.509540
63.540000,-3.318234,4.786838,-2.087689,-3.999307,3.345211,-1.566981,1.594411,0.520708
63.580000,-3.324145,4.776438,-2.087696,-3.998869,3.333077,-1.555752,1.593280,0.531944
63.640000,-3.328054,4.769564,-2.088078,-3.998176,3.319009,-1.550618,1.597865,0.537460
63.680000,-3.331958,4.762706,-2.088695,-3.998019,3.311120,-1.551235,1.597104,0.537460
63.740000,-3.337824,4.752424,-2.089755,-3.997794,3.299284,-1.552295,1.595987,0.537460
63.780000,-3.341742,4.745570,-2.090480,-3.997650,3.291391,-1.553020,1.595260,0.537460
63.840000,-3.347630,4.735292,-2.091556,-3.997446,3.279547,-1.554096,1.594194,0.537460
63.880000,-3.351563,4.728441,-2.092258,-3.997317,3.271649,-1.554798,1.593500,0.537460
63.940000,-3.357473,4.718166,-2.093287,-3.997134,3.259797,-1.555827,1.592484,0.537460
63.980000,-3.361420,4.711317,-2.093956,-3.997018,3.251893,-1.556496,1.591824,0.537460
64.040000,-3.367351,4.701046,-2.094931,-3.996854,3.240033,-1.557471,1.590859,0.537460
64.080000,-3.371311,4.694199,-2.095566,-3.996751,3.232124,-1.558106,1.590232,0.537460
64.140000,-3.377262,4.683931,-2.096493,-3.996606,3.220257,-1.559033,1.589317,0.537460
64.180000,-3.381236,4.677086,-2.097094,-3.996515,3.212343,-1.559634,1.588723,0.537460
64.240000,-3.387206,4.666820,-2.097969,-3.996388,3.200468,-1.560509,1.587858,0.537460
64.280000,-3.391192,4.659978,-2.098537,-3.996309,3.192549,-1.561077,1.587297,0.537460
64.340000,-3.397180,4.649714,-2.099363,-3.996198,3.180667,-1.561903,1.586481,0.537460
64.380000,-3.401178,4.642873,-2.099901,-3.996130,3.172744,-1.562441,1.585953,0.537460
64.440000,-3.407181,4.632615,-2.100708,-3.996035,3.160859,-1.563248,1.585186,0.537460
64.480000,-3.411188,4.625779,-2.101246,-3.995978,3.152936,-1.563786,1.584692,0.537460
64.540000,-3.417205,4.615530,-2.102054,-3.995899,3.141051,-1.564594,1.583975,0.537460
64.580000,-3.421221,4.608699,-2.102592,-3.995852,3.133127,-1.565132,1.583513,0.537460
64.640000,-3.427252,4.598458,-2.103398,-3.995790,3.121242,-1.565938,1.582846,0.537460
64.680000,-3.431282,4.591625,-2.103900,-3.995753,3.113310,-1.566440,1.582417,0.537460
64.740000,-3.437339,4.581369,-2.104558,-3.995705,3.101398,-1.567098,1.581798,0.537460
64.780000,-3.441382,4.574531,-2.104966,-3.995678,3.093455,-1.567506,1.581401,0.537460
64.840000,-3.447453,4.564275,-2.105549,-3.995642,3.081537,-1.568089,1.580830,0.537460
64.880000,-3.451504,4.557438,-2.105923,-3.995622,3.073589,-1.568463,1.580465,0.537460
64.940000,-3.457587,4.547183,-2.106464,-3.995597,3.061666,-1.569004,1.579941,0.537460
64.980000,-3.461647,4.540346,-2.106812,-3.995584,3.053715,-1.569352,1.579608,0.537460
65.040000,-3.467742,4.530091,-2.107315,-3.995570,3.041785,-1.569855,1.579132,0.537460
65.080000,-3.471809,4.523255,-2.107636,-3.995564,3.033831,-1.570176,1.578830,0.537460
65.140000,-3.477875,4.513069,-2.108316,-3.981324,3.032048,-1.560386,1.564253,0.547930
65.180000,-3.481862,4.506388,-2.109444,-3.981247,3.024267,-1.561514,1.563991,0.547930
65.240000,-3.487863,4.496369,-2.111494,-3.981151,3.012589,-1.563564,1.563629,0.547930
65.280000,-3.491879,4.489691,-2.112901,-3.981100,3.004797,-1.564971,1.563409,0.547930
65.340000,-3.497926,4.479675,-2.114972,-3.981044,2.993097,-1.567042,1.563111,0.547930
65.380000,-3.501972,4.472998,-2.116310,-3.981020,2.985290,-1.568380,1.562934,0.547930
65.440000,-3.508064,4.462983,-2.118246,-3.981003,2.973567,-1.570316,1.562699,0.547930
65.480000,-3.514182,4.452968,-2.120097,-3.981004,2.965745,-1.571560,1.558767,0.548537
65.540000,-3.518274,4.446292,-2.121282,-3.981023,2.954001,-1.573352,1.562392,0.547930
65.580000,-3.522377,4.439616,-2.122429,-3.981048,2.946165,-1.574499,1.562298,0.547930
65.640000,-3.528551,4.429601,-2.124082,-3.981101,2.934400,-1.576152,1.562187,0.547930
65.680000,-3.534748,4.419586,-2.125652,-3.981148,2.926551,-1.577207,1.558342,0.548444
65.740000,-3.538891,4.412910,-2.126655,-3.981232,2.914766,-1.578725,1.562082,0.547930
65.780000,-3.543043,4.406233,-2.127621,-3.981298,2.906904,-1.579691,1.562067,0.547930
65.840000,-3.549288,4.396216,-2.129007,-3.981412,2.895100,-1.581077,1.562075,0.547930
65.880000,-3.553463,4.389538,-2.129888,-3.981496,2.887226,-1.581958,1.562100,0.547930
65.940000,-3.559740,4.379520,-2.131148,-3.981635,2.875404,-1.583218,1.562165,0.547930
65.980000,-3.563934,4.372840,-2.131947,-3.981737,2.867517,-1.584017,1.562228,0.547930
66.040000,-3.570241,4.362820,-2.133087,-3.981900,2.855679,-1.585157,1.562350,0.547930
66.080000,-3.574454,4.356139,-2.133808,-3.982016,2.847781,-1.585878,1.562450,0.547930
66.140000,-3.580787,4.346116,-2.134833,-3.982201,2.835926,-1.586903,1.562628,0.547930
66.200000,-3.587136,4.336091,-2.135792,-3.982398,2.824062,-1.587862,1.562839,0.547930
66.240000,-3.591376,4.329407,-2.136396,-3.982536,2.816147,-1.588466,1.562997,0.547930
66.280000,-3.595623,4.322721,-2.136969,-3.982678,2.808228,-1.589039,1.563170,0.547930
66.340000,-3.602003,4.312691,-2.137776,-3.982899,2.796343,-1.589846,1.563456,0.547930
66.380000,-3.606264,4.306003,-2.138281,-3.983053,2.788414,-1.590351,1.563664,0.547930
66.440000,-3.612665,4.295969,-2.138991,-3.982763,2.772518,-1.589665,1.567761,0.549326
66.480000,-3.616934,4.289286,-2.139459,-3.982367,2.760588,-1.588737,1.571769,0.550722
66.540000,-3.623336,4.279276,-2.140231,-3.982299,2.746707,-1.588811,1.574047,0.551420
66.580000,-3.627608,4.272608,-2.140780,-3.982444,2.738789,-1.589360,1.574328,0.551420
66.640000,-3.634026,4.262604,-2.141584,-3.982669,2.726905,-1.590164,1.574777,0.551420
66.680000,-3.638311,4.255933,-2.142094,-3.982825,2.718978,-1.590674,1.575093,0.551420
66.740000,-3.644750,4.245924,-2.142812,-3.983065,2.707080,-1.591392,1.575595,0.551420
66.780000,-3.649049,4.239251,-2.143259,-3.983231,2.699143,-1.591839,1.575947,0.551420
66.840000,-3.655506,4.229238,-2.143882,-3.983485,2.687232,-1.592462,1.576500,0.551420
66.880000,-3.659816,4.222562,-2.144268,-3.983659,2.679287,-1.592848,1.576887,0.551420
66.940000,-3.666290,4.212545,-2.144802,-3.983925,2.667363,-1.593382,1.577491,0.551420
66.980000,-3.670610,4.205865,-2.145130,-3.984106,2.659410,-1.593710,1.577911,0.551420
67.040000,-3.677099,4.195843,-2.145577,-3.984382,2.647474,-1.594157,1.578566,0.551420
67.080000,-3.681429,4.189160,-2.145849,-3.984569,2.639513,-1.594429,1.579019,0.551420
67.140000,-3.687930,4.179133,-2.146218,-3.984854,2.627566,-1.594798,1.579723,0.551420
67.180000,-3.692269,4.172447,-2.146440,-3.985046,2.619598,-1.595020,1.580208,0.551420
67.240000,-3.698781,4.162414,-2.146734,-3.985338,2.607641,-1.595314,1.580960,0.551420
67.280000,-3.703126,4.155724,-2.146907,-3.985534,2.599666,-1.595487,1.581478,0.551420
67.340000,-3.709649,4.145686,-2.147127,-3.985831,2.587698,-1.595707,1.582278,0.551420
67.380000,-3.714001,4.138992,-2.147250,-3.986030,2.579716,-1.595830,1.582827,0.551420
67.440000,-3.720531,4.128948,-2.147407,-3.986331,2.567740,-1.595987,1.583673,0.551420
67.480000,-3.724887,4.122251,-2.147492,-3.986533,2.559753,-1.596072,1.584253,0.551420
67.540000,-3.731425,4.112201,-2.147590,-3.986836,2.547768,-1.596170,1.585145,0.551420
67.580000,-3.735785,4.105500,-2.147637,-3.987039,2.539776,-1.596217,1.585755,0.551420
67.640000,-3.742328,4.095445,-2.147678,-3.987345,2.527784,-1.596258,1.586693,0.551420
67.680000,-3.748872,4.085388,-2.147688,-3.987548,2.519787,-1.596268,1.583690,0.551420
67.740000,-3.753234,4.078685,-2.147677,-3.987854,2.507794,-1.596257,1.588315,0.551420
67.780000,-3.757594,4.071984,-2.147653,-3.988057,2.499802,-1.596233,1.588984,0.551420
67.840000,-3.764133,4.061934,-2.147594,-3.989469,2.491850,-1.598966,1.586171,0.548628
67.880000,-3.768483,4.055248,-2.147492,-3.990782,2.487900,-1.601656,1.583034,0.545836
67.940000,-3.774980,4.045255,-2.147090,-3.991692,2.477994,-1.602650,1.582173,0.544440
67.980000,-3.779302,4.038602,-2.146674,-3.991943,2.470064,-1.602234,1.582886,0.544440
68.040000,-3.785780,4.028617,-2.145981,-3.992313,2.458168,-1.601541,1.583972,0.544440
68.100000,-3.792252,4.018626,-2.145262,-3.992675,2.446269,-1.600822,1.585079,0.544440
68.140000,-3.796564,4.011962,-2.144779,-3.992911,2.438335,-1.600339,1.585829,0.544440
68.180000,-3.800873,4.005294,-2.144295,-3.993144,2.430400,-1.599855,1.586588,0.544440
68.240000,-3.807331,3.995288,-2.143569,-3.993486,2.418495,-1.599129,1.587743,0.544440
68.280000,-3.811633,3.988613,-2.143085,-3.993709,2.410557,-1.598645,1.588525,0.544440
68.340000,-3.818082,3.978595,-2.142358,-3.994036,2.398648,-1.597918,1.589715,0.544440
68.380000,-3.822377,3.971913,-2.141873,-3.994250,2.390707,-1.597433,1.590520,0.544440
68.440000,-3.828816,3.961883,-2.141146,-3.994563,2.378793,-1.596706,1.591744,0.544440
68.480000,-3.833105,3.955193,-2.140661,-3.994767,2.370848,-1.596221,1.592571,0.544440
68.540000,-3.839534,3.945153,-2.139934,-3.995066,2.358930,-1.595494,1.593830,0.544440
68.580000,-3.843816,3.938455,-2.139449,-3.995260,2.350983,-1.595009,1.594680,0.544440
68.640000,-3.850235,3.928403,-2.138722,-3.995544,2.339059,-1.594282,1.595973,0.544440
68.680000,-3.854511,3.921698,-2.138236,-3.995729,2.331109,-1.593796,1.596846,0.544440
68.740000,-3.860919,3.911635,-2.137509,-3.995999,2.319182,-1.593069,1.598172,0.544440
68.780000,-3.865189,3.904922,-2.137023,-3.996174,2.311228,-1.592583,1.599068,0.544440
68.840000,-3.871587,3.894848,-2.136295,-3.996430,2.299296,-1.591855,1.600428,0.544440
68.880000,-3.875850,3.888128,-2.135810,-3.996596,2.291340,-1.591370,1.601346,0.544440
68.940000,-3.882239,3.878042,-2.135081,-3.996837,2.279404,-1.590641,1.602741,0.544440
68.980000,-3.886494,3.871315,-2.134596,-3.996993,2.271445,-1.590156,1.603681,0.544440
69.040000,-3.892873,3.861218,-2.133867,-3.997220,2.259504,-1.589427,1.605109,0.544440
69.080000,-3.897122,3.854483,-2.133381,-3.997366,2.251542,-1.588941,1.606072,0.544440
69.140000,-3.903491,3.844374,-2.132652,-3.997579,2.239596,-1.588212,1.607534,0.544440
69.180000,-3.907733,3.837632,-2.132166,-3.997716,2.231631,-1.587726,1.608519,0.544440
69.240000,-3.914092,3.827512,-2.131437,-4.001913,2.215681,-1.586997,1.614221,0.544440
69.280000,-3.918296,3.820811,-2.130602,-4.006039,2.203772,-1.586162,1.619418,0.544440
69.340000,-3.924496,3.810889,-2.127580,-4.008204,2.190073,-1.583140,1.622976,0.544440
69.380000,-3.928578,3.804306,-2.124008,-4.008286,2.182328,-1.579568,1.623936,0.544440
69.440000,-3.934656,3.794393,-2.117497,-4.008351,2.170700,-1.573057,1.625365,0.544440
69.480000,-3.938677,3.787753,-2.112941,-4.008351,2.162937,-1.568501,1.626309,0.544440
69.540000,-3.944656,3.777748,-2.106026,-4.008284,2.151282,-1.561586,1.627710,0.544440
69.580000,-3.948604,3.771055,-2.101415,-4.008194,2.143511,-1.556975,1.628634,0.544440
69.600000,-3.952521,3.764343,-2.096803,-4.008136,2.139626,-1.554669,1.625668,0.542134
69.680000,-3.958339,3.754243,-2.089886,-4.007814,2.124088,-1.545446,1.630905,0.544440
69.740000,-3.964086,3.744102,-2.082969,-4.007478,2.112437,-1.538529,1.632242,0.544440
69.780000,-3.967879,3.737319,-2.078356,-4.007209,2.104670,-1.533916,1.633123,0.544440
69.840000,-3.973611,3.726987,-2.077453,-4.006761,2.092863,-1.533013,1.634460,0.544440
69.880000,-3.977436,3.720099,-2.078095,-4.006466,2.084990,-1.533655,1.635367,0.544440
69.940000,-3.983184,3.709770,-2.079121,-4.006033,2.073177,-1.534681,1.636752,0.544440
69.980000,-3.987023,3.702885,-2.079819,-4.005751,2.065300,-1.535379,1.637693,0.544440
70.040000,-3.992792,3.692561,-2.080873,-4.005338,2.053480,-1.536433,1.639129,0.544440
70.080000,-3.996645,3.685680,-2.081577,-4.005070,2.045599,-1.537137,1.640103,0.544440
70.140000,-4.002434,3.675361,-2.082633,-4.004678,2.033773,-1.538193,1.641590,0.544440
70.180000,-4.006302,3.668483,-2.083338,-4.004424,2.025886,-1.538898,1.642598,0.544440
70.240000,-4.012112,3.658169,-2.084395,-4.004052,2.014053,-1.539955,1.644135,0.544440
70.280000,-4.015994,3.651294,-2.085100,-4.003812,2.006163,-1.540660,1.645177,0.544440
70.340000,-4.021826,3.640985,-2.086157,-4.003461,1.994323,-1.541717,1.646764,0.544440
70.380000,-4.025721,3.634114,-2.086861,-4.003234,1.986428,-1.542421,1.647839,0.544440
70.440000,-4.031573,3.623811,-2.087906,-4.002904,1.974583,-1.543466,1.649476,0.544440
70.480000,-4.035482,3.616944,-2.088594,-4.002691,1.966685,-1.544154,1.650585,0.544440
70.540000,-4.041354,3.606647,-2.089611,-4.002381,1.954835,-1.545171,1.652271,0.544440
70.580000,-4.045276,3.599784,-2.090279,-4.002181,1.946934,-1.545839,1.653412,0.544440
70.640000,-4.051168,3.589493,-2.091266,-3.997891,1.935079,-1.546826,1.655272,0.544440
70.680000,-4.055090,3.582656,-2.091993,-3.993705,1.927199,-1.547553,1.656595,0.544440
70.740000,-4.060951,3.572464,-2.093429,-3.991440,1.915444,-1.548989,1.658477,0.544440
70.780000,-4.064859,3.565689,-2.094576,-3.991274,1.907625,-1.550136,1.659696,0.544440
70.840000,-4.070739,3.555530,-2.096353,-3.991042,1.895890,-1.551913,1.661553,0.544440
70.880000,-4.074671,3.548759,-2.097526,-3.990898,1.888061,-1.553086,1.662810,0.544440
70.940000,-4.080588,3.538604,-2.099243,-3.990700,1.876310,-1.554803,1.664723,0.544440
71.000000,-4.086527,3.528452,-2.100901,-3.990522,1.864549,-1.556461,1.666670,0.544440
71.040000,-4.090498,3.521684,-2.101974,-3.990414,1.856703,-1.557534,1.667986,0.544440
71.080000,-4.094478,3.514918,-2.103019,-3.990314,1.848854,-1.558579,1.669317,0.544440
71.140000,-4.100465,3.504770,-2.104540,-3.990179,1.837072,-1.560100,1.671340,0.544440
71.200000,-4.106471,3.494623,-2.106001,-3.990062,1.825281,-1.561561,1.673395,0.544440
71.240000,-4.110486,3.487859,-2.106943,-3.989993,1.817416,-1.562503,1.674783,0.544440
71.280000,-4.114509,3.481096,-2.107860,-3.989931,1.809547,-1.563420,1.676185,0.544440
71.340000,-4.120559,3.470951,-2.109188,-3.989852,1.797736,-1.564748,1.678313,0.544440
71.400000,-4.126625,3.460808,-2.110459,-3.989788,1.785917,-1.566019,1.680472,0.544440
71.440000,-4.130679,3.454046,-2.111274,-3.989753,1.778033,-1.566834,1.681928,0.544440
71.480000,-4.134740,3.447285,-2.112068,-3.989725,1.770146,-1.567628,1.683397,0.544440
71.540000,-4.140845,3.437144,-2.113218,-3.989695,1.758309,-1.568778,1.685625,0.544440
71.600000,-4.146965,3.427002,-2.114315,-3.989677,1.746464,-1.569875,1.687883,0.544440
71.640000,-4.151053,3.420242,-2.115017,-3.989673,1.738564,-1.570577,1.689404,0.544440
71.680000,-4.155148,3.413481,-2.115698,-3.989674,1.730660,-1.571258,1.690937,0.544440
71.740000,-4.161301,3.403340,-2.116675,-3.989685,1.718798,-1.572235,1.693261,0.544440
71.780000,-4.165411,3.396579,-2.117300,-3.989699,1.710886,-1.572860,1.694826,0.544440
71.840000,-4.171585,3.386439,-2.118203,-3.989729,1.699014,-1.573763,1.697196,0.544440
71.880000,-4.175709,3.379678,-2.118778,-3.989755,1.691095,-1.574338,1.698792,0.544440
71.940000,-4.181904,3.369537,-2.119605,-3.989802,1.679211,-1.575165,1.701207,0.544440
71.980000,-4.186041,3.362777,-2.120133,-3.989838,1.671286,-1.575693,1.702832,0.544440
72.040000,-4.192255,3.352635,-2.120890,-3.988865,1.663414,-1.573658,1.701422,0.547232
72.080000,-4.196395,3.345887,-2.121422,-3.987790,1.659513,-1.571398,1.699227,0.550024
72.140000,-4.202594,3.335802,-2.122412,-3.987221,1.649682,-1.570992,1.699820,0.551420
72.200000,-4.208797,3.325733,-2.123564,-3.987230,1.637855,-1.572144,1.702358,0.551420
72.240000,-4.212942,3.319021,-2.124335,-3.987244,1.629966,-1.572915,1.704067,0.551420
72.280000,-4.217093,3.312309,-2.125093,-3.987263,1.622075,-1.573673,1.705788,0.551420
72.340000,-4.223333,3.302241,-2.126185,-3.987304,1.610230,-1.574765,1.708395,0.551420
72.380000,-4.227502,3.295529,-2.126886,-3.987338,1.602329,-1.575466,1.710148,0.551420
72.440000,-4.233766,3.285461,-2.127894,-3.987399,1.590471,-1.576474,1.712801,0.551420
72.480000,-4.237950,3.278749,-2.128536,-3.987447,1.582562,-1.577116,1.714585,0.551420
72.540000,-4.244238,3.268680,-2.129456,-3.987527,1.570691,-1.578036,1.717284,0.551420
72.580000,-4.248436,3.261967,-2.130040,-3.987587,1.562774,-1.578620,1.719099,0.551420
72.640000,-4.254745,3.251897,-2.130875,-3.987685,1.550891,-1.579455,1.721843,0.551420
72.680000,-4.258958,3.245182,-2.131399,-3.987756,1.542964,-1.579979,1.723687,0.551420
72.740000,-4.265287,3.235111,-2.132148,-3.987870,1.531070,-1.580728,1.726475,0.551420
72.780000,-4.269511,3.228396,-2.132624,-3.987950,1.523137,-1.581204,1.728347,0.551420
72.840000,-4.275858,3.218322,-2.133297,-3.988078,1.511231,-1.581877,1.731177,0.551420
72.880000,-4.280094,3.211605,-2.133721,-3.988168,1.503291,-1.582301,1.733078,0.551420
72.940000,-4.286456,3.201530,-2.134323,-3.988309,1.491376,-1.582903,1.735949,0.551420
72.980000,-4.290703,3.194812,-2.134701,-3.988406,1.483429,-1.583281,1.737877,0.551420
73.040000,-4.297080,3.184733,-2.135230,-3.988558,1.471503,-1.583810,1.740788,0.551420
73.080000,-4.301336,3.178014,-2.135561,-3.988663,1.463549,-1.584141,1.742743,0.551420
73.140000,-4.307727,3.167932,-2.136024,-3.988825,1.451614,-1.584604,1.745694,0.551420
73.180000,-4.311992,3.161210,-2.136312,-3.988936,1.443654,-1.584892,1.747674,0.551420
73.240000,-4.318395,3.151126,-2.136711,-3.989107,1.431710,-1.585291,1.750663,0.551420
73.300000,-4.324804,3.141040,-2.137074,-3.989283,1.419761,-1.585654,1.753675,0.551420
73.340000,-4.329081,3.134316,-2.137299,-3.989402,1.411793,-1.585879,1.755695,0.551420
73.380000,-4.333359,3.127590,-2.137509,-3.989523,1.403823,-1.586089,1.757725,0.551420
73.440000,-4.339782,3.117500,-2.137797,-3.990252,1.391867,-1.587773,1.760676,0.550024
73.480000,-4.344071,3.110765,-2.137945,-3.990933,1.383888,-1.589317,1.762615,0.548628
73.540000,-4.350514,3.100651,-2.138026,-3.991433,1.371900,-1.590096,1.765650,0.547930
73.580000,-4.354807,3.093912,-2.137997,-3.991587,1.363910,-1.590067,1.767720,0.547930
73.640000,-4.361245,3.083805,-2.137905,-3.991818,1.351929,-1.589975,1.770838,0.547930
73.680000,-4.365536,3.077067,-2.137825,-3.991971,1.343943,-1.589895,1.772927,0.547930
73.740000,-4.371970,3.066963,-2.137690,-3.992199,1.331966,-1.589760,1.776074,0.547930
73.780000,-4.376257,3.060227,-2.137590,-3.992350,1.323983,-1.589660,1.778181,0.547930
73.840000,-4.382686,3.050123,-2.137427,-3.992574,1.312009,-1.589497,1.781355,0.547930
73.880000,-4.386971,3.043388,-2.137311,-3.992723,1.304028,-1.589381,1.783481,0.547930
73.940000,-4.393396,3.033285,-2.137125,-3.992945,1.292058,-1.589195,1.786682,0.547930
73.980000,-4.397677,3.026550,-2.136994,-3.993091,1.284079,-1.589064,1.788826,0.547930
74.040000,-4.404097,3.016448,-2.136787,-3.993308,1.272111,-1.588857,1.792054,0.547930
74.080000,-4.408375,3.009713,-2.136643,-3.993452,1.264134,-1.588713,1.794215,0.547930
74.140000,-4.414790,2.999611,-2.136418,-3.993665,1.252169,-1.588488,1.797470,0.547930
74.180000,-4.419064,2.992876,-2.136262,-3.993805,1.244193,-1.588332,1.799649,0.547930
74.240000,-4.425474,2.982773,-2.136021,-3.994014,1.232230,-1.588091,1.802930,0.547930
74.280000,-4.429745,2.976037,-2.135854,-3.994151,1.224255,-1.587924,1.805126,0.547930
74.340000,-4.436150,2.965933,-2.135599,-3.994354,1.212294,-1.587669,1.808434,0.547930
74.380000,-4.440417,2.959197,-2.135424,-3.994488,1.204321,-1.587494,1.810647,0.547930
74.440000,-4.446816,2.949091,-2.135156,-3.994686,1.192362,-1.587226,1.813979,0.547930
74.480000,-4.451081,2.942354,-2.134973,-3.994817,1.184389,-1.587043,1.816209,0.547930
74.540000,-4.457474,2.932247,-2.134695,-3.995009,1.172431,-1.586765,1.819567,0.547930
74.580000,-4.461735,2.925508,-2.134507,-3.995136,1.164459,-1.586577,1.821814,0.547930
74.640000,-4.468123,2.915399,-2.134220,-3.995323,1.152502,-1.586290,1.825197,0.547930
74.680000,-4.472380,2.908659,-2.134026,-3.995446,1.144531,-1.586096,1.827460,0.547930
74.740000,-4.478763,2.898547,-2.133732,-3.995627,1.132575,-1.585802,1.830868,0.547930
74.780000,-4.483016,2.891806,-2.133534,-3.995746,1.124605,-1.585604,1.833148,0.547930
74.840000,-4.489394,2.881692,-2.133234,-3.996468,1.108660,-1.586700,1.840276,0.546534
74.880000,-4.493639,2.874955,-2.133006,-3.997142,1.096709,-1.587868,1.846258,0.545138
74.940000,-4.499993,2.864866,-2.132547,-3.997622,1.082793,-1.588107,1.851529,0.544440
74.980000,-4.504222,2.858143,-2.132174,-3.997758,1.074851,-1.587734,1.853817,0.544440
75.040000,-4.510562,2.848056,-2.131591,-3.997956,1.062939,-1.587151,1.857258,0.544440
75.080000,-4.514785,2.841328,-2.131199,-3.998085,1.054996,-1.586759,1.859559,0.544440
75.140000,-4.521117,2.831232,-2.130617,-3.998271,1.043081,-1.586177,1.863022,0.544440
75.180000,-4.525334,2.824499,-2.130234,-3.998392,1.035137,-1.585794,1.865338,0.544440
75.240000,-4.531657,2.814395,-2.129667,-3.998567,1.023219,-1.585227,1.868822,0.544440
75.280000,-4.535870,2.807656,-2.129295,-3.998681,1.015273,-1.584855,1.871152,0.544440
75.340000,-4.542184,2.797545,-2.128745,-3.998845,1.003352,-1.584305,1.874658,0.544440
75.380000,-4.546391,2.790801,-2.128384,-3.998951,0.995405,-1.583944,1.877003,0.544440
75.440000,-4.552698,2.780681,-2.127852,-3.999104,0.983482,-1.583412,1.880530,0.544440
75.480000,-4.556900,2.773932,-2.127503,-3.999203,0.975532,-1.583063,1.882889,0.544440
75.540000,-4.563199,2.763805,-2.126988,-3.999347,0.963606,-1.582548,1.886437,0.544440
75.600000,-4.569494,2.753673,-2.126484,-3.999484,0.951679,-1.582044,1.889999,0.544440
75.640000,-4.573689,2.746916,-2.126154,-3.999572,0.943726,-1.581714,1.892380,0.544440
75.680000,-4.577881,2.740157,-2.125829,-3.999657,0.935773,-1.581389,1.894768,0.544440
75.740000,-4.584167,2.730015,-2.125350,-3.999781,0.923842,-1.580910,1.898359,0.544440
75.780000,-4.588355,2.723251,-2.125037,-3.999860,0.915887,-1.580597,1.900761,0.544440
75.840000,-4.594633,2.713101,-2.124577,-3.999974,0.903953,-1.580137,1.904373,0.544440
75.880000,-4.598817,2.706333,-2.124277,-4.000048,0.895996,-1.579837,1.906789,0.544440
75.940000,-4.605090,2.696176,-2.123836,-4.000153,0.884059,-1.579396,1.910424,0.544440
76.000000,-4.611359,2.686016,-2.123405,-4.000253,0.872120,-1.578965,1.914071,0.544440
76.040000,-4.615536,2.679240,-2.123125,-4.000317,0.864160,-1.578685,1.916509,0.544440
76.080000,-4.619712,2.672462,-2.122849,-4.000378,0.856200,-1.578409,1.918954,0.544440
76.140000,-4.625973,2.662292,-2.122444,-4.000467,0.844258,-1.578004,1.922631,0.544440
76.180000,-4.630145,2.655510,-2.122180,-4.000523,0.836295,-1.577740,1.925089,0.544440
76.240000,-4.636401,2.645334,-2.121793,-4.000604,0.824350,-1.577353,1.928787,0.544440
76.280000,-4.640570,2.638548,-2.121540,-4.000655,0.816386,-1.577100,1.931260,0.544440
76.340000,-4.646820,2.628366,-2.121171,-4.000728,0.804439,-1.576731,1.934979,0.544440
76.380000,-4.650986,2.621576,-2.120930,-4.000775,0.796473,-1.576490,1.937466,0.544440
76.440000,-4.657231,2.611388,-2.120578,-4.000840,0.784523,-1.576138,1.941207,0.544440
76.480000,-4.663474,2.601196,-2.120237,-4.000882,0.776555,-1.575910,1.941222,0.544328
76.540000,-4.667635,2.594400,-2.120016,-4.000941,0.764603,-1.575576,1.947470,0.544440
76.580000,-4.671794,2.587602,-2.119799,-4.000978,0.756634,-1.575359,1.949985,0.544440
76.640000,-4.678031,2.577403,-2.119482,-4.001031,0.744679,-1.575042,1.953768,0.544440
76.680000,-4.682188,2.570602,-2.119276,-4.001064,0.736708,-1.574836,1.956297,0.544440
76.740000,-4.688421,2.560397,-2.118975,-4.001111,0.724750,-1.574535,1.960101,0.544440
76.780000,-4.692575,2.553592,-2.118781,-4.001140,0.716778,-1.574341,1.962644,0.544440
76.840000,-4.698804,2.543383,-2.118497,-4.001180,0.704818,-1.574057,1.966469,0.544440
76.880000,-4.702956,2.536575,-2.118313,-4.001206,0.696844,-1.573873,1.969026,0.544440
76.940000,-4.709182,2.526360,-2.118045,-4.001241,0.684882,-1.573605,1.972872,0.544440
76.980000,-4.713331,2.519549,-2.117872,-4.001263,0.676906,-1.573432,1.975443,0.544440
77.040000,-4.719554,2.509330,-2.117620,-4.001293,0.664942,-1.573180,1.979310,0.544440
77.080000,-4.723701,2.502516,-2.117457,-4.001311,0.656965,-1.573017,1.981895,0.544440
77.140000,-4.729921,2.492292,-2.117221,-4.001336,0.644998,-1.572781,1.985782,0.544440
77.180000,-4.734066,2.485475,-2.117068,-4.001351,0.637020,-1.572628,1.988381,0.544440
77.240000,-4.740283,2.475248,-2.116846,-4.001372,0.625051,-1.572406,1.992290,0.544440
77.280000,-4.744426,2.468428,-2.116703,-4.001384,0.617071,-1.572263,1.994902,0.544440
77.340000,-4.750641,2.458196,-2.116496,-4.001400,0.605100,-1.572056,1.998831,0.544440
77.380000,-4.754783,2.451374,-2.116362,-4.001410,0.597119,-1.571922,2.001458,0.544440
77.440000,-4.760994,2.441138,-2.116169,-4.001422,0.585146,-1.571729,2.005407,0.544440
77.480000,-4.765135,2.434314,-2.116045,-4.001429,0.577163,-1.571605,2.008047,0.544440
77.540000,-4.771344,2.424075,-2.115865,-4.001438,0.565189,-1.571425,2.012017,0.544440
77.600000,-4.777553,2.413834,-2.115693,-4.001444,0.553213,-1.571253,2.016000,0.544440
77.640000,-4.781691,2.407005,-2.115583,-4.001448,0.545228,-1.571143,2.018661,0.544440
77.680000,-4.785829,2.400176,-2.115477,-4.001450,0.537243,-1.571037,2.021328,0.544440
77.740000,-4.792013,2.389965,-2.115230,-4.011452,0.535306,-1.570790,2.012222,0.544440
77.780000,-4.796100,2.383211,-2.114704,-4.011450,0.527411,-1.570264,2.014862,0.544440
77.840000,-4.802226,2.373071,-2.113716,-4.011438,0.515565,-1.569276,2.018830,0.544440
77.880000,-4.806305,2.366305,-2.113036,-4.011423,0.507664,-1.568596,2.021481,0.544440
77.940000,-4.812420,2.356144,-2.112040,-4.011391,0.495805,-1.567600,2.025465,0.544440
77.980000,-4.816492,2.349364,-2.111398,-4.011363,0.487896,-1.566958,2.028127,0.544440
78.040000,-4.822595,2.339187,-2.110448,-4.011312,0.476030,-1.566008,2.032126,0.544440
78.080000,-4.826658,2.332398,-2.109817,-4.011271,0.468117,-1.565377,2.034797,0.544440
78.140000,-4.832747,2.322206,-2.108870,-4.011201,0.456246,-1.564430,2.038810,0.544440
78.180000,-4.836802,2.315407,-2.108240,-4.011149,0.448329,-1.563800,2.041491,0.544440
78.240000,-4.842878,2.305201,-2.107294,-4.011060,0.436452,-1.562854,2.045518,0.544440
78.280000,-4.846924,2.298393,-2.106663,-4.010994,0.428533,-1.562223,2.048208,0.544440
78.340000,-4.852986,2.288173,-2.105716,-4.010887,0.416650,-1.561276,2.052250,0.544440
78.380000,-4.857023,2.281355,-2.105085,-4.010809,0.408727,-1.560645,2.054949,0.544440
78.440000,-4.863072,2.271121,-2.104138,-4.010683,0.396840,-1.559698,2.059004,0.544440
78.480000,-4.867100,2.264294,-2.103506,-4.010592,0.388913,-1.559066,2.061712,0.544440
78.540000,-4.873136,2.254045,-2.102559,-4.010447,0.377021,-1.558119,2.065781,0.544440
78.580000,-4.877155,2.247208,-2.101927,-4.010344,0.369091,-1.557487,2.068499,0.544440
78.640000,-4.883177,2.236946,-2.100979,-4.010180,0.357193,-1.556539,2.072582,0.544440
78.680000,-4.887187,2.230100,-2.100347,-4.010064,0.349259,-1.555907,2.075308,0.544440
78.740000,-4.893196,2.219823,-2.099399,-4.009882,0.337357,-1.554959,2.079405,0.544440
78.780000,-4.897197,2.212967,-2.098767,-4.009753,0.329419,-1.554327,2.082140,0.544440
78.840000,-4.903192,2.202676,-2.097818,-4.009552,0.317511,-1.553378,2.086250,0.544440
78.880000,-4.907184,2.195811,-2.097185,-4.009411,0.309571,-1.552745,2.088994,0.544440
78.940000,-4.913165,2.185506,-2.096236,-4.009190,0.297658,-1.551796,2.093118,0.544440
79.000000,-4.919139,2.175192,-2.095286,-4.008958,0.285742,-1.550846,2.097249,0.544440
79.040000,-4.923116,2.168312,-2.094653,-4.008797,0.281796,-1.550213,2.096407,0.544440
79.080000,-4.927091,2.161427,-2.094031,-4.008631,0.277847,-1.549591,2.095576,0.544440
79.140000,-4.933049,2.151088,-2.093148,-4.008372,0.267918,-1.548708,2.097941,0.544440
79.180000,-4.937017,2.144191,-2.092590,-4.008194,0.259963,-1.548150,2.100721,0.544440
79.240000,-4.942964,2.133838,-2.091770,-4.007919,0.248027,-1.547330,2.104897,0.544440
79.280000,-4.946924,2.126932,-2.091226,-4.007730,0.240068,-1.546786,2.107686,0.544440
79.340000,-4.952859,2.116567,-2.090412,-4.007439,0.228128,-1.545972,2.111877,0.544440
79.380000,-4.956812,2.109653,-2.089870,-4.007239,0.220166,-1.545430,2.114675,0.544440
79.440000,-4.962735,2.099276,-2.089056,-4.006931,0.208221,-1.544616,2.118879,0.544440
79.480000,-4.966680,2.092354,-2.088514,-4.006720,0.200257,-1.544074,2.121686,0.544440
79.540000,-4.972591,2.081965,-2.087700,-4.006396,0.188309,-1.543260,2.125904,0.544440
79.600000,-4.978495,2.071569,-2.086886,-4.006062,0.176357,-1.542446,2.130130,0.544440
79.640000,-4.982428,2.064634,-2.086343,-4.005834,0.168388,-1.541903,2.132952,0.544440
79.680000,-4.986357,2.057696,-2.085800,-4.005601,0.160418,-1.541360,2.135777,0.544440
79.740000,-4.992244,2.047283,-2.084985,-4.005244,0.148461,-1.540545,2.140021,0.544440
79.780000,-4.996039,2.040560,-2.084334,-4.005009,0.140745,-1.539894,2.142764,0.544440
79.840000,-5.000524,2.032586,-2.081287,-4.004715,0.131601,-1.536847,2.146015,0.544440
79.880000,-5.002734,2.028624,-2.077656,-4.004553,0.127068,-1.533216,2.147622,0.544440
79.940000,-5.004871,2.024746,-2.069809,-4.004373,0.122643,-1.525369,2.149184,0.544440
79.980000,-5.005492,2.023599,-2.062978,-4.004310,0.121340,-1.518538,2.149640,0.544440
80.040000,-5.005591,2.023413,-2.050331,-4.004298,0.121130,-1.505891,2.149714,0.544440
80.080000,-5.005591,2.023413,-2.040300,-4.004298,0.121130,-1.495860,2.149714,0.544440
80.140000,-5.005591,2.023413,-2.022854,-4.004298,0.121130,-1.478414,2.149714,0.544440
80.200000,-5.005591,2.023413,-2.002527,-4.004298,0.121130,-1.458087,2.149714,0.544440
80.240000,-5.005591,2.023413,-1.987376,-4.004298,0.121130,-1.442936,2.149714,0.544440
80.280000,-5.005591,2.023413,-1.970945,-4.004298,0.121130,-1.426505,2.149714,0.544440
80.340000,-5.005591,2.023413,-1.943898,-4.004298,0.121130,-1.399458,2.149714,0.544440
80.400000,-5.005591,2.023413,-1.913971,-4.004298,0.121130,-1.369531,2.149714,0.544440
80.440000,-5.005591,2.023413,-1.892420,-4.004298,0.121130,-1.347980,2.149714,0.544440
80.480000,-5.005591,2.023413,-1.869589,-4.004298,0.121130,-1.325149,2.149714,0.544440
80.540000,-5.005591,2.023413,-1.832942,-4.004298,0.121130,-1.288502,2.149714,0.544440
80.580000,-5.005591,2.023413,-1.806911,-4.004298,0.121130,-1.262471,2.149714,0.544440
80.640000,-5.005591,2.023413,-1.765465,-4.004298,0.121130,-1.221025,2.149714,0.544440
80.680000,-5.005591,2.023413,-1.736234,-4.004298,0.121130,-1.191794,2.149714,0.544440
80.740000,-5.005591,2.023413,-1.689987,-4.004298,0.121130,-1.145547,2.149714,0.544440
80.780000,-5.005591,2.023413,-1.658004,-4.004298,0.121130,-1.113564,2.149714,0.544440
80.840000,-5.005591,2.023413,-1.610004,-4.004298,0.121130,-1.065564,2.149714,0.544440
80.880000,-5.005591,2.023413,-1.578004,-4.004298,0.121130,-1.033564,2.149714,0.544440
80.940000,-5.005590,2.023376,-1.530025,-4.004278,0.121099,-0.985585,2.149717,0.544440
80.980000,-5.005561,2.022910,-1.498567,-4.004012,0.120715,-0.954127,2.149755,0.544440
81.040000,-5.005346,2.020720,-1.453469,-4.002694,0.118953,-0.909029,2.149890,0.544440
81.080000,-5.005020,2.018275,-1.424999,-4.001149,0.117030,-0.880559,2.149997,0.544440
81.140000,-5.004154,2.013147,-1.384726,-3.997752,0.113093,-0.840286,2.150128,0.544440
81.180000,-5.003270,2.008768,-1.359424,-3.994728,0.109805,-0.814984,2.150167,0.544440
81.240000,-5.001402,2.000790,-1.323919,-3.988997,0.103947,-0.779479,2.150110,0.544440
81.280000,-4.999799,1.994720,-1.301833,-3.984482,0.099585,-0.757393,2.149977,0.544440
81.340000,-4.996933,1.984930,-1.271128,-3.976960,0.092695,-0.726688,2.149627,0.544440
81.380000,-4.994712,1.977978,-1.252258,-3.971459,0.087899,-0.707818,2.149289,0.544440
81.440000,-4.990963,1.967099,-1.226211,-3.962617,0.080534,-0.681771,2.148632,0.544440
81.480000,-4.988322,1.959923,-1.209999,-3.956642,0.075764,-0.665559,2.148120,0.544440
81.540000,-4.984904,1.951156,-1.187788,-3.949177,0.070034,-0.643348,2.147405,0.544440
81.580000,-4.982611,1.945581,-1.173226,-3.944328,0.066454,-0.628786,2.146893,0.544440
81.640000,-4.979019,1.937284,-1.151383,-3.936958,0.061216,-0.606943,2.146048,0.544440
81.680000,-4.976525,1.931796,-1.136821,-3.931982,0.057814,-0.592381,2.145432,0.544440
81.740000,-4.972633,1.923635,-1.114978,-3.924427,0.052848,-0.570538,2.144430,0.544440
81.780000,-4.969941,1.918242,-1.100416,-3.919330,0.049630,-0.555976,2.143710,0.544440
81.840000,-4.965888,1.910473,-1.080269,-3.911840,0.045083,-0.535829,2.142592,0.544440
81.900000,-4.961611,1.902631,-1.063114,-3.904119,0.040590,-0.518674,2.141375,0.544440
81.940000,-4.958673,1.897412,-1.052840,-3.898903,0.037648,-0.508400,2.140522,0.544440
81.980000,-4.955671,1.892206,-1.042684,-3.893638,0.034749,-0.498244,2.139640,0.544440
82.040000,-4.951046,1.884415,-1.027592,-3.885331,0.030894,-0.479662,2.138057,0.547930
82.080000,-4.947877,1.879226,-1.017646,-3.879924,0.028116,-0.469716,2.137086,0.547930
82.140000,-4.943009,1.871470,-1.002864,-3.871728,0.024031,-0.454934,2.135574,0.547930
82.180000,-4.939686,1.866319,-0.993091,-3.866208,0.021365,-0.445161,2.134528,0.547930
82.240000,-4.934588,1.858621,-0.978558,-3.857846,0.017450,-0.430628,2.132905,0.547930
82.280000,-4.931113,1.853509,-0.968950,-3.852217,0.014896,-0.421020,2.131786,0.547930
82.340000,-4.925785,1.845869,-0.954674,-3.843689,0.011151,-0.406744,2.130052,0.547930
82.380000,-4.922158,1.840799,-0.945249,-3.837952,0.008712,-0.397319,2.128860,0.547930
82.440000,-4.916608,1.833228,-0.931237,-3.829270,0.005140,-0.383307,2.127019,0.547930
82.480000,-4.912834,1.828202,-0.921988,-3.823430,0.002816,-0.374058,2.125754,0.547930
82.540000,-4.907061,1.820698,-0.908257,-3.814594,-0.000582,-0.360327,2.123805,0.547930
82.580000,-4.903140,1.815719,-0.899199,-3.808653,-0.002790,-0.351269,2.122469,0.547930
82.640000,-4.897150,1.808286,-0.885759,-3.799668,-0.006014,-0.337829,2.120413,0.547930
82.680000,-4.893084,1.803355,-0.876901,-3.793629,-0.008105,-0.328971,2.119007,0.547930
82.740000,-4.886879,1.795995,-0.863769,-3.784499,-0.011155,-0.315839,2.116846,0.547930
82.780000,-4.882672,1.791113,-0.855122,-3.778364,-0.013131,-0.307192,2.115371,0.547930
82.840000,-4.876255,1.783829,-0.842311,-3.769092,-0.016007,-0.294381,2.113106,0.547930
82.900000,-4.869715,1.776590,-0.829698,-3.759738,-0.018778,-0.281768,2.110781,0.547930
82.940000,-4.865282,1.771787,-0.821406,-3.753453,-0.020569,-0.273476,2.109196,0.547930
82.980000,-4.860799,1.767008,-0.813205,-3.747136,-0.022313,-0.265275,2.107585,0.547930
83.040000,-4.853970,1.759876,-0.801086,-3.737592,-0.024844,-0.253156,2.105119,0.547930
83.080000,-4.849353,1.755150,-0.793113,-3.731189,-0.026473,-0.245183,2.103443,0.547930
83.140000,-4.842330,1.748101,-0.781328,-3.721522,-0.028831,-0.233398,2.100881,0.547930
83.180000,-4.837583,1.743428,-0.773590,-3.715035,-0.030347,-0.225660,2.099141,0.547930
83.240000,-4.830366,1.736460,-0.762163,-3.705245,-0.032535,-0.214233,2.096483,0.547930
83.280000,-4.825491,1.731842,-0.754666,-3.698679,-0.033938,-0.206736,2.094681,0.547930
83.340000,-4.818085,1.724955,-0.743610,-3.688770,-0.035959,-0.195680,2.091931,0.547930
83.380000,-4.813087,1.720392,-0.736361,-3.682126,-0.037251,-0.188431,2.090067,0.547930
83.440000,-4.805498,1.713586,-0.725677,-3.672103,-0.039107,-0.177747,2.087227,0.547930
83.480000,-4.800379,1.709077,-0.718682,-3.665384,-0.040289,-0.170752,2.085305,0.547930
83.540000,-4.792612,1.702354,-0.708375,-3.655252,-0.041982,-0.160445,2.082378,0.547930
83.580000,-4.787376,1.697898,-0.701636,-3.648461,-0.043058,-0.153706,2.080398,0.547930
83.640000,-4.779436,1.691256,-0.691715,-3.638224,-0.044592,-0.143785,2.077386,0.547930
83.680000,-4.774087,1.686855,-0.685231,-3.631365,-0.045562,-0.137301,2.075351,0.547930
83.740000,-4.765979,1.680292,-0.675708,-3.621025,-0.046940,-0.127778,2.072258,0.547930
83.780000,-4.760519,1.675944,-0.669489,-3.614100,-0.047808,-0.121559,2.070169,0.547930
83.840000,-4.752249,1.669460,-0.660357,-3.603663,-0.049035,-0.112427,2.066997,0.547930
83.880000,-4.746683,1.665164,-0.654402,-3.596674,-0.049803,-0.106472,2.064856,0.547930
83.940000,-4.738257,1.658758,-0.645668,-3.588938,-0.041333,-0.044690,2.052131,0.600978
83.980000,-4.732429,1.654392,-0.640535,-3.570818,-0.028015,0.013491,2.044464,0.654026
84.040000,-4.723082,1.647466,-0.635250,-3.548733,-0.019096,0.045300,2.038756,0.680550
84.080000,-4.716660,1.642743,-0.633337,-3.540769,-0.018727,0.047213,2.035485,0.680550
84.140000,-4.707037,1.635684,-0.632777,-3.528848,-0.018158,0.047773,2.030596,0.680550
84.180000,-4.700628,1.630983,-0.633032,-3.520909,-0.017779,0.047518,2.027351,0.680550
84.240000,-4.691021,1.623930,-0.633541,-3.509004,-0.017216,0.047009,2.022504,0.680550
84.280000,-4.684620,1.619226,-0.633919,-3.501070,-0.016844,0.046631,2.019287,0.680550
84.340000,-4.675025,1.612168,-0.634518,-3.489172,-0.016293,0.046032,2.014481,0.680550
84.380000,-4.668633,1.607461,-0.634933,-3.481241,-0.015929,0.045617,2.011292,0.680550
84.440000,-4.659050,1.600396,-0.635576,-3.469348,-0.015390,0.044974,2.006528,0.680550
84.480000,-4.652665,1.595684,-0.636017,-3.461421,-0.015035,0.044533,2.003367,0.680550
84.540000,-4.643094,1.588612,-0.636695,-3.449532,-0.014509,0.043855,1.998647,0.680550
84.580000,-4.636717,1.583895,-0.637157,-3.441607,-0.014163,0.043393,1.995514,0.680550
84.640000,-4.627157,1.576814,-0.637865,-3.429721,-0.013651,0.042685,1.990837,0.680550
84.680000,-4.620787,1.572090,-0.638346,-3.421799,-0.013315,0.042204,1.987733,0.680550
84.740000,-4.611239,1.565000,-0.639079,-3.409916,-0.012817,0.041471,1.983100,0.680550
84.780000,-4.604877,1.560270,-0.639575,-3.401995,-0.012491,0.040975,1.980026,0.680550
84.840000,-4.595340,1.553170,-0.640330,-3.390115,-0.012008,0.040220,1.975436,0.680550
84.880000,-4.588985,1.548433,-0.640839,-3.382195,-0.011692,0.039711,1.972392,0.680550
84.940000,-4.579698,1.541497,-0.642503,-3.370752,0.009184,0.065967,1.951803,0.708470
84.980000,-4.573608,1.536929,-0.644695,-3.363156,0.009677,0.063775,1.948767,0.708470
85.040000,-4.564486,1.530045,-0.648354,-3.351749,0.010385,0.060116,1.944247,0.708470
85.080000,-4.555376,1.523116,-0.652056,-3.344133,0.010834,0.057643,1.937552,0.709699
85.140000,-4.549311,1.518474,-0.654490,-3.332696,0.011473,0.053980,1.936802,0.708470
85.180000,-4.543251,1.513812,-0.656886,-3.325062,0.011876,0.051584,1.933855,0.708470
85.240000,-4.534171,1.506785,-0.660396,-3.313594,0.012448,0.048074,1.929469,0.708470
85.280000,-4.528124,1.502077,-0.662679,-3.305939,0.012808,0.045791,1.926567,0.708470
85.340000,-4.519063,1.494981,-0.666017,-3.294441,0.013315,0.042453,1.922246,0.708470
85.380000,-4.513028,1.490228,-0.668186,-3.286766,0.013633,0.040284,1.919389,0.708470
85.440000,-4.503984,1.483066,-0.671353,-3.275239,0.014079,0.037117,1.915134,0.708470
85.500000,-4.494949,1.475866,-0.674405,-3.263693,0.014490,0.034065,1.910919,0.708470
85.540000,-4.488933,1.471046,-0.676391,-3.255988,0.014745,0.032079,1.908132,0.708470
85.580000,-4.482920,1.466210,-0.678335,-3.248276,0.014985,0.030135,1.905361,0.708470
85.640000,-4.473909,1.458927,-0.681169,-3.236694,0.015317,0.027301,1.901239,0.708470
85.680000,-4.467906,1.454052,-0.683004,-3.228964,0.015521,0.025466,1.898512,0.708470
85.740000,-4.458910,1.446712,-0.685678,-3.217356,0.015801,0.022792,1.894455,0.708470
85.780000,-4.452916,1.441800,-0.687407,-3.209609,0.015971,0.021063,1.891772,0.708470
85.840000,-4.443932,1.434405,-0.689921,-3.197976,0.016202,0.018549,1.887779,0.708470
85.880000,-4.437948,1.429458,-0.691545,-3.190212,0.016339,0.016925,1.885139,0.708470
85.940000,-4.428976,1.422013,-0.693907,-3.178555,0.016523,0.014563,1.881211,0.708470
85.980000,-4.422999,1.417032,-0.695429,-3.170775,0.016630,0.013041,1.878614,0.708470
86.040000,-4.414039,1.409538,-0.697638,-3.159095,0.016770,0.010832,1.874750,0.708470
86.080000,-4.408067,1.404525,-0.699056,-3.151299,0.016848,0.009414,1.872195,0.708470
86.140000,-4.399117,1.396985,-0.701116,-3.139596,0.016947,0.007354,1.868395,0.708470
86.180000,-4.393153,1.391943,-0.702443,-3.131787,0.016999,0.006027,1.865882,0.708470
86.240000,-4.384211,1.384360,-0.704363,-3.120062,0.017058,0.004107,1.862145,0.708470
86.280000,-4.378253,1.379290,-0.705597,-3.112239,0.017085,0.002873,1.859675,0.708470
86.340000,-4.369318,1.371664,-0.707373,-3.100493,0.017109,0.001097,1.856001,0.708470
86.380000,-4.363364,1.366569,-0.708516,-3.092656,0.017113,-0.000046,1.853572,0.708470
86.440000,-4.354437,1.358906,-0.710164,-3.080891,0.017102,-0.001694,1.849961,0.708470
86.480000,-4.348488,1.353785,-0.711220,-3.073042,0.017085,-0.002750,1.847574,0.708470
86.540000,-4.339682,1.346184,-0.713052,-3.061951,0.038094,0.023338,1.828577,0.736390
86.580000,-4.333982,1.341244,-0.715418,-3.054410,0.038262,0.020972,1.826216,0.736390
86.640000,-4.325445,1.333794,-0.719590,-3.043081,0.038476,0.016800,1.822719,0.736390
86.680000,-4.319760,1.328798,-0.722433,-3.035515,0.038593,0.013957,1.820417,0.736390
86.740000,-4.311243,1.321259,-0.726619,-3.024141,0.038727,0.009771,1.817008,0.736390
86.800000,-4.302738,1.313669,-0.730662,-3.012742,0.038816,0.005728,1.813654,0.736390
86.840000,-4.297073,1.308579,-0.733264,-3.005126,0.038849,0.003126,1.811447,0.736390
86.880000,-4.291413,1.303467,-0.735795,-2.997500,0.038863,0.000595,1.809264,0.736390
86.940000,-4.282930,1.295758,-0.739452,-2.986037,0.038849,-0.003062,1.806032,0.736390
86.980000,-4.277280,1.290593,-0.741800,-2.978382,0.038817,-0.005410,1.803907,0.736390
87.040000,-4.268812,1.282806,-0.745189,-2.966878,0.038735,-0.008799,1.800762,0.736390
87.080000,-4.263171,1.277590,-0.747363,-2.959196,0.038659,-0.010973,1.798695,0.736390
87.140000,-4.254716,1.269730,-0.750491,-2.947652,0.038514,-0.014101,1.795636,0.736390
87.180000,-4.249083,1.264466,-0.752491,-2.939944,0.038397,-0.016101,1.793625,0.736390
87.240000,-4.240637,1.256536,-0.755358,-2.928360,0.038194,-0.018968,1.790650,0.736390
87.280000,-4.235011,1.251228,-0.757188,-2.920627,0.038040,-0.020798,1.788695,0.736390
87.340000,-4.226575,1.243234,-0.759812,-2.909007,0.037783,-0.023422,1.785804,0.736390
87.380000,-4.220952,1.237883,-0.761472,-2.901248,0.037595,-0.025082,1.783903,0.736390
87.440000,-4.212525,1.229830,-0.763859,-2.889596,0.037289,-0.027469,1.781094,0.736390
87.480000,-4.206909,1.224443,-0.765379,-2.881817,0.037069,-0.028989,1.779249,0.736390
87.540000,-4.198488,1.216335,-0.767548,-2.870132,0.036717,-0.031158,1.776521,0.736390
87.580000,-4.192875,1.210912,-0.768921,-2.862331,0.036469,-0.032531,1.774729,0.736390
87.640000,-4.184459,1.202752,-0.770873,-2.850615,0.036076,-0.034483,1.772081,0.736390
87.680000,-4.178848,1.197294,-0.772096,-2.842793,0.035801,-0.035706,1.770342,0.736390
87.740000,-4.170434,1.189087,-0.773835,-2.831047,0.035371,-0.037445,1.767772,0.736390
87.780000,-4.164826,1.183601,-0.774929,-2.823207,0.035073,-0.038539,1.766085,0.736390
87.840000,-4.156413,1.175350,-0.776472,-2.811433,0.034610,-0.040082,1.763593,0.736390
87.880000,-4.150805,1.169836,-0.777437,-2.803575,0.034291,-0.041047,1.761957,0.736390
87.940000,-4.142364,1.161517,-0.778663,-2.791744,0.021039,-0.049253,1.767728,0.729410
87.980000,-4.136692,1.155920,-0.778825,-2.783785,0.020646,-0.049415,1.766127,0.729410
88.040000,-4.128190,1.147530,-0.778621,-2.771855,0.020057,-0.049211,1.763757,0.729410
88.080000,-4.122524,1.141941,-0.778379,-2.763906,0.019666,-0.048969,1.762198,0.729410
88.140000,-4.114024,1.133564,-0.777953,-2.751986,0.019085,-0.048543,1.759890,0.729410
88.180000,-4.108358,1.127983,-0.777640,-2.744043,0.018700,-0.048230,1.758370,0.729410
88.240000,-4.099858,1.119618,-0.777141,-2.732131,0.018128,-0.047731,1.756121,0.729410
88.280000,-4.094191,1.114046,-0.776790,-2.724192,0.017750,-0.047380,1.754640,0.729410
88.340000,-4.085689,1.105693,-0.776239,-2.712287,0.017189,-0.046829,1.752449,0.729410
88.380000,-4.077185,1.097349,-0.775660,-2.704352,0.016819,-0.046446,1.747060,0.729213
88.440000,-4.071515,1.091790,-0.775258,-2.692453,0.016269,-0.045848,1.748873,0.729410
88.480000,-4.065843,1.086234,-0.774846,-2.684522,0.015907,-0.045436,1.747469,0.729410
88.540000,-4.057333,1.077907,-0.774208,-2.672628,0.015370,-0.044798,1.745392,0.729410
88.580000,-4.048819,1.069588,-0.773549,-2.664700,0.015016,-0.044360,1.740089,0.729188
88.640000,-4.043142,1.064046,-0.773098,-2.652810,0.014492,-0.043688,1.742006,0.729410
88.700000,-4.034622,1.055739,-0.772407,-2.640922,0.013977,-0.042997,1.740020,0.729410
88.740000,-4.028940,1.050205,-0.771937,-2.632998,0.013638,-0.042527,1.738715,0.729410
88.800000,-4.020414,1.041911,-0.771219,-2.621113,0.013136,-0.041809,1.736785,0.729410
88.840000,-4.014727,1.036386,-0.770732,-2.613191,0.012807,-0.041322,1.735517,0.729410
88.880000,-4.009038,1.030864,-0.770239,-2.605270,0.012481,-0.040829,1.734263,0.729410
88.940000,-4.000500,1.022588,-0.769490,-2.593388,0.012000,-0.040080,1.732412,0.729410
88.980000,-3.994805,1.017074,-0.768985,-2.585468,0.011685,-0.039575,1.731196,0.729410
89.040000,-3.986259,1.008810,-0.768219,-2.573589,0.011219,-0.038809,1.729400,0.729410
89.080000,-3.980558,1.003305,-0.767704,-2.565669,0.010913,-0.038294,1.728222,0.729410
89.140000,-3.972002,0.995053,-0.766925,-2.553791,0.010463,-0.037515,1.726482,0.729410
89.200000,-3.963440,0.986808,-0.766140,-2.541913,0.010022,-0.036730,1.724776,0.729410
89.240000,-3.957729,0.981315,-0.765613,-2.533995,0.009733,-0.036203,1.723657,0.729410
89.300000,-3.949157,0.973083,-0.764820,-2.522117,0.009307,-0.035410,1.722007,0.729410
89.340000,-3.943439,0.967598,-0.764289,-2.514270,0.003948,-0.037671,1.723702,0.726618
89.380000,-3.937748,0.962146,-0.763629,-2.506437,-0.001434,-0.039803,1.725438,0.723826
89.440000,-3.929283,0.954054,-0.762065,-2.494747,-0.004446,-0.039635,1.725287,0.722430
89.480000,-3.923654,0.948688,-0.760682,-2.486977,-0.004749,-0.038252,1.724263,0.722430
89.540000,-3.915192,0.940652,-0.758450,-2.475315,-0.005182,-0.036020,1.722745,0.722430
89.580000,-3.909537,0.935302,-0.756927,-2.467535,-0.005457,-0.034497,1.721743,0.722430
89.640000,-3.901035,0.927290,-0.754627,-2.455860,-0.005846,-0.032197,1.720255,0.722430
89.680000,-3.895354,0.921956,-0.753090,-2.448071,-0.006091,-0.030660,1.719274,0.722430
89.740000,-3.886812,0.913967,-0.750782,-2.436380,-0.006436,-0.028352,1.717817,0.722430
89.780000,-3.881104,0.908649,-0.749242,-2.428581,-0.006651,-0.026812,1.716857,0.722430
89.840000,-3.872521,0.900685,-0.746931,-2.416876,-0.006952,-0.024501,1.715432,0.722430
89.880000,-3.866786,0.895383,-0.745390,-2.409068,-0.007137,-0.022960,1.714492,0.722430
89.940000,-3.858163,0.887442,-0.743076,-2.397349,-0.007393,-0.020646,1.713099,0.722430
89.980000,-3.852401,0.882156,-0.741532,-2.389531,-0.007548,-0.019102,1.712181,0.722430
90.040000,-3.843737,0.874240,-0.739215,-2.377797,-0.007759,-0.016785,1.710819,0.722430
90.100000,-3.835050,0.866338,-0.736897,-2.366055,-0.007942,-0.014467,1.709477,0.722430
90.140000,-3.829244,0.861078,-0.735351,-2.358222,-0.008049,-0.012921,1.708593,0.722430
90.200000,-3.820516,0.853201,-0.733030,-2.346466,-0.008188,-0.010600,1.707283,0.722430
90.240000,-3.814684,0.847959,-0.731482,-2.338624,-0.008265,-0.009052,1.706421,0.722430
90.280000,-3.808841,0.842722,-0.729933,-2.330778,-0.008330,-0.007503,1.705567,0.722430
90.340000,-3.800057,0.834880,-0.727608,-2.319003,-0.008404,-0.005178,1.704303,0.722430
90.380000,-3.794187,0.829661,-0.726057,-2.311149,-0.008439,-0.003627,1.703472,0.722430
90.440000,-3.785362,0.821844,-0.723730,-2.299359,-0.008468,-0.001300,1.702240,0.722430
90.480000,-3.779466,0.816641,-0.722177,-2.291496,-0.008472,0.000253,1.701431,0.722430
90.540000,-3.770601,0.808850,-0.719847,-2.279694,-0.008455,0.002583,1.700233,0.722430
90.580000,-3.764678,0.803665,-0.718292,-2.271822,-0.008429,0.004138,1.699446,0.722430
90.640000,-3.755772,0.795899,-0.715959,-2.260006,-0.008366,0.006471,1.698281,0.722430
90.680000,-3.749822,0.790731,-0.714403,-2.252125,-0.008309,0.008027,1.697516,0.722430
90.740000,-3.740876,0.782992,-0.712067,-2.240297,-0.008200,0.010363,1.696386,0.722430
90.780000,-3.734899,0.777841,-0.710509,-2.232407,-0.008112,0.011921,1.695643,0.722430
90.840000,-3.725898,0.770114,-0.708459,-2.220579,0.000644,0.010481,1.690582,0.718940
90.880000,-3.716854,0.762365,-0.708733,-2.212639,0.000728,0.010504,1.686047,0.719236
90.940000,-3.710831,0.757197,-0.709567,-2.200735,0.000847,0.009373,1.688922,0.718940
90.980000,-3.704812,0.752023,-0.710550,-2.192798,0.000918,0.008390,1.688297,0.718940
91.040000,-3.695791,0.744248,-0.712128,-2.180888,0.001008,0.006812,1.687405,0.718940
91.080000,-3.689781,0.739055,-0.713205,-2.172946,0.001058,0.005735,1.686840,0.718940
91.140000,-3.680774,0.731250,-0.714833,-2.161028,0.001117,0.004107,1.686038,0.718940
91.200000,-3.671776,0.723426,-0.716466,-2.149104,0.001156,0.002474,1.685290,0.718940
91.240000,-3.665762,0.718185,-0.717170,-2.141127,0.001172,0.001770,1.684820,0.718940
91.280000,-3.659746,0.712937,-0.717463,-2.133144,0.001185,0.001477,1.684371,0.718940
91.340000,-3.650723,0.705062,-0.717680,-2.121167,0.001201,0.001260,1.683734,0.718940
91.380000,-3.644708,0.699810,-0.717794,-2.113182,0.001211,0.001146,1.683334,0.718940
91.440000,-3.635687,0.691931,-0.717966,-2.101205,0.001224,0.000974,1.682769,0.718940
91.480000,-3.629673,0.686678,-0.718080,-2.093220,0.001231,0.000860,1.682417,0.718940
91.540000,-3.620654,0.678797,-0.718252,-2.081242,0.001240,0.000688,1.681925,0.718940
91.580000,-3.614642,0.673542,-0.718366,-2.073257,0.001245,0.000574,1.681621,0.718940
91.640000,-3.605625,0.665658,-0.718525,-2.061280,0.001251,0.000415,1.681201,0.718940
91.680000,-3.599612,0.660400,-0.718607,-2.053292,0.001254,0.000333,1.680946,0.718940
91.740000,-3.590593,0.652511,-0.718723,-2.041310,0.001258,0.000217,1.680598,0.718940
91.780000,-3.584581,0.647251,-0.718799,-2.033321,0.001259,0.000141,1.680390,0.718940
91.840000,-3.575563,0.639360,-0.718912,-2.021339,0.001260,0.000028,1.680115,0.718940
91.880000,-3.569552,0.634099,-0.718987,-2.013350,0.001260,-0.000047,1.679955,0.718940
91.940000,-3.560535,0.626206,-0.719099,-2.001366,0.001259,-0.000159,1.679751,0.718940
91.980000,-3.554524,0.620943,-0.719174,-1.993377,0.001257,-0.000234,1.679640,0.718940
92.040000,-3.545508,0.613047,-0.719285,-1.981393,0.001254,-0.000345,1.679508,0.718940
92.080000,-3.539497,0.607783,-0.719356,-1.973403,0.001251,-0.000416,1.679444,0.718940
92.140000,-3.530484,0.599887,-0.719466,-1.961426,0.001780,0.000870,1.679189,0.720336
92.180000,-3.524480,0.594626,-0.719565,-1.953443,0.002336,0.002167,1.678977,0.721732
92.240000,-3.515490,0.586747,-0.719816,-1.941487,0.002645,0.002614,1.678887,0.722430
92.280000,-3.509503,0.581496,-0.720044,-1.933523,0.002665,0.002386,1.678915,0.722430
92.340000,-3.500523,0.573616,-0.720407,-1.921576,0.002691,0.002023,1.678996,0.722430
92.400000,-3.491544,0.565732,-0.720766,-1.909627,0.002713,0.001664,1.679122,0.722430
92.440000,-3.485558,0.560473,-0.720997,-1.901660,0.002726,0.001433,1.679231,0.722430
92.480000,-3.479574,0.555212,-0.721223,-1.893692,0.002736,0.001207,1.679361,0.722430
92.540000,-3.470598,0.547318,-0.721550,-1.881738,0.002749,0.000880,1.679593,0.722430
92.580000,-3.464614,0.542052,-0.721760,-1.873767,0.002755,0.000670,1.679772,0.722430
92.640000,-3.455639,0.534150,-0.722062,-1.861809,0.002761,0.000368,1.680080,0.722430
92.680000,-3.449657,0.528880,-0.722256,-1.853837,0.002763,0.000174,1.680310,0.722430
92.740000,-3.440683,0.520972,-0.722536,-1.841876,0.002764,-0.000106,1.680692,0.722430
92.780000,-3.434702,0.515698,-0.722715,-1.833901,0.002762,-0.000285,1.680972,0.722430
92.840000,-3.425730,0.507783,-0.722973,-1.821937,0.002757,-0.000543,1.681429,0.722430
92.880000,-3.419748,0.502505,-0.723137,-1.813960,0.002752,-0.000707,1.681758,0.722430
92.940000,-3.410777,0.494585,-0.723373,-1.801993,0.002742,-0.000943,1.682289,0.722430
92.980000,-3.404797,0.489303,-0.723523,-1.794014,0.002734,-0.001093,1.682668,0.722430
93.040000,-3.395827,0.481377,-0.723739,-1.782044,0.002720,-0.001309,1.683273,0.722430
93.100000,-3.386857,0.473449,-0.723943,-1.770072,0.002703,-0.001513,1.683922,0.722430
93.140000,-3.380877,0.468162,-0.724073,-1.762090,0.002690,-0.001643,1.684379,0.722430
93.180000,-3.374897,0.462873,-0.724198,-1.754108,0.002677,-0.001768,1.684856,0.722430
93.240000,-3.365928,0.454939,-0.724375,-1.742133,0.002654,-0.001945,1.685608,0.722430
93.300000,-3.356959,0.447001,-0.724542,-1.730156,0.002630,-0.002112,1.686403,0.722430
93.340000,-3.350980,0.441708,-0.724648,-1.722170,0.002613,-0.002218,1.686958,0.722430
93.380000,-3.345001,0.436414,-0.724748,-1.714184,0.002595,-0.002318,1.687531,0.722430
93.440000,-3.336032,0.428471,-0.724891,-1.702204,0.002566,-0.002461,1.688428,0.722430
93.480000,-3.330053,0.423175,-0.724981,-1.694217,0.002546,-0.002551,1.689050,0.722430
93.540000,-3.321085,0.415228,-0.725108,-1.686240,0.003052,-0.001282,1.686004,0.723826
93.580000,-3.315112,0.409935,-0.725213,-1.682258,0.003594,0.000009,1.682653,0.725222
93.640000,-3.306169,0.402006,-0.725480,-1.672305,0.003878,0.000440,1.681671,0.725920
93.680000,-3.300212,0.396723,-0.725719,-1.664343,0.003881,0.000201,1.682377,0.725920
93.740000,-3.291278,0.388793,-0.726095,-1.652397,0.003881,-0.000175,1.683475,0.725920
93.800000,-3.282345,0.380859,-0.726464,-1.640450,0.003877,-0.000544,1.684618,0.725920
93.840000,-3.276391,0.375566,-0.726700,-1.632483,0.003872,-0.000780,1.685405,0.725920
93.880000,-3.267459,0.367624,-0.727042,-1.624515,0.003864,-0.001010,1.682732,0.726032
93.940000,-3.261506,0.362326,-0.727260,-1.612561,0.003850,-0.001340,1.687460,0.725920
93.980000,-3.255552,0.357027,-0.727471,-1.604591,0.003839,-0.001551,1.688317,0.725920
94.040000,-3.246622,0.349073,-0.727772,-1.592633,0.003819,-0.001852,1.689640,0.725920
94.080000,-3.240670,0.343769,-0.727964,-1.584660,0.003803,-0.002044,1.690546,0.725920
94.140000,-3.231741,0.335809,-0.728238,-1.572698,0.003777,-0.002318,1.691943,0.725920
94.180000,-3.225789,0.330500,-0.728412,-1.564722,0.003758,-0.002492,1.692898,0.725920
94.240000,-3.216861,0.322534,-0.728661,-1.552757,0.003726,-0.002741,1.694367,0.725920
94.280000,-3.210909,0.317221,-0.728819,-1.544779,0.003704,-0.002899,1.695371,0.725920
94.340000,-3.201982,0.309249,-0.729042,-1.532810,0.003668,-0.003122,1.696913,0.725920
94.380000,-3.196030,0.303932,-0.729183,-1.524829,0.003642,-0.003263,1.697965,0.725920
94.440000,-3.187103,0.295954,-0.729383,-1.512857,0.003602,-0.003463,1.699579,0.725920
94.500000,-3.178176,0.287974,-0.729569,-1.500883,0.003559,-0.003649,1.701236,0.725920
94.540000,-3.172224,0.282652,-0.729686,-1.492899,0.003530,-0.003766,1.702364,0.725920
94.580000,-3.166273,0.277329,-0.729797,-1.484915,0.003499,-0.003877,1.703511,0.725920
94.640000,-3.157346,0.269342,-0.729954,-1.472936,0.003452,-0.004034,1.705267,0.725920
94.680000,-3.151395,0.264016,-0.730051,-1.464950,0.003419,-0.004131,1.706460,0.725920
94.740000,-3.142467,0.256025,-0.730187,-1.452968,0.003369,-0.004267,1.708286,0.725920
94.780000,-3.136516,0.250696,-0.730271,-1.444980,0.003335,-0.004351,1.709527,0.725920
94.840000,-3.127588,0.242701,-0.730389,-1.432996,0.003282,-0.004469,1.711422,0.725920
94.900000,-3.118660,0.234704,-0.730494,-1.421011,0.003228,-0.004574,1.713358,0.725920
94.940000,-3.112708,0.229372,-0.730559,-1.397230,0.007633,-0.003248,1.729750,0.727311
94.980000,-3.106789,0.224068,-0.730776,-1.373488,0.012064,-0.002075,1.746218,0.728701
95.040000,-3.097976,0.216163,-0.731592,-1.353750,0.014273,-0.002195,1.755871,0.729397
95.080000,-3.092115,0.210897,-0.732342,-1.345871,0.014253,-0.002946,1.757281,0.729397
95.140000,-3.083327,0.202986,-0.733532,-1.334047,0.014211,-0.004136,1.759437,0.729397
95.180000,-3.077470,0.197703,-0.734317,-1.326160,0.014176,-0.004920,1.760901,0.729397
95.240000,-3.068687,0.189765,-0.735454,-1.314321,0.014110,-0.006057,1.763138,0.729397
95.280000,-3.062833,0.184464,-0.736181,-1.306424,0.014060,-0.006784,1.764656,0.729397
95.340000,-3.054054,0.176501,-0.737222,-1.294571,0.013973,-0.007825,1.766973,0.729397
95.380000,-3.048201,0.171183,-0.737883,-1.286664,0.013909,-0.008486,1.768544,0.729397
95.440000,-3.039425,0.163196,-0.738826,-1.274797,0.013802,-0.009430,1.770940,0.729397
95.480000,-3.033574,0.157863,-0.739427,-1.266882,0.013725,-0.010030,1.772563,0.729397
95.540000,-3.024800,0.149854,-0.740283,-1.255003,0.013601,-0.010886,1.775035,0.729397
95.580000,-3.018951,0.144508,-0.740823,-1.247079,0.013513,-0.011427,1.776708,0.729397
95.640000,-3.010178,0.136477,-0.741588,-1.235186,0.013372,-0.012192,1.779256,0.729397
95.680000,-3.004330,0.131118,-0.742072,-1.227254,0.013273,-0.012675,1.780979,0.729397
95.740000,-2.995558,0.123070,-0.742758,-1.215351,0.013118,-0.013361,1.783600,0.729397
95.780000,-2.989710,0.117698,-0.743186,-1.207411,0.013011,-0.013790,1.785371,0.729397
95.840000,-2.980939,0.109632,-0.743791,-1.195496,0.012843,-0.014394,1.788064,0.729397
95.880000,-2.975091,0.104250,-0.744170,-1.187549,0.012727,-0.014773,1.789883,0.729397
95.940000,-2.966320,0.096169,-0.744702,-1.175624,0.012547,-0.015306,1.792647,0.729397
95.980000,-2.960472,0.090777,-0.745033,-1.167671,0.012424,-0.015637,1.794512,0.729397
96.040000,-2.951700,0.082682,-0.745495,-1.155736,0.012235,-0.016098,1.797345,0.729397
96.080000,-2.945851,0.077281,-0.745780,-1.147776,0.012105,-0.016383,1.799256,0.729397
96.140000,-2.937078,0.069174,-0.746174,-1.135832,0.011907,-0.016778,1.802156,0.729397
96.180000,-2.931228,0.063764,-0.746416,-1.127866,0.011773,-0.017019,1.804112,0.729397
96.240000,-2.922453,0.055645,-0.746744,-1.115912,0.011567,-0.017348,1.807079,0.729397
96.280000,-2.916602,0.050229,-0.746945,-1.107940,0.011428,-0.017548,1.809078,0.729397
96.340000,-2.907824,0.042099,-0.747215,-1.095978,0.011217,-0.017819,1.812109,0.729397
96.380000,-2.901972,0.036677,-0.747376,-1.088001,0.011074,-0.017980,1.814152,0.729397
96.440000,-2.893208,0.028553,-0.747650,-1.075986,0.015940,-0.018254,1.817265,0.729397
96.480000,-2.887389,0.023156,-0.748000,-1.068051,0.015794,-0.018604,1.819353,0.729397
96.540000,-2.878660,0.015052,-0.748597,-1.056142,0.015568,-0.019200,1.822518,0.729397
96.580000,-2.872840,0.009643,-0.748990,-1.048199,0.015414,-0.019594,1.824650,0.729397
96.640000,-2.864111,0.001523,-0.749548,-1.036279,0.015177,-0.020152,1.827883,0.729397
96.680000,-2.858291,-0.003896,-0.749895,-1.028328,0.015016,-0.020498,1.830060,0.729397
96.740000,-2.849560,-0.012032,-0.750374,-1.016396,0.014768,-0.020978,1.833359,0.729397
96.780000,-2.843738,-0.017462,-0.750665,-1.008437,0.014600,-0.021268,1.835580,0.729397
96.840000,-2.835004,-0.025613,-0.751060,-0.996494,0.014344,-0.021664,1.838944,0.729397
96.880000,-2.829181,-0.031050,-0.751302,-0.988528,0.014170,-0.021905,1.841208,0.729397
96.940000,-2.820444,-0.039213,-0.751629,-0.976575,0.013906,-0.022232,1.844634,0.729397
96.980000,-2.814620,-0.044658,-0.751825,-0.968604,0.013728,-0.022428,1.846939,0.729397
97.040000,-2.805881,-0.052831,-0.752086,-0.956641,0.013458,-0.022689,1.850427,0.729397
97.100000,-2.797140,-0.061010,-0.752308,-0.944674,0.013185,-0.022912,1.853951,0.729397
97.140000,-2.791311,-0.066466,-0.752436,-0.936692,0.013002,-0.023040,1.856321,0.729397
97.200000,-2.782566,-0.074654,-0.752594,-0.924715,0.012725,-0.023197,1.859904,0.729397
97.240000,-2.776735,-0.080115,-0.752679,-0.916728,0.012539,-0.023283,1.862313,0.729397
97.280000,-2.770903,-0.085578,-0.752751,-0.908739,0.012353,-0.023354,1.864737,0.729397
97.340000,-2.762152,-0.093776,-0.752832,-0.896752,0.012072,-0.023436,1.868401,0.729397
97.380000,-2.756317,-0.099243,-0.752869,-0.888758,0.011885,-0.023473,1.870863,0.729397
97.440000,-2.747562,-0.107447,-0.752899,-0.876763,0.011603,-0.023503,1.874583,0.729397
97.480000,-2.741725,-0.112916,-0.752903,-0.868766,0.011415,-0.023506,1.877081,0.729397
97.540000,-2.732972,-0.121118,-0.752885,-0.856774,0.011133,-0.023489,1.880853,0.729397
97.580000,-2.727138,-0.126584,-0.752858,-0.848782,0.010945,-0.023461,1.883384,0.729397
97.640000,-2.718388,-0.134781,-0.752795,-0.836796,0.010665,-0.023398,1.887206,0.729397
97.680000,-2.712557,-0.140244,-0.752740,-0.828807,0.010478,-0.023343,1.889770,0.729397
97.740000,-2.703810,-0.148437,-0.752637,-0.816826,0.008221,-0.023241,1.893476,0.729397
97.780000,-2.697989,-0.153887,-0.752515,-0.808853,0.006059,-0.023118,1.895895,0.729397
97.840000,-2.689282,-0.162037,-0.752132,-0.796930,0.004796,-0.022735,1.899692,0.729397
97.880000,-2.683483,-0.167461,-0.751765,-0.788993,0.004617,-0.022368,1.902290,0.729397
97.940000,-2.674781,-0.175591,-0.751160,-0.777086,0.004355,-0.021764,1.906208,0.729397
97.980000,-2.668977,-0.181009,-0.750748,-0.769147,0.004183,-0.021351,1.908834,0.729397
98.040000,-2.660265,-0.189132,-0.750129,-0.757239,0.003933,-0.020733,1.912794,0.729397
98.080000,-2.654454,-0.194544,-0.749718,-0.749300,0.003770,-0.020322,1.915448,0.729397
98.140000,-2.645734,-0.202659,-0.749106,-0.737390,0.003531,-0.019710,1.919450,0.729397
98.180000,-2.639917,-0.208066,-0.748702,-0.729450,0.003376,-0.019305,1.922132,0.729397
98.240000,-2.631186,-0.216173,-0.748100,-0.717538,0.003150,-0.018703,1.926176,0.729397
98.280000,-2.625363,-0.221575,-0.747703,-0.709596,0.003003,-0.018306,1.928885,0.729397
98.340000,-2.616624,-0.229675,-0.747113,-0.697683,0.002789,-0.017716,1.932970,0.729397
98.380000,-2.610794,-0.235072,-0.746723,-0.689740,0.002649,-0.017327,1.935707,0.729397
98.440000,-2.602046,-0.243164,-0.746146,-0.677824,0.002446,-0.016749,1.939833,0.729397
98.480000,-2.596210,-0.248556,-0.745765,-0.669880,0.002315,-0.016369,1.942598,0.729397
98.540000,-2.587452,-0.256642,-0.745202,-0.657962,0.002123,-0.015805,1.946765,0.729397
98.580000,-2.581611,-0.262030,-0.744831,-0.650016,0.001999,-0.015434,1.949556,0.729397
98.640000,-2.572844,-0.270108,-0.744281,-0.638096,0.001818,-0.014884,1.953764,0.729397
98.680000,-2.566996,-0.275492,-0.743919,-0.630149,0.001701,-0.014523,1.956583,0.729397
98.740000,-2.558221,-0.283564,-0.743384,-0.618226,0.001531,-0.013988,1.960831,0.729397
98.780000,-2.552367,-0.288943,-0.743033,-0.610277,0.001422,-0.013636,1.963676,0.729397
98.840000,-2.543583,-0.297009,-0.742513,-0.598352,0.001262,-0.013116,1.967965,0.729397
98.880000,-2.537723,-0.302384,-0.742172,-0.590402,0.001159,-0.012776,1.970837,0.729397
98.940000,-2.528930,-0.310444,-0.741668,-0.578474,0.001010,-0.012272,1.975166,0.729397
98.980000,-2.523065,-0.315815,-0.741338,-0.570522,0.000913,-0.011941,1.978065,0.729397
99.040000,-2.514264,-0.323869,-0.740850,-0.558593,0.000774,-0.011453,1.982434,0.729397
99.080000,-2.508393,-0.329237,-0.740530,-0.550639,0.000684,-0.011133,1.985359,0.729397
99.140000,-2.499584,-0.337286,-0.740059,-0.538706,0.000554,-0.010662,1.989768,0.729397
99.200000,-2.490769,-0.345331,-0.739598,-0.526786,-0.000265,-0.011946,1.994066,0.727652
99.240000,-2.484895,-0.350689,-0.739278,-0.518836,-0.000359,-0.011627,1.997028,0.727652
99.280000,-2.479024,-0.356040,-0.738913,-0.510893,-0.000449,-0.011261,1.999996,0.727652
99.340000,-2.470213,-0.364063,-0.738340,-0.498978,-0.000580,-0.010689,2.004467,0.727652
99.380000,-2.464336,-0.369409,-0.737959,-0.491033,-0.000664,-0.010308,2.007461,0.727652
99.440000,-2.455515,-0.377426,-0.737392,-0.479113,-0.000783,-0.009740,2.011970,0.727652
99.500000,-2.446688,-0.385440,-0.736825,-0.467192,-0.000896,-0.009174,2.016501,0.727652
99.540000,-2.440800,-0.390780,-0.736448,-0.459244,-0.000967,-0.008796,2.019534,0.727652
99.580000,-2.434909,-0.396118,-0.736070,-0.451294,-0.001036,-0.008419,2.022577,0.727652
99.640000,-2.426068,-0.404123,-0.735504,-0.439368,-0.001133,-0.007852,2.027160,0.727652
99.680000,-2.420171,-0.409457,-0.735127,-0.431416,-0.001194,-0.007475,2.030227,0.727652
99.740000,-2.411320,-0.417456,-0.734560,-0.419487,-0.001279,-0.006909,2.034846,0.727652
99.780000,-2.405416,-0.422786,-0.734183,-0.411533,-0.001333,-0.006531,2.037938,0.727652
99.840000,-2.396555,-0.430778,-0.733616,-0.399600,-0.001407,-0.005964,2.042593,0.727652
99.880000,-2.390644,-0.436104,-0.733238,-0.391644,-0.001453,-0.005587,2.045708,0.727652
99.940000,-2.381773,-0.444090,-0.732672,-0.379708,-0.001517,-0.005020,2.050399,0.727652
99.980000,-2.375856,-0.449412,-0.732294,-0.371750,-0.001555,-0.004642,2.053538,0.727652
100.040000,-2.366975,-0.457392,-0.731727,-0.359811,-0.001607,-0.004075,2.058264,0.727652
100.080000,-2.361051,-0.462710,-0.731349,-0.351850,-0.001638,-0.003697,2.061426,0.727652
100.140000,-2.352161,-0.470683,-0.730782,-0.339908,-0.001679,-0.003130,2.066186,0.727652
100.180000,-2.346230,-0.475997,-0.730404,-0.331945,-0.001702,-0.002752,2.069372,0.727652
100.240000,-2.337329,-0.483964,-0.729837,-0.319999,-0.001732,-0.002185,2.074167,0.727652
100.280000,-2.331392,-0.489274,-0.729459,-0.312034,-0.001748,-0.001807,2.077375,0.727652
100.340000,-2.322481,-0.497235,-0.728891,-0.300085,-0.001766,-0.001240,2.082205,0.727652
100.380000,-2.316538,-0.502540,-0.728513,-0.292118,-0.001774,-0.000862,2.085435,0.727652
100.440000,-2.307617,-0.510495,-0.727946,-0.280166,-0.001781,-0.000294,2.090299,0.727652
100.480000,-2.301666,-0.515797,-0.727567,-0.272196,-0.001782,0.000084,2.093552,0.727652
100.540000,-2.292736,-0.523745,-0.727000,-0.260241,-0.001778,0.000652,2.098448,0.727652
100.580000,-2.286779,-0.529042,-0.726621,-0.252269,-0.001771,0.001030,2.101724,0.727652
100.640000,-2.277831,-0.536991,-0.726109,-0.240296,-0.001047,0.003288,2.106842,0.729397
100.680000,-2.271852,-0.542299,-0.725933,-0.232301,-0.001020,0.003463,2.110154,0.729397
100.740000,-2.262882,-0.550260,-0.725787,-0.220308,-0.000978,0.003610,2.115141,0.729397
100.800000,-2.253910,-0.558220,-0.725684,-0.208314,-0.000934,0.003713,2.120149,0.729397
100.840000,-2.247928,-0.563527,-0.725622,-0.200317,-0.000904,0.003775,2.123501,0.729397
100.880000,-2.241946,-0.568833,-0.725562,-0.192321,-0.000873,0.003835,2.126862,0.729397
100.940000,-2.232972,-0.576792,-0.725473,-0.180326,-0.000827,0.003924,2.131922,0.729397
100.980000,-2.226988,-0.582098,-0.725414,-0.172329,-0.000795,0.003982,2.135308,0.729397
101.040000,-2.218013,-0.590056,-0.725326,-0.160333,-0.000747,0.004071,2.140404,0.729397
101.080000,-2.212028,-0.595361,-0.725267,-0.152336,-0.000714,0.004129,2.143814,0.729397
101.140000,-2.205595,-0.601063,-0.725204,-0.143739,-0.000678,0.004192,2.147489,0.729397
101.180000,-2.205595,-0.601063,-0.725204,-0.143739,-0.000678,0.004192,2.147489,0.729397
101.240000,-2.205595,-0.601063,-0.725204,-0.143739,-0.000678,0.004192,2.147489,0.729397
101.300000,-2.205595,-0.601063,-0.725204,-0.143739,-0.000678,0.004192,2.147489,0.729397
101.340000,-2.205595,-0.601063,-0.725204,-0.143739,-0.000678,0.004192,2.147489,0.729397
101.380000,-2.205595,-0.601063,-0.725204,-0.143739,-0.000678,0.004192,2.147489,0.729397
101.440000,-2.205595,-0.601063,-0.725204,-0.143739,-0.000678,0.004192,2.147489,0.729397
101.500000,-2.205595,-0.601063,-0.725204,-0.143739,-0.000678,0.004192,2.147489,0.729397
101.540000,-2.205595,-0.601063,-0.725204,-0.143739,-0.000678,0.004192,2.147489,0.729397
101.600000,-2.205595,-0.601063,-0.725204,-0.143739,-0.000678,0.004192,2.147489,0.729397
101.640000,-2.205595,-0.601063,-0.725204,-0.143739,-0.000678,0.004192,2.147489,0.729397
101.680000,-2.205595,-0.601063,-0.725204,-0.143739,-0.000678,0.004192,2.147489,0.729397
101.740000,-2.205595,-0.601063,-0.725204,-0.143739,-0.000678,0.004192,2.147489,0.729397
101.780000,-2.205595,-0.601063,-0.725204,-0.143739,-0.000678,0.004192,2.147489,0.729397
101.840000,-2.205595,-0.601063,-0.725204,-0.143739,-0.000678,0.004192,2.147489,0.729397
101.880000,-2.205595,-0.601063,-0.725204,-0.143739,-0.000678,0.004192,2.147489,0.729397
101.940000,-2.205595,-0.601063,-0.725204,-0.143739,-0.000678,0.004192,2.147489,0.729397
102.000000,-2.205595,-0.601063,-0.725204,-0.143742,0.000103,0.007682,2.147706,0.732887
102.040000,-2.205595,-0.601063,-0.725204,-0.143742,0.000103,0.007682,2.147706,0.732887
102.080000,-2.205595,-0.601063,-0.725204,-0.143742,0.000103,0.007682,2.147706,0.732887
102.140000,-2.205595,-0.601063,-0.725204,-0.143742,0.000103,0.007682,2.147706,0.732887
102.180000,-2.205595,-0.601063,-0.725204,-0.143742,0.000103,0.007682,2.147706,0.732887
102.240000,-2.205595,-0.601063,-0.725204,-0.143742,0.000103,0.007682,2.147706,0.732887
102.300000,-2.205595,-0.601063,-0.725204,-0.143742,0.000103,0.007682,2.147706,0.732887
102.340000,-2.205595,-0.601063,-0.725204,-0.143742,0.000103,0.007682,2.147706,0.732887
102.380000,-2.205595,-0.601063,-0.725204,-0.143742,0.000103,0.007682,2.147706,0.732887
102.440000,-2.205595,-0.601063,-0.725204,-0.143742,0.000103,0.007682,2.147706,0.732887
102.480000,-2.205595,-0.601063,-0.725204,-0.143742,0.000103,0.007682,2.147706,0.732887
102.540000,-2.205595,-0.601063,-0.725204,-0.143742,0.000103,0.007682,2.147706,0.732887
102.580000,-2.205595,-0.601063,-0.725204,-0.143742,0.000103,0.007682,2.147706,0.732887
102.640000,-2.205595,-0.601063,-0.725204,-0.143742,0.000103,0.007682,2.147706,0.732887
102.680000,-2.205595,-0.601063,-0.725204,-0.143742,0.000103,0.007682,2.147706,0.732887
102.740000,-2.205595,-0.601063,-0.725204,-0.143742,0.000103,0.007682,2.147706,0.732887
102.780000,-2.205595,-0.601063,-0.725204,-0.143742,0.000103,0.007682,2.147706,0.732887
102.840000,-2.205595,-0.601063,-0.725204,-0.143742,0.000103,0.007682,2.147706,0.732887
102.880000,-2.205595,-0.601063,-0.725204,-0.143742,0.000103,0.007682,2.147706,0.732887
102.940000,-2.205595,-0.601063,-0.725204,-0.143742,0.000103,0.007682,2.147706,0.732887
102.980000,-2.205595,-0.601063,-0.725204,-0.143742,0.000103,0.007682,2.147706,0.732887
103.040000,-2.205595,-0.601063,-0.725204,-0.143742,0.000103,0.007682,2.147706,0.732887
103.080000,-2.205595,-0.601063,-0.725204,-0.143742,0.000103,0.007682,2.147706,0.732887
103.140000,-2.205595,-0.601063,-0.725204,-0.143742,0.000103,0.007682,2.147706,0.732887
103.180000,-2.205595,-0.601063,-0.725204,-0.143742,0.000103,0.007682,2.147706,0.732887
103.240000,-2.205595,-0.601063,-0.725204,-0.143742,0.000103,0.007682,2.147706,0.732887
103.280000,-2.205595,-0.601063,-0.725204,-0.143742,0.000103,0.007682,2.147706,0.732887
103.340000,-2.205595,-0.601063,-0.725204,-0.143742,0.000103,0.007682,2.147706,0.732887
103.380000,-2.205595,-0.601063,-0.725204,-0.143742,0.000103,0.007682,2.147706,0.732887
103.440000,-2.205595,-0.601063,-0.725204,-0.143742,0.000103,0.007682,2.147706,0.732887
103.480000,-2.205595,-0.601063,-0.725204,-0.143742,0.000103,0.007682,2.147706,0.732887
103.540000,-2.205595,-0.601063,-0.725204,-0.143742,0.000103,0.007682,2.147706,0.732887
103.580000,-2.205595,-0.601063,-0.725204,-0.143742,0.000103,0.007682,2.147706,0.732887
103.640000,-2.205595,-0.601063,-0.725204,-0.143742,0.000103,0.007682,2.147706,0.732887
103.680000,-2.205595,-0.601063,-0.725204,-0.143742,0.000103,0.007682,2.147706,0.732887
103.740000,-2.205595,-0.601063,-0.725204,-0.143742,0.000103,0.007682,2.147706,0.732887
103.780000,-2.205595,-0.601063,-0.725204,-0.143742,0.000103,0.007682,2.147706,0.732887
103.840000,-2.205595,-0.601063,-0.725204,-0.143742,0.000103,0.007682,2.147706,0.732887
103.880000,-2.205595,-0.601063,-0.725204,-0.143742,0.000103,0.007682,2.147706,0.732887
103.940000,-2.205595,-0.601063,-0.725204,-0.143742,0.000103,0.007682,2.147706,0.732887
103.980000,-2.205595,-0.601063,-0.725204,-0.143742,0.000103,0.007682,2.147706,0.732887
104.040000,-2.205595,-0.601063,-0.725204,-0.143742,0.000103,0.007682,2.147706,0.732887
104.080000,-2.205595,-0.601063,-0.725204,-0.143742,0.000103,0.007682,2.147706,0.732887
104.140000,-2.205595,-0.601063,-0.725204,-0.143742,0.000103,0.007682,2.147706,0.732887
104.180000,-2.205595,-0.601063,-0.725204,-0.143742,0.000103,0.007682,2.147706,0.732887
104.240000,-2.205595,-0.601063,-0.725204,-0.143742,0.000103,0.007682,2.147706,0.732887
104.280000,-2.205595,-0.601063,-0.725204,-0.143742,0.000103,0.007682,2.147706,0.732887
104.340000,-2.205595,-0.601063,-0.725204,-0.143742,0.000103,0.007682,2.147706,0.732887
104.380000,-2.205595,-0.601063,-0.725204,-0.143742,0.000103,0.007682,2.147706,0.732887
104.440000,-2.205595,-0.601063,-0.725204,-0.143742,0.000103,0.007682,2.147706,0.732887
104.480000,-2.205595,-0.601063,-0.725204,-0.143742,0.000103,0.007682,2.147706,0.732887
104.540000,-2.205595,-0.601063,-0.725204,-0.143742,0.000103,0.007682,2.147706,0.732887
104.580000,-2.205595,-0.601063,-0.725204,-0.143742,0.000103,0.007682,2.147706,0.732887
104.640000,-2.205595,-0.601063,-0.725204,-0.143742,0.000103,0.007682,2.147706,0.732887
104.680000,-2.205595,-0.601063,-0.725204,-0.143742,0.000103,0.007682,2.147706,0.732887
104.740000,-2.205595,-0.601063,-0.725204,-0.143742,0.000103,0.007682,2.147706,0.732887
104.780000,-2.205595,-0.601063,-0.725204,-0.143742,0.000103,0.007682,2.147706,0.732887
104.840000,-2.205595,-0.601063,-0.725204,-0.143742,0.000103,0.007682,2.147706,0.732887
104.880000,-2.205595,-0.601063,-0.725204,-0.143742,0.000103,0.007682,2.147706,0.732887
104.940000,-2.205595,-0.601063,-0.725204,-0.143742,0.000103,0.007682,2.147706,0.732887
105.000000,-2.205595,-0.601063,-0.725204,-0.143742,0.000103,0.007682,2.147706,0.732887
105.040000,-2.205595,-0.601063,-0.725204,-0.143742,0.000103,0.007682,2.147706,0.732887
105.080000,-2.205595,-0.601063,-0.725204,-0.143742,0.000103,0.007682,2.147706,0.732887
105.140000,-2.205595,-0.601063,-0.725204,-0.143742,0.000103,0.007682,2.147706,0.732887
105.180000,-2.205595,-0.601063,-0.725204,-0.143742,0.000103,0.007682,2.147706,0.732887
105.240000,-2.205595,-0.601063,-0.725204,-0.143742,0.000103,0.007682,2.147706,0.732887
105.280000,-2.205595,-0.601063,-0.725204,-0.143742,0.000103,0.007682,2.147706,0.732887
105.340000,-2.205595,-0.601063,-0.725204,-0.143742,0.000103,0.007682,2.147706,0.732887
105.380000,-2.205595,-0.601063,-0.725204,-0.143742,0.000103,0.007682,2.147706,0.732887
105.440000,-2.205595,-0.601063,-0.725204,-0.143742,0.000103,0.007682,2.147706,0.732887
105.480000,-2.205595,-0.601063,-0.725204,-0.143742,0.000103,0.007682,2.147706,0.732887
105.540000,-2.205595,-0.601063,-0.725204,-0.143742,0.000103,0.007682,2.147706,0.732887
105.580000,-2.205595,-0.601063,-0.725204,-0.143742,0.000103,0.007682,2.147706,0.732887
105.640000,-2.205595,-0.601063,-0.725204,-0.143742,0.000103,0.007682,2.147706,0.732887
105.680000,-2.205595,-0.601063,-0.725204,-0.143742,0.000103,0.007682,2.147706,0.732887
105.740000,-2.205595,-0.601063,-0.725204,-0.143742,0.000103,0.007682,2.147706,0.732887
105.780000,-2.205595,-0.601063,-0.725204,-0.143742,0.000103,0.007682,2.147706,0.732887
105.840000,-2.205595,-0.601063,-0.725204,-0.143742,0.000103,0.007682,2.147706,0.732887
105.880000,-2.205595,-0.601063,-0.725204,-0.143742,0.000103,0.007682,2.147706,0.732887
105.940000,-2.205595,-0.601063,-0.725204,-0.143742,0.000103,0.007682,2.147706,0.732887
105.980000,-2.205595,-0.601063,-0.725204,-0.143742,0.000103,0.007682,2.147706,0.732887
106.040000,-2.205595,-0.601063,-0.725204,-0.143742,0.000103,0.007682,2.147706,0.732887
106.080000,-2.205595,-0.601063,-0.725204,-0.143742,0.000103,0.007682,2.147706,0.732887
106.140000,-2.205595,-0.601063,-0.725204,-0.143742,0.000103,0.007682,2.147706,0.732887
106.180000,-2.205595,-0.601063,-0.725204,-0.143742,0.000103,0.007682,2.147706,0.732887
106.240000,-2.205595,-0.601063,-0.725204,-0.143742,0.000103,0.007682,2.147706,0.732887
106.280000,-2.205595,-0.601063,-0.725204,-0.143742,0.000103,0.007682,2.147706,0.732887
106.340000,-2.205595,-0.601063,-0.725204,-0.143742,0.000103,0.007682,2.147706,0.732887
106.380000,-2.205595,-0.601063,-0.725204,-0.143742,0.000103,0.007682,2.147706,0.732887
106.440000,-2.205595,-0.601063,-0.725204,-0.143742,0.000103,0.007682,2.147706,0.732887
106.480000,-2.205595,-0.601063,-0.725204,-0.143742,0.000103,0.007682,2.147706,0.732887
106.540000,-2.205595,-0.601063,-0.725204,-0.143742,0.000103,0.007682,2.147706,0.732887
106.580000,-2.205595,-0.601063,-0.725204,-0.143742,0.000103,0.007682,2.147706,0.732887
106.640000,-2.205595,-0.601063,-0.725204,-0.143742,0.000103,0.007682,2.147706,0.732887
106.680000,-2.205595,-0.601063,-0.725204,-0.143742,0.000103,0.007682,2.147706,0.732887
106.740000,-2.205595,-0.601063,-0.725204,-0.143742,0.000103,0.007682,2.147706,0.732887
106.780000,-2.205595,-0.601063,-0.725204,-0.143742,0.000103,0.007682,2.147706,0.732887
106.840000,-2.205595,-0.601063,-0.725204,-0.143742,0.000103,0.007682,2.147706,0.732887
106.880000,-2.205595,-0.601063,-0.725204,-0.143742,0.000103,0.007682,2.147706,0.732887
106.940000,-2.205595,-0.601063,-0.725204,-0.143742,0.000103,0.007682,2.147706,0.732887
106.980000,-2.205595,-0.601063,-0.725204,-0.143742,0.000103,0.007682,2.147706,0.732887
107.040000,-2.205595,-0.601063,-0.725204,-0.143742,0.000103,0.007682,2.147706,0.732887
107.080000,-2.205595,-0.601063,-0.725204,-0.143742,0.000103,0.007682,2.147706,0.732887
107.140000,-2.205595,-0.601063,-0.725204,-0.143742,0.000103,0.007682,2.147706,0.732887
107.200000,-2.205595,-0.601063,-0.725204,-0.143742,0.000103,0.007682,2.147706,0.732887
107.240000,-2.205595,-0.601063,-0.725204,-0.143742,0.000103,0.007682,2.147706,0.732887
107.280000,-2.205595,-0.601063,-0.725204,-0.143742,0.000103,0.007682,2.147706,0.732887
107.340000,-2.205595,-0.601063,-0.725204,-0.143742,0.000103,0.007682,2.147706,0.732887
107.380000,-2.205595,-0.601063,-0.725204,-0.143742,0.000103,0.007682,2.147706,0.732887
107.440000,-2.205595,-0.601063,-0.725204,-0.143742,0.000103,0.007682,2.147706,0.732887
107.480000,-2.205595,-0.601063,-0.725204,-0.143742,0.000103,0.007682,2.147706,0.732887
107.540000,-2.205595,-0.601063,-0.725204,-0.143742,0.000103,0.007682,2.147706,0.732887
107.580000,-2.205595,-0.601063,-0.725204,-0.143742,0.000103,0.007682,2.147706,0.732887
107.640000,-2.205595,-0.601063,-0.725204,-0.143742,0.000103,0.007682,2.147706,0.732887
107.680000,-2.205595,-0.601063,-0.725204,-0.143742,0.000103,0.007682,2.147706,0.732887
107.740000,-2.205595,-0.601063,-0.725204,-0.143742,0.000103,0.007682,2.147706,0.732887
107.780000,-2.205595,-0.601063,-0.725204,-0.143742,0.000103,0.007682,2.147706,0.732887
107.840000,-2.205595,-0.601063,-0.725204,-0.143742,0.000103,0.007682,2.147706,0.732887
107.880000,-2.205595,-0.601063,-0.725204,-0.143742,0.000103,0.007682,2.147706,0.732887
107.940000,-2.205595,-0.601063,-0.725204,-0.143742,0.000103,0.007682,2.147706,0.732887
107.980000,-2.205595,-0.601063,-0.725204,-0.143742,0.000103,0.007682,2.147706,0.732887
108.040000,-2.205595,-0.601063,-0.725204,-0.143742,0.000103,0.007682,2.147706,0.732887
108.080000,-2.205595,-0.601063,-0.725204,-0.143742,0.000103,0.007682,2.147706,0.732887
108.140000,-2.205595,-0.601063,-0.725204,-0.143742,0.000103,0.007682,2.147706,0.732887
108.200000,-2.205595,-0.601063,-0.725204,-0.143742,0.000103,0.007682,2.147706,0.732887
108.240000,-2.205595,-0.601063,-0.725204,-0.143742,0.000103,0.007682,2.147706,0.732887
108.280000,-2.205595,-0.601063,-0.725204,-0.143742,0.000103,0.007682,2.147706,0.732887
108.340000,-2.205595,-0.601063,-0.725204,-0.143742,0.000103,0.007682,2.147706,0.732887
108.380000,-2.205595,-0.601063,-0.725204,-0.143742,0.000103,0.007682,2.147706,0.732887
