timestamp,odom_x,odom_y,odom_yaw,slam_x,slam_y,slam_yaw,pos_delta,angle_delta
8.299000,-0.000000,0.000000,-0.000000,0.001204,-0.000529,0.000218,0.001315,0.000218
8.299000,-0.000000,0.000000,-0.000000,0.001204,-0.000529,0.000218,0.001315,0.000218
8.299000,-0.000000,0.000000,-0.000000,0.001204,-0.000529,0.000218,0.001315,0.000218
8.714000,-0.000000,0.000000,-0.000000,0.000737,-0.001337,0.000009,0.001527,0.000009
8.714000,-0.000000,0.000000,-0.000000,0.000737,-0.001337,0.000009,0.001527,0.000009
8.963000,-0.000000,0.000000,-0.000000,0.000365,-0.000154,0.000176,0.000396,0.000176
9.249000,-0.000000,0.000000,-0.000000,0.000259,-0.001017,0.000107,0.001050,0.000107
9.298000,-0.000000,0.000000,-0.000000,0.000259,-0.001017,0.000107,0.001050,0.000107
9.345000,-0.000000,0.000000,-0.000000,0.000646,-0.001180,0.000247,0.001346,0.000247
9.398000,-0.000000,0.000000,-0.000000,0.000646,-0.001180,0.000247,0.001346,0.000247
9.447000,-0.000000,0.000000,-0.000000,0.000764,-0.000865,0.000194,0.001154,0.000194
9.496000,-0.000000,0.000000,-0.000000,0.000764,-0.000865,0.000194,0.001154,0.000194
9.548000,-0.000000,0.000000,-0.000000,0.000375,-0.000464,0.000145,0.000597,0.000145
9.599000,-0.000000,0.000000,-0.000000,0.000375,-0.000464,0.000145,0.000597,0.000145
9.646000,-0.000000,0.000000,-0.000000,0.000284,-0.000534,0.000187,0.000605,0.000187
9.695000,-0.000000,0.000000,-0.000000,0.000284,-0.000534,0.000187,0.000605,0.000187
9.746000,-0.000000,0.000000,-0.000000,0.000284,-0.000534,0.000187,0.000605,0.000187
9.796000,-0.000000,0.000000,-0.000000,0.000284,-0.000534,0.000187,0.000605,0.000187
9.848000,-0.000000,0.000000,-0.000000,0.000802,-0.000243,0.000109,0.000838,0.000109
9.899000,-0.000000,0.000000,-0.000000,0.000802,-0.000243,0.000109,0.000838,0.000109
9.947000,-0.000000,0.000000,-0.000000,0.000936,-0.000977,0.000071,0.001353,0.000071
9.947000,-0.000000,0.000000,-0.000000,0.000936,-0.000977,0.000071,0.001353,0.000071
10.000000,-0.000000,0.000000,-0.000000,0.000936,-0.000977,0.000071,0.001353,0.000071
10.096000,-0.000000,0.000000,-0.000000,0.000950,-0.001141,0.000167,0.001485,0.000167
10.147000,-0.000000,0.000000,-0.000000,0.000973,-0.001068,0.000156,0.001445,0.000156
10.196000,-0.000000,0.000000,-0.000000,0.000973,-0.001068,0.000156,0.001445,0.000156
10.247000,-0.000000,0.000000,-0.000000,0.000605,-0.000513,0.000087,0.000793,0.000087
10.299000,-0.000000,0.000000,-0.000000,0.000605,-0.000513,0.000087,0.000793,0.000087
10.347000,-0.000000,0.000000,-0.000000,0.001320,-0.001292,0.000066,0.001847,0.000066
10.398000,-0.000000,0.000000,-0.000000,0.001320,-0.001292,0.000066,0.001847,0.000066
10.445000,-0.000000,0.000000,-0.000000,0.001048,-0.001027,0.000156,0.001467,0.000156
10.498000,-0.000000,0.000000,-0.000000,0.001048,-0.001027,0.000156,0.001467,0.000156
10.545000,-0.000000,0.000000,-0.000000,0.000680,-0.000387,0.000151,0.000783,0.000151
10.594000,-0.000000,0.000000,-0.000000,0.000680,-0.000387,0.000151,0.000783,0.000151
10.645000,-0.000000,0.000000,-0.000000,0.000774,-0.000744,0.000177,0.001073,0.000177
10.697000,-0.000000,0.000000,-0.000000,0.000774,-0.000744,0.000177,0.001073,0.000177
10.748000,-0.000000,0.000000,-0.000000,0.001056,-0.000625,0.000045,0.001227,0.000045
10.798000,-0.000000,0.000000,-0.000000,0.001056,-0.000625,0.000045,0.001227,0.000045
10.849000,-0.000000,0.000000,-0.000000,0.000340,-0.000635,0.000126,0.000720,0.000126
10.849000,-0.000000,0.000000,-0.000000,0.000340,-0.000635,0.000126,0.000720,0.000126
10.849000,-0.000000,0.000000,-0.000000,0.000340,-0.000635,0.000126,0.000720,0.000126
10.902000,-0.000000,0.000000,-0.000000,0.000340,-0.000635,0.000126,0.000720,0.000126
11.097000,-0.000000,0.000000,-0.000000,0.001318,-0.001147,0.000251,0.001747,0.000251
11.148000,-0.000000,0.000000,-0.000000,0.001393,-0.000443,0.000221,0.001462,0.000221
11.198000,-0.000000,0.000000,-0.000000,0.001393,-0.000443,0.000221,0.001462,0.000221
11.247000,-0.000000,0.000000,-0.000000,0.000642,-0.000442,0.000195,0.000779,0.000195
11.247000,-0.000000,0.000000,-0.000000,0.000642,-0.000442,0.000195,0.000779,0.000195
11.247000,-0.000000,0.000000,-0.000000,0.000642,-0.000442,0.000195,0.000779,0.000195
11.303000,-0.000000,0.000000,0.000109,0.000642,-0.000442,0.000195,0.000779,0.000086
11.499000,-0.000000,-0.000000,0.007453,0.000787,-0.001146,0.004852,0.001390,0.002601
11.548000,-0.000000,-0.000000,0.015445,0.000840,-0.001249,0.004886,0.001505,0.010559
11.599000,-0.000000,-0.000000,0.022373,0.000840,-0.001249,0.012527,0.001505,0.009846
11.647000,-0.000000,-0.000000,0.035165,-0.000710,-0.001719,0.024040,0.001860,0.011125
11.696000,-0.000000,-0.000000,0.045293,-0.000710,-0.001719,0.035223,0.001860,0.010070
11.747000,-0.000000,-0.000000,0.062885,-0.000658,-0.002266,0.046515,0.002360,0.016370
11.747000,-0.000000,-0.000000,0.083357,-0.000658,-0.002266,0.046515,0.002360,0.036842
11.800000,-0.000000,-0.000000,0.090821,-0.000658,-0.002266,0.062910,0.002360,0.027910
11.896000,-0.000000,-0.000000,0.115133,0.002567,-0.001857,0.089671,0.003168,0.025461
11.949000,-0.000000,-0.000000,0.141048,0.001627,-0.002543,0.107557,0.003019,0.033491
11.998000,-0.000000,-0.000000,0.158496,0.001627,-0.002543,0.128759,0.003019,0.029737
12.049000,-0.000000,-0.000000,0.186840,0.002090,-0.002842,0.146075,0.003528,0.040765
12.098000,-0.000000,-0.000000,0.207336,0.002090,-0.002842,0.170023,0.003528,0.037313
12.148000,-0.000000,-0.000000,0.240480,0.002046,-0.005040,0.198072,0.005439,0.042408
12.196000,-0.000000,-0.000000,0.263520,0.002046,-0.005040,0.225195,0.005439,0.038325
12.248000,-0.000000,-0.000000,0.298080,0.001230,-0.005355,0.253928,0.005494,0.044152
12.299000,-0.000000,0.000000,0.321120,0.001230,-0.005355,0.283304,0.005494,0.037816
12.348000,-0.000000,0.000000,0.356957,0.001965,-0.006353,0.308735,0.006650,0.048222
12.399000,-0.000000,-0.000000,0.382445,0.001965,-0.006353,0.340032,0.006650,0.042412
12.449000,-0.000000,0.000000,0.423077,0.001328,-0.005958,0.366240,0.006104,0.056837
12.497000,-0.000000,0.000000,0.451765,0.001328,-0.005958,0.399513,0.006104,0.052252
12.547000,-0.000000,-0.000000,0.497197,0.000043,-0.007377,0.435762,0.007377,0.061434
12.596000,-0.000000,0.000000,0.528976,0.000043,-0.007377,0.473614,0.007377,0.055362
12.648000,-0.000000,-0.000000,0.576976,0.000244,-0.008206,0.511106,0.008209,0.065870
12.698000,-0.000000,-0.000000,0.608976,0.000244,-0.008206,0.551106,0.008209,0.057870
12.747000,-0.000000,-0.000000,0.656976,-0.001055,-0.009679,0.595614,0.009736,0.061362
12.799000,0.000000,0.000000,0.704976,-0.001055,-0.009679,0.637214,0.009736,0.067762
12.848000,0.000000,0.000000,0.736976,0.001624,-0.012137,0.672976,0.012246,0.064000
12.899000,0.000000,0.000000,0.784976,0.001624,-0.012137,0.713776,0.012246,0.071200
12.949000,0.000000,0.000000,0.816976,0.001121,-0.012229,0.757815,0.012280,0.059161
12.996000,-0.000000,0.000000,0.848976,0.001121,-0.012229,0.795415,0.012280,0.053561
13.048000,0.000205,0.000251,0.896976,-0.000052,-0.013673,0.841686,0.013926,0.055290
13.077000,0.000870,0.001116,0.928894,0.000347,-0.013225,0.864882,0.014351,0.064011
13.077000,0.002683,0.003677,0.976174,0.000347,-0.013225,0.864882,0.017063,0.111292
13.140000,0.007530,0.011528,1.052246,-0.001065,-0.012075,0.919892,0.025119,0.132354
13.449000,0.021631,0.041531,1.195126,0.016620,0.020023,1.165378,0.022083,0.029748
13.498000,0.024470,0.049033,1.223044,0.020426,0.029082,1.199577,0.020356,0.023467
13.546000,0.028392,0.060607,1.264217,0.021467,0.029879,1.233596,0.031498,0.030621
13.596000,0.030987,0.069195,1.289975,0.025054,0.040464,1.267186,0.029337,0.022789
13.647000,0.034706,0.083044,1.326204,0.029526,0.052402,1.304794,0.031076,0.021411
13.696000,0.036959,0.092529,1.348763,0.032563,0.063949,1.333654,0.028917,0.015108
13.747000,0.040003,0.107090,1.380176,0.036525,0.074203,1.369042,0.033070,0.011134
13.747000,0.042663,0.122045,1.408757,0.036525,0.074203,1.369042,0.048234,0.039715
13.800000,0.043466,0.127102,1.417612,0.038988,0.087425,1.395945,0.039928,0.021667
13.896000,0.045651,0.142542,1.442305,0.040277,0.112751,1.445288,0.030271,0.002982
13.945000,0.047509,0.158306,1.464086,0.040367,0.126809,1.470781,0.032297,0.006695
13.945000,0.049072,0.174373,1.483308,0.040367,0.126809,1.470781,0.048354,0.012526
13.945000,0.049526,0.179746,1.489587,0.040367,0.126809,1.470781,0.053724,0.018805
14.010000,0.050334,0.190505,1.502097,0.041924,0.144231,1.493216,0.047032,0.008881
14.198000,0.052096,0.223670,1.531339,0.046177,0.196427,1.553657,0.027878,0.022318
14.248000,0.052671,0.240526,1.541681,0.045960,0.212964,1.567167,0.028366,0.025487
14.298000,0.052969,0.251850,1.547231,0.045970,0.227123,1.575011,0.025698,0.027780
14.349000,0.053299,0.268850,1.555380,0.046133,0.245180,1.586055,0.024731,0.030675
14.398000,0.053452,0.280311,1.559469,0.045875,0.259219,1.592197,0.022412,0.032728
14.446000,0.053601,0.297585,1.564726,0.043731,0.275164,1.598488,0.024497,0.033762
14.497000,0.053653,0.309169,1.567789,0.043301,0.289925,1.602741,0.021852,0.034952
14.548000,0.053669,0.326606,1.571862,0.043812,0.305695,1.607497,0.023118,0.035635
14.598000,0.053642,0.338256,1.574345,0.043264,0.320247,1.610757,0.020786,0.036413
14.649000,0.053548,0.355740,1.577999,0.042092,0.336644,1.614002,0.022269,0.036002
14.697000,0.053450,0.367414,1.580341,0.041475,0.350639,1.616903,0.020611,0.036562
14.746000,0.053255,0.385014,1.583450,0.039757,0.366974,1.618991,0.022531,0.035541
14.799000,0.053094,0.396749,1.585516,0.038999,0.382506,1.621729,0.020039,0.036213
14.846000,0.052808,0.414352,1.588616,0.040261,0.396827,1.623617,0.021553,0.035002
14.899000,0.052468,0.431971,1.591547,0.039428,0.412367,1.626330,0.023544,0.034784
14.949000,0.052213,0.443722,1.593460,0.038931,0.426072,1.628261,0.022089,0.034801
14.999000,0.051936,0.455548,1.594899,0.038065,0.440832,1.630498,0.020222,0.035599
15.049000,0.051492,0.473370,1.596411,0.037102,0.455685,1.632043,0.022800,0.035632
15.049000,0.051024,0.491235,1.597485,0.037102,0.455685,1.632043,0.038179,0.034558
15.049000,0.051024,0.491235,1.597485,0.037102,0.455685,1.632043,0.038179,0.034558
15.104000,0.050702,0.503165,1.598033,0.036083,0.472039,1.633256,0.034388,0.035223
15.295000,0.049537,0.545057,1.599069,0.031073,0.528971,1.636566,0.024488,0.037497
15.346000,0.049026,0.563016,1.599458,0.031140,0.543588,1.636764,0.026407,0.037306
15.397000,0.048681,0.574994,1.599666,0.030130,0.558833,1.637086,0.024603,0.037420
15.448000,0.048163,0.592934,1.599657,0.028687,0.572843,1.637049,0.027981,0.037392
15.499000,0.047818,0.604893,1.599646,0.027678,0.588064,1.637035,0.026245,0.037389
15.548000,0.047300,0.622832,1.599630,0.026802,0.601460,1.637293,0.029613,0.037664
15.599000,0.046955,0.634791,1.599618,0.025788,0.616680,1.637279,0.027857,0.037661
15.646000,0.046445,0.652649,1.599016,0.024275,0.632612,1.636529,0.029882,0.037513
15.698000,0.046113,0.664527,1.598335,0.023260,0.648028,1.635835,0.028187,0.037501
15.747000,0.045634,0.682330,1.597114,0.021031,0.663390,1.635059,0.031049,0.037944
15.798000,0.045327,0.694175,1.596167,0.020062,0.678467,1.633961,0.029750,0.037793
15.846000,0.044890,0.711932,1.594605,0.020102,0.694060,1.632761,0.030560,0.038156
15.897000,0.044615,0.723779,1.593553,0.019171,0.709139,1.631416,0.029355,0.037863
15.946000,0.044224,0.741545,1.591977,0.018208,0.724078,1.630219,0.031336,0.038242
15.996000,0.043980,0.753384,1.590905,0.017333,0.738855,1.628897,0.030350,0.037992
16.047000,0.043637,0.771140,1.589265,0.016497,0.752449,1.627168,0.032953,0.037903
16.047000,0.043324,0.788895,1.587619,0.016497,0.752449,1.627168,0.045255,0.039549
16.101000,0.043226,0.794814,1.587071,0.015601,0.768407,1.625688,0.038216,0.038617
16.101000,0.042866,0.818490,1.584874,0.015601,0.768407,1.625688,0.057025,0.040813
16.101000,0.042866,0.818490,1.584874,0.015601,0.768407,1.625688,0.057025,0.040813
16.210000,0.042706,0.830331,1.583782,0.014467,0.800160,1.622173,0.041325,0.038391
16.347000,0.042360,0.859962,1.581207,0.012520,0.841556,1.617373,0.035059,0.036166
16.399000,0.042188,0.877739,1.579677,0.011807,0.856947,1.616047,0.036814,0.036371
16.448000,0.042089,0.889590,1.578656,0.013241,0.870628,1.614091,0.034522,0.035435
16.497000,0.042002,0.901456,1.577670,0.012617,0.885150,1.612846,0.033606,0.035176
16.549000,0.041891,0.919282,1.576383,0.011964,0.900032,1.610843,0.035583,0.034460
16.596000,0.041829,0.931171,1.575585,0.011409,0.913991,1.609867,0.034937,0.034283
16.646000,0.041754,0.949003,1.574415,0.010310,0.929027,1.608458,0.037253,0.034043
16.696000,0.041716,0.960891,1.573638,0.009754,0.943877,1.607486,0.036209,0.033848
16.747000,0.041676,0.978723,1.572472,0.009386,0.957474,1.606030,0.038654,0.033558
16.796000,0.041660,0.990611,1.571695,0.008877,0.972028,1.605078,0.037684,0.033383
16.849000,0.041655,1.008438,1.570508,0.009510,0.988090,1.603245,0.038044,0.032736
16.898000,0.041663,1.020345,1.569789,0.009042,1.002669,1.602291,0.037103,0.032503
16.948000,0.041690,1.038207,1.568745,0.008638,1.016383,1.601669,0.039607,0.032924
17.000000,0.041719,1.050115,1.568049,0.008163,1.031856,1.600764,0.038202,0.032715
17.049000,0.041777,1.067976,1.567005,0.007259,1.047748,1.600209,0.040008,0.033205
17.099000,0.041826,1.079880,1.566335,0.006825,1.062621,1.599350,0.039025,0.033015
17.149000,0.041915,1.097726,1.565316,0.007524,1.078061,1.598201,0.039616,0.032885
17.196000,0.041984,1.109623,1.564637,0.007144,1.092035,1.597403,0.039028,0.032766
17.248000,0.042103,1.127470,1.563618,0.005790,1.105343,1.596156,0.042523,0.032538
17.299000,0.042241,1.145315,1.562572,0.005413,1.120508,1.595284,0.044403,0.032712
17.348000,0.042343,1.157213,1.561874,0.004604,1.134242,1.593860,0.044179,0.031987
17.348000,0.042511,1.175069,1.560862,0.004604,1.134242,1.593860,0.055711,0.032999
17.348000,0.042511,1.175069,1.560862,0.004604,1.134242,1.593860,0.055711,0.032999
17.402000,0.042571,1.181021,1.560529,0.004242,1.150310,1.592924,0.049115,0.032395
17.599000,0.043123,1.228640,1.557874,0.004469,1.209811,1.588845,0.042996,0.030971
17.646000,0.043362,1.246543,1.557079,0.003158,1.225714,1.588898,0.045279,0.031819
17.699000,0.043529,1.258480,1.556598,0.002875,1.241530,1.588240,0.044046,0.031642
17.747000,0.043789,1.276385,1.555876,0.002109,1.257602,1.587146,0.045717,0.031270
17.798000,0.043970,1.288322,1.555394,0.001863,1.272821,1.586532,0.044870,0.031138
17.846000,0.044253,1.306210,1.554635,0.002025,1.284847,1.585788,0.047324,0.031153
17.897000,0.044448,1.318133,1.554106,0.001800,1.300049,1.585123,0.046325,0.031017
17.946000,0.044754,1.336018,1.553316,0.001313,1.315626,1.583440,0.047990,0.030125
17.999000,0.044966,1.347941,1.552789,0.001115,1.331425,1.582743,0.046858,0.029953
18.049000,0.045295,1.365826,1.552000,0.002080,1.346042,1.581844,0.047529,0.029844
18.049000,0.045638,1.383740,1.551329,0.002080,1.346042,1.581844,0.057606,0.030515
18.049000,0.045638,1.383740,1.551329,0.002080,1.346042,1.581844,0.057606,0.030515
18.101000,0.045873,1.395692,1.550941,0.001916,1.361574,1.581177,0.055644,0.030237
18.295000,0.046731,1.437489,1.549605,-0.000617,1.419862,1.580724,0.050523,0.031119
18.348000,0.047116,1.455381,1.548958,-0.001251,1.435242,1.579376,0.052393,0.030419
18.397000,0.047379,1.467302,1.548479,-0.001375,1.449848,1.578813,0.051784,0.030334
18.448000,0.047785,1.485184,1.547753,-0.000677,1.462278,1.577793,0.053602,0.030040
18.495000,0.048062,1.497120,1.547297,-0.000772,1.476307,1.577228,0.053085,0.029931
18.548000,0.048489,1.515032,1.546690,0.000271,1.491762,1.575319,0.053539,0.028628
18.597000,0.048779,1.527000,1.546394,0.000209,1.506426,1.574863,0.052748,0.028469
18.649000,0.049221,1.544957,1.546074,0.000692,1.523451,1.574656,0.053080,0.028582
18.694000,0.049518,1.556936,1.545916,0.000641,1.536933,1.574440,0.052811,0.028525
18.746000,0.049967,1.574907,1.545720,-0.000704,1.554781,1.574750,0.054522,0.029030
18.796000,0.050268,1.586867,1.545513,-0.000764,1.569736,1.574569,0.053831,0.029056
18.847000,0.050725,1.604804,1.545098,0.000638,1.584690,1.573915,0.053975,0.028817
18.847000,0.051190,1.622780,1.544829,0.000638,1.584690,1.573915,0.063296,0.029086
18.902000,0.051346,1.628773,1.544763,0.000593,1.601178,1.573552,0.057770,0.028789
18.996000,0.051816,1.646752,1.544566,0.001728,1.628883,1.572592,0.053180,0.028026
19.045000,0.052289,1.664731,1.544369,-0.000522,1.642261,1.572265,0.057393,0.027895
19.097000,0.052607,1.676718,1.544248,-0.000544,1.657849,1.572096,0.056401,0.027848
19.149000,0.053086,1.694683,1.544006,-0.000113,1.674823,1.572769,0.056785,0.028763
19.198000,0.053408,1.706659,1.543823,-0.000141,1.689499,1.572553,0.056232,0.028730
19.248000,0.053895,1.724625,1.543552,0.000120,1.706495,1.572591,0.056749,0.029039
19.298000,0.054223,1.736610,1.543400,0.000094,1.721483,1.572376,0.056203,0.028976
19.348000,0.054717,1.754589,1.543174,-0.000089,1.735335,1.571731,0.058090,0.028557
19.396000,0.055050,1.766575,1.543023,-0.000102,1.749723,1.571550,0.057668,0.028527
19.449000,0.055551,1.784553,1.542799,-0.000446,1.765261,1.570851,0.059227,0.028052
19.499000,0.055887,1.796539,1.542664,-0.000446,1.780250,1.570670,0.058641,0.028006
19.549000,0.056395,1.814519,1.542466,-0.000970,1.795776,1.571003,0.060350,0.028537
19.596000,0.056736,1.826483,1.542134,-0.000977,1.809839,1.570790,0.060065,0.028656
19.647000,0.057257,1.844423,1.541313,-0.001410,1.822415,1.570366,0.062659,0.029053
19.697000,0.057614,1.856366,1.540512,-0.001405,1.837352,1.569573,0.062007,0.029061
19.749000,0.058170,1.874281,1.539024,-0.000182,1.852976,1.568322,0.062119,0.029298
19.799000,0.058555,1.886262,1.538457,-0.000131,1.867959,1.567186,0.061473,0.028729
19.850000,0.059137,1.904220,1.538325,-0.000011,1.882951,1.567147,0.062856,0.028822
19.899000,0.059721,1.922175,1.538274,0.000043,1.897622,1.567097,0.064532,0.028823
19.943000,0.060110,1.934145,1.538346,0.000454,1.912517,1.566224,0.063456,0.027878
19.998000,0.060498,1.946102,1.538492,0.000530,1.928969,1.566347,0.062367,0.027855
20.048000,0.061075,1.964038,1.538713,0.002443,1.945186,1.566098,0.061588,0.027385
20.098000,0.061458,1.975996,1.538861,0.002513,1.960140,1.566283,0.061040,0.027422
20.149000,0.062029,1.993932,1.539103,0.002488,1.975518,1.566614,0.062324,0.027511
20.196000,0.062406,2.005866,1.539397,0.002548,1.989546,1.566848,0.062043,0.027451
20.247000,0.062963,2.023765,1.539962,0.000915,2.002728,1.567325,0.065517,0.027363
20.299000,0.063329,2.035698,1.540347,0.000967,2.018248,1.567826,0.064757,0.027479
20.348000,0.063870,2.053621,1.540838,0.000417,2.032868,1.569082,0.066761,0.028244
20.398000,0.064228,2.065598,1.541035,0.000439,2.047846,1.569419,0.066212,0.028383
20.448000,0.064760,2.083567,1.541248,0.000786,2.062302,1.569811,0.067416,0.028563
20.496000,0.065114,2.095546,1.541382,0.000799,2.076684,1.569974,0.067023,0.028592
20.547000,0.065641,2.113515,1.541583,0.001925,2.093980,1.570212,0.066643,0.028629
20.598000,0.065990,2.125494,1.541717,0.001933,2.109261,1.570383,0.066082,0.028665
20.647000,0.066510,2.143449,1.541947,0.000784,2.125070,1.571065,0.068248,0.029118
20.698000,0.066855,2.155434,1.542069,0.000778,2.140357,1.571262,0.067776,0.029193
20.749000,0.067371,2.173414,1.542223,0.001565,2.154986,1.571502,0.068337,0.029279
20.797000,0.067713,2.185400,1.542327,0.001555,2.169376,1.571626,0.068071,0.029300
20.847000,0.068223,2.203380,1.542481,0.000887,2.183751,1.571763,0.070139,0.029282
20.898000,0.068562,2.215368,1.542553,0.000871,2.199042,1.571882,0.069632,0.029329
20.946000,0.069069,2.233350,1.542659,0.000272,2.213707,1.572304,0.071546,0.029645
20.997000,0.069406,2.245338,1.542730,0.000249,2.228997,1.572394,0.071061,0.029664
21.048000,0.069910,2.263320,1.542832,0.000737,2.244838,1.572320,0.071600,0.029488
21.096000,0.070245,2.275315,1.542866,0.000714,2.259238,1.572389,0.071366,0.029523
21.145000,0.070748,2.293308,1.542917,-0.000779,2.273630,1.572367,0.074184,0.029450
21.196000,0.071082,2.305303,1.542950,-0.000803,2.288930,1.572409,0.073726,0.029459
21.249000,0.071583,2.323296,1.542990,-0.002005,2.304461,1.572439,0.075960,0.029449
21.296000,0.071916,2.335253,1.542858,-0.002031,2.318516,1.572422,0.075818,0.029563
21.344000,0.072420,2.353188,1.542522,-0.001435,2.332920,1.571853,0.076585,0.029332
21.399000,0.072760,2.365144,1.542287,-0.001451,2.349366,1.571532,0.075869,0.029245
21.447000,0.073274,2.383078,1.541934,-0.001170,2.362480,1.571098,0.077241,0.029164
21.499000,0.073621,2.395034,1.541698,-0.001174,2.378029,1.570792,0.076703,0.029094
21.543000,0.074146,2.412996,1.541434,-0.001472,2.390775,1.570725,0.078815,0.029291
21.595000,0.074499,2.424971,1.541294,-0.001470,2.406350,1.570522,0.078217,0.029229
21.646000,0.075031,2.442934,1.541085,-0.001355,2.421613,1.570043,0.079306,0.028958
21.698000,0.075387,2.454910,1.540946,-0.001343,2.437188,1.569862,0.078750,0.028916
21.747000,0.075926,2.472873,1.540738,0.000553,2.453612,1.569259,0.077794,0.028521
21.799000,0.076287,2.484849,1.540603,0.000578,2.469188,1.569080,0.077311,0.028477
21.848000,0.076831,2.502812,1.540493,-0.001445,2.483237,1.569102,0.080686,0.028609
21.897000,0.077194,2.514798,1.540483,-0.001419,2.497926,1.569064,0.080404,0.028581
21.949000,0.077740,2.532778,1.540422,-0.001868,2.513783,1.569455,0.081842,0.029033
21.999000,0.078104,2.544757,1.540343,-0.001848,2.528763,1.569390,0.081536,0.029047
22.048000,0.078653,2.562725,1.540190,-0.001398,2.543076,1.568985,0.082427,0.028795
22.096000,0.079020,2.574712,1.540112,-0.001371,2.557467,1.568867,0.082220,0.028755
22.149000,0.079573,2.592695,1.540035,0.000179,2.573117,1.569236,0.081772,0.029201
22.192000,0.079942,2.604684,1.539991,0.000199,2.586012,1.569185,0.081900,0.029195
22.248000,0.080497,2.622664,1.539948,0.000463,2.603450,1.569408,0.082308,0.029460
22.298000,0.080866,2.634646,1.539958,0.000484,2.618434,1.569393,0.082001,0.029435
22.349000,0.081420,2.652616,1.540034,0.001069,2.633816,1.568970,0.082522,0.028936
22.396000,0.081788,2.664584,1.540169,0.001095,2.647884,1.569072,0.082402,0.028903
22.449000,0.082336,2.682535,1.540428,0.001368,2.663004,1.568922,0.083290,0.028494
22.499000,0.082698,2.694498,1.540628,0.001395,2.677964,1.569151,0.082966,0.028523
22.548000,0.083237,2.712444,1.540944,-0.000186,2.693669,1.569671,0.085510,0.028727
22.597000,0.083594,2.724431,1.541071,-0.000173,2.708360,1.569904,0.085294,0.028833
22.644000,0.084128,2.742418,1.541158,-0.000569,2.722100,1.569853,0.087099,0.028696
22.697000,0.084483,2.754411,1.541175,-0.000555,2.737998,1.569909,0.086607,0.028734
22.749000,0.085016,2.772401,1.541173,-0.000794,2.753730,1.570317,0.087818,0.029144
22.798000,0.085371,2.784394,1.541169,-0.000787,2.768428,1.570313,0.087626,0.029144
22.848000,0.085905,2.802380,1.541145,-0.000181,2.784737,1.570828,0.087875,0.029684
22.900000,0.086438,2.820368,1.541107,-0.000181,2.800333,1.570797,0.088907,0.029690
22.947000,0.086795,2.832360,1.541087,-0.000293,2.814028,1.570719,0.088996,0.029632
22.999000,0.087151,2.844351,1.541065,-0.000292,2.829623,1.570692,0.088674,0.029627
23.048000,0.087686,2.862338,1.541031,-0.000849,2.844198,1.570019,0.090375,0.028988
23.097000,0.088044,2.874327,1.540998,-0.000838,2.858890,1.569987,0.090212,0.028990
23.152000,0.088580,2.892310,1.540938,-0.001532,2.876648,1.569907,0.091463,0.028969
23.195000,0.088938,2.904290,1.540868,-0.001521,2.889532,1.569856,0.091655,0.028988
23.248000,0.089478,2.922260,1.540734,-0.000591,2.905036,1.569814,0.091700,0.029080
23.298000,0.089838,2.934240,1.540644,-0.000576,2.920018,1.569702,0.091526,0.029058
23.345000,0.090382,2.952223,1.540545,-0.000055,2.932804,1.569620,0.092498,0.029075
23.399000,0.090745,2.964211,1.540542,-0.000035,2.948996,1.569570,0.092046,0.029028
23.448000,0.091289,2.982192,1.540540,-0.000044,2.964204,1.569818,0.093088,0.029278
23.482000,0.091652,2.994180,1.540539,-0.000034,2.974398,1.569817,0.093796,0.029279
23.482000,0.092196,3.012160,1.540547,-0.000034,2.974398,1.569817,0.099662,0.029271
23.482000,0.092377,3.018154,1.540557,-0.000034,2.974398,1.569817,0.102247,0.029260
23.482000,0.092740,3.030141,1.540577,-0.000034,2.974398,1.569817,0.108233,0.029240
23.482000,0.093102,3.042127,1.540611,-0.000034,2.974398,1.569817,0.115159,0.029207
23.482000,0.093644,3.060107,1.540662,-0.000034,2.974398,1.569817,0.126972,0.029155
23.482000,0.094366,3.084080,1.540732,-0.000034,2.974398,1.569817,0.144713,0.029086
23.767000,0.094906,3.102060,1.540784,-0.000759,3.060675,1.569338,0.104234,0.028554
24.048000,0.096701,3.161997,1.540950,0.001949,3.144683,1.570201,0.096320,0.029251
24.090000,0.097058,3.173991,1.540969,0.001956,3.157283,1.570228,0.096559,0.029259
24.148000,0.097595,3.191972,1.541026,0.001550,3.174093,1.570208,0.097694,0.029182
24.198000,0.097950,3.203941,1.541156,0.001561,3.189062,1.570295,0.097531,0.029139
24.249000,0.098481,3.221896,1.541397,0.002453,3.204479,1.570284,0.097595,0.028887
24.249000,0.099005,3.239833,1.541727,0.002453,3.204479,1.570284,0.102822,0.028557
24.301000,0.099179,3.245813,1.541848,0.002460,3.220029,1.570516,0.100096,0.028668
24.395000,0.099695,3.263754,1.542207,0.002471,3.248319,1.571232,0.098442,0.029024
24.446000,0.100205,3.281701,1.542544,0.001345,3.263224,1.571824,0.100572,0.029280
24.499000,0.100711,3.299676,1.542749,0.001326,3.279106,1.572093,0.101491,0.029343
24.546000,0.101047,3.311662,1.542836,0.001985,3.293178,1.572337,0.100772,0.029501
24.598000,0.101381,3.323641,1.542932,0.001961,3.308757,1.572452,0.100529,0.029520
24.648000,0.101881,3.341611,1.543092,0.001762,3.323839,1.572807,0.101684,0.029715
24.698000,0.102212,3.353595,1.543183,0.001731,3.338825,1.572936,0.101561,0.029753
24.749000,0.102708,3.371575,1.543292,0.002631,3.353580,1.572962,0.101682,0.029670
24.797000,0.103037,3.383550,1.543398,0.002600,3.367955,1.573057,0.101640,0.029660
24.849000,0.103527,3.401512,1.543576,0.003554,3.385211,1.573142,0.101294,0.029566
24.896000,0.103853,3.413486,1.543695,0.003520,3.399286,1.573282,0.101332,0.029587
24.948000,0.104338,3.431448,1.543874,0.001718,3.415075,1.573770,0.103917,0.029896
24.999000,0.104659,3.443419,1.544014,0.001673,3.430343,1.573928,0.103813,0.029913
25.049000,0.105140,3.461408,1.544130,0.000801,3.444049,1.574180,0.105774,0.030050
25.049000,0.105620,3.479384,1.544084,0.000801,3.444049,1.574180,0.110615,0.030096
25.100000,0.105780,3.485376,1.544054,0.000746,3.459332,1.574229,0.108215,0.030175
25.199000,0.106262,3.503350,1.543965,0.001094,3.489615,1.573803,0.106061,0.029838
25.249000,0.106745,3.521331,1.543874,0.000517,3.503734,1.573657,0.107676,0.029783
25.297000,0.107068,3.533314,1.543804,0.000476,3.518119,1.573585,0.107670,0.029781
25.349000,0.107554,3.551289,1.543680,-0.000320,3.532191,1.573294,0.109552,0.029614
25.349000,0.108043,3.569250,1.543484,-0.000320,3.532191,1.573294,0.114525,0.029811
25.349000,0.108043,3.569250,1.543484,-0.000320,3.532191,1.573294,0.114525,0.029811
25.400000,0.108207,3.575237,1.543406,-0.000358,3.547461,1.573172,0.112062,0.029766
25.400000,0.109199,3.611196,1.543112,-0.000358,3.547461,1.573172,0.126747,0.030060
25.481000,0.109365,3.617191,1.543080,0.000443,3.572491,1.572718,0.117737,0.029637
25.644000,0.110031,3.641156,1.542899,-0.000248,3.621485,1.572140,0.112019,0.029241
25.697000,0.110366,3.653137,1.542765,-0.000269,3.637366,1.571979,0.111753,0.029214
25.749000,0.110872,3.671110,1.542571,0.000359,3.653838,1.571811,0.111854,0.029239
25.796000,0.111211,3.683104,1.542504,0.000346,3.667937,1.571677,0.111897,0.029173
25.848000,0.111721,3.701096,1.542437,0.000371,3.683825,1.571272,0.112681,0.028835
25.899000,0.112232,3.719089,1.542370,0.000364,3.699124,1.571215,0.113635,0.028845
25.945000,0.112573,3.731083,1.542330,0.000360,3.712169,1.571061,0.113796,0.028731
25.995000,0.112914,3.743073,1.542351,0.000357,3.727162,1.571029,0.113676,0.028677
26.048000,0.113425,3.761054,1.542453,0.000345,3.744161,1.570892,0.114335,0.028439
26.098000,0.113764,3.773042,1.542526,0.000343,3.759152,1.570983,0.114268,0.028457
26.148000,0.114272,3.791024,1.542637,0.000361,3.774282,1.571375,0.115135,0.028738
26.199000,0.114777,3.809006,1.542747,0.000351,3.789573,1.571469,0.116064,0.028722
26.247000,0.115113,3.820994,1.542821,0.001020,3.802666,1.571425,0.115556,0.028604
26.298000,0.115448,3.832981,1.542901,0.001010,3.817956,1.571520,0.115420,0.028620
26.346000,0.115946,3.850929,1.543295,0.000545,3.833496,1.571773,0.116711,0.028478
26.396000,0.116273,3.862893,1.543579,0.000528,3.848456,1.572128,0.116642,0.028549
26.448000,0.116758,3.880838,1.544006,0.000895,3.863122,1.572472,0.117210,0.028466
26.497000,0.117077,3.892801,1.544360,0.000871,3.877782,1.572834,0.117172,0.028475
26.547000,0.117545,3.910745,1.545005,-0.000440,3.892324,1.573418,0.119414,0.028413
26.597000,0.117844,3.922435,1.545254,-0.000485,3.906951,1.573937,0.119338,0.028683
26.649000,0.118250,3.937899,1.543567,-0.000876,3.920106,1.573225,0.120448,0.029657
26.699000,0.118531,3.947941,1.542176,-0.000902,3.932663,1.571499,0.120406,0.029323
26.745000,0.118978,3.963003,1.540090,-0.002422,3.944056,1.571311,0.122869,0.031222
26.796000,0.119290,3.972948,1.538603,-0.002425,3.956750,1.569522,0.122788,0.030919
26.847000,0.119766,3.987049,1.535556,-0.003047,3.968733,1.566929,0.124171,0.031373
26.899000,0.120107,3.996448,1.533525,-0.002993,3.980961,1.564289,0.124070,0.030764
26.948000,0.120649,4.010419,1.530350,-0.004992,3.992964,1.561099,0.126847,0.030748
26.997000,0.120981,4.018313,1.526815,-0.004912,4.002661,1.558051,0.126862,0.031236
27.047000,0.121426,4.027676,1.519033,-0.006165,4.008330,1.552193,0.129049,0.033160
27.047000,0.121791,4.034142,1.508354,-0.006165,4.008330,1.552193,0.130534,0.043839
27.047000,0.121892,4.035706,1.504203,-0.006165,4.008330,1.552193,0.130951,0.047990
27.104000,0.122105,4.038704,1.495771,-0.006051,4.014266,1.543788,0.130465,0.048017
27.298000,0.122619,4.044756,1.467534,-0.011592,4.027617,1.504495,0.135300,0.036961
27.348000,0.122621,4.044778,1.449224,-0.014340,4.030260,1.490680,0.137728,0.041457
27.397000,0.122621,4.044778,1.435433,-0.014340,4.030260,1.474933,0.137728,0.039501
27.449000,0.122621,4.044778,1.412610,-0.018550,4.032012,1.457770,0.141747,0.045160
27.449000,0.122621,4.044778,1.389403,-0.018550,4.032012,1.457770,0.141747,0.068367
27.449000,0.122621,4.044778,1.389403,-0.018550,4.032012,1.457770,0.141747,0.068367
27.501000,0.122621,4.044778,1.373932,-0.018550,4.032012,1.437687,0.141747,0.063754
27.501000,0.122621,4.044778,1.305472,-0.018550,4.032012,1.437687,0.141747,0.132215
27.501000,0.122621,4.044778,1.305472,-0.018550,4.032012,1.437687,0.141747,0.132215
27.707000,0.122621,4.044778,1.287441,-0.023025,4.036553,1.353666,0.145878,0.066226
27.899000,0.122621,4.044778,1.222172,-0.029774,4.037640,1.266818,0.152562,0.044645
27.949000,0.122621,4.044778,1.192661,-0.035302,4.038613,1.241774,0.158043,0.049112
27.999000,0.122621,4.044778,1.159951,-0.035302,4.038613,1.216414,0.158043,0.056464
28.048000,0.122621,4.044778,1.136528,-0.040005,4.041146,1.189603,0.162667,0.053075
28.048000,0.122621,4.044778,1.099017,-0.040005,4.041146,1.189603,0.162667,0.090585
28.048000,0.122621,4.044778,1.085890,-0.040005,4.041146,1.189603,0.162667,0.103713
28.108000,0.122621,4.044778,1.058643,-0.040005,4.041146,1.153848,0.162667,0.095206
28.297000,0.122621,4.044778,0.969269,-0.045345,4.042168,1.026831,0.167986,0.057562
28.347000,0.122621,4.044778,0.921296,-0.048191,4.040649,0.990494,0.170862,0.069198
28.396000,0.122621,4.044778,0.889296,-0.048191,4.040649,0.951294,0.170862,0.061998
28.448000,0.122621,4.044778,0.841296,-0.054441,4.037964,0.907823,0.177193,0.066527
28.498000,0.122621,4.044778,0.809296,-0.054441,4.037964,0.867823,0.177193,0.058527
28.547000,0.122621,4.044778,0.761296,-0.054378,4.040551,0.829776,0.177050,0.068480
28.597000,0.122621,4.044778,0.729296,-0.054378,4.040551,0.789776,0.177050,0.060480
28.647000,0.122621,4.044778,0.681296,-0.059536,4.041081,0.746159,0.182194,0.064863
28.698000,0.122621,4.044778,0.649296,-0.059536,4.041081,0.705359,0.182194,0.056063
28.698000,0.122621,4.044778,0.633296,-0.059536,4.041081,0.705359,0.182194,0.072063
28.698000,0.122621,4.044778,0.569296,-0.059536,4.041081,0.705359,0.182194,0.136063
28.799000,0.122946,4.044956,0.489874,-0.062929,4.037938,0.621514,0.186008,0.131640
29.098000,0.135686,4.050366,0.351874,-0.062050,4.035161,0.388208,0.198320,0.036334
29.147000,0.143297,4.053002,0.316669,-0.058444,4.035692,0.351206,0.202483,0.034538
29.196000,0.149372,4.054917,0.294797,-0.051113,4.038306,0.323221,0.201172,0.028425
29.250000,0.160001,4.057956,0.263112,-0.044139,4.041555,0.286919,0.204797,0.023807
29.295000,0.172465,4.061099,0.231840,-0.035042,4.044174,0.263177,0.208196,0.031337
29.345000,0.181496,4.063134,0.211360,-0.027001,4.045220,0.233613,0.209265,0.022253
29.397000,0.190571,4.064984,0.190880,-0.015271,4.047934,0.206989,0.206547,0.016109
29.449000,0.204250,4.067410,0.160160,-0.006879,4.047138,0.177217,0.212100,0.017057
29.496000,0.213765,4.068848,0.140336,0.004274,4.049054,0.153324,0.210424,0.012988
29.548000,0.229006,4.070784,0.113000,0.013776,4.049511,0.125609,0.216278,0.012609
29.596000,0.239387,4.071874,0.096376,0.026214,4.050993,0.104516,0.214193,0.008141
29.648000,0.255195,4.073218,0.073840,0.038742,4.052215,0.076736,0.217470,0.002896
29.695000,0.265889,4.073936,0.060416,0.051306,4.053104,0.059819,0.215592,0.000597
29.749000,0.281963,4.074753,0.041216,0.066937,4.053392,0.038078,0.216084,0.003138
29.800000,0.298372,4.075280,0.023480,0.080806,4.053862,0.021973,0.218617,0.001507
29.848000,0.309494,4.075483,0.013256,0.094770,4.054764,0.004922,0.215721,0.008334
29.895000,0.320638,4.075579,0.004144,0.107866,4.054770,-0.006745,0.213788,0.010888
29.949000,0.337355,4.075536,-0.009296,0.127586,4.058020,-0.020862,0.210499,0.011566
29.997000,0.348498,4.075383,-0.018256,0.140956,4.057707,-0.031614,0.208294,0.013358
30.048000,0.365283,4.074966,-0.031096,0.154250,4.055963,-0.045368,0.211887,0.014272
30.097000,0.376484,4.074571,-0.039416,0.167965,4.055307,-0.055615,0.209408,0.016199
30.145000,0.393691,4.073792,-0.050571,0.181983,4.054345,-0.067612,0.212599,0.017040
30.196000,0.405391,4.073164,-0.056443,0.196874,4.053279,-0.076328,0.209463,0.019884
30.247000,0.423035,4.072106,-0.062960,0.212651,4.053658,-0.086202,0.211191,0.023242
30.297000,0.440691,4.070942,-0.068715,0.227338,4.052369,-0.091204,0.214160,0.022488
30.345000,0.452558,4.070105,-0.071803,0.245685,4.052196,-0.098508,0.207647,0.026705
30.398000,0.464487,4.069235,-0.073611,0.261446,4.050599,-0.102160,0.203895,0.028548
30.447000,0.482424,4.067904,-0.074253,0.279055,4.051366,-0.105168,0.204041,0.030915
30.497000,0.494382,4.067014,-0.074420,0.293960,4.049791,-0.105423,0.201160,0.031003
30.548000,0.512319,4.065674,-0.074671,0.312140,4.048985,-0.107966,0.200873,0.033295
30.598000,0.524276,4.064779,-0.074837,0.327041,4.047369,-0.108174,0.198002,0.033337
30.647000,0.542150,4.063438,-0.074749,0.344629,4.046306,-0.107167,0.198263,0.032417
30.698000,0.554015,4.062552,-0.074245,0.359712,4.044678,-0.106843,0.195123,0.032598
30.745000,0.571785,4.061240,-0.073161,0.375742,4.043334,-0.106293,0.196860,0.033131
30.798000,0.583618,4.060377,-0.072302,0.391374,4.041668,-0.105257,0.193152,0.032956
30.848000,0.601347,4.059106,-0.070845,0.406930,4.038856,-0.104828,0.195469,0.033983
30.899000,0.613132,4.058276,-0.069704,0.421912,4.037281,-0.103512,0.192369,0.033808
30.947000,0.630800,4.057059,-0.067840,0.437248,4.036002,-0.101824,0.194694,0.033983
30.995000,0.642579,4.056266,-0.066596,0.451343,4.034568,-0.100330,0.192464,0.033734
31.049000,0.660250,4.055104,-0.064729,0.469163,4.034025,-0.098395,0.192247,0.033666
31.098000,0.672027,4.054348,-0.063440,0.483550,4.032608,-0.096863,0.189727,0.033423
31.146000,0.689668,4.053246,-0.061309,0.498690,4.031071,-0.094434,0.192261,0.033125
31.198000,0.701423,4.052533,-0.059816,0.513933,4.029633,-0.092544,0.188884,0.032728
31.245000,0.719050,4.051498,-0.057512,0.527939,4.028051,-0.090854,0.192544,0.033342
31.297000,0.730792,4.050831,-0.055918,0.543167,4.026670,-0.088829,0.189175,0.032911
31.349000,0.748400,4.049867,-0.053456,0.558721,4.025083,-0.086441,0.191291,0.032985
31.399000,0.760134,4.049249,-0.051776,0.573355,4.023821,-0.084369,0.188502,0.032593
31.449000,0.777733,4.048360,-0.049212,0.587755,4.023039,-0.081376,0.191658,0.032164
31.497000,0.789476,4.047792,-0.047521,0.601817,4.021900,-0.079327,0.189437,0.031806
31.545000,0.807091,4.046976,-0.045009,0.616032,4.020856,-0.077356,0.192836,0.032347
31.599000,0.824706,4.046205,-0.042495,0.631854,4.019638,-0.075096,0.194673,0.032601
31.647000,0.836449,4.045715,-0.040814,0.647157,4.018323,-0.072231,0.191264,0.031416
31.697000,0.848195,4.045246,-0.039136,0.661813,4.017270,-0.070131,0.188470,0.030994
31.748000,0.865815,4.044578,-0.036624,0.676334,4.016777,-0.067187,0.191510,0.030562
31.797000,0.877575,4.044157,-0.034993,0.690718,4.015817,-0.065148,0.188995,0.030156
31.846000,0.895220,4.043560,-0.032602,0.704692,4.015540,-0.063793,0.192577,0.031191
31.897000,0.906989,4.043186,-0.031038,0.719674,4.014590,-0.061775,0.189484,0.030737
31.945000,0.924644,4.042658,-0.028714,0.734293,4.013321,-0.058560,0.192598,0.029845
31.998000,0.936415,4.042329,-0.027165,0.749870,4.012415,-0.056507,0.188929,0.029342
32.041000,0.954073,4.041870,-0.024842,0.762715,4.011520,-0.055222,0.193750,0.030380
32.094000,0.965845,4.041586,-0.023296,0.778294,4.010668,-0.053170,0.190082,0.029875
32.149000,0.983513,4.041195,-0.021018,0.794840,4.009815,-0.050357,0.191265,0.029339
32.199000,0.995298,4.040956,-0.019538,0.809557,4.009080,-0.048478,0.188457,0.028940
32.245000,1.012982,4.040630,-0.017361,0.823567,4.008649,-0.046255,0.192096,0.028894
32.295000,1.024772,4.040433,-0.015914,0.838291,4.007975,-0.044446,0.189285,0.028531
32.343000,1.042457,4.040171,-0.013744,0.853469,4.008654,-0.041296,0.191598,0.027552
32.343000,1.060145,4.039947,-0.011582,0.853469,4.008654,-0.041296,0.209032,0.029714
32.343000,1.066061,4.039881,-0.010924,0.853469,4.008654,-0.041296,0.214873,0.030372
32.343000,1.077899,4.039759,-0.009629,0.853469,4.008654,-0.041296,0.226575,0.031667
32.343000,1.089738,4.039653,-0.008333,0.853469,4.008654,-0.041296,0.238293,0.032963
32.343000,1.107495,4.039522,-0.006390,0.853469,4.008654,-0.041296,0.255895,0.034906
32.343000,1.131173,4.039401,-0.003799,0.853469,4.008654,-0.041296,0.279401,0.037497
32.343000,1.154851,4.039342,-0.001207,0.853469,4.008654,-0.041296,0.302940,0.040089
32.715000,1.178529,4.039344,0.001384,0.962393,4.004996,-0.027005,0.218848,0.028389
32.981000,1.231803,4.039573,0.007214,1.040132,4.004321,-0.017382,0.194886,0.024596
33.047000,1.249603,4.039717,0.008877,1.059135,4.004185,-0.015286,0.193754,0.024164
33.047000,1.267529,4.039885,0.009732,1.059135,4.004185,-0.015286,0.211429,0.025019
33.047000,1.303403,4.040254,0.010797,1.059135,4.004185,-0.015286,0.246916,0.026084
33.222000,1.333368,4.040585,0.011222,1.109801,4.004488,-0.010394,0.226462,0.021615
33.362000,1.381330,4.041130,0.011481,1.150327,4.004258,-0.009559,0.233926,0.021040
33.549000,1.399310,4.041337,0.011599,1.204106,4.004371,-0.009594,0.198673,0.021193
33.598000,1.411296,4.041477,0.011678,1.218790,4.004230,-0.009497,0.196076,0.021175
33.647000,1.429276,4.041688,0.011797,1.233868,4.004965,-0.009248,0.198829,0.021045
33.698000,1.441263,4.041830,0.011878,1.249151,4.004824,-0.009147,0.195643,0.021025
33.749000,1.459255,4.042044,0.011907,1.264584,4.005102,-0.007737,0.198145,0.019645
33.796000,1.471238,4.042186,0.011848,1.278664,4.004995,-0.007749,0.196132,0.019597
33.848000,1.489213,4.042398,0.011708,1.293239,4.003421,-0.007569,0.199813,0.019277
33.897000,1.501197,4.042538,0.011611,1.307920,4.003309,-0.007687,0.197218,0.019298
33.947000,1.519173,4.042745,0.011466,1.321612,4.001962,-0.007978,0.201726,0.019444
33.947000,1.537150,4.042950,0.011326,1.321612,4.001962,-0.007978,0.219400,0.019304
33.947000,1.537150,4.042950,0.011326,1.321612,4.001962,-0.007978,0.219400,0.019304
34.006000,1.549145,4.043085,0.011279,1.339290,4.001820,-0.008121,0.213873,0.019400
34.196000,1.591018,4.043562,0.011764,1.394892,4.000591,-0.009318,0.200778,0.021082
34.246000,1.608933,4.043777,0.012318,1.411149,4.000702,-0.009610,0.202420,0.021927
34.296000,1.620876,4.043927,0.012703,1.426078,4.000560,-0.009139,0.199566,0.021841
34.347000,1.638791,4.044159,0.013282,1.444152,4.001954,-0.007978,0.199162,0.021261
34.398000,1.650734,4.044320,0.013669,1.459381,4.001835,-0.007486,0.196013,0.021155
34.448000,1.668677,4.044570,0.014147,1.473727,4.001784,-0.006897,0.199591,0.021044
34.498000,1.680653,4.044741,0.014355,1.488698,4.001683,-0.006565,0.196725,0.020920
34.548000,1.698618,4.045001,0.014614,1.502640,4.000613,-0.006235,0.200942,0.020849
34.594000,1.710595,4.045177,0.014782,1.516414,4.000528,-0.006041,0.199248,0.020823
34.645000,1.728550,4.045445,0.015068,1.529982,4.000331,-0.006124,0.203629,0.021192
34.697000,1.740512,4.045627,0.015313,1.545534,4.000236,-0.005849,0.200192,0.021162
34.745000,1.758454,4.045905,0.015718,1.560879,4.000595,-0.004938,0.202705,0.020656
34.795000,1.770428,4.046095,0.015955,1.575846,4.000523,-0.004606,0.199847,0.020561
34.848000,1.788391,4.046384,0.016263,1.592516,4.002196,-0.003706,0.200797,0.019968
34.899000,1.800377,4.046580,0.016321,1.607800,4.002143,-0.003497,0.197638,0.019818
34.946000,1.818354,4.046873,0.016225,1.621497,4.002020,-0.003222,0.201903,0.019447
34.997000,1.830338,4.047066,0.016116,1.636778,4.001970,-0.003334,0.198744,0.019450
35.048000,1.848315,4.047355,0.015953,1.651080,4.000785,-0.003621,0.202657,0.019574
35.099000,1.860301,4.047545,0.015873,1.666365,4.000728,-0.003756,0.199507,0.019628
35.149000,1.878282,4.047831,0.015946,1.680111,4.000906,-0.004061,0.203652,0.020008
35.198000,1.890272,4.048023,0.016033,1.694800,4.000847,-0.003973,0.201085,0.020006
35.246000,1.908258,4.048313,0.016170,1.709310,4.000919,-0.004610,0.204515,0.020781
35.299000,1.920246,4.048507,0.016276,1.725197,4.000846,-0.004484,0.200788,0.020759
35.349000,1.938229,4.048801,0.016451,1.740973,3.999170,-0.004506,0.203405,0.020958
35.399000,1.950178,4.049000,0.016826,1.755911,3.999098,-0.004278,0.200574,0.021105
35.447000,1.968094,4.049310,0.017802,1.771051,3.999834,-0.002624,0.203159,0.020426
35.496000,1.980067,4.049526,0.018339,1.785720,3.999802,-0.001825,0.200607,0.020164
35.548000,1.998036,4.049861,0.018916,1.802007,3.999058,-0.001290,0.202505,0.020206
35.597000,2.010016,4.050090,0.019258,1.816685,3.999041,-0.000853,0.199957,0.020110
35.646000,2.027987,4.050441,0.019771,1.830671,3.998825,0.000021,0.203955,0.019749
35.696000,2.039967,4.050679,0.020113,1.845649,3.998827,0.000449,0.201117,0.019664
35.746000,2.057920,4.051046,0.020726,1.860071,3.999747,0.000986,0.204391,0.019739
35.796000,2.069876,4.051296,0.021222,1.875019,3.999763,0.001558,0.201556,0.019664
35.848000,2.087809,4.051684,0.021966,1.889862,3.999832,0.001252,0.204626,0.020714
35.896000,2.099765,4.051949,0.022462,1.904212,3.999852,0.001847,0.202373,0.020615
35.949000,2.117689,4.052361,0.023481,1.921229,3.999555,0.002602,0.203433,0.020878
35.995000,2.129637,4.052646,0.024206,1.934973,3.999594,0.003436,0.201764,0.020770
36.047000,2.147601,4.053086,0.024611,1.952212,4.001425,0.004306,0.202103,0.020305
36.099000,2.159551,4.053379,0.024500,1.967754,4.001497,0.004417,0.198691,0.020083
36.147000,2.177472,4.053815,0.024113,1.981545,4.000826,0.005460,0.202966,0.018654
36.195000,2.189420,4.054101,0.023805,1.995887,4.000904,0.005119,0.200711,0.018686
36.244000,2.207344,4.054524,0.023323,2.009865,3.999149,0.005035,0.205096,0.018288
36.299000,2.219316,4.054802,0.023075,2.026328,3.999229,0.004617,0.200830,0.018459
36.346000,2.237280,4.055214,0.022810,2.039248,3.999357,0.004161,0.205758,0.018649
36.399000,2.249257,4.055486,0.022659,2.055122,3.999422,0.003943,0.202068,0.018716
36.449000,2.267223,4.055891,0.022446,2.068631,3.999804,0.002988,0.206361,0.019458
36.496000,2.279201,4.056159,0.022305,2.082708,3.999846,0.002821,0.204403,0.019483
36.548000,2.297170,4.056558,0.022110,2.098856,4.000080,0.002629,0.206199,0.019481
36.596000,2.309148,4.056823,0.021981,2.113233,4.000117,0.002477,0.203956,0.019505
36.648000,2.327116,4.057216,0.021786,2.129336,4.000832,0.002591,0.205660,0.019195
36.700000,2.339095,4.057476,0.021657,2.144912,4.000871,0.002422,0.202265,0.019234
36.746000,2.357063,4.057864,0.021462,2.158917,4.001589,0.002208,0.205982,0.019254
36.797000,2.369042,4.058120,0.021333,2.174194,4.001622,0.002043,0.202874,0.019290
36.846000,2.386998,4.058501,0.021097,2.189330,4.002496,0.001974,0.205448,0.019123
36.896000,2.398948,4.058752,0.020834,2.204272,4.002526,0.001734,0.202633,0.019100
36.948000,2.416874,4.059121,0.020373,2.220154,4.003261,0.000941,0.204498,0.019431
36.999000,2.428821,4.059363,0.020042,2.235389,4.003274,0.000537,0.201400,0.019505
37.048000,2.446739,4.059717,0.019543,2.248696,4.002984,-0.000440,0.206009,0.019983
37.096000,2.458693,4.059949,0.019218,2.263043,4.002976,-0.000839,0.203776,0.020057
37.147000,2.476637,4.060290,0.018809,2.278287,4.003093,-0.001512,0.206432,0.020321
37.198000,2.488602,4.060514,0.018567,2.293545,4.003068,-0.001842,0.203340,0.020409
37.249000,2.506555,4.060844,0.018238,2.308221,4.002650,-0.001981,0.206694,0.020219
37.296000,2.518529,4.061061,0.018053,2.322294,4.002621,-0.002225,0.204752,0.020278
37.346000,2.536495,4.061384,0.017814,2.337624,4.003365,-0.001884,0.207162,0.019698
37.399000,2.548461,4.061596,0.017625,2.353482,4.003335,-0.002100,0.203497,0.019725
37.447000,2.566411,4.061909,0.017306,2.368407,4.003273,-0.002440,0.206504,0.019746
37.498000,2.578381,4.062115,0.017101,2.383671,4.003234,-0.002710,0.203418,0.019811
37.544000,2.596340,4.062420,0.016815,2.397042,4.004284,-0.003200,0.207603,0.020015
37.544000,2.614283,4.062718,0.016478,2.397042,4.004284,-0.003200,0.224962,0.019678
37.544000,2.614283,4.062718,0.016478,2.397042,4.004284,-0.003200,0.224962,0.019678
37.604000,2.626246,4.062914,0.016241,2.414988,4.004226,-0.003494,0.219259,0.019735
37.798000,2.668117,4.063577,0.015414,2.474550,4.004542,-0.006026,0.202369,0.021440
37.849000,2.686082,4.063851,0.015131,2.489587,4.004437,-0.006356,0.205281,0.021487
37.897000,2.698063,4.064032,0.014985,2.503966,4.004345,-0.006560,0.203068,0.021545
37.949000,2.716039,4.064299,0.014810,2.519918,4.003004,-0.006759,0.205477,0.021569
37.996000,2.728033,4.064477,0.014771,2.534011,4.002907,-0.006869,0.203556,0.021640
38.047000,2.746020,4.064743,0.014803,2.550137,4.002596,-0.006564,0.205505,0.021367
38.099000,2.758009,4.064920,0.014854,2.565724,4.002494,-0.006518,0.202165,0.021372
38.149000,2.775992,4.065188,0.014952,2.580546,4.002434,-0.006740,0.205273,0.021693
38.198000,2.787977,4.065368,0.015032,2.595230,4.002335,-0.006653,0.202793,0.021685
38.248000,2.805955,4.065639,0.015166,2.609987,4.001307,-0.006928,0.206258,0.022094
38.299000,2.817925,4.065822,0.015300,2.625251,4.001200,-0.006796,0.203222,0.022097
38.347000,2.835879,4.066098,0.015507,2.640551,4.000526,-0.006260,0.206041,0.021768
38.397000,2.847848,4.066285,0.015645,2.655514,4.000432,-0.006088,0.203295,0.021733
38.449000,2.865801,4.066568,0.015864,2.671192,4.001544,-0.005565,0.205185,0.021430
38.494000,2.877782,4.066759,0.016008,2.684672,4.001470,-0.005398,0.203848,0.021406
38.549000,2.895754,4.067048,0.016197,2.701199,4.002828,-0.004932,0.204880,0.021130
38.596000,2.907747,4.067243,0.016241,2.715293,4.002760,-0.004809,0.202970,0.021050
38.648000,2.925738,4.067535,0.016225,2.730301,4.003341,-0.004881,0.205709,0.021106
38.697000,2.937731,4.067729,0.016203,2.744995,4.003269,-0.004903,0.203230,0.021107
38.746000,2.955722,4.068021,0.016171,2.758747,4.002095,-0.005544,0.207714,0.021714
38.798000,2.967716,4.068214,0.016149,2.774341,4.002009,-0.005572,0.204394,0.021721
38.847000,2.985702,4.068504,0.016102,2.788889,4.001798,-0.005976,0.207811,0.022079
38.899000,2.997688,4.068697,0.016055,2.804473,4.001705,-0.006027,0.204500,0.022082
38.947000,3.015667,4.068985,0.015984,2.820266,4.002490,-0.006101,0.206405,0.022085
38.998000,3.027653,4.069177,0.015936,2.835550,4.002396,-0.006162,0.203380,0.022098
39.046000,3.045633,4.069462,0.015865,2.850845,4.002976,-0.006526,0.205822,0.022390
39.096000,3.057619,4.069652,0.015817,2.865829,4.002878,-0.006585,0.203081,0.022402
39.145000,3.075601,4.069937,0.015884,2.880927,4.003725,-0.006072,0.205627,0.021956
39.199000,3.087591,4.070128,0.015876,2.897114,4.003628,-0.006028,0.201751,0.021904
39.245000,3.105574,4.070413,0.015838,2.911261,4.002754,-0.005975,0.205755,0.021814
39.298000,3.117564,4.070603,0.015813,2.927149,4.002659,-0.006009,0.202174,0.021822
39.344000,3.135548,4.070887,0.015775,2.940616,4.003644,-0.006454,0.206204,0.022229
39.397000,3.147539,4.071076,0.015738,2.956506,4.003541,-0.006491,0.202619,0.022229
39.449000,3.165530,4.071359,0.015688,2.971086,4.003196,-0.007246,0.206045,0.022934
39.500000,3.183519,4.071641,0.015705,2.986379,4.003085,-0.007274,0.208721,0.022980
39.548000,3.195510,4.071829,0.015746,3.001004,4.002142,-0.007900,0.206613,0.023646
39.599000,3.207485,4.072019,0.015851,3.016274,4.002021,-0.007826,0.203620,0.023677
39.647000,3.225444,4.072305,0.016088,3.033269,4.002051,-0.007382,0.204614,0.023471
39.699000,3.237419,4.072499,0.016252,3.048839,4.001937,-0.007168,0.201350,0.023420
39.750000,3.255383,4.072793,0.016491,3.065512,4.001568,-0.006333,0.202791,0.022825
39.798000,3.267359,4.072992,0.016648,3.079885,4.001478,-0.006143,0.200651,0.022791
39.848000,3.285324,4.073293,0.016879,3.093541,4.001008,-0.005998,0.204954,0.022877
39.898000,3.297300,4.073496,0.017034,3.108513,4.000919,-0.005804,0.202258,0.022838
39.945000,3.315260,4.073804,0.017282,3.121654,3.999897,-0.005707,0.207233,0.022989
39.945000,3.333197,4.074117,0.017632,3.121654,3.999897,-0.005707,0.224185,0.023340
40.000000,3.333197,4.074117,0.017632,3.138097,3.999803,-0.005451,0.208774,0.023084
40.049000,3.357112,4.074545,0.018122,3.152802,3.999225,-0.005668,0.217752,0.023789
40.146000,3.375048,4.074873,0.018489,3.182490,4.000362,-0.004323,0.206471,0.022812
40.166000,3.387013,4.075096,0.018730,3.188470,4.000337,-0.004201,0.212151,0.022930
40.215000,3.410954,4.075549,0.019119,3.203137,4.000277,-0.003904,0.221029,0.023023
40.215000,3.464773,4.076605,0.020164,3.203137,4.000277,-0.003904,0.272542,0.024067
40.364000,3.470748,4.076726,0.020307,3.247288,3.998384,-0.002339,0.236794,0.022646
40.548000,3.494648,4.077219,0.020937,3.301587,3.997496,-0.001406,0.208874,0.022343
40.597000,3.506601,4.077471,0.021251,3.316233,3.997476,-0.001016,0.206493,0.022267
40.648000,3.524534,4.077856,0.021704,3.332019,3.998558,-0.000378,0.208207,0.022081
40.695000,3.536490,4.078117,0.022003,3.346070,3.998554,-0.000026,0.206373,0.022029
40.749000,3.554423,4.078516,0.022451,3.361332,3.998183,0.000046,0.209135,0.022405
40.799000,3.566378,4.078786,0.022751,3.376280,3.998184,0.000420,0.206480,0.022330
40.849000,3.584332,4.079198,0.023099,3.391530,3.998195,0.000817,0.209127,0.022282
40.899000,3.596310,4.079476,0.023264,3.406506,3.998209,0.001063,0.206470,0.022201
40.947000,3.614279,4.079896,0.023467,3.420667,3.998334,0.001457,0.210090,0.022010
40.994000,3.626262,4.080178,0.023576,3.434752,3.998355,0.001605,0.208257,0.021971
41.048000,3.644240,4.080603,0.023712,3.451934,3.999275,0.002078,0.208796,0.021633
41.099000,3.656232,4.080888,0.023741,3.467228,3.999309,0.002170,0.205858,0.021571
41.145000,3.674219,4.081315,0.023716,3.480818,4.000086,0.002155,0.209767,0.021561
41.196000,3.686200,4.081598,0.023647,3.496099,4.000120,0.002112,0.206827,0.021535
41.246000,3.704171,4.082022,0.023508,3.509901,4.000423,0.001756,0.210711,0.021751
41.298000,3.716151,4.082303,0.023414,3.525480,4.000450,0.001634,0.207498,0.021779
41.348000,3.734122,4.082723,0.023273,3.540257,4.000198,0.001459,0.210699,0.021814
41.399000,3.746103,4.083001,0.023178,3.555537,4.000220,0.001340,0.207770,0.021839
41.449000,3.764076,4.083416,0.023016,3.570618,3.999697,0.000874,0.210797,0.022142
41.449000,3.782070,4.083830,0.022943,3.570618,3.999697,0.000874,0.227575,0.022069
41.504000,3.788068,4.083967,0.022933,3.587118,3.999709,0.000748,0.217900,0.022185
41.599000,3.806061,4.084380,0.022913,3.616177,3.999906,0.000516,0.207826,0.022397
41.648000,3.824054,4.084792,0.022889,3.631604,4.000408,0.000815,0.210137,0.022074
41.697000,3.836038,4.085066,0.022833,3.646289,4.000420,0.000783,0.207773,0.022050
41.746000,3.854014,4.085476,0.022745,3.661445,4.001013,0.000855,0.210278,0.021890
41.796000,3.865992,4.085748,0.022629,3.676422,4.001026,0.000768,0.207640,0.021861
41.846000,3.883947,4.086151,0.022275,3.691467,4.000597,0.000244,0.210637,0.022031
41.899000,3.901919,4.086549,0.021960,3.707345,4.000599,-0.000080,0.212712,0.022040
41.947000,3.913903,4.086811,0.021786,3.720967,4.001711,-0.000505,0.210870,0.022291
41.995000,3.925887,4.087071,0.021616,3.735352,4.001703,-0.000712,0.208785,0.022329
42.049000,3.943856,4.087457,0.021328,3.751433,4.001634,-0.001435,0.210695,0.022763
42.049000,3.961799,4.087834,0.020707,3.751433,4.001634,-0.001435,0.227342,0.022142
42.100000,3.961799,4.087834,0.020707,3.766684,4.001615,-0.001764,0.213316,0.022471
42.199000,3.985723,4.088318,0.019675,3.796729,4.001620,-0.003060,0.207931,0.022735
42.244000,4.003669,4.088663,0.018830,3.810038,4.002038,-0.003022,0.212125,0.021852
42.299000,4.015615,4.088884,0.018067,3.826469,4.001989,-0.003863,0.208152,0.021930
42.346000,4.033534,4.089195,0.016640,3.840443,4.002056,-0.004197,0.211843,0.020837
42.396000,4.045473,4.089387,0.015494,3.855369,4.001991,-0.005470,0.209231,0.020964
42.447000,4.062488,4.089632,0.012715,3.867803,4.001894,-0.007019,0.213542,0.019735
42.497000,4.072270,4.089741,0.009298,3.880078,4.001823,-0.010086,0.211347,0.019384
42.549000,4.084519,4.089813,0.001749,3.886696,4.006221,-0.013750,0.214759,0.015499
42.595000,4.091100,4.089804,-0.004868,3.894218,4.006118,-0.020242,0.213930,0.015374
42.649000,4.098533,4.089726,-0.017233,3.893573,4.009938,-0.028294,0.219942,0.011060
42.696000,4.101898,4.089653,-0.027066,3.897495,4.009827,-0.038741,0.219437,0.011674
42.748000,4.104833,4.089551,-0.043928,3.892800,4.013875,-0.050390,0.225133,0.006462
42.798000,4.106533,4.089467,-0.055425,3.894925,4.013761,-0.064747,0.224743,0.009322
42.844000,4.109081,4.089303,-0.072670,3.893405,4.019533,-0.076892,0.226681,0.004222
42.897000,4.110777,4.089170,-0.084167,3.895652,4.019352,-0.092125,0.226171,0.007958
42.945000,4.113319,4.088934,-0.101413,3.892770,4.024615,-0.108777,0.229736,0.007364
42.999000,4.114853,4.088769,-0.113070,3.894857,4.024382,-0.124330,0.229224,0.011260
43.048000,4.115099,4.088741,-0.133115,3.888869,4.026957,-0.142772,0.234515,0.009657
43.099000,4.115099,4.088741,-0.148036,3.888870,4.026957,-0.160610,0.234514,0.012574
43.146000,4.115099,4.088741,-0.172849,3.886146,4.032280,-0.178375,0.235812,0.005525
43.146000,4.115099,4.088741,-0.200527,3.886146,4.032280,-0.178375,0.235812,0.022152
43.201000,4.115099,4.088741,-0.210387,3.886146,4.032280,-0.202063,0.235812,0.008325
43.299000,4.115099,4.088741,-0.252773,3.884883,4.037199,-0.247187,0.235915,0.005586
43.346000,4.115099,4.088741,-0.274510,3.880412,4.039874,-0.270433,0.239721,0.004077
43.398000,4.115099,4.088741,-0.296247,3.880412,4.039874,-0.298691,0.239721,0.002444
43.446000,4.115099,4.088741,-0.328853,3.876878,4.039293,-0.325426,0.243298,0.003427
43.498000,4.115099,4.088741,-0.352030,3.876878,4.039293,-0.354143,0.243298,0.002114
43.550000,4.115099,4.088741,-0.389051,3.874161,4.035293,-0.385125,0.246795,0.003926
43.550000,4.115099,4.088741,-0.426456,3.874161,4.035293,-0.385125,0.246795,0.041331
43.602000,4.115099,4.088741,-0.438925,3.874161,4.035293,-0.417515,0.246795,0.021410
43.699000,4.115099,4.088741,-0.488927,3.874393,4.031903,-0.473933,0.247325,0.014994
43.749000,4.115099,4.088741,-0.515400,3.868124,4.032330,-0.507978,0.253335,0.007422
43.798000,4.115099,4.088741,-0.542881,3.868124,4.032330,-0.540783,0.253335,0.002098
43.849000,4.115099,4.088741,-0.584126,3.865788,4.030831,-0.573962,0.255949,0.010164
43.896000,4.115169,4.088692,-0.612471,3.865873,4.030774,-0.606506,0.255936,0.005965
43.949000,4.116337,4.087824,-0.657461,3.864412,4.028795,-0.644736,0.258748,0.012725
43.997000,4.117876,4.086594,-0.688174,3.866296,4.027351,-0.681278,0.258461,0.006896
44.049000,4.121247,4.083682,-0.733858,3.867863,4.021944,-0.718194,0.260797,0.015664
44.098000,4.125401,4.079759,-0.779543,3.871337,4.018855,-0.755503,0.261262,0.024040
44.145000,4.128090,4.077018,-0.809999,3.869645,4.011539,-0.793477,0.266612,0.016522
44.145000,4.132558,4.072100,-0.854313,3.869645,4.011539,-0.793477,0.269798,0.060835
44.201000,4.134261,4.070115,-0.868759,3.873933,4.006964,-0.835941,0.267879,0.032818
44.295000,4.139694,4.063398,-0.911989,3.879139,3.996514,-0.906178,0.269002,0.005811
44.346000,4.145665,4.055334,-0.953095,3.882257,3.989539,-0.944365,0.271501,0.008731
44.399000,4.150036,4.049007,-0.978900,3.888111,3.981286,-0.979844,0.270537,0.000944
44.447000,4.157103,4.038055,-1.015207,3.888460,3.970302,-1.015304,0.277056,0.000098
44.498000,4.162007,4.029951,-1.037920,3.894728,3.960013,-1.045377,0.276278,0.007458
44.547000,4.169082,4.017477,-1.071491,3.898115,3.951066,-1.079302,0.278987,0.007812
44.596000,4.173759,4.008677,-1.092687,3.903782,3.940265,-1.106304,0.278510,0.013617
44.647000,4.180535,3.995109,-1.122082,3.907118,3.931555,-1.135735,0.280706,0.013653
44.699000,4.184861,3.985909,-1.140246,3.912610,3.919537,-1.160388,0.280225,0.020142
44.749000,4.191037,3.971968,-1.167265,3.916196,3.909556,-1.188424,0.281839,0.021159
44.797000,4.194945,3.962584,-1.185277,3.920690,3.898215,-1.210039,0.281707,0.024762
44.847000,4.200535,3.948256,-1.211994,3.923042,3.887766,-1.234414,0.284009,0.022420
44.847000,4.205994,3.933129,-1.236252,3.923042,3.887766,-1.234414,0.286566,0.001839
44.901000,4.205994,3.933129,-1.236252,3.927634,3.873965,-1.257883,0.284579,0.021631
44.995000,4.212861,3.912419,-1.264117,3.931293,3.849251,-1.296545,0.288566,0.032428
45.046000,4.217697,3.896641,-1.282558,3.936088,3.834822,-1.317746,0.288315,0.035188
45.096000,4.220760,3.886074,-1.294811,3.939481,3.821495,-1.333062,0.288597,0.038251
45.146000,4.225110,3.870155,-1.313190,3.943228,3.809635,-1.351064,0.288306,0.037874
45.197000,4.227877,3.859393,-1.324966,3.946254,3.795801,-1.366565,0.288714,0.041599
45.249000,4.231879,3.842890,-1.340333,3.947604,3.782274,-1.382855,0.290666,0.042522
45.294000,4.234414,3.831845,-1.350025,3.949943,3.769741,-1.393976,0.291172,0.043951
45.344000,4.238016,3.815232,-1.364564,3.952696,3.754249,-1.409337,0.291764,0.044773
45.397000,4.240283,3.804129,-1.374256,3.955065,3.739422,-1.422180,0.292466,0.047924
45.446000,4.243537,3.787175,-1.387563,3.956914,3.727188,-1.434351,0.292833,0.046788
45.498000,4.245616,3.775712,-1.394840,3.958912,3.712181,-1.445082,0.293659,0.050243
45.546000,4.248610,3.758426,-1.403354,3.962475,3.699243,-1.456018,0.292191,0.052664
45.598000,4.250539,3.746862,-1.407431,3.964173,3.684099,-1.462557,0.293163,0.055127
45.645000,4.253368,3.729471,-1.411169,3.968659,3.670036,-1.471253,0.290846,0.060084
45.699000,4.255225,3.717873,-1.412923,3.970218,3.654256,-1.474044,0.292021,0.061122
45.747000,4.257972,3.700472,-1.415542,3.974218,3.639334,-1.480368,0.290265,0.064826
45.794000,4.259776,3.688879,-1.417328,3.975456,3.625603,-1.482430,0.291275,0.065102
45.850000,4.262442,3.671487,-1.420063,3.979504,3.608819,-1.485185,0.289795,0.065122
45.898000,4.264187,3.659923,-1.422019,3.980699,3.594837,-1.487421,0.290863,0.065402
45.949000,4.266760,3.642574,-1.425096,3.983164,3.578497,-1.489691,0.290745,0.064594
45.998000,4.268445,3.631004,-1.427168,3.984316,3.564221,-1.492221,0.291872,0.065052
46.049000,4.270927,3.613652,-1.430321,3.987343,3.548898,-1.493812,0.290884,0.063491
46.097000,4.272545,3.602118,-1.432600,3.988412,3.534963,-1.496405,0.291961,0.063805
46.149000,4.274921,3.584808,-1.436136,3.989700,3.519799,-1.498387,0.292536,0.062251
46.199000,4.276471,3.573268,-1.438527,3.990744,3.505282,-1.501352,0.293704,0.062825
46.247000,4.278743,3.555949,-1.442120,3.990710,3.490004,-1.503231,0.295486,0.061111
46.298000,4.280955,3.538610,-1.445684,3.991702,3.475188,-1.506285,0.296124,0.060601
46.348000,4.282398,3.527027,-1.447969,3.991624,3.459845,-1.509544,0.298435,0.061575
46.399000,4.284519,3.509614,-1.451203,3.992525,3.444964,-1.512419,0.299065,0.061216
46.446000,4.285903,3.497993,-1.453271,3.993910,3.432224,-1.515498,0.299309,0.062226
46.446000,4.287264,3.486369,-1.455308,3.993910,3.432224,-1.515498,0.298309,0.060190
46.446000,4.287935,3.480553,-1.456316,3.993910,3.432224,-1.515498,0.297971,0.059182
46.446000,4.289261,3.468921,-1.458329,3.993910,3.432224,-1.515498,0.297622,0.057168
46.446000,4.290563,3.457286,-1.460343,3.993910,3.432224,-1.515498,0.297710,0.055155
46.446000,4.293716,3.428187,-1.465376,3.993910,3.432224,-1.515498,0.299833,0.050121
46.446000,4.296133,3.404897,-1.469404,3.993910,3.432224,-1.515498,0.303456,0.046094
46.446000,4.298457,3.381597,-1.473431,3.993910,3.432224,-1.515498,0.308726,0.042067
46.446000,4.300686,3.358288,-1.477458,3.993910,3.432224,-1.515498,0.315560,0.038040
46.919000,4.303341,3.329139,-1.482492,4.000080,3.296877,-1.541053,0.304972,0.058561
47.140000,4.307283,3.282474,-1.490546,3.998472,3.231475,-1.552414,0.312993,0.061868
47.248000,4.308675,3.264859,-1.493272,3.998886,3.199185,-1.557774,0.316673,0.064502
47.300000,4.310023,3.247204,-1.495895,3.999079,3.183854,-1.560078,0.317331,0.064184
47.300000,4.310908,3.235309,-1.496935,3.999079,3.183854,-1.560078,0.316046,0.063143
47.338000,4.313093,3.205508,-1.498141,3.999324,3.172696,-1.561709,0.315480,0.063568
47.649000,4.317353,3.146034,-1.500550,4.002059,3.081330,-1.565031,0.321865,0.064481
47.696000,4.318187,3.134143,-1.501076,4.002138,3.067324,-1.565648,0.323035,0.064573
47.744000,4.319425,3.116307,-1.501865,4.002185,3.055133,-1.566265,0.323085,0.064401
47.795000,4.320244,3.104409,-1.502383,4.002251,3.039928,-1.566935,0.324465,0.064552
47.847000,4.321462,3.086537,-1.503051,4.000797,3.024652,-1.568056,0.326582,0.065005
47.897000,4.322270,3.074596,-1.503370,4.000834,3.009692,-1.568559,0.327924,0.065189
47.949000,4.323477,3.056677,-1.503713,4.000406,2.993510,-1.568856,0.329189,0.065143
47.996000,4.324279,3.044723,-1.503883,4.000431,2.979433,-1.569098,0.330364,0.065215
48.049000,4.325479,3.026790,-1.504090,4.000380,2.963099,-1.569962,0.331279,0.065872
48.097000,4.326277,3.014828,-1.504194,4.000391,2.948712,-1.570114,0.332526,0.065920
48.146000,4.327473,2.996883,-1.504316,3.999988,2.933919,-1.570369,0.333483,0.066052
48.195000,4.328270,2.984912,-1.504364,3.999993,2.919223,-1.570455,0.334785,0.066091
48.248000,4.329464,2.966955,-1.504403,4.000163,2.901385,-1.570616,0.335766,0.066213
48.296000,4.330260,2.954985,-1.504425,4.000166,2.886989,-1.570643,0.337025,0.066218
48.347000,4.331453,2.937030,-1.504460,4.000704,2.872157,-1.571132,0.337051,0.066672
48.394000,4.332645,2.919080,-1.504519,4.000699,2.858066,-1.571163,0.337507,0.066644
48.449000,4.333439,2.907113,-1.504566,4.000644,2.842448,-1.571538,0.339019,0.066972
48.499000,4.334233,2.895144,-1.504604,4.000633,2.827453,-1.571594,0.340398,0.066990
48.546000,4.335423,2.877188,-1.504646,3.999843,2.813197,-1.572152,0.341626,0.067507
48.598000,4.336215,2.865225,-1.504621,3.999821,2.797610,-1.572171,0.343122,0.067550
48.647000,4.337405,2.847283,-1.504523,3.998817,2.782986,-1.572853,0.344639,0.068330
48.697000,4.338199,2.835338,-1.504383,3.998785,2.768021,-1.572745,0.346025,0.068361
48.747000,4.339393,2.817423,-1.504100,3.999319,2.752318,-1.572666,0.346250,0.068567
48.747000,4.340592,2.799508,-1.503801,3.999319,2.752318,-1.572666,0.344520,0.068865
48.747000,4.340592,2.799508,-1.503801,3.999319,2.752318,-1.572666,0.344520,0.068865
48.806000,4.341395,2.787564,-1.503602,3.999288,2.734662,-1.572377,0.346173,0.068775
48.995000,4.344222,2.745759,-1.502926,3.998798,2.679757,-1.572533,0.351673,0.069607
49.045000,4.345443,2.727843,-1.502628,3.998613,2.663680,-1.572938,0.352715,0.070310
49.099000,4.346259,2.715905,-1.502416,3.998579,2.647525,-1.572666,0.354340,0.070250
49.149000,4.347488,2.697998,-1.502097,3.998459,2.632006,-1.572912,0.355213,0.070814
49.199000,4.348311,2.686060,-1.501885,3.998429,2.617049,-1.572646,0.356623,0.070761
49.247000,4.349550,2.668153,-1.501564,3.999545,2.602311,-1.572190,0.356144,0.070626
49.298000,4.350380,2.656199,-1.501397,3.999526,2.587033,-1.571931,0.357606,0.070534
49.346000,4.351628,2.638264,-1.501214,3.999194,2.571867,-1.571925,0.358634,0.070710
49.346000,4.352879,2.620335,-1.501032,3.999194,2.571867,-1.571925,0.356991,0.070893
49.346000,4.352879,2.620335,-1.501032,3.999194,2.571867,-1.571925,0.356991,0.070893
49.405000,4.353715,2.608382,-1.500906,3.999175,2.554194,-1.571752,0.358657,0.070846
49.598000,4.356653,2.566513,-1.500603,4.000600,2.495899,-1.570797,0.362989,0.070194
49.647000,4.357915,2.548570,-1.500637,4.000614,2.480536,-1.570192,0.363720,0.069555
49.697000,4.358755,2.536612,-1.500703,4.000623,2.465551,-1.570243,0.365113,0.069540
49.749000,4.360013,2.518676,-1.500834,4.001579,2.450696,-1.570379,0.364824,0.069545
49.798000,4.360849,2.506732,-1.500985,4.001586,2.436029,-1.570508,0.366154,0.069523
49.847000,4.362099,2.488816,-1.501277,4.001694,2.423174,-1.570922,0.366335,0.069645
49.898000,4.362930,2.476871,-1.501490,4.001691,2.407908,-1.571182,0.367763,0.069692
49.946000,4.364171,2.458953,-1.501817,4.000828,2.393748,-1.571609,0.369147,0.069792
49.999000,4.364996,2.446990,-1.501965,4.000813,2.377862,-1.571873,0.370686,0.069908
50.049000,4.366232,2.429044,-1.502107,4.000855,2.363104,-1.572464,0.371280,0.070357
50.098000,4.367055,2.417079,-1.502188,4.000830,2.348412,-1.572569,0.372607,0.070381
50.145000,4.368287,2.399132,-1.502309,3.998950,2.333996,-1.573207,0.375036,0.070899
50.197000,4.369107,2.387167,-1.502389,3.998912,2.318405,-1.573312,0.376527,0.070923
50.246000,4.370335,2.369231,-1.502435,4.000020,2.302422,-1.573671,0.376294,0.071236
50.246000,4.371565,2.351303,-1.502171,4.000020,2.302422,-1.573671,0.374747,0.071501
50.304000,4.371976,2.345328,-1.502061,3.999966,2.285051,-1.573606,0.376862,0.071545
50.397000,4.373213,2.327412,-1.501625,3.999575,2.257266,-1.573925,0.380165,0.072300
50.446000,4.374459,2.309505,-1.501017,4.000452,2.243776,-1.574108,0.379739,0.073091
50.496000,4.375297,2.297545,-1.500727,4.000407,2.228791,-1.573625,0.381143,0.072898
50.549000,4.376558,2.279600,-1.500475,3.999756,2.212540,-1.573662,0.382723,0.073187
50.598000,4.377401,2.267657,-1.500189,3.999712,2.197874,-1.573437,0.384082,0.073247
50.650000,4.378674,2.249744,-1.499550,3.999570,2.181732,-1.573206,0.385156,0.073655
50.696000,4.379529,2.237807,-1.499008,3.999537,2.167970,-1.572665,0.386356,0.073657
50.748000,4.380825,2.219902,-1.498076,4.002276,2.151724,-1.570882,0.384639,0.072806
50.799000,4.381692,2.207999,-1.498190,4.002292,2.136507,-1.570325,0.386077,0.072135
50.847000,4.382991,2.190088,-1.498541,4.003519,2.122813,-1.569620,0.385389,0.071078
50.847000,4.384282,2.172204,-1.498893,4.003519,2.122813,-1.569620,0.383954,0.070727
50.847000,4.384282,2.172204,-1.498893,4.003519,2.122813,-1.569620,0.383954,0.070727
50.902000,4.384711,2.166242,-1.499020,4.003536,2.106379,-1.569919,0.385848,0.070899
51.098000,4.388107,2.118601,-1.500352,4.004847,2.049114,-1.570567,0.389508,0.070215
51.149000,4.389362,2.100741,-1.500910,4.004533,2.034294,-1.571302,0.390524,0.070392
51.199000,4.390194,2.088829,-1.501286,4.004524,2.019368,-1.571769,0.391875,0.070483
51.245000,4.391433,2.070952,-1.501829,4.004362,2.005782,-1.572554,0.392519,0.070725
51.297000,4.392255,2.059028,-1.502172,4.004333,1.990244,-1.573017,0.393973,0.070845
51.347000,4.393480,2.041136,-1.502654,4.003259,1.974954,-1.574084,0.395794,0.071430
51.399000,4.394701,2.023212,-1.502989,4.003205,1.959386,-1.574470,0.396664,0.071481
51.446000,4.395511,2.011259,-1.503173,4.003081,1.944974,-1.575312,0.397989,0.072139
51.499000,4.396320,1.999307,-1.503356,4.003008,1.929101,-1.575554,0.399528,0.072199
51.548000,4.397528,1.981377,-1.503630,4.002922,1.915085,-1.576363,0.400136,0.072733
51.600000,4.398732,1.963443,-1.503874,4.002835,1.899511,-1.576600,0.401026,0.072727
51.648000,4.399534,1.951471,-1.503932,4.003514,1.885507,-1.576948,0.401476,0.073016
51.699000,4.400335,1.939504,-1.503971,4.003419,1.870215,-1.577015,0.402918,0.073043
51.745000,4.401536,1.921550,-1.504024,4.003499,1.856547,-1.577413,0.403310,0.073389
51.799000,4.402337,1.909580,-1.504049,4.003391,1.840351,-1.577455,0.404907,0.073406
51.847000,4.403537,1.891621,-1.504069,4.003095,1.824787,-1.577711,0.405980,0.073642
51.898000,4.404337,1.879653,-1.504057,4.002989,1.809493,-1.577717,0.407434,0.073660
51.948000,4.405537,1.861701,-1.504015,4.003144,1.793527,-1.577596,0.408127,0.073580
51.995000,4.406337,1.849734,-1.503987,4.003048,1.779435,-1.577563,0.409371,0.073575
52.046000,4.407539,1.831782,-1.503937,4.003262,1.763262,-1.577524,0.410042,0.073587
52.046000,4.408742,1.813825,-1.503900,4.003262,1.763262,-1.577524,0.408620,0.073624
52.101000,4.408742,1.813825,-1.503900,4.003152,1.746763,-1.577480,0.411097,0.073581
52.197000,4.410347,1.789881,-1.503852,4.005409,1.717513,-1.576441,0.411354,0.072589
52.246000,4.411551,1.771923,-1.503816,4.005246,1.704238,-1.576646,0.411904,0.072830
52.297000,4.412354,1.759951,-1.503797,4.005156,1.688941,-1.576617,0.413343,0.072821
52.347000,4.413559,1.741995,-1.503768,4.003816,1.673214,-1.576858,0.415476,0.073090
52.398000,4.414363,1.730023,-1.503748,4.003723,1.657917,-1.576833,0.416923,0.073085
52.448000,4.415568,1.712082,-1.503802,4.002131,1.642227,-1.576836,0.419296,0.073034
52.496000,4.416370,1.700121,-1.503807,4.002043,1.627841,-1.576898,0.420585,0.073091
52.547000,4.417574,1.682182,-1.503708,4.000943,1.612686,-1.577135,0.422388,0.073427
52.598000,4.418377,1.670239,-1.503564,4.000845,1.597423,-1.577018,0.423834,0.073454
52.646000,4.419586,1.652326,-1.503271,4.000721,1.583409,-1.577465,0.424497,0.074195
52.698000,4.420395,1.640389,-1.503043,4.000618,1.567855,-1.577195,0.425997,0.074152
52.749000,4.421613,1.622484,-1.502681,4.001102,1.551959,-1.576754,0.426384,0.074073
52.795000,4.422429,1.610538,-1.502468,4.001022,1.538189,-1.576482,0.427573,0.074014
52.848000,4.423658,1.592618,-1.502163,4.002286,1.522672,-1.576363,0.427139,0.074200
52.899000,4.424481,1.580672,-1.501960,4.002201,1.507405,-1.576104,0.428588,0.074144
52.946000,4.425719,1.562754,-1.501656,4.002995,1.494051,-1.575573,0.428270,0.073918
52.995000,4.426547,1.550808,-1.501460,4.002926,1.479383,-1.575326,0.429600,0.073866
53.049000,4.427794,1.532889,-1.501172,4.003200,1.463108,-1.574585,0.430290,0.073413
53.098000,4.428629,1.520932,-1.501102,4.003148,1.448425,-1.574385,0.431615,0.073284
53.148000,4.429880,1.503003,-1.501208,4.004310,1.432531,-1.573419,0.431366,0.072211
53.183000,4.430710,1.491072,-1.501397,4.004283,1.422069,-1.573508,0.431974,0.072111
53.188000,4.432364,1.467199,-1.501886,4.004279,1.420573,-1.573526,0.430616,0.071640
53.335000,4.436058,1.413409,-1.502529,4.003318,1.377043,-1.574301,0.434265,0.071773
53.496000,4.436875,1.401447,-1.502629,4.002858,1.329456,-1.575460,0.439947,0.072832
53.549000,4.438100,1.383499,-1.502729,4.002738,1.314405,-1.576484,0.440810,0.073755
53.600000,4.438916,1.371528,-1.502753,4.002650,1.299107,-1.576551,0.442236,0.073797
53.647000,4.440139,1.353574,-1.502746,4.002476,1.285012,-1.576929,0.443001,0.074184
53.647000,4.441363,1.335628,-1.502686,4.002476,1.285012,-1.576929,0.441796,0.074243
53.703000,4.441771,1.329647,-1.502659,4.002373,1.268224,-1.576906,0.443671,0.074247
53.703000,4.443405,1.305728,-1.502506,4.002373,1.268224,-1.576906,0.442624,0.074400
53.800000,4.443814,1.299749,-1.502461,4.002099,1.238736,-1.577132,0.445909,0.074671
53.898000,4.445043,1.281813,-1.502326,4.001691,1.208147,-1.577004,0.449430,0.074679
53.946000,4.446274,1.263882,-1.502164,4.002589,1.194130,-1.576129,0.449134,0.073966
53.999000,4.447097,1.251912,-1.502097,4.002506,1.178234,-1.575993,0.450655,0.073896
54.047000,4.448333,1.233956,-1.502057,4.002788,1.163687,-1.575713,0.451052,0.073656
54.099000,4.449157,1.221986,-1.502034,4.002712,1.148089,-1.575682,0.452520,0.073648
54.149000,4.450394,1.204030,-1.501999,4.004268,1.133159,-1.575299,0.451721,0.073299
54.149000,4.451632,1.186076,-1.501973,4.004268,1.133159,-1.575299,0.450483,0.073326
54.149000,4.451632,1.186076,-1.501973,4.004268,1.133159,-1.575299,0.450483,0.073326
54.202000,4.452043,1.180103,-1.502006,4.004196,1.117262,-1.575268,0.452234,0.073262
54.399000,4.455318,1.132332,-1.502738,4.003828,1.059328,-1.575585,0.457354,0.072847
54.444000,4.456538,1.114403,-1.502970,4.004964,1.045844,-1.575135,0.456749,0.072164
54.497000,4.457348,1.102468,-1.503174,4.004896,1.029992,-1.575350,0.458220,0.072176
54.549000,4.458557,1.084563,-1.503533,4.004737,1.015658,-1.575427,0.459022,0.071893
54.599000,4.459360,1.072623,-1.503771,4.004666,1.000700,-1.575728,0.460347,0.071957
54.648000,4.460560,1.054709,-1.504105,4.003854,0.987459,-1.576455,0.461631,0.072350
54.696000,4.461357,1.042750,-1.504263,4.003770,0.973076,-1.576700,0.462861,0.072437
54.746000,4.462551,1.024810,-1.504473,4.002095,0.959441,-1.577181,0.465073,0.072708
54.797000,4.463344,1.012850,-1.504613,4.001997,0.944159,-1.577360,0.466433,0.072746
54.849000,4.464531,0.994910,-1.504824,4.000694,0.929106,-1.577665,0.468481,0.072842
54.897000,4.465321,0.982951,-1.504910,4.000594,0.914724,-1.577822,0.469709,0.072912
54.949000,4.466504,0.965049,-1.504687,3.999745,0.898394,-1.578263,0.471494,0.073576
54.996000,4.467295,0.953129,-1.504392,3.999639,0.884358,-1.578013,0.472685,0.073621
55.048000,4.468488,0.935251,-1.503864,4.000390,0.868552,-1.577662,0.472826,0.073798
55.099000,4.469289,0.923332,-1.503505,4.000287,0.853322,-1.577205,0.474198,0.073700
55.148000,4.470499,0.905455,-1.502967,3.999846,0.837710,-1.576323,0.475503,0.073356
55.198000,4.471311,0.893537,-1.502608,3.999765,0.822779,-1.575875,0.476825,0.073266
55.247000,4.472537,0.875648,-1.502098,3.999618,0.808124,-1.575386,0.477716,0.073288
55.299000,4.473773,0.857753,-1.501607,3.999548,0.792580,-1.574953,0.478683,0.073346
55.345000,4.474602,0.845816,-1.501330,4.000310,0.779318,-1.574114,0.478931,0.072784
55.397000,4.475434,0.833865,-1.501130,4.000261,0.763745,-1.573778,0.480319,0.072648
55.444000,4.476688,0.815934,-1.500915,3.999894,0.748604,-1.573007,0.481524,0.072093
55.497000,4.477525,0.803980,-1.500791,3.999860,0.732726,-1.572831,0.482950,0.072040
55.550000,4.478784,0.786048,-1.500618,3.999244,0.717261,-1.572783,0.484448,0.072165
55.598000,4.479625,0.774101,-1.500485,3.999216,0.702889,-1.572640,0.485658,0.072154
55.648000,4.480889,0.756182,-1.500283,4.001047,0.688231,-1.571992,0.484629,0.071710
55.697000,4.481733,0.744236,-1.500148,4.001030,0.673560,-1.571827,0.485870,0.071679
55.748000,4.483003,0.726317,-1.499941,4.001424,0.658834,-1.571858,0.486284,0.071917
55.796000,4.484277,0.708381,-1.499919,4.001412,0.644450,-1.571720,0.487079,0.071802
55.848000,4.485125,0.696424,-1.499982,4.000738,0.628242,-1.572074,0.489162,0.072092
55.897000,4.485973,0.684468,-1.500054,4.000719,0.613558,-1.572154,0.490407,0.072101
55.949000,4.487243,0.666528,-1.500153,3.999824,0.597795,-1.572106,0.492242,0.071954
55.996000,4.488089,0.654569,-1.500138,3.999804,0.583709,-1.572156,0.493401,0.072019
56.046000,4.489360,0.636632,-1.500043,3.999909,0.568790,-1.571940,0.494129,0.071897
56.097000,4.490208,0.624671,-1.499975,3.999892,0.553502,-1.571852,0.495453,0.071877
56.147000,4.491481,0.606730,-1.499879,4.000833,0.539100,-1.571693,0.495287,0.071813
56.199000,4.492756,0.588783,-1.499874,4.000821,0.523507,-1.571629,0.496248,0.071755
56.249000,4.493606,0.576819,-1.499901,4.000954,0.509424,-1.571705,0.497240,0.071804
56.249000,4.494880,0.558874,-1.499961,4.000954,0.509424,-1.571705,0.496395,0.071744
56.302000,4.495304,0.552892,-1.499982,4.000940,0.493534,-1.571745,0.497916,0.071764
56.398000,4.496577,0.534948,-1.500044,4.002278,0.464253,-1.571472,0.499329,0.071428
56.448000,4.497848,0.517003,-1.500107,4.001049,0.448354,-1.571502,0.501519,0.071396
56.498000,4.498695,0.505041,-1.500157,4.001039,0.433365,-1.571556,0.502791,0.071399
56.549000,4.499963,0.487103,-1.500274,4.000503,0.416832,-1.571725,0.504379,0.071451
56.597000,4.500808,0.475135,-1.500333,4.000489,0.402434,-1.571815,0.505573,0.071482
56.648000,4.502074,0.457183,-1.500420,4.000158,0.386593,-1.572004,0.506856,0.071585
56.696000,4.502917,0.445215,-1.500477,4.000140,0.372196,-1.572074,0.508052,0.071596
56.747000,4.504181,0.427262,-1.500560,4.001060,0.356201,-1.572128,0.508114,0.071568
56.799000,4.505023,0.415299,-1.500585,4.001039,0.340611,-1.572185,0.509488,0.071600
56.843000,4.506283,0.397361,-1.500711,4.001469,0.327774,-1.572151,0.509588,0.071441
56.898000,4.507122,0.385402,-1.500802,4.001446,0.311289,-1.572276,0.511078,0.071474
56.948000,4.508378,0.367467,-1.500974,4.002146,0.295458,-1.571674,0.511328,0.070701
56.997000,4.509211,0.355539,-1.501303,4.002137,0.280810,-1.571893,0.512551,0.070589
57.047000,4.510450,0.337648,-1.502028,4.001326,0.266174,-1.571983,0.514116,0.069955
57.098000,4.511675,0.319758,-1.502814,4.001306,0.250931,-1.572632,0.514988,0.069818
57.147000,4.512484,0.307830,-1.503337,4.000354,0.238059,-1.573530,0.516860,0.070193
57.197000,4.513287,0.295902,-1.503860,4.000311,0.223116,-1.574184,0.518113,0.070324
57.246000,4.514480,0.277999,-1.504609,3.998967,0.209269,-1.575492,0.520074,0.070883
57.296000,4.515269,0.266052,-1.505060,3.998894,0.194303,-1.576089,0.521336,0.071029
57.348000,4.516442,0.248145,-1.505577,3.997846,0.179705,-1.576993,0.523093,0.071416
57.395000,4.517220,0.236292,-1.504806,3.997737,0.165749,-1.577060,0.524250,0.072254
57.448000,4.518419,0.218537,-1.501543,3.998108,0.147811,-1.576022,0.525096,0.074479
57.500000,4.519689,0.200702,-1.498330,3.998042,0.132339,-1.572832,0.526108,0.074502
57.546000,4.520560,0.188771,-1.497497,4.146152,0.123695,-1.543986,0.380022,0.046489
57.597000,4.521441,0.176840,-1.496696,4.146564,0.108447,-1.542936,0.381064,0.046239
57.649000,4.522755,0.159246,-1.496162,4.147972,0.093195,-1.539020,0.380558,0.042858
57.698000,4.523531,0.148808,-1.497286,4.148403,0.080380,-1.539259,0.381318,0.041973
57.746000,4.524612,0.133749,-1.501410,4.148275,0.069521,-1.540133,0.381778,0.038722
57.800000,4.525291,0.123723,-1.504854,4.148683,0.055960,-1.544427,0.382656,0.039573
57.847000,4.526246,0.108680,-1.510019,4.148159,0.047567,-1.546638,0.382994,0.036620
57.896000,4.526839,0.098648,-1.513462,4.148443,0.035260,-1.550856,0.383669,0.037394
57.948000,4.527660,0.083616,-1.519363,4.148979,0.024409,-1.556984,0.383282,0.037622
57.999000,4.528148,0.073624,-1.524982,4.149164,0.011654,-1.562798,0.384017,0.037816
58.046000,4.528757,0.058641,-1.535795,4.150494,0.003243,-1.570660,0.382298,0.034865
58.097000,4.529064,0.048643,-1.544614,4.150486,-0.009510,-1.580650,0.383018,0.036036
58.146000,4.529344,0.033561,-1.560087,4.150456,-0.020766,-1.590669,0.382763,0.030582
58.198000,4.529399,0.023433,-1.570683,4.150153,-0.033924,-1.604424,0.383559,0.033742
58.247000,4.529282,0.008103,-1.586073,4.149875,-0.046361,-1.614984,0.383296,0.028911
58.299000,4.529073,-0.002191,-1.595972,4.149241,-0.059727,-1.628134,0.384165,0.032162
58.349000,4.528568,-0.017774,-1.610221,4.146873,-0.069931,-1.644798,0.385243,0.034577
58.399000,4.528106,-0.028296,-1.619182,4.145859,-0.083056,-1.656416,0.386149,0.037234
58.449000,4.527232,-0.044219,-1.631806,4.146085,-0.095891,-1.669979,0.384634,0.038173
58.496000,4.526536,-0.054917,-1.639727,4.144800,-0.108424,-1.679640,0.385468,0.039913
58.548000,4.525332,-0.070988,-1.651404,4.141908,-0.122774,-1.694422,0.386905,0.043018
58.598000,4.524425,-0.081694,-1.659189,4.140223,-0.136098,-1.704153,0.388035,0.044964
58.649000,4.522909,-0.097738,-1.670866,4.139923,-0.150170,-1.716515,0.386558,0.045649
58.697000,4.521791,-0.108458,-1.678508,4.138014,-0.162963,-1.725816,0.387628,0.047308
58.749000,4.519959,-0.124540,-1.689870,4.136691,-0.175084,-1.737660,0.386586,0.047789
58.795000,4.518603,-0.135538,-1.696912,4.134533,-0.187654,-1.746256,0.387590,0.049344
58.849000,4.516378,-0.152492,-1.705083,4.133602,-0.202898,-1.757197,0.386081,0.052114
58.849000,4.514021,-0.169558,-1.710835,4.133602,-0.202898,-1.757197,0.381877,0.046362
58.849000,4.514021,-0.169558,-1.710835,4.133602,-0.202898,-1.757197,0.381877,0.046362
58.849000,4.513213,-0.175252,-1.712650,4.133602,-0.202898,-1.757197,0.380616,0.044547
58.905000,4.510728,-0.192323,-1.718095,4.130537,-0.218695,-1.763863,0.381105,0.045768
59.015000,4.503567,-0.238438,-1.729635,4.126053,-0.251857,-1.779153,0.377753,0.049518
59.199000,4.501673,-0.250229,-1.730541,4.113517,-0.304689,-1.796217,0.391958,0.065677
59.245000,4.498812,-0.267916,-1.731821,4.108435,-0.320812,-1.799917,0.393944,0.068096
59.299000,4.496895,-0.279693,-1.732329,4.104764,-0.336498,-1.800965,0.396223,0.068636
59.349000,4.494042,-0.297233,-1.731619,4.100552,-0.352951,-1.801587,0.397415,0.069968
59.399000,4.492150,-0.308919,-1.730968,4.097170,-0.367356,-1.800813,0.399279,0.069846
59.448000,4.489341,-0.326370,-1.729533,4.092482,-0.383085,-1.801174,0.400891,0.071641
59.498000,4.487490,-0.337978,-1.728322,4.089131,-0.397391,-1.799753,0.402766,0.071430
59.547000,4.484740,-0.355393,-1.726507,4.084216,-0.412404,-1.798936,0.404561,0.072429
59.599000,4.482925,-0.367006,-1.725296,4.080765,-0.427289,-1.797362,0.406652,0.072066
59.647000,4.480264,-0.384222,-1.722580,4.076135,-0.442730,-1.794533,0.408342,0.071953
59.699000,4.477692,-0.401275,-1.718172,4.072812,-0.457313,-1.791604,0.408740,0.073432
59.749000,4.476026,-0.412628,-1.714863,4.066389,-0.472090,-1.789490,0.413930,0.074627
59.797000,4.474408,-0.423923,-1.711306,4.063428,-0.485458,-1.785431,0.415562,0.074125
59.845000,4.472057,-0.440872,-1.705932,4.058979,-0.502131,-1.780317,0.417596,0.074385
59.897000,4.470540,-0.452178,-1.702350,4.055911,-0.516640,-1.775660,0.419611,0.073310
59.944000,4.468342,-0.469144,-1.696916,4.053200,-0.532691,-1.770263,0.419978,0.073347
59.998000,4.466935,-0.480417,-1.693019,4.050172,-0.547731,-1.765262,0.422164,0.072243
60.046000,4.464908,-0.497333,-1.687139,4.046123,-0.561755,-1.759889,0.423711,0.072749
60.099000,4.463611,-0.508617,-1.683220,4.043310,-0.576539,-1.754695,0.425754,0.071475
60.149000,4.461750,-0.525549,-1.677250,4.040070,-0.590457,-1.749262,0.426646,0.072012
60.196000,4.460571,-0.536812,-1.672982,4.037719,-0.603554,-1.744474,0.428086,0.071493
60.248000,4.458894,-0.553716,-1.666394,4.034267,-0.619674,-1.738949,0.429719,0.072555
60.295000,4.457839,-0.564981,-1.661939,4.032059,-0.632784,-1.733760,0.431144,0.071821
60.347000,4.456350,-0.581896,-1.655240,4.029291,-0.646425,-1.728594,0.431906,0.073354
60.347000,4.454974,-0.598819,-1.648536,4.029291,-0.646425,-1.728594,0.428337,0.080058
60.400000,4.454541,-0.604465,-1.646309,4.026952,-0.661238,-1.722676,0.431341,0.076367
60.498000,4.453318,-0.621387,-1.639584,4.020080,-0.688338,-1.711104,0.438380,0.071520
60.549000,4.452209,-0.638318,-1.632790,4.019068,-0.703892,-1.705890,0.438076,0.073100
60.598000,4.451532,-0.649629,-1.628331,4.017217,-0.717649,-1.700368,0.439609,0.072037
60.646000,4.450609,-0.666623,-1.621782,4.012513,-0.729541,-1.694173,0.442591,0.072391
60.696000,4.450057,-0.677934,-1.617393,4.010789,-0.743593,-1.688725,0.444148,0.071332
60.748000,4.449321,-0.694917,-1.610792,4.011089,-0.758509,-1.683631,0.442823,0.072839
60.795000,4.448698,-0.711906,-1.604198,4.009608,-0.771742,-1.678461,0.443148,0.074263
60.846000,4.448342,-0.723289,-1.599951,4.007031,-0.785924,-1.672459,0.445733,0.072508
60.899000,4.447898,-0.740372,-1.593592,4.005517,-0.800942,-1.666835,0.446508,0.073243
60.949000,4.447662,-0.751774,-1.589468,4.005252,-0.816500,-1.661703,0.447120,0.072235
60.997000,4.447470,-0.763218,-1.585603,4.004026,-0.830180,-1.656832,0.448472,0.071229
61.048000,4.447263,-0.780411,-1.580085,3.998376,-0.843553,-1.649251,0.453306,0.069167
61.096000,4.447178,-0.791850,-1.576409,3.997315,-0.857239,-1.644867,0.454591,0.068458
61.149000,4.447129,-0.809030,-1.570914,3.994377,-0.873711,-1.638895,0.457349,0.067981
61.198000,4.447149,-0.820484,-1.567273,3.993436,-0.887710,-1.634423,0.458666,0.067150
61.246000,4.447256,-0.837691,-1.561909,3.997560,-0.903202,-1.632006,0.454442,0.070098
61.298000,4.447377,-0.849230,-1.558603,3.996663,-0.918173,-1.627461,0.455957,0.068857
61.347000,4.447629,-0.866574,-1.554015,3.990243,-0.932357,-1.620265,0.462093,0.066250
61.395000,4.447840,-0.878097,-1.550932,3.989570,-0.946172,-1.616623,0.463298,0.065692
61.448000,4.448224,-0.895406,-1.546295,3.987455,-0.962186,-1.611067,0.465583,0.064772
61.498000,4.448525,-0.906952,-1.543246,3.986887,-0.976612,-1.607222,0.466864,0.063976
61.545000,4.449042,-0.924296,-1.538801,3.989711,-0.988458,-1.604285,0.463790,0.065484
61.596000,4.449430,-0.935911,-1.536070,3.989233,-1.003264,-1.600598,0.465100,0.064528
61.649000,4.450070,-0.953370,-1.532309,3.990586,-1.017978,-1.597023,0.464004,0.064714
61.697000,4.450533,-0.965048,-1.530030,3.990231,-1.031998,-1.594106,0.465145,0.064077
61.745000,4.451276,-0.982586,-1.526853,3.990190,-1.046169,-1.590301,0.465449,0.063448
61.796000,4.451803,-0.994280,-1.524758,3.989909,-1.061091,-1.587629,0.466701,0.062870
61.844000,4.452639,-1.011841,-1.521722,3.990308,-1.074967,-1.585020,0.466621,0.063298
61.898000,4.453227,-1.023596,-1.519980,3.990096,-1.090849,-1.582421,0.467988,0.062440
61.946000,4.454146,-1.041247,-1.517620,3.989940,-1.106123,-1.579985,0.468717,0.062365
61.999000,4.454782,-1.053028,-1.516167,3.989805,-1.121754,-1.577966,0.470028,0.061800
62.047000,4.455767,-1.070716,-1.514126,3.993919,-1.135084,-1.578083,0.466312,0.063957
62.096000,4.456446,-1.082559,-1.512997,3.993823,-1.149614,-1.576497,0.467458,0.063500
62.149000,4.457488,-1.100342,-1.511576,3.995763,-1.165294,-1.577054,0.466271,0.065478
62.199000,4.458197,-1.112218,-1.510772,3.995676,-1.180166,-1.575945,0.467485,0.065173
62.248000,4.459278,-1.130042,-1.509709,3.990129,-1.192975,-1.573976,0.473351,0.064267
62.297000,4.460006,-1.141867,-1.508845,3.990083,-1.207489,-1.573074,0.474483,0.064230
62.349000,4.461119,-1.159604,-1.507336,3.988403,-1.224851,-1.570393,0.477198,0.063057
62.396000,4.461877,-1.171423,-1.506284,3.988412,-1.238766,-1.569189,0.478230,0.062905
62.446000,4.463037,-1.189163,-1.504724,3.987689,-1.253575,-1.568182,0.479692,0.063457
62.495000,4.463825,-1.200985,-1.503691,3.987732,-1.268090,-1.566916,0.480799,0.063225
62.547000,4.465031,-1.218729,-1.502174,3.987566,-1.281053,-1.565935,0.481515,0.063761
62.598000,4.465850,-1.230559,-1.501169,3.987644,-1.296172,-1.564653,0.482687,0.063484
62.648000,4.467101,-1.248302,-1.499662,3.988645,-1.311808,-1.563489,0.482652,0.063827
62.698000,4.467950,-1.260130,-1.498658,3.988758,-1.326630,-1.562234,0.483784,0.063576
62.746000,4.469247,-1.277913,-1.497328,3.988700,-1.340915,-1.561221,0.484659,0.063893
62.797000,4.470126,-1.289791,-1.496629,3.988852,-1.356099,-1.560201,0.485820,0.063573
62.849000,4.471459,-1.307620,-1.495714,3.988887,-1.372378,-1.558925,0.486897,0.063211
62.849000,4.472809,-1.325464,-1.494923,3.988887,-1.372378,-1.558925,0.486190,0.064002
62.849000,4.472809,-1.325464,-1.494923,3.988887,-1.372378,-1.558925,0.486190,0.064002
62.906000,4.473716,-1.337366,-1.494453,3.989097,-1.389378,-1.558103,0.487402,0.063650
63.098000,4.476936,-1.379044,-1.492977,3.989052,-1.445013,-1.554861,0.492323,0.061884
63.148000,4.478335,-1.396927,-1.492475,3.988572,-1.460575,-1.554037,0.493881,0.061562
63.197000,4.479272,-1.408849,-1.492176,3.988820,-1.475221,-1.553653,0.494923,0.061477
63.247000,4.480685,-1.426739,-1.491768,3.990349,-1.490353,-1.553395,0.494446,0.061627
63.297000,4.481633,-1.438687,-1.491592,3.990612,-1.505333,-1.553091,0.495523,0.061499
63.343000,4.483057,-1.456617,-1.491441,3.991705,-1.519545,-1.553373,0.495366,0.061931
63.398000,4.484009,-1.468578,-1.491404,3.991993,-1.536039,-1.553267,0.496619,0.061863
63.449000,4.485436,-1.486518,-1.491401,3.991210,-1.550479,-1.552513,0.498348,0.061112
63.497000,4.486387,-1.498472,-1.491373,3.991472,-1.564866,-1.552507,0.499349,0.061133
63.547000,4.487815,-1.516402,-1.491285,3.988629,-1.577567,-1.551926,0.502919,0.060641
63.598000,4.488765,-1.528312,-1.491041,3.988913,-1.592800,-1.551792,0.503995,0.060751
63.647000,4.490197,-1.546172,-1.490567,3.990307,-1.607579,-1.552414,0.503648,0.061847
63.695000,4.491156,-1.558078,-1.490251,3.990572,-1.621910,-1.552035,0.504638,0.061784
63.748000,4.492602,-1.575936,-1.489777,3.991727,-1.638632,-1.552443,0.504784,0.062666
63.795000,4.493572,-1.587852,-1.489422,3.991986,-1.652677,-1.552058,0.505758,0.062636
63.848000,4.495036,-1.605748,-1.488942,3.994994,-1.668478,-1.553112,0.503962,0.064170
63.896000,4.496016,-1.617689,-1.488874,3.995254,-1.682854,-1.552812,0.504984,0.063938
63.947000,4.497485,-1.635599,-1.489070,3.995285,-1.697731,-1.552959,0.506029,0.063889
63.999000,4.498462,-1.647543,-1.489252,3.995562,-1.713307,-1.553174,0.507182,0.063922
64.046000,4.499924,-1.665460,-1.489523,3.998018,-1.723663,-1.553680,0.505269,0.064157
64.095000,4.500896,-1.677406,-1.489704,3.998269,-1.738342,-1.553902,0.506307,0.064197
64.149000,4.502350,-1.695324,-1.489976,3.998805,-1.753705,-1.555319,0.506918,0.065343
64.194000,4.503310,-1.707216,-1.490535,3.999019,-1.767123,-1.555617,0.507836,0.065083
64.249000,4.504732,-1.725047,-1.491950,4.000897,-1.783683,-1.556561,0.507235,0.064611
64.296000,4.505659,-1.736888,-1.493457,4.001101,-1.797636,-1.557895,0.508202,0.064439
64.345000,4.507010,-1.754648,-1.496374,4.000999,-1.812423,-1.558425,0.509299,0.062051
64.396000,4.507881,-1.766494,-1.498526,4.001178,-1.827567,-1.561027,0.510370,0.062501
64.445000,4.509138,-1.784278,-1.501887,4.001675,-1.842504,-1.562985,0.510793,0.061098
64.498000,4.509941,-1.796125,-1.504418,4.001793,-1.858238,-1.566065,0.511931,0.061648
64.546000,4.511102,-1.814001,-1.507012,4.003264,-1.872332,-1.568876,0.511177,0.061864
64.596000,4.511860,-1.825927,-1.507555,4.003272,-1.887269,-1.570363,0.512274,0.062808
64.648000,4.512989,-1.843832,-1.508041,4.004578,-1.904198,-1.573837,0.511983,0.065796
64.699000,4.514111,-1.861741,-1.508448,4.004530,-1.919451,-1.574205,0.512838,0.065757
64.749000,4.514855,-1.873682,-1.508711,4.004115,-1.935733,-1.575196,0.514495,0.066485
64.797000,4.515597,-1.885638,-1.508894,4.004050,-1.950108,-1.575486,0.515594,0.066592
64.849000,4.516707,-1.903576,-1.509113,4.003813,-1.965601,-1.575305,0.516631,0.066192
64.899000,4.517445,-1.915535,-1.509254,4.003745,-1.980577,-1.575486,0.517801,0.066233
64.948000,4.518548,-1.933475,-1.509439,4.002613,-1.995915,-1.575270,0.519700,0.065831
64.997000,4.519282,-1.945435,-1.509559,4.002547,-2.010594,-1.575418,0.520828,0.065859
65.049000,4.520381,-1.963376,-1.509739,4.003023,-2.023904,-1.575397,0.520886,0.065658
65.099000,4.521112,-1.975340,-1.509849,4.002954,-2.038887,-1.575545,0.522040,0.065696
65.148000,4.522206,-1.993295,-1.509952,4.001850,-2.052391,-1.575428,0.523701,0.065476
65.198000,4.522935,-2.005266,-1.509963,4.001779,-2.067383,-1.575492,0.524845,0.065529
65.249000,4.524029,-2.023222,-1.509912,4.002071,-2.082950,-1.575584,0.525365,0.065672
65.297000,4.524759,-2.035195,-1.509874,4.002002,-2.097344,-1.575536,0.526439,0.065662
65.349000,4.525855,-2.053154,-1.509821,4.002699,-2.112120,-1.575835,0.526469,0.066015
65.397000,4.526587,-2.065129,-1.509811,4.002627,-2.126517,-1.575801,0.527544,0.065990
65.449000,4.527683,-2.083093,-1.509821,4.002164,-2.142383,-1.575783,0.528854,0.065962
65.497000,4.528414,-2.095066,-1.509810,4.002091,-2.156778,-1.575787,0.529929,0.065977
65.546000,4.529511,-2.113025,-1.509784,4.001549,-2.170195,-1.575410,0.531048,0.065626
65.598000,4.530609,-2.130985,-1.509757,4.001478,-2.185788,-1.575387,0.531962,0.065630
65.649000,4.531340,-2.142958,-1.509740,4.001951,-2.200426,-1.575316,0.532500,0.065576
65.699000,4.532073,-2.154930,-1.509718,4.001883,-2.215420,-1.575293,0.533629,0.065575
65.745000,4.533171,-2.172889,-1.509680,4.002735,-2.230106,-1.576311,0.533513,0.066630
65.799000,4.533904,-2.184861,-1.509655,4.002646,-2.246299,-1.576277,0.534799,0.066622
65.846000,4.535004,-2.202820,-1.509618,4.002988,-2.259538,-1.576429,0.535031,0.066811
65.898000,4.535737,-2.214786,-1.509559,4.002899,-2.275123,-1.576385,0.536243,0.066826
65.948000,4.536838,-2.232735,-1.509469,4.001740,-2.287530,-1.576023,0.537896,0.066554
65.996000,4.537574,-2.244705,-1.509419,4.001665,-2.301920,-1.575956,0.538954,0.066537
66.046000,4.538677,-2.262652,-1.509307,4.003120,-2.317032,-1.576926,0.538311,0.067619
66.099000,4.539415,-2.274628,-1.509268,4.003024,-2.332929,-1.576834,0.539550,0.067566
66.149000,4.540522,-2.292593,-1.509252,4.003245,-2.348534,-1.577414,0.540181,0.068162
66.196000,4.541260,-2.304570,-1.509247,4.003152,-2.362633,-1.577406,0.541232,0.068159
66.249000,4.542367,-2.322533,-1.509231,4.002867,-2.378441,-1.577367,0.542389,0.068136
66.297000,4.543105,-2.334504,-1.509205,4.002773,-2.392834,-1.577349,0.543472,0.068144
66.347000,4.544213,-2.352460,-1.509144,4.002090,-2.407506,-1.576900,0.544911,0.067756
66.396000,4.544952,-2.364424,-1.509075,4.002000,-2.422190,-1.576840,0.546017,0.067764
66.449000,4.546062,-2.382369,-1.508943,4.001715,-2.437700,-1.576444,0.547152,0.067501
66.496000,4.546804,-2.394332,-1.508849,4.001636,-2.451783,-1.576336,0.548186,0.067487
66.546000,4.547918,-2.412275,-1.508709,4.001437,-2.466175,-1.576244,0.549132,0.067535
66.598000,4.548662,-2.424238,-1.508615,4.001353,-2.481756,-1.576122,0.550324,0.067507
66.646000,4.549781,-2.442180,-1.508465,4.001141,-2.494661,-1.575961,0.551144,0.067495
66.698000,4.550528,-2.454137,-1.508342,4.001061,-2.510235,-1.575820,0.552323,0.067479
66.746000,4.551651,-2.472072,-1.508144,4.000327,-2.524348,-1.575225,0.553796,0.067082
66.799000,4.552402,-2.484028,-1.508011,4.000258,-2.540221,-1.575050,0.554996,0.067039
66.848000,4.553531,-2.501958,-1.507788,4.000267,-2.554786,-1.574945,0.555781,0.067156
66.898000,4.554286,-2.513909,-1.507620,4.000205,-2.569754,-1.574745,0.556888,0.067125
66.947000,4.555422,-2.531836,-1.507366,4.000554,-2.585498,-1.574487,0.557458,0.067121
66.999000,4.556183,-2.543794,-1.507218,4.000497,-2.601074,-1.574273,0.558630,0.067055
67.045000,4.557326,-2.561732,-1.507026,4.001182,-2.615399,-1.573901,0.558728,0.066875
67.097000,4.558091,-2.573702,-1.506945,4.001135,-2.630990,-1.573752,0.559895,0.066807
67.148000,4.559240,-2.591658,-1.506874,4.001213,-2.644496,-1.573674,0.560523,0.066800
67.196000,4.560007,-2.603630,-1.506843,4.001172,-2.658892,-1.573626,0.561560,0.066783
67.246000,4.561157,-2.621588,-1.506805,4.001181,-2.673373,-1.573265,0.562365,0.066460
67.297000,4.561924,-2.633563,-1.506790,4.001144,-2.688672,-1.573236,0.563482,0.066447
67.349000,4.563076,-2.651525,-1.506776,4.001649,-2.705296,-1.572911,0.563997,0.066135
67.398000,4.563844,-2.663499,-1.506767,4.001617,-2.719995,-1.572900,0.565058,0.066133
67.445000,4.564995,-2.681455,-1.506782,4.001124,-2.734239,-1.572835,0.566336,0.066053
67.445000,4.566146,-2.699416,-1.506810,4.001124,-2.734239,-1.572835,0.566093,0.066024
67.500000,4.566529,-2.705403,-1.506816,4.001091,-2.750737,-1.572863,0.567253,0.066047
67.598000,4.567679,-2.723353,-1.506871,4.002371,-2.779378,-1.573517,0.568078,0.066645
67.648000,4.568827,-2.741295,-1.506992,4.001542,-2.793764,-1.573671,0.569706,0.066680
67.696000,4.569590,-2.753256,-1.507072,4.001500,-2.808147,-1.573768,0.570736,0.066696
67.748000,4.570735,-2.771212,-1.507162,4.000357,-2.823464,-1.573409,0.572766,0.066248
67.797000,4.571498,-2.783175,-1.507135,4.000318,-2.838149,-1.573443,0.573819,0.066308
67.845000,4.572642,-2.801118,-1.507022,3.998807,-2.851838,-1.573506,0.576072,0.066484
67.897000,4.573407,-2.813080,-1.506935,3.998765,-2.867419,-1.573399,0.577205,0.066463
67.947000,4.574555,-2.831015,-1.506788,3.998805,-2.883407,-1.573338,0.578129,0.066550
67.947000,4.575705,-2.848928,-1.506514,3.998805,-2.883407,-1.573338,0.577930,0.066825
67.947000,4.576090,-2.854898,-1.506421,3.998805,-2.883407,-1.573338,0.577989,0.066917
68.008000,4.576861,-2.866839,-1.506237,3.998758,-2.901654,-1.573142,0.579150,0.066905
68.195000,4.579186,-2.902644,-1.505577,3.996950,-2.956799,-1.572180,0.584749,0.066603
68.249000,4.580359,-2.920529,-1.505070,3.997269,-2.970987,-1.572060,0.585268,0.066990
68.298000,4.581146,-2.932456,-1.504736,3.997253,-2.985630,-1.571643,0.586309,0.066907
68.349000,4.582334,-2.950351,-1.504263,3.995866,-3.000251,-1.571260,0.588588,0.066997
68.398000,4.583130,-2.962265,-1.503902,3.995859,-3.014878,-1.570863,0.589623,0.066961
68.447000,4.584332,-2.980136,-1.503335,3.996240,-3.029362,-1.570347,0.590149,0.067011
68.498000,4.585139,-2.992049,-1.502958,3.996248,-3.044586,-1.569865,0.591230,0.066908
68.549000,4.586359,-3.009918,-1.502391,3.995778,-3.058749,-1.569721,0.592596,0.067330
68.599000,4.587588,-3.027788,-1.501808,3.995795,-3.073676,-1.569244,0.593570,0.067436
68.649000,4.588414,-3.039704,-1.501425,3.997750,-3.089560,-1.568208,0.592764,0.066783
68.696000,4.589245,-3.051643,-1.501115,3.997790,-3.103623,-1.567776,0.593735,0.066661
68.750000,4.590500,-3.069584,-1.500899,3.998071,-3.118780,-1.567475,0.594468,0.066576
68.798000,4.591338,-3.081551,-1.500832,3.998120,-3.133175,-1.567346,0.595460,0.066514
68.847000,4.592597,-3.099503,-1.500785,3.998476,-3.142985,-1.567995,0.595710,0.067209
68.847000,4.593856,-3.117457,-1.500762,3.998476,-3.142985,-1.567995,0.595927,0.067233
68.901000,4.593856,-3.117457,-1.500762,3.998521,-3.159183,-1.567962,0.596795,0.067201
68.997000,4.595535,-3.141393,-1.500763,3.998938,-3.186898,-1.567973,0.598330,0.067211
69.046000,4.596794,-3.159342,-1.500801,3.997277,-3.200308,-1.567945,0.600915,0.067143
69.096000,4.597632,-3.171295,-1.500755,3.997318,-3.215287,-1.567957,0.601923,0.067202
69.147000,4.598891,-3.189225,-1.500621,3.996303,-3.230857,-1.567883,0.604024,0.067262
69.196000,4.599732,-3.201178,-1.500531,3.996346,-3.245535,-1.567772,0.605014,0.067242
69.248000,4.600995,-3.219107,-1.500396,3.996295,-3.260748,-1.567913,0.606132,0.067517
69.298000,4.601838,-3.231060,-1.500302,3.996339,-3.275726,-1.567799,0.607145,0.067497
69.349000,4.603105,-3.248971,-1.500065,3.995091,-3.291208,-1.567766,0.609480,0.067701
69.397000,4.603952,-3.260912,-1.499897,3.995135,-3.305573,-1.567564,0.610453,0.067668
69.445000,4.605226,-3.278822,-1.499644,3.996449,-3.320543,-1.566968,0.610206,0.067324
69.487000,4.606078,-3.290761,-1.499473,3.996498,-3.333110,-1.566790,0.611050,0.067318
69.487000,4.607359,-3.308644,-1.499122,3.996498,-3.333110,-1.566790,0.611351,0.067668
69.487000,4.607359,-3.308644,-1.499122,3.996498,-3.333110,-1.566790,0.611351,0.067668
69.487000,4.612545,-3.380176,-1.497728,3.996498,-3.333110,-1.566790,0.617843,0.069063
69.487000,4.614299,-3.404071,-1.497332,3.996498,-3.333110,-1.566790,0.621863,0.069458
69.859000,4.616505,-3.433939,-1.496852,3.995829,-3.442615,-1.565181,0.620737,0.068329
70.145000,4.620509,-3.487705,-1.496081,3.998117,-3.526896,-1.564499,0.623625,0.068418
70.196000,4.621404,-3.499652,-1.495910,3.998214,-3.542172,-1.564280,0.624639,0.068371
70.246000,4.622751,-3.517585,-1.495789,3.998518,-3.556630,-1.564574,0.625453,0.068785
70.297000,4.623648,-3.529531,-1.495873,3.998616,-3.571905,-1.564564,0.626467,0.068691
70.345000,4.624992,-3.547450,-1.496084,3.998817,-3.585385,-1.564618,0.627323,0.068534
70.395000,4.625885,-3.559394,-1.496253,3.998909,-3.600356,-1.564810,0.628312,0.068557
70.447000,4.627220,-3.577310,-1.496508,3.998157,-3.612487,-1.566054,0.630046,0.069546
70.499000,4.628109,-3.589264,-1.496655,3.998230,-3.628069,-1.566271,0.631073,0.069616
70.546000,4.629441,-3.607212,-1.496710,3.997718,-3.638120,-1.568417,0.632479,0.071706
70.599000,4.630328,-3.619154,-1.496594,3.997753,-3.653988,-1.568398,0.633534,0.071803
70.649000,4.631662,-3.637062,-1.496248,3.995165,-3.667712,-1.569081,0.637235,0.072833
70.649000,4.633003,-3.654969,-1.495860,3.995165,-3.667712,-1.569081,0.637966,0.073221
70.700000,4.633003,-3.654969,-1.495860,3.995192,-3.682976,-1.568763,0.638426,0.072903
70.798000,4.634802,-3.678845,-1.495343,3.996133,-3.710979,-1.568734,0.639477,0.073392
70.848000,4.636157,-3.696705,-1.494695,3.996874,-3.726036,-1.568250,0.639955,0.073555
70.899000,4.637069,-3.708608,-1.493971,3.996911,-3.741256,-1.567515,0.640989,0.073545
70.946000,4.638454,-3.726465,-1.492811,3.996989,-3.755060,-1.567205,0.642102,0.074394
70.996000,4.639389,-3.738368,-1.491995,3.997045,-3.769985,-1.566218,0.643121,0.074224
71.047000,4.640810,-3.756226,-1.490730,3.998050,-3.785671,-1.565146,0.643434,0.074417
71.047000,4.642254,-3.774083,-1.489460,3.998050,-3.785671,-1.565146,0.644308,0.075686
71.047000,4.642254,-3.774083,-1.489460,3.998050,-3.785671,-1.565146,0.644308,0.075686
71.106000,4.643231,-3.786015,-1.488825,3.998160,-3.803287,-1.563898,0.645302,0.075073
71.297000,4.646685,-3.827866,-1.488248,3.999767,-3.862355,-1.561304,0.647837,0.073056
71.344000,4.648171,-3.845804,-1.488113,4.000688,-3.877014,-1.560841,0.648235,0.072728
71.399000,4.649162,-3.857763,-1.488023,4.000852,-3.893512,-1.560718,0.649295,0.072694
71.447000,4.650569,-3.874798,-1.489303,4.001272,-3.906471,-1.561355,0.650070,0.072051
71.499000,4.651379,-3.884849,-1.491513,4.001408,-3.919643,-1.563262,0.650902,0.071749
71.548000,4.652546,-3.899857,-1.494899,4.000204,-3.933263,-1.562881,0.653197,0.067982
71.596000,4.653296,-3.909864,-1.497157,4.000291,-3.945305,-1.565590,0.653966,0.068433
71.649000,4.654370,-3.924766,-1.500655,3.999438,-3.957428,-1.568197,0.655746,0.067542
71.649000,4.655195,-3.936992,-1.506841,3.999438,-3.957428,-1.568197,0.656075,0.061355
71.700000,4.655429,-3.940722,-1.509250,3.999479,-3.967449,-1.571744,0.656495,0.062494
71.796000,4.656078,-3.951917,-1.516477,3.998273,-3.983210,-1.581535,0.658549,0.065059
71.847000,4.656553,-3.961342,-1.525479,3.998571,-3.991272,-1.585445,0.658663,0.059966
71.897000,4.656746,-3.965965,-1.533144,3.998486,-3.997104,-1.593796,0.658996,0.060652
71.947000,4.656898,-3.970808,-1.546739,3.998441,-4.000666,-1.600360,0.659133,0.053621
71.995000,4.656956,-3.973803,-1.556036,3.998324,-4.004259,-1.611503,0.659336,0.055467
72.049000,4.656987,-3.977512,-1.570767,3.998738,-4.005863,-1.621563,0.658859,0.050797
72.097000,4.656984,-3.978315,-1.582256,3.998692,-4.006809,-1.634113,0.658908,0.051856
72.146000,4.656984,-3.978326,-1.601883,3.999841,-4.007788,-1.646045,0.657803,0.044162
72.197000,4.656984,-3.978326,-1.616540,3.999841,-4.007788,-1.663510,0.657803,0.046970
72.250000,4.656984,-3.978326,-1.640055,3.999308,-4.006915,-1.679307,0.658297,0.039252
72.297000,4.656984,-3.978326,-1.655752,3.999308,-4.006915,-1.697751,0.658297,0.041999
72.347000,4.656984,-3.978326,-1.679299,4.000137,-4.006370,-1.715581,0.657445,0.036283
72.398000,4.656984,-3.978326,-1.695124,4.000137,-4.006370,-1.735620,0.657445,0.040495
72.450000,4.656984,-3.978326,-1.721423,4.002869,-4.010521,-1.754732,0.654906,0.033309
72.496000,4.656984,-3.978326,-1.740272,4.002869,-4.010521,-1.775602,0.654906,0.035330
72.548000,4.656984,-3.978326,-1.768619,4.007580,-4.016431,-1.793316,0.650521,0.024697
72.596000,4.656984,-3.978326,-1.787516,4.007580,-4.016431,-1.815993,0.650521,0.028477
72.647000,4.656984,-3.978326,-1.816103,4.006958,-4.011578,-1.841632,0.650876,0.025529
72.698000,4.656984,-3.978326,-1.836520,4.006958,-4.011578,-1.866466,0.650876,0.029946
72.746000,4.656984,-3.978326,-1.869507,4.003930,-4.005884,-1.893684,0.653635,0.024177
72.796000,4.656984,-3.978326,-1.893140,4.003930,-4.005884,-1.921889,0.653635,0.028749
72.846000,4.656984,-3.978326,-1.930975,4.002312,-4.001202,-1.949817,0.655072,0.018843
72.897000,4.656984,-3.978326,-1.957776,4.002312,-4.001202,-1.982780,0.655072,0.025004
72.947000,4.656984,-3.978326,-2.000411,4.004916,-4.003448,-2.009776,0.652552,0.009366
72.999000,4.656984,-3.978326,-2.030460,4.004916,-4.003448,-2.047581,0.652552,0.017121
73.049000,4.656984,-3.978326,-2.077751,4.003679,-4.000992,-2.082902,0.653698,0.005151
73.097000,4.656984,-3.978326,-2.109751,4.003679,-4.000992,-2.121125,0.653698,0.011374
73.149000,4.656984,-3.978326,-2.157751,4.002392,-4.005067,-2.157114,0.655138,0.000637
73.197000,4.656984,-3.978326,-2.189751,4.002392,-4.005067,-2.195514,0.655138,0.005763
73.247000,4.656984,-3.978326,-2.237751,4.000125,-3.999868,-2.238385,0.657212,0.000634
73.297000,4.656984,-3.978326,-2.285751,4.000125,-3.999868,-2.278385,0.657212,0.007366
73.348000,4.656984,-3.978326,-2.317751,3.998585,-3.991023,-2.324211,0.658521,0.006460
73.398000,4.656984,-3.978326,-2.349751,3.998585,-3.991023,-2.364211,0.658521,0.014460
73.446000,4.656714,-3.978580,-2.397751,3.999796,-3.996844,-2.400193,0.657172,0.002442
73.496000,4.655839,-3.979357,-2.429751,3.998735,-3.997791,-2.440193,0.657363,0.010442
73.548000,4.653672,-3.981135,-2.477751,3.994146,-3.993184,-2.485668,0.659636,0.007916
73.597000,4.652141,-3.982294,-2.509751,3.992269,-3.994601,-2.524868,0.659987,0.015116
73.644000,4.649750,-3.983957,-2.557744,3.987938,-3.989897,-2.566403,0.661839,0.008659
73.695000,4.647599,-3.985327,-2.589125,3.985232,-3.991603,-2.607056,0.662397,0.017931
73.747000,4.643001,-3.988012,-2.633797,3.977867,-3.985951,-2.652534,0.665137,0.018737
73.797000,4.638994,-3.990166,-2.661979,3.972845,-3.988555,-2.688953,0.666151,0.026974
73.847000,4.631530,-3.993852,-2.701943,3.965937,-3.995087,-2.727128,0.665594,0.025184
73.899000,4.625567,-3.996563,-2.727098,3.958158,-3.998426,-2.760934,0.667412,0.033836
73.948000,4.615116,-4.000924,-2.764498,3.951730,-4.003498,-2.795252,0.663391,0.030754
73.996000,4.607128,-4.003971,-2.789432,3.942053,-4.006907,-2.825172,0.665081,0.035740
74.043000,4.594125,-4.008475,-2.826770,3.931449,-4.005744,-2.857485,0.662682,0.030715
74.096000,4.585275,-4.011238,-2.851086,3.919636,-4.009080,-2.890256,0.665643,0.039170
74.149000,4.571790,-4.015002,-2.887374,3.905635,-4.004306,-2.926694,0.666241,0.039319
74.195000,4.562024,-4.017417,-2.910463,3.894284,-4.006678,-2.954152,0.667827,0.043689
74.247000,4.546474,-4.020808,-2.942752,3.876871,-4.002295,-2.988882,0.669858,0.046130
74.299000,4.535790,-4.022849,-2.962677,3.862895,-4.004340,-3.016017,0.673150,0.053340
74.348000,4.519424,-4.025572,-2.990166,3.846341,-4.005449,-3.046196,0.673384,0.056031
74.397000,4.508290,-4.027175,-3.006891,3.832616,-4.006667,-3.067853,0.675984,0.060962
74.449000,4.491326,-4.029273,-3.029580,3.818062,-4.006635,-3.094116,0.673644,0.064536
74.499000,4.479822,-4.030487,-3.043105,3.803617,-4.007241,-3.112191,0.676605,0.069085
74.549000,4.462358,-4.032051,-3.060994,3.786803,-4.006819,-3.134312,0.676026,0.073318
74.597000,4.450554,-4.032941,-3.071320,3.772597,-4.006855,3.135363,0.678459,0.076503
74.645000,4.432785,-4.034064,-3.085685,3.761576,-4.006987,3.119450,0.671755,0.078051
74.699000,4.420915,-4.034671,-3.095174,3.745537,-4.006586,3.106545,0.675961,0.081466
74.749000,4.403146,-4.035384,-3.107399,3.578442,-4.028328,3.075533,0.824734,0.100253
74.799000,4.391228,-4.035751,-3.113949,3.563575,-4.027290,3.066170,0.827696,0.103066
74.848000,4.373442,-4.036173,-3.121373,3.546442,-4.029638,3.055334,0.827025,0.106478
74.897000,4.361615,-4.036391,-3.124807,3.532009,-4.028350,3.050070,0.829645,0.108308
74.949000,4.343878,-4.036646,-3.129550,3.516775,-4.028321,3.041978,0.827145,0.111657
74.996000,4.332165,-4.036772,-3.131876,3.503086,-4.026923,3.038521,0.829138,0.112789
75.049000,4.314671,-4.036929,-3.132964,3.487205,-4.024401,3.034339,0.827561,0.115881
75.097000,4.303068,-4.037033,-3.132090,3.473364,-4.022885,3.034253,0.829825,0.116843
75.147000,4.285701,-4.037225,-3.128549,3.460460,-4.021776,3.033251,0.825386,0.121386
75.198000,4.274146,-4.037393,-3.125668,3.445810,-4.020190,3.036693,0.828514,0.120825
75.247000,4.256814,-4.037707,-3.121238,3.432836,-4.019695,3.037325,0.824176,0.124622
75.295000,4.245263,-4.037959,-3.118259,3.419045,-4.018265,3.040881,0.826453,0.124045
75.348000,4.227930,-4.038402,-3.113799,3.403195,-4.017158,3.044964,0.825009,0.124422
75.396000,4.216364,-4.038741,-3.110873,3.389374,-4.015832,3.048515,0.827308,0.123798
75.446000,4.199007,-4.039312,-3.106562,3.374635,-4.011112,3.051359,0.824855,0.125264
75.497000,4.187481,-4.039733,-3.103573,3.359985,-4.009797,3.055051,0.828037,0.124561
75.549000,4.170185,-4.040431,-3.098973,3.346411,-4.008485,3.058808,0.824393,0.125405
75.598000,4.158650,-4.040940,-3.095916,3.332314,-4.007328,3.062565,0.827019,0.124704
75.649000,4.141334,-4.041771,-3.091399,3.320055,-4.008204,3.067255,0.821965,0.124531
75.699000,4.129753,-4.042370,-3.088520,3.305599,-4.007141,3.070960,0.824907,0.123706
75.749000,4.112382,-4.043330,-3.084209,3.292435,-4.005160,3.075718,0.820835,0.123258
75.795000,4.100803,-4.044012,-3.081335,3.279125,-4.004293,3.079023,0.822638,0.122827
75.846000,4.083438,-4.045097,-3.077047,3.265835,-4.000787,3.082759,0.818802,0.123379
75.899000,4.071843,-4.045862,-3.074372,3.250466,-3.999897,3.086476,0.822662,0.122338
75.949000,4.054463,-4.047067,-3.070415,3.237241,-3.999328,3.091147,0.818616,0.121624
75.996000,4.042879,-4.047908,-3.067778,3.223610,-3.998651,3.094245,0.820748,0.121162
76.046000,4.025466,-4.049230,-3.063967,3.206746,-3.996184,3.097079,0.820437,0.122140
76.097000,4.013846,-4.050148,-3.061469,3.191898,-3.995534,3.100268,0.823760,0.121448
76.149000,3.996421,-4.051580,-3.057723,3.175909,-3.995110,3.103924,0.822453,0.121539
76.199000,3.984807,-4.052571,-3.055225,3.161349,-3.994571,3.107046,0.825498,0.120914
76.249000,3.967368,-4.054113,-3.051668,3.148337,-3.995387,3.110651,0.821134,0.120866
76.299000,3.955696,-4.055178,-3.049591,3.133693,-3.994947,3.113460,0.824207,0.120135
76.349000,3.938185,-4.056820,-3.046568,3.118763,-3.995773,3.117469,0.821693,0.119148
76.396000,3.926514,-4.057944,-3.044553,3.104990,-3.995449,3.119837,0.823898,0.118795
76.449000,3.909011,-4.059675,-3.041530,3.087582,-3.994897,3.123074,0.823979,0.118581
76.497000,3.897320,-4.060860,-3.039639,3.073483,-3.994647,3.125467,0.826494,0.118080
76.546000,3.879693,-4.062684,-3.037417,3.058777,-3.992947,3.127031,0.823873,0.118737
76.597000,3.867954,-4.063919,-3.036056,3.043727,-3.992735,3.128825,0.827295,0.118305
76.646000,3.850337,-4.065803,-3.034075,3.029500,-3.991092,3.130817,0.824229,0.118293
76.695000,3.838602,-4.067078,-3.032750,3.015041,-3.990942,3.132426,0.827073,0.118008
76.747000,3.821000,-4.069019,-3.030758,3.001803,-3.990370,3.134224,0.822963,0.118204
76.798000,3.809267,-4.070333,-3.029429,2.986751,-3.990265,3.135918,0.826404,0.117838
76.847000,3.791671,-4.072332,-3.027437,2.972388,-3.987967,3.137746,0.823616,0.118003
76.898000,3.779940,-4.073685,-3.026120,2.957331,-3.987915,3.139436,0.827068,0.117630
76.948000,3.762332,-4.075745,-3.024204,2.944540,-3.986346,3.140828,0.822664,0.118153
76.996000,3.750606,-4.077135,-3.022914,2.930371,-3.986340,-3.140831,0.825246,0.117917
77.048000,3.733007,-4.079251,-3.021001,2.915796,-3.984072,-3.139427,0.822736,0.118426
77.099000,3.721297,-4.080678,-3.019674,2.900754,-3.984108,-3.137790,0.826206,0.118116
77.148000,3.703720,-4.082849,-3.017667,2.886187,-3.984238,-3.136180,0.823459,0.118513
77.198000,3.691994,-4.084318,-3.016372,2.871416,-3.984324,-3.134529,0.826648,0.118156
77.247000,3.674409,-4.086549,-3.014432,2.856918,-3.982606,-3.133125,0.824073,0.118692
77.297000,3.662688,-4.088055,-3.013139,2.842146,-3.982737,-3.131508,0.827273,0.118369
77.348000,3.645106,-4.090343,-3.011213,2.826719,-3.981421,-3.129891,0.825604,0.118678
77.398000,3.633383,-4.091888,-3.009981,2.811939,-3.981600,-3.128307,0.828815,0.118326
77.446000,3.615784,-4.094233,-3.008220,2.797600,-3.981566,-3.126877,0.825905,0.118658
77.495000,3.604052,-4.095814,-3.007059,2.783100,-3.981785,-3.125454,0.828834,0.118395
77.549000,3.586443,-4.098213,-3.005380,2.768138,-3.981198,-3.123973,0.826628,0.118593
77.599000,3.568812,-4.100643,-3.003902,2.753313,-3.981466,-3.122635,0.824162,0.118733
77.645000,3.557050,-4.102279,-3.002988,2.739881,-3.981522,-3.121462,0.826043,0.118474
77.695000,3.545289,-4.103925,-3.002075,2.725040,-3.981826,-3.120320,0.829287,0.118245
77.749000,3.527635,-4.106416,-3.000776,2.708778,-3.982456,-3.118948,0.828187,0.118172
77.795000,3.515841,-4.108092,-3.000074,2.695080,-3.982772,-3.118018,0.830273,0.117944
77.847000,3.498133,-4.110623,-2.999201,2.679670,-3.982687,-3.116678,0.828401,0.117478
77.899000,3.486321,-4.112320,-2.998696,2.664163,-3.983077,-3.115969,0.832255,0.117273
77.946000,3.468590,-4.114877,-2.998040,2.649620,-3.982881,-3.114447,0.829539,0.116407
77.997000,3.456762,-4.116589,-2.997665,2.634388,-3.983297,-3.113922,0.833106,0.116257
78.049000,3.439008,-4.119166,-2.997194,2.619467,-3.984845,-3.112589,0.830476,0.115395
78.096000,3.427144,-4.120893,-2.997013,2.605385,-3.985257,-3.112271,0.832877,0.115258
78.149000,3.409336,-4.123487,-2.996911,2.589186,-3.987335,-3.110779,0.831375,0.113867
78.198000,3.397464,-4.125217,-2.996882,2.574496,-3.987788,-3.110726,0.834364,0.113844
78.248000,3.379656,-4.127812,-2.996838,2.559956,-3.990914,-3.109422,0.831053,0.112584
78.297000,3.361848,-4.130408,-2.996794,2.545267,-3.991387,-3.109386,0.828331,0.112592
78.350000,3.350036,-4.132130,-2.996980,2.529175,-3.994822,-3.108027,0.832265,0.111047
78.397000,3.338265,-4.133842,-2.997325,2.515209,-3.995293,-3.108299,0.834636,0.110974
78.447000,3.320608,-4.136403,-2.997842,2.500856,-3.995989,-3.107162,0.831691,0.109320
78.497000,3.308836,-4.138105,-2.998186,2.485997,-3.996500,-3.107593,0.834935,0.109406
78.547000,3.291240,-4.140638,-2.999254,2.469864,-3.996395,-3.109899,0.833945,0.110646
78.547000,3.273665,-4.143142,-3.000955,2.469864,-3.996395,-3.109899,0.817087,0.108944
78.547000,3.267804,-4.143970,-3.001553,2.469864,-3.996395,-3.109899,0.811472,0.108347
78.601000,3.261942,-4.144794,-3.002157,2.453894,-3.996896,-3.111197,0.821472,0.109039
78.798000,3.220858,-4.150470,-3.006439,2.393591,-3.997933,-3.116889,0.841213,0.110450
78.844000,3.203220,-4.152853,-3.008215,2.377224,-3.998310,-3.120388,0.840328,0.112173
78.897000,3.191440,-4.154427,-3.009335,2.361483,-3.998637,-3.121934,0.844452,0.112598
78.949000,3.173758,-4.156764,-3.010939,2.347369,-3.999176,-3.123489,0.841280,0.112550
78.998000,3.161967,-4.158307,-3.012006,2.332804,-3.999436,-3.124792,0.844246,0.112785
79.047000,3.144271,-4.160599,-3.013620,2.320796,-4.001242,-3.125094,0.838752,0.111474
79.096000,3.132504,-4.162106,-3.014906,2.306265,-4.001481,-3.126472,0.841707,0.111566
79.145000,3.114850,-4.164335,-3.017102,2.288563,-4.001569,-3.130133,0.842165,0.113031
79.198000,3.103058,-4.165802,-3.018557,2.272821,-4.001741,-3.132094,0.846291,0.113537
79.247000,3.085355,-4.167972,-3.020668,2.259968,-4.002716,-3.133073,0.841767,0.112405
79.298000,3.073570,-4.169395,-3.022226,2.244833,-4.002842,-3.134908,0.845307,0.112682
79.348000,3.055883,-4.171493,-3.024783,2.228749,-4.002217,-3.137330,0.844277,0.112548
79.348000,3.038146,-4.173553,-3.027154,2.228749,-4.002217,-3.137330,0.827332,0.110176
79.400000,3.032228,-4.174231,-3.027895,2.213268,-4.002259,-3.139535,0.836821,0.111640
79.498000,3.014461,-4.176240,-3.030014,2.183743,-4.002222,3.139501,0.848749,0.113671
79.549000,2.996674,-4.178215,-3.032006,2.169083,-4.002155,3.138239,0.846111,0.112940
79.597000,2.984810,-4.179513,-3.033329,2.154762,-4.002102,3.136654,0.848796,0.113202
79.648000,2.966987,-4.181432,-3.035213,2.138466,-4.002304,3.133911,0.847663,0.114062
79.695000,2.955081,-4.182700,-3.035596,2.124398,-4.002176,3.132706,0.850072,0.114883
79.747000,2.937237,-4.184599,-3.035540,2.108616,-4.002194,3.131646,0.848461,0.115999
79.798000,2.925348,-4.185865,-3.035352,2.093371,-4.002041,3.131788,0.852043,0.116045
79.849000,2.907515,-4.187770,-3.035000,2.080201,-4.000499,3.131373,0.848245,0.116812
79.896000,2.895647,-4.189042,-3.034684,2.066177,-4.000355,3.131676,0.850660,0.116825
79.946000,2.877846,-4.190957,-3.034133,2.052439,-3.999082,3.132521,0.847415,0.116531
79.997000,2.865988,-4.192239,-3.033713,2.037232,-3.998945,3.133012,0.850999,0.116461
80.049000,2.848201,-4.194171,-3.033032,2.021533,-3.997916,3.133350,0.849646,0.116803
80.099000,2.836355,-4.195465,-3.032525,2.006637,-3.997794,3.133938,0.852940,0.116722
80.148000,2.818587,-4.197418,-3.031716,1.992686,-3.996506,3.134523,0.849987,0.116947
80.198000,2.806742,-4.198728,-3.031176,1.977790,-3.996403,3.135197,0.853286,0.116812
80.246000,2.788986,-4.200704,-3.030307,1.964582,-3.994939,3.136064,0.849695,0.116814
80.298000,2.777167,-4.202029,-3.029633,1.949120,-3.994855,3.136867,0.853571,0.116685
80.348000,2.759434,-4.204032,-3.028571,1.933985,-3.995123,3.137810,0.851475,0.116804
80.399000,2.747605,-4.205379,-3.027892,1.918805,-3.995069,3.138704,0.855067,0.116588
80.445000,2.729853,-4.207415,-3.026940,1.904711,-3.995109,3.139027,0.852017,0.117218
80.498000,2.718016,-4.208782,-3.026336,1.888924,-3.995072,3.139850,0.856193,0.116999
80.547000,2.700256,-4.210846,-3.025475,1.872767,-3.996369,3.140683,0.854833,0.117027
80.597000,2.688394,-4.212232,-3.024997,1.857839,-3.996359,3.141367,0.858151,0.116821
80.647000,2.670594,-4.214323,-3.024396,1.843643,-3.996787,-3.140692,0.855085,0.116296
80.695000,2.658715,-4.215723,-3.024075,1.829289,-3.996803,-3.140244,0.857831,0.116168
80.749000,2.640891,-4.217831,-3.023672,1.814447,-3.997374,-3.139701,0.855343,0.116029
80.798000,2.628998,-4.219242,-3.023465,1.799776,-3.997404,-3.139400,0.858383,0.115935
80.848000,2.611155,-4.221362,-3.023217,1.786105,-3.996784,-3.139060,0.855068,0.115843
80.895000,2.599265,-4.222777,-3.023047,1.772037,-3.996820,-3.138870,0.857533,0.115823
80.946000,2.581429,-4.224903,-3.022785,1.754145,-3.996895,-3.138323,0.858129,0.115539
80.998000,2.569534,-4.226324,-3.022627,1.738572,-3.996947,-3.138102,0.862039,0.115475
81.048000,2.551689,-4.228459,-3.022411,1.723581,-3.997879,-3.137657,0.859611,0.115246
81.097000,2.539793,-4.229884,-3.022268,1.708905,-3.997937,-3.137481,0.862656,0.115213
81.147000,2.521950,-4.232026,-3.022052,1.695074,-3.999092,-3.137042,0.859058,0.114990
81.197000,2.510054,-4.233455,-3.021910,1.680098,-3.999161,-3.136863,0.862393,0.114953
81.246000,2.492204,-4.235603,-3.021899,1.664841,-4.000552,-3.136749,0.860104,0.114849
81.297000,2.480329,-4.237030,-3.022071,1.649591,-4.000628,-3.136834,0.863720,0.114763
81.347000,2.462519,-4.239166,-3.022452,1.634649,-4.000094,-3.136792,0.861698,0.114340
81.398000,2.450638,-4.240586,-3.022710,1.619394,-4.000166,-3.137125,0.865314,0.114415
81.448000,2.432816,-4.242711,-3.023097,1.605853,-4.000113,-3.137393,0.861813,0.114296
81.448000,2.414993,-4.244830,-3.023485,1.605853,-4.000113,-3.137393,0.845337,0.113909
81.448000,2.414993,-4.244830,-3.023485,1.605853,-4.000113,-3.137393,0.845337,0.113909
81.504000,2.403111,-4.246238,-3.023742,1.589101,-4.000180,-3.137754,0.850386,0.114013
81.695000,2.355526,-4.251853,-3.024447,1.529354,-3.999667,-3.139242,0.863804,0.114796
81.747000,2.343620,-4.253253,-3.024540,1.514694,-4.000109,-3.139692,0.866718,0.115152
81.799000,2.331716,-4.254653,-3.024635,1.499113,-4.000139,-3.139813,0.870635,0.115178
81.848000,2.313860,-4.256749,-3.024782,1.484523,-3.999857,-3.140073,0.868213,0.115291
81.897000,2.301951,-4.258146,-3.024862,1.469834,-3.999879,-3.140188,0.871275,0.115326
81.946000,2.284085,-4.260240,-3.024957,1.455253,-4.000144,-3.140091,0.868685,0.115134
81.996000,2.272174,-4.261636,-3.025016,1.440263,-4.000166,-3.140166,0.872034,0.115151
82.047000,2.254308,-4.263727,-3.025105,1.427724,-3.999532,-3.139748,0.867779,0.114644
82.099000,2.242397,-4.265121,-3.025164,1.412134,-3.999561,-3.139825,0.871699,0.114661
82.149000,2.224531,-4.267209,-3.025256,1.397533,-3.999509,-3.140359,0.869247,0.115103
82.199000,2.212618,-4.268601,-3.025315,1.382540,-3.999527,-3.140435,0.872600,0.115120
82.245000,2.194749,-4.270687,-3.025404,1.367687,-3.999650,-3.140839,0.870341,0.115435
82.299000,2.182836,-4.272078,-3.025463,1.351495,-3.999662,-3.140919,0.874836,0.115456
82.349000,2.164964,-4.274162,-3.025541,1.334881,-4.000770,-3.141354,0.873945,0.115814
82.349000,2.147087,-4.276245,-3.025601,1.334881,-4.000770,-3.141354,0.857651,0.115753
82.400000,2.141128,-4.276939,-3.025616,1.319583,-4.000774,-3.141412,0.866720,0.115796
82.498000,2.123293,-4.279016,-3.025802,1.289777,-4.002690,-3.140946,0.878127,0.115144
82.549000,2.105475,-4.281085,-3.026181,1.273760,-4.002153,-3.140472,0.877242,0.114291
82.599000,2.093592,-4.282461,-3.026446,1.258807,-4.002169,-3.140801,0.880585,0.114355
82.644000,2.075764,-4.284520,-3.026826,1.247010,-4.001709,-3.141146,0.875679,0.114320
82.696000,2.063869,-4.285889,-3.027044,1.231446,-4.001714,-3.141463,0.879593,0.114420
82.748000,2.046023,-4.287940,-3.027323,1.217130,-4.001258,3.140986,0.877069,0.114877
82.798000,2.034116,-4.289306,-3.027461,1.202148,-4.001247,3.140772,0.880424,0.114952
82.845000,2.016251,-4.291352,-3.027623,1.187057,-4.001651,3.140431,0.878344,0.115131
82.897000,2.004341,-4.292715,-3.027731,1.171473,-4.001633,3.140291,0.882268,0.115164
82.948000,1.986476,-4.294756,-3.027874,1.155879,-4.001689,3.139952,0.880784,0.115359
82.998000,1.974565,-4.296116,-3.027963,1.140894,-4.001664,3.139836,0.884144,0.115386
83.045000,1.956698,-4.298154,-3.028084,1.127276,-4.001646,3.139734,0.880828,0.115367
83.096000,1.944785,-4.299512,-3.028157,1.111988,-4.001617,3.139635,0.884472,0.115392
83.149000,1.926913,-4.301547,-3.028256,1.095280,-4.001136,3.139420,0.884229,0.115509
83.195000,1.914991,-4.302904,-3.028290,1.081481,-4.001105,3.139353,0.886466,0.115542
83.247000,1.897107,-4.304938,-3.028305,1.067837,-3.999867,3.139576,0.883605,0.115304
83.295000,1.885185,-4.306295,-3.028309,1.053438,-3.999838,3.139569,0.886408,0.115307
83.345000,1.867301,-4.308329,-3.028314,1.038184,-3.999722,3.140124,0.884688,0.114747
83.395000,1.855378,-4.309686,-3.028318,1.023185,-3.999700,3.140120,0.888053,0.114748
83.448000,1.837495,-4.311720,-3.028323,1.007668,-3.999858,3.139599,0.886493,0.115263
83.496000,1.825572,-4.313076,-3.028327,0.993269,-3.999829,3.139595,0.889299,0.115264
83.546000,1.807704,-4.315109,-3.028255,0.975977,-3.999749,3.139141,0.889506,0.115789
83.598000,1.795801,-4.316465,-3.028141,0.960403,-3.999711,3.139251,0.893433,0.115793
83.645000,1.777946,-4.318501,-3.027943,0.946408,-3.999499,3.139145,0.890628,0.116098
83.697000,1.766047,-4.319860,-3.027793,0.930839,-3.999461,3.139324,0.894555,0.116068
83.750000,1.748198,-4.321902,-3.027556,0.915703,-3.999583,3.139664,0.892714,0.115965
83.798000,1.736296,-4.323266,-3.027410,0.901327,-3.999556,3.139850,0.895523,0.115925
83.845000,1.718440,-4.325316,-3.027210,0.888431,-3.999199,3.140400,0.891777,0.115575
83.898000,1.706538,-4.326684,-3.027078,0.872557,-3.999180,3.140574,0.895982,0.115533
83.946000,1.688684,-4.328739,-3.026880,0.857657,-3.998027,3.140547,0.894414,0.115758
83.998000,1.676782,-4.330112,-3.026748,0.842081,-3.998012,3.140719,0.898340,0.115718
84.048000,1.658929,-4.332173,-3.026550,0.826409,-3.997548,3.141155,0.897253,0.115480
84.048000,1.641093,-4.334236,-3.026296,0.826409,-3.997548,3.141155,0.881515,0.115734
84.104000,1.635150,-4.334924,-3.026192,0.809652,-3.997541,3.141346,0.891782,0.115648
84.196000,1.617324,-4.336994,-3.025879,0.782701,-3.998105,-3.141076,0.900800,0.115197
84.249000,1.599499,-4.339068,-3.025566,0.766822,-4.000197,-3.140461,0.898990,0.114895
84.298000,1.587615,-4.340455,-3.025354,0.752166,-4.000214,-3.140205,0.902075,0.114851
84.349000,1.569762,-4.342541,-3.025199,0.737334,-4.000189,-3.139823,0.900079,0.114624
84.397000,1.551905,-4.344629,-3.025245,0.722951,-4.000216,-3.139786,0.897655,0.114541
84.448000,1.540000,-4.346020,-3.025278,0.707884,-4.000351,-3.139790,0.901057,0.114512
84.499000,1.528096,-4.347411,-3.025310,0.692602,-4.000379,-3.139831,0.904699,0.114521
84.548000,1.510239,-4.349496,-3.025363,0.677770,-4.000414,-3.139681,0.902698,0.114318
84.599000,1.498337,-4.350885,-3.025455,0.662492,-4.000444,-3.139748,0.906336,0.114293
84.647000,1.480486,-4.352966,-3.025635,0.647619,-3.999643,-3.140109,0.904713,0.114474
84.697000,1.468573,-4.354353,-3.025717,0.632626,-3.999664,-3.140250,0.908081,0.114533
84.746000,1.450700,-4.356433,-3.025788,0.618448,-4.000571,-3.140471,0.905142,0.114682
84.746000,1.432843,-4.358509,-3.025908,0.618448,-4.000571,-3.140471,0.889584,0.114563
84.800000,1.426891,-4.359201,-3.025957,0.602267,-4.000589,-3.140540,0.899225,0.114583
84.897000,1.409039,-4.361273,-3.026125,0.571981,-4.001041,-3.140823,0.911280,0.114698
84.949000,1.391189,-4.363341,-3.026302,0.555363,-4.001630,-3.140771,0.910735,0.114468
84.949000,1.373345,-4.365406,-3.026524,0.555363,-4.001630,-3.140771,0.895225,0.114247
84.949000,1.367399,-4.366093,-3.026609,0.555363,-4.001630,-3.140771,0.890076,0.114162
85.001000,1.361452,-4.366779,-3.026693,0.539797,-4.001643,-3.140930,0.899134,0.114237
85.198000,1.319823,-4.371571,-3.027288,0.480397,-4.000338,3.141474,0.917851,0.114423
85.249000,1.301948,-4.373622,-3.027427,0.464829,-4.001044,3.141134,0.916287,0.114625
85.298000,1.290038,-4.374987,-3.027503,0.450143,-4.001037,3.141042,0.919381,0.114640
85.348000,1.272173,-4.377033,-3.027635,0.435368,-4.001878,3.140550,0.917052,0.115000
85.399000,1.260272,-4.378394,-3.027769,0.420095,-4.001863,3.140421,0.920692,0.114995
85.449000,1.242422,-4.380433,-3.028021,0.406739,-4.001575,3.140212,0.917550,0.114952
85.497000,1.230521,-4.381789,-3.028193,0.392366,-4.001555,3.140006,0.920371,0.114986
85.547000,1.212666,-4.383820,-3.028442,0.377010,-4.001643,3.139408,0.918902,0.115335
85.598000,1.200760,-4.385172,-3.028604,0.361732,-4.001609,3.139201,0.922544,0.115381
85.649000,1.182898,-4.387197,-3.028835,0.347376,-4.000495,3.138924,0.920671,0.115426
85.649000,1.165025,-4.389220,-3.028854,0.347376,-4.000495,3.138924,0.905350,0.115407
85.704000,1.159068,-4.389895,-3.028834,0.330887,-4.000446,3.138759,0.915180,0.115593
85.797000,1.141197,-4.391919,-3.028773,0.302767,-4.001024,3.138884,0.925075,0.115528
85.848000,1.123325,-4.393945,-3.028713,0.286829,-4.002052,3.138575,0.923746,0.115898
85.895000,1.111411,-4.395295,-3.028662,0.272740,-4.002009,3.138624,0.926306,0.115899
85.948000,1.093570,-4.397317,-3.028949,0.255588,-4.001744,3.139011,0.926656,0.115225
85.999000,1.081675,-4.398660,-3.029293,0.240325,-4.001706,3.138666,0.930292,0.115227
86.049000,1.063830,-4.400668,-3.029875,0.225255,-4.001532,3.138634,0.928719,0.114677
86.097000,1.051933,-4.402000,-3.030269,0.210889,-4.001488,3.138161,0.931539,0.114755
86.150000,1.034087,-4.403990,-3.030860,0.194575,-4.001129,3.137592,0.931169,0.114733
86.196000,1.016239,-4.405969,-3.031452,0.180808,-4.001072,3.137139,0.928378,0.114595
86.247000,1.004323,-4.407284,-3.031779,0.165872,-4.000773,3.136581,0.931801,0.114825
86.298000,0.992406,-4.408596,-3.032102,0.150586,-4.000695,3.136165,0.935438,0.114919
86.346000,0.974534,-4.410557,-3.032416,0.138214,-4.000580,3.135756,0.931404,0.115014
86.400000,0.962639,-4.411862,-3.032355,0.122057,-4.000481,3.135627,0.935848,0.115203
86.449000,0.944799,-4.413820,-3.032119,0.107226,-3.999971,3.135266,0.934237,0.115801
86.494000,0.932914,-4.415128,-3.031905,0.093776,-3.999886,3.135468,0.936258,0.115812
86.546000,0.915088,-4.417094,-3.031543,0.079748,-3.998579,3.135878,0.934316,0.115764
86.598000,0.903215,-4.418408,-3.031253,0.064219,-3.998491,3.136211,0.938213,0.115721
86.647000,0.885407,-4.420385,-3.030765,0.049144,-3.998895,3.136853,0.936477,0.115568
86.695000,0.873528,-4.421709,-3.030450,0.034801,-3.998829,3.137245,0.939303,0.115490
86.749000,0.855707,-4.423702,-3.030000,0.018059,-3.998175,3.137446,0.939535,0.115740
86.799000,0.843826,-4.425035,-3.029702,0.003115,-3.998115,3.137819,0.942898,0.115665
86.848000,0.826006,-4.427041,-3.029255,-0.012853,-3.999221,3.138749,0.941656,0.115182
86.898000,0.814127,-4.428383,-3.028956,-0.027797,-3.999179,3.139122,0.945014,0.115107
86.949000,0.796296,-4.430404,-3.028526,-0.041894,-3.998948,3.139835,0.942718,0.114824
86.997000,0.784400,-4.431756,-3.028310,-0.056262,-3.998925,3.140137,0.945545,0.114738
87.049000,0.766552,-4.433789,-3.028029,-0.072839,-3.998391,3.140456,0.945595,0.114700
87.096000,0.754659,-4.435147,-3.027835,-0.086904,-3.998375,3.140674,0.948155,0.114676
87.146000,0.736819,-4.437188,-3.027536,-0.102748,-3.997859,3.140736,0.947567,0.114913
87.198000,0.724931,-4.438551,-3.027315,-0.118303,-3.997846,3.141003,0.951455,0.114868
87.249000,0.707100,-4.440601,-3.026965,-0.132065,-3.997909,3.140832,0.948775,0.115388
87.294000,0.695212,-4.441971,-3.026732,-0.145527,-3.997899,3.141094,0.950811,0.115359
87.349000,0.677382,-4.444031,-3.026379,-0.162211,-3.998762,-3.141533,0.950358,0.115154
87.399000,0.665496,-4.445408,-3.026142,-0.177167,-3.998764,-3.141237,0.953716,0.115095
87.444000,0.647669,-4.447479,-3.025786,-0.189644,-3.997724,-3.141128,0.950459,0.115342
87.496000,0.635784,-4.448863,-3.025549,-0.205199,-3.997732,-3.140819,0.954343,0.115271
87.546000,0.617944,-4.450945,-3.025254,-0.219996,-3.997388,-3.140519,0.952815,0.115266
87.599000,0.606050,-4.452336,-3.025069,-0.235863,-3.997406,-3.140270,0.956963,0.115202
87.649000,0.588211,-4.454427,-3.024788,-0.250695,-3.997278,-3.139645,0.955379,0.114856
87.697000,0.576317,-4.455823,-3.024608,-0.265065,-3.997306,-3.139421,0.958208,0.114813
87.746000,0.558474,-4.457923,-3.024362,-0.280629,-3.998930,-3.138885,0.956435,0.114524
87.799000,0.546561,-4.459326,-3.024290,-0.296521,-3.998975,-3.138701,0.960578,0.114412
87.848000,0.528693,-4.461432,-3.024275,-0.309656,-3.998854,-3.138351,0.957500,0.114076
87.897000,0.516780,-4.462836,-3.024266,-0.324350,-3.998902,-3.138340,0.960590,0.114074
87.949000,0.498914,-4.464942,-3.024299,-0.341671,-3.998529,-3.138077,0.961314,0.113778
87.999000,0.487000,-4.466345,-3.024331,-0.356666,-3.998581,-3.138116,0.964664,0.113785
88.046000,0.469130,-4.468450,-3.024377,-0.370003,-3.999371,-3.138380,0.961343,0.114003
88.098000,0.457226,-4.469852,-3.024431,-0.385587,-3.999422,-3.138428,0.965214,0.113997
88.146000,0.439369,-4.471953,-3.024516,-0.400372,-4.000272,-3.138472,0.963144,0.113956
88.198000,0.427470,-4.473352,-3.024611,-0.415948,-4.000321,-3.138556,0.967011,0.113944
88.248000,0.409630,-4.475446,-3.024840,-0.431921,-4.000161,-3.138537,0.966491,0.113697
88.248000,0.391787,-4.477537,-3.025085,-0.431921,-4.000161,-3.138537,0.952041,0.113452
88.302000,0.385839,-4.478233,-3.025167,-0.448090,-4.000209,-3.138754,0.961220,0.113587
88.398000,0.367996,-4.480317,-3.025412,-0.475750,-3.999631,-3.139817,0.971064,0.114405
88.448000,0.350151,-4.482398,-3.025657,-0.489765,-4.000345,-3.140089,0.968419,0.114432
88.498000,0.338247,-4.483783,-3.025791,-0.504746,-4.000366,-3.140283,0.971766,0.114492
88.549000,0.320389,-4.485859,-3.025956,-0.522016,-4.001224,-3.140089,0.971862,0.114133
88.549000,0.302529,-4.487932,-3.026111,-0.522016,-4.001224,-3.140089,0.957475,0.113978
88.549000,0.302529,-4.487932,-3.026111,-0.522016,-4.001224,-3.140089,0.957475,0.113978
88.602000,0.296576,-4.488622,-3.026163,-0.537898,-4.001248,-3.140230,0.966375,0.114066
88.793000,0.248951,-4.494134,-3.026608,-0.594784,-4.000527,-3.141172,0.977515,0.114563
88.849000,0.231088,-4.496195,-3.026782,-0.611477,-4.000139,3.141550,0.977746,0.114853
88.849000,0.213224,-4.498254,-3.026955,-0.611477,-4.000139,3.141550,0.963457,0.114681
88.849000,0.213224,-4.498254,-3.026955,-0.611477,-4.000139,3.141550,0.963457,0.114681
88.905000,0.201308,-4.499625,-3.027028,-0.628261,-4.000137,3.141388,0.968335,0.114769
89.098000,0.159617,-4.504422,-3.026955,-0.686508,-3.998067,3.141346,0.986064,0.114884
89.147000,0.141778,-4.506478,-3.026825,-0.701145,-3.997201,3.141020,0.984826,0.115340
89.147000,0.123939,-4.508535,-3.026695,-0.701145,-3.997201,3.141020,0.970683,0.115470
89.147000,0.123939,-4.508535,-3.026695,-0.701145,-3.997201,3.141020,0.970683,0.115470
89.207000,0.112046,-4.509908,-3.026606,-0.719103,-3.997192,3.141150,0.976569,0.115430
89.397000,0.070410,-4.514729,-3.026044,-0.776622,-3.997813,-3.140848,0.992303,0.114804
89.447000,0.052568,-4.516802,-3.025782,-0.790142,-3.998929,-3.140757,0.989116,0.114975
89.497000,0.040672,-4.518187,-3.025609,-0.805111,-3.998943,-3.140540,0.992454,0.114931
89.546000,0.022823,-4.520269,-3.025369,-0.820005,-3.999297,-3.140402,0.990843,0.115032
89.598000,0.010906,-4.521660,-3.025297,-0.835601,-3.999318,-3.140231,0.994693,0.114934
89.645000,-0.006972,-4.523749,-3.025263,-0.848840,-3.998009,-3.140418,0.992545,0.115155
89.698000,-0.018872,-4.525140,-3.025205,-0.864718,-3.998027,-3.140382,0.996646,0.115176
89.745000,-0.036722,-4.527228,-3.025115,-0.879633,-3.998611,-3.139690,0.994955,0.114575
89.745000,-0.054571,-4.529317,-3.025024,-0.879633,-3.998611,-3.139690,0.981009,0.114666
89.745000,-0.054571,-4.529317,-3.025024,-0.879633,-3.998611,-3.139690,0.981009,0.114666
89.805000,-0.066470,-4.530711,-3.024952,-0.897604,-3.998646,-3.139600,0.986852,0.114647
89.997000,-0.108167,-4.535600,-3.024829,-0.956391,-3.999253,-3.139167,1.003570,0.114337
90.049000,-0.126035,-4.537696,-3.024875,-0.973569,-3.998415,-3.139167,1.004559,0.114291
90.097000,-0.137948,-4.539093,-3.024878,-0.987962,-3.998449,-3.139199,1.007383,0.114320
90.149000,-0.155818,-4.541188,-3.024843,-1.002671,-3.998996,-3.138845,1.005550,0.114002
90.199000,-0.167731,-4.542585,-3.024845,-1.017664,-3.999038,-3.138822,1.008875,0.113977
90.245000,-0.185600,-4.544681,-3.024888,-1.031919,-3.998811,-3.138999,1.007090,0.114111
90.298000,-0.197517,-4.546078,-3.024911,-1.047816,-3.998852,-3.139039,1.011170,0.114128
90.347000,-0.215392,-4.548173,-3.024933,-1.062294,-3.999188,-3.139007,1.009271,0.114074
90.393000,-0.227304,-4.549569,-3.024959,-1.076087,-3.999224,-3.139027,1.011588,0.114067
90.447000,-0.245172,-4.551662,-3.025000,-1.090385,-3.998648,-3.139131,1.010054,0.114131
90.498000,-0.257084,-4.553057,-3.025026,-1.105677,-3.998685,-3.139165,1.013626,0.114138
90.549000,-0.274952,-4.555149,-3.025072,-1.119618,-3.998143,-3.139511,1.011788,0.114439
90.598000,-0.286864,-4.556543,-3.025112,-1.134309,-3.998174,-3.139554,1.014859,0.114442
90.649000,-0.304732,-4.558633,-3.025172,-1.150631,-3.998307,-3.139279,1.014647,0.114107
90.698000,-0.316644,-4.560026,-3.025212,-1.165322,-3.998341,-3.139328,1.017715,0.114116
90.749000,-0.334511,-4.562114,-3.025230,-1.183184,-4.006740,3.140644,1.014241,0.117311
90.797000,-0.346346,-4.563496,-3.025520,-1.197481,-4.006733,3.140558,1.017063,0.117107
90.847000,-0.364097,-4.565561,-3.026081,-1.213705,-4.004486,3.140592,1.018154,0.116512
90.894000,-0.375932,-4.566932,-3.026482,-1.227704,-4.004471,3.140149,1.020723,0.116554
90.948000,-0.393735,-4.568985,-3.027086,-1.242543,-4.003668,3.140581,1.019832,0.115518
90.999000,-0.405613,-4.570349,-3.027428,-1.257787,-4.003650,3.140100,1.023400,0.115657
91.046000,-0.423437,-4.572388,-3.027879,-1.273210,-4.002621,3.139697,1.023108,0.115609
91.095000,-0.435335,-4.573746,-3.028106,-1.287880,-4.002591,3.139356,1.026182,0.115723
91.149000,-0.453186,-4.575777,-3.028414,-1.299678,-4.003783,3.139404,1.021628,0.115367
91.199000,-0.465088,-4.577129,-3.028620,-1.314650,-4.003750,3.139147,1.024949,0.115418
91.249000,-0.482940,-4.579151,-3.028928,-1.329159,-4.003244,3.138676,1.023600,0.115581
91.298000,-0.494840,-4.580497,-3.029117,-1.343830,-4.003200,3.138429,1.026672,0.115640
91.349000,-0.512693,-4.582511,-3.029368,-1.359146,-4.002793,3.138300,1.025941,0.115518
91.397000,-0.524602,-4.583852,-3.029503,-1.373526,-4.002744,3.138113,1.028766,0.115569
91.448000,-0.542469,-4.585862,-3.029668,-1.388322,-4.002044,3.137586,1.027770,0.115931
91.499000,-0.554392,-4.587202,-3.029725,-1.403619,-4.001982,3.137467,1.031343,0.115993
91.547000,-0.572278,-4.589211,-3.029744,-1.416875,-4.004288,3.136963,1.027365,0.116479
91.596000,-0.584178,-4.590547,-3.029836,-1.431543,-4.004221,3.136929,1.030440,0.116421
91.649000,-0.602027,-4.592548,-3.030071,-1.445133,-4.003868,3.137550,1.028286,0.115564
91.695000,-0.613927,-4.593879,-3.030243,-1.458903,-4.003811,3.137360,1.030614,0.115582
91.748000,-0.631781,-4.595873,-3.030494,-1.472428,-4.003611,3.138142,1.028330,0.114549
91.799000,-0.649632,-4.597862,-3.030752,-1.487695,-4.003558,3.137929,1.027398,0.114504
91.849000,-0.661525,-4.599185,-3.030949,-1.500684,-4.005432,3.137611,1.027974,0.114625
91.899000,-0.673405,-4.600503,-3.031232,-1.515624,-4.005373,3.137333,1.031268,0.114621
91.948000,-0.691226,-4.602474,-3.031712,-1.527708,-4.005000,3.137236,1.027948,0.114237
91.994000,-0.703111,-4.603783,-3.032034,-1.541458,-4.004938,3.136863,1.030263,0.114288
92.046000,-0.720942,-4.605740,-3.032510,-1.556422,-4.004916,3.136131,1.029085,0.114544
92.099000,-0.732832,-4.607040,-3.032820,-1.572270,-4.004828,3.135714,1.033109,0.114651
92.147000,-0.750671,-4.608984,-3.033278,-1.586835,-4.008070,3.133953,1.029694,0.115955
92.198000,-0.762521,-4.610270,-3.033725,-1.602035,-4.007955,3.133514,1.033231,0.115946
92.248000,-0.780295,-4.612189,-3.034409,-1.614430,-4.008005,3.132898,1.029961,0.115878
92.298000,-0.792145,-4.613460,-3.034985,-1.629327,-4.007876,3.132296,1.033251,0.115904
92.347000,-0.809921,-4.615354,-3.036007,-1.644036,-4.008231,3.131391,1.031671,0.115788
92.398000,-0.821772,-4.616605,-3.036689,-1.659230,-4.008073,3.130521,1.035204,0.115975
92.447000,-0.839551,-4.618468,-3.037712,-1.674221,-4.008075,3.129802,1.034047,0.115672
92.497000,-0.851405,-4.619700,-3.038403,-1.689117,-4.007896,3.128947,1.037336,0.115835
92.549000,-0.869180,-4.621530,-3.039697,-1.703711,-4.009213,3.127388,1.035071,0.116100
92.599000,-0.881007,-4.622732,-3.040816,-1.718569,-4.009003,3.126198,1.038352,0.116171
92.647000,-0.898747,-4.624509,-3.042783,-1.731501,-4.007056,3.125723,1.036690,0.114679
92.695000,-0.910616,-4.625678,-3.043944,-1.745809,-4.006819,3.124165,1.039488,0.115076
92.745000,-0.928435,-4.627410,-3.045397,-1.762118,-4.008229,3.122031,1.038467,0.115758
92.798000,-0.940279,-4.628546,-3.046600,-1.777884,-4.007921,3.120698,1.042477,0.115887
92.846000,-0.958048,-4.630220,-3.048785,-1.790821,-4.007682,3.118598,1.039743,0.115803
92.898000,-0.969897,-4.631314,-3.050310,-1.806286,-4.007320,3.116646,1.043511,0.116230
92.950000,-0.987675,-4.632921,-3.052603,-1.820138,-4.006647,3.115364,1.041736,0.115218
92.996000,-0.999553,-4.633972,-3.054090,-1.833847,-4.006280,3.113617,1.044052,0.115478
93.047000,-1.017385,-4.635517,-3.056243,-1.846973,-4.003158,3.112710,1.043117,0.114233
93.098000,-1.029239,-4.636525,-3.057083,-1.862137,-4.002701,3.111040,1.046638,0.115062
93.146000,-1.046906,-4.638025,-3.056344,-1.874567,-4.003934,3.109665,1.042638,0.117177
93.197000,-1.058686,-4.639037,-3.055464,-1.889634,-4.003453,3.110604,1.046156,0.117117
93.244000,-1.076357,-4.640575,-3.054064,-1.903963,-4.002862,3.108967,1.044801,0.120154
93.298000,-1.088136,-4.641615,-3.053128,-1.919918,-4.002347,3.110231,1.049059,0.119827
93.346000,-1.105792,-4.643194,-3.051620,-1.934918,-4.001426,3.111693,1.048483,0.119872
93.346000,-1.123438,-4.644800,-3.049959,-1.934918,-4.001426,3.111693,1.035582,0.121533
93.346000,-1.123438,-4.644800,-3.049959,-1.934918,-4.001426,3.111693,1.035582,0.121533
93.405000,-1.135205,-4.645888,-3.048821,-1.952335,-4.000916,3.113244,1.041005,0.121120
93.596000,-1.176437,-4.649806,-3.044945,-2.003363,-4.000105,3.119486,1.051626,0.118755
93.648000,-1.194126,-4.651535,-3.043367,-2.018382,-3.998946,3.121385,1.051318,0.118434
93.695000,-1.205915,-4.652703,-3.042316,-2.032299,-3.998669,3.122616,1.053883,0.118253
93.747000,-1.223603,-4.654479,-3.040759,-2.049316,-3.999430,3.123467,1.053988,0.118959
93.795000,-1.235408,-4.655679,-3.039773,-2.063553,-3.999177,3.124693,1.056796,0.118718
93.846000,-1.253114,-4.657501,-3.038296,-2.078684,-3.999312,3.126442,1.055830,0.118447
93.846000,-1.270818,-4.659350,-3.036819,-2.078684,-3.999312,3.126442,1.043215,0.119925
93.846000,-1.270818,-4.659350,-3.036819,-2.078684,-3.999312,3.126442,1.043215,0.119925
93.905000,-1.282620,-4.660597,-3.035848,-2.096185,-3.999059,3.127895,1.048580,0.119443
94.098000,-1.324040,-4.665055,-3.032908,-2.151797,-3.997441,3.132939,1.063433,0.117338
94.145000,-1.341789,-4.667003,-3.031672,-2.162218,-3.999119,3.134997,1.057910,0.116516
94.197000,-1.353656,-4.668316,-3.031085,-2.177737,-3.999025,3.135982,1.061631,0.116117
94.246000,-1.371468,-4.670299,-3.030435,-2.191921,-3.998353,3.137365,1.060497,0.115385
94.298000,-1.383342,-4.671626,-3.030056,-2.207454,-3.998290,3.137891,1.064209,0.115238
94.348000,-1.401157,-4.673626,-3.029524,-2.220815,-3.998397,3.139322,1.061967,0.114340
94.348000,-1.418988,-4.675637,-3.029081,-2.220815,-3.998397,3.139322,1.049562,0.114782
94.348000,-1.418988,-4.675637,-3.029081,-2.220815,-3.998397,3.139322,1.049562,0.114782
94.406000,-1.430876,-4.676982,-3.028806,-2.238162,-3.998363,3.139809,1.054626,0.114571
94.597000,-1.472481,-4.681715,-3.027845,-2.295707,-3.997671,3.141161,1.070334,0.114179
94.644000,-1.490313,-4.683756,-3.027452,-2.309088,-3.998293,3.141497,1.067825,0.114237
94.695000,-1.502199,-4.685120,-3.027191,-2.324343,-3.998293,-3.141354,1.071284,0.114163
94.749000,-1.520048,-4.687174,-3.026895,-2.339678,-3.999292,-3.140970,1.070034,0.114075
94.795000,-1.531963,-4.688547,-3.026787,-2.353471,-3.999303,-3.140781,1.072349,0.113994
94.845000,-1.549838,-4.690609,-3.026704,-2.369195,-3.998138,-3.140919,1.072782,0.114216
94.895000,-1.561755,-4.691985,-3.026654,-2.384190,-3.998148,-3.140856,1.076015,0.114203
94.947000,-1.579618,-4.694048,-3.026539,-2.399168,-3.998790,-3.140949,1.074731,0.114411
94.998000,-1.591526,-4.695424,-3.026440,-2.414452,-3.998800,-3.140831,1.078190,0.114391
95.047000,-1.609389,-4.697492,-3.026312,-2.427939,-3.999874,-3.140502,1.075497,0.114190
95.096000,-1.621304,-4.698871,-3.026290,-2.442631,-3.999892,-3.140418,1.078495,0.114128
95.149000,-1.639175,-4.700941,-3.026327,-2.459027,-3.998240,-3.140339,1.079790,0.114011
95.199000,-1.651080,-4.702319,-3.026293,-2.474008,-3.998258,-3.140357,1.083012,0.114063
95.249000,-1.668937,-4.704389,-3.026163,-2.487583,-3.997252,-3.140046,1.081769,0.113883
95.297000,-1.680842,-4.705770,-3.026067,-2.501964,-3.997274,-3.139934,1.084531,0.113867
95.345000,-1.698699,-4.707843,-3.025922,-2.516780,-3.997405,-3.139817,1.083503,0.113895
95.345000,-1.716556,-4.709919,-3.025777,-2.516780,-3.997405,-3.139817,1.071464,0.114040
95.401000,-1.722506,-4.710611,-3.025723,-2.533558,-3.997436,-3.139682,1.080012,0.113959
95.401000,-1.746290,-4.713383,-3.025455,-2.533558,-3.997436,-3.139682,1.064129,0.114227
95.401000,-1.746290,-4.713383,-3.025455,-2.533558,-3.997436,-3.139682,1.064129,0.114227
95.503000,-1.752238,-4.714077,-3.025384,-2.564181,-3.996911,-3.139424,1.083318,0.114040
95.698000,-1.799787,-4.719646,-3.024568,-2.621348,-3.995974,-3.137946,1.094835,0.113378
95.748000,-1.817618,-4.721746,-3.024242,-2.635094,-3.995655,-3.137449,1.093377,0.113207
95.798000,-1.829505,-4.723148,-3.024027,-2.650055,-3.995718,-3.137180,1.096566,0.113153
95.846000,-1.847338,-4.725257,-3.023718,-2.663275,-3.995900,-3.136709,1.094402,0.112991
95.897000,-1.859231,-4.726667,-3.023532,-2.678544,-3.995976,-3.136455,1.097809,0.112923
95.946000,-1.877071,-4.728785,-3.023254,-2.690298,-3.996160,-3.135843,1.094568,0.112588
95.995000,-1.888969,-4.730201,-3.023096,-2.704976,-3.996246,-3.135622,1.097523,0.112526
96.047000,-1.906826,-4.732329,-3.022941,-2.719009,-3.996326,-3.135013,1.096057,0.112072
96.097000,-1.918736,-4.733749,-3.022878,-2.734002,-3.996426,-3.134905,1.099229,0.112028
96.147000,-1.936605,-4.735881,-3.022823,-2.750520,-3.996014,-3.135025,1.099937,0.112202
96.199000,-1.954464,-4.738013,-3.022748,-2.766108,-3.996116,-3.134979,1.099625,0.112231
96.249000,-1.966372,-4.739435,-3.022693,-2.780831,-3.995868,-3.133986,1.102831,0.111293
96.299000,-1.978282,-4.740858,-3.022649,-2.795825,-3.995982,-3.133921,1.105990,0.111272
96.349000,-1.996151,-4.742994,-3.022608,-2.863850,-3.971432,-3.138201,1.161124,0.115593
96.349000,-2.013492,-4.745075,-3.021207,-2.863850,-3.971432,-3.138201,1.149623,0.116994
96.400000,-2.019266,-4.745776,-3.020164,-2.878616,-3.971456,-3.137987,1.156743,0.117823
96.498000,-2.036598,-4.747922,-3.016694,-2.904582,-3.971879,-3.133711,1.164319,0.117017
96.545000,-2.053959,-4.750132,-3.013249,-2.917787,-3.971410,-3.133166,1.163017,0.119917
96.545000,-2.071317,-4.752402,-3.009874,-2.917787,-3.971410,-3.133166,1.151721,0.123291
96.604000,-2.077110,-4.753173,-3.008781,-2.935001,-3.971583,-3.129810,1.160543,0.121029
96.700000,-2.100300,-4.756321,-3.004601,-2.963174,-3.971375,-3.124934,1.166487,0.120332
96.748000,-2.111912,-4.757933,-3.002645,-2.977326,-3.971265,-3.121927,1.169525,0.119282
96.796000,-2.123536,-4.759570,-3.000790,-2.991410,-3.971552,-3.119611,1.172253,0.118821
96.847000,-2.140995,-4.762068,-2.998184,-3.005882,-3.971605,-3.117108,1.171692,0.118924
96.895000,-2.152633,-4.763759,-2.996468,-3.019991,-3.971958,-3.115047,1.174418,0.118579
96.945000,-2.170085,-4.766332,-2.993892,-3.034195,-3.972055,-3.112536,1.173696,0.118644
96.998000,-2.181716,-4.768073,-2.992176,-3.049771,-3.972515,-3.110261,1.177468,0.118086
97.045000,-2.199223,-4.770730,-2.989895,-3.057752,-3.977085,-3.108594,1.169163,0.118699
97.099000,-2.210993,-4.772536,-2.988916,-3.073808,-3.977631,-3.106826,1.173168,0.117910
97.146000,-2.228679,-4.775266,-2.987951,-3.084619,-3.980206,-3.105015,1.168227,0.117063
97.199000,-2.240477,-4.777097,-2.987405,-3.100427,-3.980788,-3.104246,1.172016,0.116841
97.248000,-2.258171,-4.779854,-2.986586,-3.113086,-3.984350,-3.102461,1.167779,0.115875
97.248000,-2.275863,-4.782626,-2.985766,-3.113086,-3.984350,-3.102461,1.156801,0.116695
97.248000,-2.275863,-4.782626,-2.985766,-3.113086,-3.984350,-3.102461,1.156801,0.116695
97.310000,-2.287670,-4.784483,-2.985510,-3.131577,-3.985080,-3.101614,1.162422,0.116103
97.497000,-2.328746,-4.790908,-2.987647,-3.183539,-3.990488,-3.101962,1.171044,0.114315
97.549000,-2.346337,-4.793627,-2.988846,-3.197284,-3.993730,-3.101357,1.167881,0.112511
97.596000,-2.358015,-4.795419,-2.989921,-3.211154,-3.994289,-3.102409,1.170323,0.112487
97.649000,-2.375528,-4.798079,-2.991786,-3.224347,-3.995476,-3.102981,1.168189,0.111196
97.698000,-2.387194,-4.799832,-2.993120,-3.238788,-3.996030,-3.104550,1.171029,0.111430
97.747000,-2.404702,-4.802433,-2.995168,-3.251494,-3.997273,-3.105727,1.168478,0.110558
97.747000,-2.422204,-4.804995,-2.997274,-3.251494,-3.997273,-3.105727,1.157644,0.108453
97.800000,-2.428040,-4.805841,-2.997979,-3.267109,-3.997828,-3.107549,1.164870,0.109570
97.897000,-2.445531,-4.808351,-3.000166,-3.294032,-4.001080,-3.111101,1.171170,0.110935
97.949000,-2.463021,-4.810821,-3.002460,-3.306582,-4.002601,-3.112635,1.168253,0.110175
97.996000,-2.474674,-4.812444,-3.004030,-3.320400,-4.002996,-3.114446,1.170666,0.110416
98.045000,-2.492168,-4.814844,-3.006387,-3.334147,-4.006660,-3.116163,1.167086,0.109776
98.098000,-2.503797,-4.816416,-3.008073,-3.349695,-4.007051,-3.118280,1.170733,0.110206
98.148000,-2.521257,-4.818738,-3.010692,-3.363650,-4.007438,-3.119793,1.169544,0.109100
98.199000,-2.532905,-4.820262,-3.012429,-3.378625,-4.007757,-3.122016,1.172776,0.109588
98.248000,-2.550399,-4.822511,-3.014961,-3.389822,-4.009260,-3.123799,1.168764,0.108837
98.296000,-2.562057,-4.823985,-3.016648,-3.403921,-4.009504,-3.125813,1.171374,0.109165
98.349000,-2.579550,-4.826160,-3.019183,-3.417949,-4.010096,-3.128469,1.169988,0.109286
98.398000,-2.591217,-4.827585,-3.020869,-3.432346,-4.010278,-3.130539,1.172812,0.109670
98.449000,-2.608765,-4.829693,-3.023227,-3.442279,-4.013296,-3.132255,1.166727,0.109028
98.498000,-2.620435,-4.831071,-3.024821,-3.456674,-4.013425,-3.134169,1.169548,0.109348
98.546000,-2.637943,-4.833104,-3.027214,-3.468954,-4.016973,-3.137040,1.164753,0.109826
98.599000,-2.655455,-4.835094,-3.029607,-3.484523,-4.017036,-3.139154,1.164720,0.109547
98.647000,-2.667134,-4.836398,-3.031208,-3.496310,-4.017512,-3.140292,1.165379,0.109085
98.695000,-2.684665,-4.838320,-3.033642,-3.510418,-4.017523,3.140966,1.164292,0.108578
98.748000,-2.696347,-4.839576,-3.035287,-3.526722,-4.017560,3.138582,1.168432,0.109316
98.797000,-2.708042,-4.840814,-3.036982,-3.541127,-4.017510,3.136547,1.171264,0.109656
98.849000,-2.725606,-4.842635,-3.039525,-3.554697,-4.017460,3.134358,1.169746,0.109302
98.898000,-2.737326,-4.843826,-3.041219,-3.569127,-4.017349,3.132281,1.172586,0.109685
98.947000,-2.754919,-4.845575,-3.043757,-3.582647,-4.017854,3.130271,1.170579,0.109157
98.998000,-2.766648,-4.846716,-3.045489,-3.597671,-4.017677,3.128101,1.173842,0.109595
99.047000,-2.784254,-4.848390,-3.048134,-3.611739,-4.016593,3.126132,1.173294,0.108920
99.047000,-2.801865,-4.850017,-3.050785,-3.611739,-4.016593,3.126132,1.162106,0.106269
99.100000,-2.807737,-4.850549,-3.051669,-3.627360,-4.016331,3.123790,1.169488,0.107726
99.195000,-2.831233,-4.852626,-3.055188,-3.655749,-4.016657,3.119339,1.174168,0.108658
99.249000,-2.843012,-4.853636,-3.056945,-3.671398,-4.016055,3.116859,1.178034,0.109382
99.298000,-2.860686,-4.855112,-3.059595,-3.685877,-4.015690,3.114703,1.177102,0.108887
99.349000,-2.872470,-4.856070,-3.061362,-3.700700,-4.016009,3.112494,1.179689,0.109329
99.395000,-2.884257,-4.857007,-3.063129,-3.714291,-4.015606,3.110462,1.181911,0.109594
99.449000,-2.901952,-4.858375,-3.065807,-3.731102,-4.018513,3.108443,1.180194,0.108935
99.499000,-2.919544,-4.859678,-3.069666,-3.745797,-4.018031,3.105978,1.179434,0.107541
99.548000,-2.931273,-4.860505,-3.072725,-3.759197,-4.017562,3.102890,1.181529,0.107570
99.599000,-2.943011,-4.861296,-3.075947,-3.774185,-4.016972,3.098933,1.184793,0.108305
99.646000,-2.960641,-4.862411,-3.080918,-3.787769,-4.016972,3.096628,1.182754,0.105639
99.698000,-2.978257,-4.863434,-3.086388,-3.803044,-4.016275,3.092215,1.182351,0.104582
99.747000,-2.990008,-4.864061,-3.090157,-3.817322,-4.015293,3.088335,1.185266,0.104694
99.799000,-3.001762,-4.864644,-3.093925,-3.832598,-4.014462,3.083436,1.188738,0.105825
99.848000,-3.019434,-4.865436,-3.099702,-3.846600,-4.013141,3.079205,1.187691,0.104279
99.899000,-3.031232,-4.865908,-3.103577,-3.861624,-4.012187,3.074266,1.190962,0.105342
99.946000,-3.048933,-4.866529,-3.109391,-3.875281,-4.011352,3.069946,1.189193,0.103848
99.997000,-3.060735,-4.866887,-3.113266,-3.890296,-4.010256,3.065005,1.192471,0.104914
100.049000,-3.077880,-4.867321,-3.119528,-3.904007,-4.008977,3.060219,1.191319,0.103438
100.097000,-3.089070,-4.867543,-3.123930,-3.917391,-4.007869,3.054978,1.193799,0.104277
100.147000,-3.105856,-4.867784,-3.130534,-3.930825,-4.006389,3.050331,1.192718,0.102321
100.195000,-3.117048,-4.867884,-3.134936,-3.944198,-4.005147,3.045048,1.195195,0.103201
100.249000,-3.132044,-4.867926,3.139854,-3.956001,-4.003555,3.038817,1.194170,0.101037
100.295000,-3.140420,-4.867883,3.132636,-3.965533,-4.002573,3.031671,1.195648,0.100964
100.349000,-3.150598,-4.867730,3.119424,-3.973545,-4.002075,3.024373,1.194403,0.095051
100.398000,-3.155788,-4.867589,3.109022,-3.979861,-4.001328,3.012787,1.195618,0.096235
100.445000,-3.161148,-4.867371,3.090995,-3.982553,-3.999742,3.004414,1.194775,0.086580
100.495000,-3.163424,-4.867241,3.077680,-3.985436,-3.999337,2.988678,1.195391,0.089002
100.547000,-3.166763,-4.866994,3.057637,-3.987153,-3.998063,2.975895,1.195024,0.081742
100.595000,-3.168986,-4.866792,3.044275,-3.989793,-3.997610,2.959860,1.195493,0.084415
100.647000,-3.172140,-4.866454,3.024055,-3.988384,-3.994892,2.943057,1.194100,0.080998
100.699000,-3.172815,-4.866370,3.009141,-3.989336,-3.994704,2.924983,1.194366,0.084158
100.749000,-3.172822,-4.866369,2.984362,-3.985168,-3.993359,2.906833,1.192498,0.077529
100.799000,-3.172822,-4.866369,2.966263,-3.985168,-3.993359,2.885364,1.192498,0.080899
100.847000,-3.172822,-4.866369,2.937004,-3.981211,-3.991648,2.867338,1.191062,0.069666
100.847000,-3.172822,-4.866369,2.907361,-3.981211,-3.991648,2.867338,1.191062,0.040023
100.903000,-3.172822,-4.866369,2.897223,-3.981211,-3.991648,2.839702,1.191062,0.057522
100.996000,-3.172822,-4.866369,2.864812,-3.976972,-3.989893,2.796054,1.189482,0.068758
101.045000,-3.172822,-4.866369,2.829505,-3.973840,-3.987480,2.771636,1.189149,0.057869
101.099000,-3.172822,-4.866369,2.804366,-3.973840,-3.987480,2.738987,1.189149,0.065379
101.146000,-3.172822,-4.866369,2.764227,-3.969888,-3.987388,2.714150,1.186559,0.050077
101.196000,-3.172822,-4.866369,2.735889,-3.969888,-3.987388,2.679977,1.186559,0.055912
101.248000,-3.172822,-4.866369,2.691029,-3.967881,-3.988564,2.646632,1.184339,0.044397
101.299000,-3.172822,-4.866369,2.659491,-3.967881,-3.988564,2.607641,1.184339,0.051850
101.348000,-3.172822,-4.866369,2.611495,-3.964783,-3.988045,2.573010,1.182648,0.038485
101.394000,-3.172822,-4.866369,2.579495,-3.964783,-3.988045,2.536210,1.182648,0.043285
101.450000,-3.172822,-4.866369,2.531495,-3.962580,-3.986713,2.494188,1.182164,0.037307
101.496000,-3.172822,-4.866369,2.499495,-3.962580,-3.986713,2.457388,1.182164,0.042107
101.546000,-3.172822,-4.866369,2.451495,-3.962135,-3.987576,2.416710,1.181225,0.034785
101.600000,-3.173462,-4.865805,2.403495,-3.962476,-3.987264,2.373510,1.180837,0.029985
101.646000,-3.174603,-4.864731,2.371532,-3.963010,-3.987781,2.336476,1.179248,0.035056
101.699000,-3.176274,-4.863055,2.339815,-3.965110,-3.985548,2.294204,1.179950,0.045611
101.745000,-3.179695,-4.859339,2.292786,-3.968460,-3.982979,2.257596,1.179050,0.035190
101.797000,-3.182527,-4.856016,2.261456,-3.971970,-3.978607,2.216868,1.180282,0.044588
101.849000,-3.187434,-4.849781,2.214878,-3.975672,-3.974571,2.174631,1.177842,0.040247
101.897000,-3.190690,-4.845302,2.183887,-3.979397,-3.969067,2.137442,1.178918,0.046445
101.945000,-3.195309,-4.838401,2.137401,-3.983016,-3.966530,2.099003,1.175007,0.038398
101.995000,-3.198211,-4.833679,2.106418,-3.986447,-3.960512,2.060266,1.176323,0.046152
102.048000,-3.202661,-4.825769,2.060795,-3.989381,-3.954594,2.019470,1.173830,0.041325
102.097000,-3.205502,-4.820241,2.030507,-3.992622,-3.947704,1.982303,1.175108,0.048204
102.146000,-3.209964,-4.810692,1.987020,-3.996415,-3.941486,1.943580,1.172188,0.043440
102.198000,-3.213106,-4.803305,1.959629,-4.000095,-3.931786,1.906732,1.174265,0.052897
102.246000,-3.217987,-4.790676,1.920943,-4.003307,-3.923055,1.871343,1.170254,0.049600
102.299000,-3.221255,-4.781376,1.896752,-4.007048,-3.910598,1.838042,1.172913,0.058710
102.346000,-3.225837,-4.767010,1.862865,-4.011143,-3.900716,1.805324,1.169261,0.057541
102.398000,-3.228677,-4.757185,1.841874,-4.014125,-3.887770,1.776779,1.171670,0.065095
102.447000,-3.232603,-4.742199,1.812365,-4.016282,-3.876858,1.746367,1.167463,0.065998
102.498000,-3.234977,-4.732145,1.792894,-4.018512,-3.863876,1.721521,1.169538,0.071373
102.547000,-3.238169,-4.716981,1.763688,-4.020188,-3.852005,1.694694,1.166077,0.068993
102.597000,-3.240056,-4.706794,1.744313,-4.021712,-3.839146,1.670376,1.167818,0.073937
102.646000,-3.242647,-4.690697,1.717290,-4.021517,-3.827790,1.646123,1.162431,0.071167
102.699000,-3.244187,-4.679623,1.700875,-4.022534,-3.813026,1.623094,1.164824,0.077782
102.748000,-3.246198,-4.662762,1.678653,-4.024805,-3.800825,1.599586,1.161535,0.079067
102.794000,-3.247353,-4.651378,1.665438,-4.025100,-3.787667,1.583292,1.162276,0.082145
102.846000,-3.248838,-4.634092,1.648015,-4.025373,-3.772209,1.561858,1.160108,0.086157
102.898000,-3.249681,-4.622417,1.638000,-4.025162,-3.757001,1.547591,1.162031,0.090409
102.946000,-3.250741,-4.604847,1.624146,-4.024894,-3.743903,1.531082,1.157816,0.093063
102.999000,-3.251313,-4.593127,1.614915,-4.024237,-3.728369,1.518851,1.159835,0.096063
103.047000,-3.251968,-4.575537,1.601068,-4.023121,-3.713750,1.506306,1.156440,0.094763
103.098000,-3.252270,-4.563752,1.592040,-4.022107,-3.698756,1.494582,1.157958,0.097457
103.146000,-3.252542,-4.546080,1.580713,-4.019790,-3.685670,1.484399,1.152812,0.096314
103.197000,-3.252621,-4.534337,1.574560,-4.018448,-3.670757,1.475541,1.154237,0.099019
103.247000,-3.252608,-4.516723,1.565513,-4.014911,-3.653978,1.464889,1.151275,0.100624
103.299000,-3.252511,-4.504981,1.559482,-4.013272,-3.638801,1.457048,1.152834,0.102434
103.347000,-3.252232,-4.487369,1.550436,-4.011229,-3.627544,1.448897,1.146899,0.101538
103.399000,-3.251795,-4.469815,1.541511,-4.009347,-3.612395,1.441057,1.144139,0.100454
103.447000,-3.251437,-4.458550,1.536680,-4.007620,-3.597890,1.433817,1.145665,0.102863
103.499000,-3.251035,-4.447390,1.533129,-4.005595,-3.583508,1.427961,1.147020,0.105169
103.546000,-3.250380,-4.430752,1.530203,-4.002634,-3.569330,1.422679,1.143650,0.107524
103.594000,-3.249929,-4.419740,1.529852,-4.000654,-3.556252,1.421066,1.144203,0.108786
103.646000,-3.249266,-4.403283,1.531725,-3.996118,-3.542599,1.417309,1.139546,0.114416
103.698000,-3.248855,-4.392394,1.534574,-3.993937,-3.528595,1.419781,1.140743,0.114793
103.746000,-3.248315,-4.376083,1.541248,-3.987518,-3.515659,1.419903,1.134351,0.121345
103.799000,-3.248027,-4.365290,1.547297,-3.985365,-3.501508,1.426653,1.135687,0.120643
103.848000,-3.247733,-4.349080,1.558223,-3.981298,-3.489216,1.430529,1.130258,0.127693
103.896000,-3.247638,-4.338301,1.565745,-3.979517,-3.476404,1.439466,1.130714,0.126278
103.949000,-3.247648,-4.322078,1.576959,-3.974918,-3.464974,1.447470,1.124077,0.129489
103.996000,-3.247755,-4.311271,1.584400,-3.973384,-3.452368,1.456223,1.124390,0.128177
104.047000,-3.248066,-4.295006,1.595400,-3.968606,-3.438684,1.465903,1.119136,0.129497
104.094000,-3.248372,-4.284164,1.602650,-3.967303,-3.426007,1.474469,1.119507,0.128181
104.149000,-3.248980,-4.267841,1.613301,-3.964309,-3.411901,1.485165,1.115495,0.128135
104.196000,-3.249482,-4.256932,1.620220,-3.963241,-3.399114,1.493419,1.115932,0.126801
104.248000,-3.250377,-4.240510,1.630282,-3.959290,-3.386704,1.503648,1.109749,0.126634
104.294000,-3.251066,-4.229554,1.636834,-3.958472,-3.374106,1.511279,1.110052,0.125555
104.346000,-3.252236,-4.213063,1.646379,-3.955576,-3.359691,1.520747,1.105862,0.125632
104.396000,-3.253105,-4.202051,1.652560,-3.954914,-3.345899,1.528607,1.107038,0.123953
104.447000,-3.254538,-4.185477,1.661511,-3.951741,-3.331994,1.536986,1.102055,0.124525
104.496000,-3.255576,-4.174420,1.667319,-3.951308,-3.318397,1.544206,1.103095,0.123113
104.548000,-3.257259,-4.157781,1.675739,-3.949455,-3.302909,1.552579,1.099973,0.123160
104.597000,-3.258460,-4.146665,1.681146,-3.949230,-3.289214,1.559348,1.101083,0.121798
104.649000,-3.260379,-4.129946,1.688959,-3.949407,-3.273997,1.566693,1.098822,0.122266
104.697000,-3.262429,-4.113233,1.696713,-3.949371,-3.260526,1.572900,1.094988,0.123813
104.745000,-3.263874,-4.102041,1.701648,-3.946818,-3.247147,1.580113,1.094192,0.121534
104.799000,-3.265379,-4.090805,1.706217,-3.946989,-3.231850,1.586644,1.096538,0.119573
104.849000,-3.267739,-4.073897,1.712596,-3.945686,-3.217556,1.593643,1.092214,0.118954
104.898000,-3.269374,-4.062605,1.716614,-3.946024,-3.203583,1.598722,1.093515,0.117892
104.947000,-3.271919,-4.045619,1.722287,-3.945465,-3.189912,1.605046,1.088989,0.117241
104.997000,-3.273673,-4.034266,1.725830,-3.945976,-3.175564,1.609649,1.090578,0.116182
105.048000,-3.276380,-4.017237,1.731064,-3.946157,-3.161276,1.614617,1.086863,0.116446
105.095000,-3.278235,-4.005886,1.734523,-3.946764,-3.147775,1.618712,1.087789,0.115812
105.149000,-3.281094,-3.988850,1.739597,-3.947209,-3.129434,1.624166,1.087339,0.115431
105.196000,-3.283048,-3.977501,1.742979,-3.947945,-3.115922,1.628140,1.088304,0.114839
105.247000,-3.286050,-3.960489,1.748053,-3.946971,-3.101149,1.633226,1.084104,0.114827
105.299000,-3.288118,-3.949051,1.751005,-3.947937,-3.086075,1.637495,1.086319,0.113511
105.345000,-3.291304,-3.931728,1.754214,-3.947845,-3.072395,1.640756,1.081434,0.113458
105.397000,-3.293460,-3.920162,1.755973,-3.948928,-3.057140,1.643304,1.083718,0.112669
105.447000,-3.296739,-3.902772,1.758261,-3.949881,-3.040928,1.647242,1.081374,0.111020
105.498000,-3.298953,-3.891144,1.759533,-3.951044,-3.025882,1.649063,1.083467,0.110469
105.544000,-3.302306,-3.873663,1.761105,-3.952168,-3.010949,1.651464,1.080091,0.109641
105.596000,-3.304562,-3.861981,1.761941,-3.953422,-2.995535,1.652723,1.082474,0.109218
105.647000,-3.307969,-3.844422,1.762899,-3.955322,-2.979538,1.653872,1.080320,0.109027
105.697000,-3.310254,-3.832686,1.763327,-3.956568,-2.964645,1.654568,1.082227,0.108759
105.745000,-3.313697,-3.815049,1.763694,-3.958408,-2.950409,1.654882,1.078543,0.108811
105.745000,-3.317146,-3.797396,1.763775,-3.958408,-2.950409,1.654882,1.062358,0.108893
105.745000,-3.317146,-3.797396,1.763775,-3.958408,-2.950409,1.654882,1.062358,0.108893
105.804000,-3.318295,-3.791513,1.763788,-3.959900,-2.932784,1.655136,1.071947,0.108652
105.998000,-3.327490,-3.744472,1.763778,-3.965148,-2.871229,1.655751,1.081277,0.108027
106.045000,-3.330908,-3.726955,1.763041,-3.966604,-2.857940,1.655327,1.076706,0.107714
106.095000,-3.333173,-3.715295,1.762312,-3.967857,-2.843145,1.654575,1.078643,0.107737
106.147000,-3.336551,-3.697813,1.761085,-3.970069,-2.827038,1.654037,1.076844,0.107048
106.198000,-3.338792,-3.686157,1.760264,-3.971324,-2.811957,1.652989,1.079038,0.107274
106.246000,-3.342134,-3.668669,1.759031,-3.973274,-2.797737,1.652160,1.075574,0.106871
106.298000,-3.344350,-3.657009,1.758200,-3.974524,-2.782358,1.651090,1.078023,0.107111
106.347000,-3.347637,-3.639603,1.756522,-3.976388,-2.767317,1.649790,1.075272,0.106732
106.398000,-3.349807,-3.628009,1.755268,-3.977571,-2.752325,1.648253,1.077455,0.107015
106.449000,-3.353036,-3.610614,1.753388,-3.979963,-2.736942,1.646679,1.075333,0.106708
106.498000,-3.355171,-3.599013,1.752134,-3.981054,-2.722534,1.645143,1.077008,0.106991
106.548000,-3.358341,-3.581631,1.750118,-3.982791,-2.708219,1.643121,1.073679,0.106998
106.597000,-3.360426,-3.570077,1.748523,-3.983827,-2.693873,1.641348,1.075343,0.107175
106.647000,-3.363518,-3.552740,1.746117,-3.985402,-2.679602,1.639295,1.071965,0.106822
106.695000,-3.365556,-3.541179,1.744513,-3.986359,-2.665546,1.637370,1.073372,0.107143
106.748000,-3.368579,-3.523830,1.742087,-3.987198,-2.650446,1.635178,1.070276,0.106909
106.796000,-3.370569,-3.512268,1.740338,-3.988099,-2.636395,1.633192,1.071679,0.107146
106.846000,-3.373516,-3.494914,1.737645,-3.987022,-2.621180,1.630818,1.067614,0.106827
106.897000,-3.375459,-3.483312,1.735936,-3.987912,-2.606210,1.628551,1.069769,0.107385
106.949000,-3.378339,-3.465899,1.733425,-3.988703,-2.588937,1.626165,1.068460,0.107260
106.998000,-3.380234,-3.454286,1.731751,-3.989494,-2.574544,1.624115,1.070113,0.107637
107.049000,-3.383041,-3.436861,1.729240,-3.988905,-2.560182,1.621615,1.065662,0.107625
107.049000,-3.385811,-3.419394,1.726908,-3.988905,-2.560182,1.621615,1.049746,0.105293
107.049000,-3.385811,-3.419394,1.726908,-3.988905,-2.560182,1.621615,1.049746,0.105293
107.104000,-3.387638,-3.407728,1.725517,-3.989706,-2.543986,1.619336,1.052870,0.106181
107.299000,-3.393913,-3.366870,1.720880,-3.992538,-2.485122,1.611405,1.065755,0.109475
107.348000,-3.396549,-3.349328,1.719012,-3.993018,-2.469414,1.609581,1.063026,0.109431
107.395000,-3.398289,-3.337622,1.717788,-3.993551,-2.455518,1.608127,1.064164,0.109661
107.444000,-3.400874,-3.320050,1.715972,-3.993780,-2.442675,1.606239,1.058926,0.109733
107.495000,-3.402582,-3.308321,1.714795,-3.994309,-2.427573,1.604707,1.061065,0.110088
107.548000,-3.405119,-3.290715,1.713065,-3.994465,-2.412343,1.602599,1.057765,0.110466
107.598000,-3.406794,-3.278973,1.711917,-3.994932,-2.397525,1.601162,1.059650,0.110755
107.646000,-3.409283,-3.261351,1.710221,-3.994983,-2.383109,1.599376,1.055630,0.110845
107.646000,-3.411748,-3.243682,1.708695,-3.994983,-2.383109,1.599376,1.039591,0.109319
107.646000,-3.411748,-3.243682,1.708695,-3.994983,-2.383109,1.599376,1.039591,0.109319
107.708000,-3.413378,-3.231894,1.707727,-3.995494,-2.364679,1.597682,1.044472,0.110045
107.895000,-3.419003,-3.190585,1.704554,-3.996156,-2.308649,1.593084,1.054000,0.111470
107.948000,-3.421374,-3.172874,1.703206,-3.995712,-2.291522,1.591873,1.051972,0.111333
107.999000,-3.422942,-3.161065,1.702309,-3.996028,-2.276336,1.590727,1.054122,0.111582
108.049000,-3.425274,-3.143345,1.700975,-3.995564,-2.260676,1.589365,1.050874,0.111611
108.097000,-3.426817,-3.131516,1.700131,-3.995825,-2.246364,1.588306,1.052267,0.111824
108.148000,-3.429131,-3.113676,1.699552,-3.996441,-2.231862,1.587180,1.048541,0.112372
108.195000,-3.430670,-3.101782,1.699395,-3.996669,-2.217772,1.586882,1.049681,0.112513
108.249000,-3.432975,-3.083939,1.699229,-3.997571,-2.202206,1.585981,1.047006,0.113248
108.296000,-3.434508,-3.072058,1.698999,-3.997787,-2.188133,1.585825,1.048144,0.113174
108.346000,-3.436801,-3.054239,1.698478,-3.998084,-2.173340,1.585376,1.044519,0.113102
108.395000,-3.438324,-3.042358,1.698115,-3.998296,-2.158669,1.584934,1.046172,0.113182
108.446000,-3.440600,-3.024538,1.697536,-3.997738,-2.143519,1.584806,1.042400,0.112730
108.495000,-3.442111,-3.012658,1.697131,-3.997942,-2.128851,1.584316,1.044061,0.112815
108.547000,-3.444369,-2.994837,1.696523,-3.998139,-2.112843,1.583687,1.041429,0.112836
108.597000,-3.445869,-2.982956,1.696118,-3.998330,-2.097875,1.583181,1.043351,0.112937
108.645000,-3.448106,-2.965167,1.695707,-3.998660,-2.083753,1.583044,1.039231,0.112663
108.697000,-3.449590,-2.953328,1.695355,-3.998851,-2.068242,1.582671,1.041664,0.112684
108.745000,-3.451809,-2.935568,1.694764,-3.999974,-2.054011,1.582206,1.038088,0.112557
108.798000,-3.453282,-2.923726,1.694359,-4.000152,-2.038201,1.581675,1.040779,0.112685
108.849000,-3.455482,-2.905967,1.693740,-4.000023,-2.022937,1.580803,1.037433,0.112937
108.897000,-3.456942,-2.894127,1.693292,-4.000165,-2.008621,1.580291,1.038850,0.113001
108.946000,-3.459123,-2.876362,1.692609,-4.000174,-1.993661,1.579382,1.035325,0.113228
108.998000,-3.460570,-2.864518,1.692154,-4.000305,-1.978150,1.578790,1.037768,0.113364
109.048000,-3.462731,-2.846751,1.691472,-4.000644,-1.963223,1.577792,1.034395,0.113680
109.097000,-3.464165,-2.834906,1.691017,-4.000744,-1.948606,1.577235,1.036072,0.113782
109.146000,-3.466308,-2.817118,1.690392,-4.001048,-1.934927,1.576412,1.031605,0.113981
109.198000,-3.467731,-2.805256,1.689996,-4.001133,-1.919396,1.575887,1.034053,0.114109
109.244000,-3.469857,-2.787463,1.689402,-4.000878,-1.906295,1.575326,1.028805,0.114076
109.244000,-3.471972,-2.769668,1.688808,-4.000878,-1.906295,1.575326,1.012499,0.113482
109.244000,-3.471972,-2.769668,1.688808,-4.000878,-1.906295,1.575326,1.012499,0.113482
109.305000,-3.473376,-2.757804,1.688420,-4.000956,-1.888077,1.574722,1.017234,0.113698
109.499000,-3.478260,-2.716244,1.687230,-4.001408,-1.828043,1.572134,1.030817,0.115095
109.544000,-3.480343,-2.698410,1.686876,-4.001191,-1.813699,1.572036,1.026643,0.114840
109.596000,-3.481728,-2.686520,1.686641,-4.001209,-1.798138,1.571730,1.029118,0.114911
109.649000,-3.483800,-2.668684,1.686287,-4.001731,-1.783930,1.571589,1.025204,0.114699
109.699000,-3.485178,-2.656793,1.686058,-4.001741,-1.768966,1.571296,1.027168,0.114762
109.745000,-3.487241,-2.638953,1.685751,-4.001849,-1.755032,1.570776,1.022809,0.114975
109.796000,-3.488613,-2.627057,1.685565,-4.001847,-1.739764,1.570525,1.025036,0.115040
109.848000,-3.490668,-2.609211,1.685304,-4.001942,-1.724710,1.570106,1.021637,0.115199
109.890000,-3.492035,-2.597313,1.685133,-4.001932,-1.712135,1.569925,1.021536,0.115207
109.946000,-3.494083,-2.579462,1.684892,-4.001665,-1.697621,1.569435,1.017489,0.115457
109.994000,-3.495447,-2.567554,1.684769,-4.001644,-1.683238,1.569257,1.018946,0.115512
110.048000,-3.497491,-2.549688,1.684624,-4.001006,-1.667769,1.568985,1.015534,0.115639
110.099000,-3.499534,-2.531807,1.684559,-4.000978,-1.652472,1.568879,1.012263,0.115680
110.149000,-3.500896,-2.519885,1.684543,-4.000973,-1.636779,1.569013,1.014866,0.115530
110.195000,-3.502258,-2.507963,1.684528,-4.000948,-1.622980,1.568995,1.015818,0.115533
110.246000,-3.504301,-2.490079,1.684504,-4.000162,-1.606188,1.569032,1.013480,0.115473
110.299000,-3.506343,-2.472197,1.684482,-4.000133,-1.590289,1.569011,1.010738,0.115471
110.347000,-3.507703,-2.460284,1.684509,-4.000114,-1.575586,1.569398,1.012501,0.115111
110.397000,-3.509064,-2.448369,1.684558,-4.000093,-1.560596,1.569439,1.014520,0.115118
110.448000,-3.511107,-2.430498,1.684639,-4.000207,-1.545531,1.569628,1.011131,0.115011
110.497000,-3.512469,-2.418581,1.684685,-4.000190,-1.530838,1.569692,1.012897,0.114993
110.545000,-3.514515,-2.400705,1.684749,-4.000547,-1.517588,1.569565,1.008029,0.115184
110.597000,-3.515879,-2.388788,1.684792,-4.000528,-1.501995,1.569621,1.010587,0.115171
110.646000,-3.517926,-2.370913,1.684857,-4.000772,-1.486977,1.569559,1.007215,0.115298
110.697000,-3.519292,-2.358994,1.684891,-4.000754,-1.471682,1.569612,1.009519,0.115279
110.748000,-3.521341,-2.341114,1.684907,-4.001032,-1.455064,1.570344,1.007566,0.114562
110.799000,-3.522707,-2.329194,1.684916,-4.001026,-1.439767,1.570357,1.009886,0.114560
110.847000,-3.524755,-2.311323,1.684878,-4.001297,-1.424404,1.570789,1.006835,0.114090
110.898000,-3.526119,-2.299418,1.684794,-4.001298,-1.409126,1.570724,1.009166,0.114070
110.947000,-3.528162,-2.281561,1.684627,-4.001274,-1.394996,1.570504,1.004904,0.114123
110.999000,-3.529522,-2.269654,1.684515,-4.001269,-1.379416,1.570357,1.007505,0.114158
111.047000,-3.531561,-2.251793,1.684349,-4.002144,-1.365574,1.569607,1.003410,0.114742
111.099000,-3.532918,-2.239885,1.684239,-4.002125,-1.349994,1.569463,1.006013,0.114775
111.148000,-3.534951,-2.222024,1.684073,-4.001025,-1.336010,1.568616,1.001122,0.115456
111.196000,-3.536306,-2.210115,1.683964,-4.000993,-1.321628,1.568484,1.002669,0.115480
111.246000,-3.538334,-2.192252,1.683803,-4.001766,-1.306861,1.568467,0.999343,0.115336
111.297000,-3.539686,-2.180336,1.683732,-4.001729,-1.291571,1.568340,1.001692,0.115392
111.348000,-3.541713,-2.162461,1.683652,-4.002258,-1.275529,1.568262,0.999375,0.115390
111.397000,-3.543062,-2.150550,1.683580,-4.002221,-1.260845,1.568192,1.001200,0.115388
111.446000,-3.545085,-2.132683,1.683453,-4.002801,-1.245794,1.568216,0.998037,0.115237
111.498000,-3.546431,-2.120779,1.683338,-4.002761,-1.230219,1.568095,1.000667,0.115243
111.544000,-3.548447,-2.102922,1.683142,-4.001769,-1.216239,1.568263,0.995845,0.114880
111.599000,-3.549791,-2.091005,1.683051,-4.001726,-1.199751,1.568095,0.999289,0.114956
111.648000,-3.551806,-2.073128,1.682935,-4.001132,-1.186153,1.567877,0.994293,0.115058
111.698000,-3.553147,-2.061210,1.682857,-4.001088,-1.171161,1.567780,0.996412,0.115077
111.748000,-3.555158,-2.043332,1.682741,-4.000711,-1.158202,1.566979,0.990945,0.115762
111.795000,-3.556497,-2.031417,1.682705,-4.000656,-1.144114,1.566895,0.992262,0.115810
111.846000,-3.558505,-2.013556,1.682815,-3.999562,-1.128733,1.566341,0.988657,0.116474
111.897000,-3.559843,-2.001667,1.682990,-3.999493,-1.113478,1.566478,0.991046,0.116512
111.946000,-3.561856,-1.983835,1.683336,-3.999740,-1.097107,1.567019,0.988954,0.116317
111.946000,-3.563875,-1.965993,1.683667,-3.999740,-1.097107,1.567019,0.972081,0.116647
112.004000,-3.564550,-1.960046,1.683770,-3.999678,-1.079749,1.567359,0.981966,0.116411
112.096000,-3.566577,-1.942196,1.684046,-3.999817,-1.051577,1.568217,0.990403,0.115829
112.146000,-3.568610,-1.924342,1.684275,-3.999413,-1.035934,1.569070,0.987350,0.115205
112.196000,-3.569967,-1.912439,1.684419,-3.999388,-1.020959,1.569254,0.989514,0.115165
112.244000,-3.572007,-1.894585,1.684635,-3.999774,-1.007127,1.569536,0.985174,0.115099
112.297000,-3.573369,-1.882679,1.684766,-3.999755,-0.991249,1.569725,0.988156,0.115041
112.325000,-3.578148,-1.840990,1.685089,-3.999560,-0.983260,1.569264,0.955662,0.115826
112.646000,-3.585684,-1.775481,1.685577,-4.000340,-0.885435,1.570944,0.981897,0.114633
112.697000,-3.587058,-1.763565,1.685585,-4.000344,-0.870142,1.571022,0.984383,0.114563
112.746000,-3.589118,-1.745693,1.685543,-4.001193,-0.854938,1.570977,0.981453,0.114566
112.798000,-3.590490,-1.733789,1.685474,-4.001196,-0.839359,1.570920,0.984217,0.114553
112.848000,-3.592546,-1.715933,1.685367,-4.001627,-0.825338,1.570507,0.980055,0.114861
112.898000,-3.593915,-1.704029,1.685296,-4.001623,-0.810360,1.570418,0.982278,0.114878
112.945000,-3.595968,-1.686173,1.685190,-4.000593,-0.797305,1.569903,0.976631,0.115287
112.997000,-3.597335,-1.674269,1.685119,-4.000579,-0.781728,1.569811,0.979405,0.115308
113.046000,-3.599384,-1.656413,1.684998,-4.000508,-0.766007,1.569771,0.976587,0.115227
113.095000,-3.600749,-1.644508,1.684907,-4.000493,-0.751328,1.569664,0.978553,0.115243
113.145000,-3.602795,-1.626644,1.684777,-4.000618,-0.737146,1.569956,0.974407,0.114821
113.198000,-3.604160,-1.614725,1.684735,-4.000603,-0.721250,1.569859,0.977478,0.114876
113.246000,-3.606205,-1.596845,1.684682,-4.000794,-0.706232,1.570196,0.974111,0.114487
113.300000,-3.608250,-1.578967,1.684633,-4.000784,-0.690035,1.570149,0.971742,0.114484
113.348000,-3.609612,-1.567051,1.684594,-4.001284,-0.675360,1.570432,0.973920,0.114162
113.397000,-3.610972,-1.555143,1.684522,-4.001279,-0.660678,1.570374,0.975914,0.114148
113.448000,-3.613011,-1.537281,1.684381,-4.001824,-0.645704,1.570357,0.972669,0.114024
113.496000,-3.614368,-1.525380,1.684256,-4.001818,-0.631330,1.570233,0.974393,0.114023
113.547000,-3.616400,-1.507527,1.684046,-4.001747,-0.617463,1.569743,0.969900,0.114303
113.547000,-3.618429,-1.489674,1.683835,-4.001747,-0.617463,1.569743,0.952725,0.114092
113.547000,-3.618429,-1.489674,1.683835,-4.001747,-0.617463,1.569743,0.952725,0.114092
113.603000,-3.619779,-1.477772,1.683693,-4.001727,-0.600693,1.569547,0.956635,0.114146
113.798000,-3.624493,-1.436109,1.683197,-4.001752,-0.542053,1.568427,0.970392,0.114770
113.844000,-3.626509,-1.418235,1.683066,-4.001450,-0.528451,1.567943,0.965555,0.115122
113.897000,-3.627853,-1.406312,1.683028,-4.001403,-0.512553,1.567852,0.968682,0.115177
113.948000,-3.629869,-1.388426,1.683017,-4.000926,-0.496999,1.568007,0.965571,0.115010
113.998000,-3.631212,-1.376503,1.683017,-4.000885,-0.482001,1.568004,0.967880,0.115014
114.046000,-3.633228,-1.358620,1.683024,-3.972857,-0.387898,1.539287,1.028421,0.143737
114.099000,-3.634502,-1.347333,1.683635,-3.972368,-0.372800,1.539481,1.031440,0.144154
114.148000,-3.636430,-1.330525,1.686903,-3.971795,-0.357800,1.540763,1.028914,0.146140
114.198000,-3.637754,-1.319348,1.690681,-3.971360,-0.343738,1.544317,1.031072,0.146364
114.248000,-3.639835,-1.302606,1.698748,-3.966692,-0.328742,1.547168,1.027252,0.151580
114.299000,-3.641295,-1.291553,1.705726,-3.966356,-0.314527,1.554865,1.029682,0.150861
114.348000,-3.643647,-1.274983,1.718064,-3.958885,-0.297509,1.562148,1.027049,0.155916
114.399000,-3.646181,-1.258668,1.732146,-3.958782,-0.283473,1.573033,1.024073,0.159113
114.448000,-3.648006,-1.247808,1.742396,-3.955460,-0.264953,1.583613,1.029821,0.158783
114.498000,-3.649942,-1.236968,1.752646,-3.955677,-0.251190,1.596426,1.032100,0.156221
114.548000,-3.653056,-1.220769,1.769089,-3.952404,-0.233396,1.609664,1.031753,0.159425
114.594000,-3.655279,-1.210020,1.780437,-3.952937,-0.220785,1.622556,1.033048,0.157881
114.649000,-3.658842,-1.193946,1.797460,-3.949451,-0.200352,1.638626,1.035221,0.158834
114.696000,-3.661370,-1.183265,1.808809,-3.950368,-0.187488,1.651961,1.036867,0.156848
114.748000,-3.665341,-1.167496,1.826659,-3.946374,-0.170792,1.670191,1.035566,0.156468
114.795000,-3.668090,-1.157261,1.840104,-3.947635,-0.158407,1.684828,1.037234,0.155275
114.846000,-3.672485,-1.141998,1.862671,-3.947417,-0.140226,1.701842,1.038814,0.160829
114.897000,-3.675593,-1.131955,1.879084,-3.949217,-0.126939,1.721770,1.041598,0.157314
114.947000,-3.680914,-1.115903,1.902027,-3.950055,-0.108953,1.738396,1.042298,0.163631
114.996000,-3.684700,-1.105137,1.915679,-3.952472,-0.095183,1.756343,1.044849,0.159337
115.048000,-3.690564,-1.089276,1.933758,-3.955689,-0.077120,1.776737,1.046304,0.157021
115.096000,-3.694575,-1.078884,1.944483,-3.958482,-0.064047,1.790462,1.048590,0.154021
115.147000,-3.700799,-1.063380,1.960545,-3.959958,-0.050411,1.809694,1.045596,0.150852
115.199000,-3.705085,-1.053101,1.971254,-3.963426,-0.036354,1.823615,1.049054,0.147639
115.245000,-3.711712,-1.037791,1.987093,-3.964845,-0.020785,1.837833,1.048035,0.149260
115.295000,-3.716239,-1.027689,1.997161,-3.968549,-0.007450,1.850807,1.050975,0.146355
115.345000,-3.723168,-1.012733,2.012008,-3.970775,0.006214,1.865033,1.048600,0.146975
115.394000,-3.727649,-1.003351,2.020541,-3.974536,0.018411,1.876685,1.051167,0.143855
115.449000,-3.734406,-0.989543,2.030907,-3.977832,0.033272,1.890522,1.051384,0.140385
115.498000,-3.738922,-0.980493,2.036240,-3.981766,0.045021,1.898231,1.053875,0.138009
115.547000,-3.745710,-0.967082,2.042127,-3.987723,0.058304,1.909257,1.053559,0.132870
115.599000,-3.750267,-0.958180,2.045795,-3.992053,0.070563,1.914055,1.056775,0.131740
115.646000,-3.757164,-0.944858,2.051298,-3.998708,0.082004,1.921968,1.054889,0.129330
115.698000,-3.761803,-0.935998,2.054967,-4.003194,0.094207,1.926737,1.058108,0.128229
115.749000,-3.768586,-0.923169,2.058805,-4.009578,0.105999,1.931793,1.057007,0.127012
115.797000,-3.773036,-0.914803,2.060554,-4.013606,0.116632,1.934284,1.059119,0.126270
115.850000,-3.779723,-0.902297,2.062889,-4.021889,0.126106,1.939225,1.056531,0.123663
115.897000,-3.784065,-0.894201,2.063101,-4.025795,0.136159,1.940553,1.058336,0.122548
115.946000,-3.790518,-0.882147,2.061308,-4.034995,0.145373,1.942195,1.056204,0.119113
115.998000,-3.794802,-0.874112,2.059856,-4.039287,0.156405,1.940353,1.059121,0.119504
116.048000,-3.801205,-0.862048,2.057679,-4.047418,0.161458,1.942088,1.052704,0.115591
116.097000,-3.805460,-0.853998,2.056228,-4.051461,0.171854,1.940310,1.054935,0.115917
116.148000,-3.811633,-0.842247,2.052307,-4.058343,0.178428,1.939303,1.050068,0.113003
116.197000,-3.815667,-0.834496,2.048935,-4.062194,0.188416,1.935492,1.052199,0.113443
116.246000,-3.821668,-0.822843,2.043878,-4.069344,0.192187,1.935151,1.044811,0.108727
116.298000,-3.825637,-0.815058,2.040506,-4.073381,0.202805,1.930768,1.047579,0.109738
116.347000,-3.831480,-0.803469,2.034601,-4.080123,0.205506,1.926980,1.039160,0.107621
116.399000,-3.835246,-0.795889,2.029054,-4.083968,0.215825,1.921053,1.041838,0.108001
116.449000,-3.840796,-0.784491,2.018333,-4.094571,0.219463,1.915172,1.035531,0.103161
116.497000,-3.844578,-0.776524,2.009585,-4.098140,0.229431,1.905859,1.037419,0.103726
116.548000,-3.850732,-0.763143,1.994064,-4.111083,0.233768,1.896205,1.030347,0.097859
116.597000,-3.855115,-0.753257,1.982132,-4.115294,0.246318,1.882724,1.032881,0.099409
116.649000,-3.861742,-0.737645,1.961859,-4.126908,0.254679,1.869329,1.027142,0.092530
116.699000,-3.865842,-0.727487,1.946728,-4.130908,0.267779,1.851577,1.029959,0.095151
116.746000,-3.871887,-0.711595,1.921606,-4.138692,0.274761,1.836085,1.021804,0.085521
116.799000,-3.875710,-0.700845,1.903275,-4.142608,0.289365,1.813042,1.025549,0.090233
116.847000,-3.880976,-0.684855,1.873763,-4.145684,0.305083,1.795102,1.024718,0.078660
116.896000,-3.884037,-0.674717,1.854390,-4.148487,0.317758,1.770932,1.027104,0.083459
116.948000,-3.888260,-0.659405,1.825333,-4.149685,0.329985,1.748664,1.023345,0.076669
116.998000,-3.890827,-0.649131,1.805962,-4.151957,0.343026,1.724450,1.025945,0.081512
117.050000,-3.894145,-0.634367,1.777276,-4.152360,0.356055,1.699005,1.023528,0.078272
117.099000,-3.895928,-0.625458,1.759521,-4.153708,0.367093,1.676133,1.025480,0.083388
117.147000,-3.898353,-0.611846,1.735288,-4.155522,0.378025,1.653618,1.022732,0.081670
117.196000,-3.899813,-0.602633,1.720688,-4.156395,0.389416,1.634580,1.024693,0.086109
117.249000,-3.901755,-0.588770,1.699311,-4.156018,0.401826,1.611107,1.022708,0.088204
117.295000,-3.902900,-0.579388,1.685408,-4.156402,0.412694,1.594780,1.023958,0.090628
117.347000,-3.904433,-0.564845,1.666542,-4.155654,0.423873,1.576544,1.020135,0.089998
117.398000,-3.905311,-0.555077,1.654399,-4.155679,0.436376,1.560852,1.022576,0.093547
117.448000,-3.906408,-0.540382,1.636267,-4.154975,0.448102,1.543348,1.019258,0.092918
117.498000,-3.907009,-0.530326,1.624901,-4.154575,0.460682,1.528478,1.021463,0.096423
117.547000,-3.907716,-0.515006,1.609224,-4.152517,0.473625,1.514753,1.018488,0.094471
117.547000,-3.908199,-0.499465,1.594660,-4.152517,0.473625,1.514753,1.003292,0.079906
117.547000,-3.908311,-0.494262,1.589935,-4.152517,0.473625,1.514753,0.998219,0.075181
117.605000,-3.908461,-0.483854,1.580485,-4.151556,0.488639,1.500020,1.002416,0.080465
117.797000,-3.908320,-0.452550,1.552318,-4.143174,0.538021,1.451447,1.018031,0.100871
117.845000,-3.907917,-0.436258,1.540434,-4.141427,0.550692,1.440070,1.014197,0.100364
117.896000,-3.907546,-0.425320,1.533360,-4.139569,0.564519,1.430534,1.016669,0.102826
117.946000,-3.906845,-0.408919,1.522748,-4.135758,0.577784,1.419417,1.012909,0.103332
117.998000,-3.905970,-0.392526,1.512137,-4.133583,0.591844,1.410220,1.010344,0.101917
118.049000,-3.905284,-0.381504,1.505365,-4.128458,0.597649,1.402210,1.004265,0.103156
118.049000,-3.904094,-0.364441,1.497404,-4.128458,0.597649,1.402210,0.987905,0.095195
118.049000,-3.904094,-0.364441,1.497404,-4.128458,0.597649,1.402210,0.987905,0.095195
118.102000,-3.903667,-0.358734,1.495003,-4.125804,0.612599,1.393668,0.996409,0.101335
118.102000,-3.899227,-0.306645,1.479122,-4.125804,0.612599,1.393668,0.946756,0.085454
118.300000,-3.899227,-0.306645,1.479122,-4.113776,0.656202,1.371351,0.986461,0.107772
118.397000,-3.897024,-0.283300,1.474283,-4.105949,0.683313,1.363462,0.988934,0.110821
118.447000,-3.895288,-0.265683,1.471095,-4.102621,0.698868,1.358969,0.986583,0.112126
118.499000,-3.894093,-0.253803,1.470216,-4.099330,0.714030,1.356768,0.989356,0.113448
118.549000,-3.892306,-0.236074,1.470737,-4.095105,0.729435,1.354836,0.986578,0.115901
118.595000,-3.891126,-0.224276,1.471394,-4.092183,0.742754,1.355461,0.987710,0.115933
118.645000,-3.889371,-0.206590,1.472427,-4.085662,0.745878,1.356229,0.972484,0.116197
118.696000,-3.888229,-0.194947,1.473770,-4.082475,0.760461,1.357302,0.974954,0.116468
118.745000,-3.886560,-0.177541,1.476775,-4.084272,0.762006,1.359773,0.960124,0.117002
118.798000,-3.885475,-0.165899,1.478888,-4.081038,0.777152,1.362551,0.963116,0.116336
118.849000,-3.883895,-0.148459,1.482103,-4.080155,0.791737,1.362795,0.960462,0.119308
118.899000,-3.882875,-0.136840,1.484319,-4.077151,0.806004,1.365513,0.962652,0.118806
118.948000,-3.881395,-0.119426,1.487731,-4.070794,0.817836,1.370128,0.956208,0.117603
118.948000,-3.879975,-0.102012,1.491166,-4.070794,0.817836,1.370128,0.939432,0.121038
118.948000,-3.879975,-0.102012,1.491166,-4.070794,0.817836,1.370128,0.939432,0.121038
119.003000,-3.879070,-0.090478,1.493746,-4.067626,0.833536,1.373258,0.943057,0.120488
119.195000,-3.876170,-0.050219,1.504160,-4.056483,0.886690,1.384953,0.954103,0.119206
119.248000,-3.875057,-0.032961,1.508689,-4.056582,0.902479,1.386515,0.952890,0.122174
119.299000,-3.874359,-0.021454,1.511723,-4.053900,0.916930,1.390368,0.955406,0.121356
119.349000,-3.873382,-0.004230,1.516547,-4.050819,0.933467,1.392717,0.954338,0.123830
119.395000,-3.872779,0.007228,1.519929,-4.048492,0.946455,1.396491,0.955522,0.123438
119.449000,-3.871949,0.024408,1.525165,-4.049269,0.963774,1.397846,0.955955,0.127319
119.498000,-3.871445,0.035882,1.528634,-4.046862,0.977635,1.402129,0.957951,0.126505
119.546000,-3.870764,0.053094,1.533797,-4.042909,0.989678,1.406929,0.952272,0.126868
119.594000,-3.870360,0.064550,1.537304,-4.040679,1.003251,1.411076,0.954028,0.126228
119.646000,-3.869830,0.081732,1.542645,-4.039084,1.017987,1.415581,0.951431,0.127064
119.698000,-3.869527,0.093197,1.546198,-4.036795,1.032719,1.420215,0.954296,0.125983
119.747000,-3.869150,0.110398,1.551499,-4.035834,1.048965,1.423687,0.953253,0.127812
119.798000,-3.868948,0.121876,1.554995,-4.033704,1.063445,1.428178,0.955875,0.126816
119.845000,-3.868721,0.139098,1.560190,-4.032343,1.076221,1.431377,0.951300,0.128813
119.898000,-3.868583,0.156327,1.565348,-4.030244,1.091294,1.435955,0.948840,0.129393
119.949000,-3.868540,0.167816,1.568767,-4.027150,1.101432,1.441811,0.946993,0.126956
119.997000,-3.868536,0.179302,1.572190,-4.025390,1.115102,1.445916,0.948855,0.126275
120.049000,-3.868604,0.196538,1.577307,-4.024772,1.131027,1.449627,0.947448,0.127679
120.096000,-3.868699,0.208044,1.580656,-4.023152,1.144450,1.453613,0.949058,0.127044
120.147000,-3.868912,0.225312,1.585593,-4.020830,1.154739,1.459848,0.941761,0.125745
120.196000,-3.869101,0.236833,1.588828,-4.019282,1.168769,1.463854,0.943959,0.124973
120.249000,-3.869454,0.254124,1.593598,-4.015657,1.186812,1.466701,0.944077,0.126897
120.296000,-3.869735,0.265623,1.596848,-4.014264,1.200254,1.470449,0.945740,0.126399
120.347000,-3.870227,0.282872,1.601787,-4.014233,1.216817,1.473096,0.944982,0.128691
120.399000,-3.870602,0.294369,1.605081,-4.012788,1.231702,1.477378,0.948055,0.127703
120.448000,-3.871237,0.311618,1.610023,-4.007459,1.247317,1.481870,0.945563,0.128154
120.496000,-3.871707,0.323116,1.613318,-4.006246,1.261073,1.485823,0.947557,0.127495
120.549000,-3.872483,0.340366,1.618217,-4.005700,1.278501,1.488666,0.947546,0.129551
120.597000,-3.873048,0.351865,1.621490,-4.004580,1.292271,1.492593,0.949560,0.128897
120.648000,-3.873965,0.369128,1.626319,-4.002594,1.305413,1.497005,0.945079,0.129314
120.696000,-3.874623,0.380638,1.629499,-4.001588,1.319210,1.500846,0.947121,0.128653
120.747000,-3.875680,0.397917,1.634182,-4.000210,1.334257,1.505052,0.944584,0.129130
120.798000,-3.876429,0.409444,1.637237,-3.999257,1.348953,1.508999,0.947504,0.128238
120.844000,-3.877620,0.426750,1.641704,-4.000097,1.362817,1.511886,0.944045,0.129817
120.897000,-3.878458,0.438315,1.644538,-3.999210,1.378152,1.515773,0.947562,0.128764
120.949000,-3.879776,0.455681,1.648594,-3.998712,1.391990,1.519278,0.943833,0.129316
120.999000,-3.880695,0.467271,1.651187,-3.997976,1.406505,1.522602,0.946528,0.128585
121.045000,-3.882130,0.484672,1.654929,-3.998373,1.419516,1.525372,0.942043,0.129557
121.099000,-3.883123,0.496276,1.657382,-3.997670,1.435222,1.528706,0.945908,0.128676
121.149000,-3.884666,0.513676,1.661061,-3.997889,1.448555,1.532121,0.941710,0.128940
121.197000,-3.885730,0.525274,1.663514,-3.997358,1.462520,1.535064,0.943871,0.128450
121.248000,-3.887382,0.542698,1.667067,-3.995585,1.476314,1.539018,0.939865,0.128049
121.297000,-3.888521,0.554363,1.669134,-3.995143,1.490664,1.541787,0.942353,0.127347
121.347000,-3.890274,0.571876,1.671989,-3.995486,1.505983,1.544627,0.940013,0.127362
121.398000,-3.891472,0.583568,1.673781,-3.995103,1.520962,1.546991,0.943105,0.126791
121.449000,-3.893308,0.601104,1.676458,-3.993309,1.533145,1.550816,0.937390,0.125641
121.497000,-3.894558,0.612793,1.678242,-3.993035,1.547248,1.552957,0.939630,0.125284
121.549000,-3.896473,0.630323,1.680902,-3.992090,1.561438,1.556010,0.936012,0.124892
121.599000,-3.897776,0.642024,1.682654,-3.991879,1.576153,1.558213,0.938857,0.124441
121.648000,-3.899772,0.659583,1.685294,-3.990550,1.589992,1.561206,0.934827,0.124088
121.648000,-3.901814,0.677130,1.688039,-3.990550,1.589992,1.561206,0.917164,0.126832
121.648000,-3.901814,0.677130,1.688039,-3.990550,1.589992,1.561206,0.917164,0.126832
121.707000,-3.903204,0.688832,1.689907,-3.990401,1.607361,1.563832,0.922659,0.126076
121.897000,-3.908247,0.729855,1.696248,-3.991118,1.660928,1.572979,0.934754,0.123269
121.948000,-3.910491,0.747465,1.698798,-3.992600,1.671623,1.575012,0.927798,0.123786
121.999000,-3.912015,0.759238,1.700311,-3.992674,1.686758,1.577107,0.931020,0.123204
122.046000,-3.914335,0.776910,1.702357,-3.992330,1.700118,1.579128,0.926497,0.123229
122.098000,-3.915902,0.788688,1.703706,-3.992465,1.715563,1.580877,0.930032,0.122829
122.148000,-3.918283,0.806358,1.705751,-3.993511,1.728140,1.582961,0.924847,0.122790
122.148000,-3.920704,0.824068,1.707612,-3.993511,1.728140,1.582961,0.906999,0.124652
122.201000,-3.921519,0.829971,1.708231,-3.993722,1.743934,1.584721,0.916810,0.123510
122.297000,-3.923986,0.847692,1.709933,-3.994595,1.769329,1.587884,0.924338,0.122049
122.348000,-3.926484,0.865451,1.711122,-3.996095,1.781898,1.589830,0.919087,0.121292
122.348000,-3.929003,0.883212,1.712200,-3.996095,1.781898,1.589830,0.901186,0.122370
122.348000,-3.929847,0.889132,1.712559,-3.996095,1.781898,1.589830,0.895220,0.122729
122.407000,-3.931541,0.900971,1.713278,-3.996440,1.799535,1.590926,0.900904,0.122352
122.407000,-3.937497,0.942360,1.712635,-3.996440,1.799535,1.590926,0.859198,0.121709
122.407000,-3.938335,0.948239,1.712049,-3.996440,1.799535,1.590926,0.853277,0.121123
122.608000,-3.939998,0.959980,1.711110,-3.998411,1.857306,1.593315,0.899225,0.117795
122.797000,-3.944931,0.995221,1.708674,-3.998948,1.914883,1.591190,0.921247,0.117484
122.848000,-3.947369,1.012861,1.707530,-3.999323,1.922208,1.591750,0.910830,0.115780
122.897000,-3.948981,1.024616,1.706745,-3.999625,1.936739,1.590811,0.913528,0.115934
122.946000,-3.951383,1.042253,1.705536,-3.999760,1.951423,1.588027,0.910456,0.117509
122.997000,-3.952975,1.054030,1.704766,-4.000017,1.966572,1.587007,0.913754,0.117758
123.044000,-3.955347,1.071704,1.703658,-4.001414,1.978760,1.586576,0.908225,0.117082
123.098000,-3.956915,1.083474,1.702873,-4.001664,1.994789,1.585568,0.912414,0.117305
123.146000,-3.959250,1.101133,1.701629,-4.002589,2.008771,1.584004,0.908672,0.117625
123.199000,-3.960794,1.112906,1.700772,-4.002793,2.024503,1.582891,0.912564,0.117882
123.249000,-3.963092,1.130575,1.699497,-4.002811,2.037760,1.581955,0.908054,0.117543
123.297000,-3.964613,1.142362,1.698675,-4.002967,2.052020,1.580946,0.910467,0.117729
123.344000,-3.966877,1.160051,1.697495,-4.002468,2.065436,1.579872,0.906084,0.117623
123.344000,-3.969123,1.177766,1.696432,-4.002468,2.065436,1.579872,0.888296,0.116561
123.344000,-3.969123,1.177766,1.696432,-4.002468,2.065436,1.579872,0.888296,0.116561
123.409000,-3.970612,1.189582,1.695778,-4.002632,2.084780,1.578633,0.895770,0.117145
123.599000,-3.975772,1.230991,1.693816,-4.003020,2.139527,1.575384,0.908945,0.118431
123.647000,-3.977960,1.248743,1.693017,-4.003319,2.152740,1.574540,0.904353,0.118477
123.699000,-3.979410,1.260579,1.692486,-4.003375,2.168242,1.573848,0.907979,0.118638
123.745000,-3.981576,1.278346,1.691745,-4.004580,2.183369,1.572537,0.905316,0.119208
123.795000,-3.983012,1.290184,1.691245,-4.004604,2.198276,1.571925,0.908349,0.119320
123.847000,-3.985155,1.307949,1.690497,-4.004542,2.214328,1.571604,0.906586,0.118892
123.898000,-3.986577,1.319795,1.690013,-4.004552,2.229541,1.570975,0.909923,0.119038
123.949000,-3.988701,1.337573,1.689323,-4.004219,2.244610,1.570285,0.907170,0.119038
123.998000,-3.990111,1.349434,1.688907,-4.004209,2.259242,1.569740,0.909917,0.119166
124.045000,-3.992218,1.367234,1.688344,-4.003631,2.268899,1.569021,0.901738,0.119323
124.099000,-3.994318,1.385054,1.687892,-4.003599,2.285046,1.568542,0.900040,0.119350
124.149000,-3.995714,1.396939,1.687636,-4.004974,2.299619,1.567335,0.902728,0.120301
124.197000,-3.997106,1.408814,1.687357,-4.004924,2.313966,1.567020,0.905186,0.120337
124.246000,-3.999188,1.426626,1.686925,-4.005893,2.327583,1.566690,0.900982,0.120235
124.299000,-4.000572,1.438502,1.686635,-4.005826,2.343425,1.566308,0.904938,0.120328
124.343000,-4.002639,1.456309,1.686152,-4.006116,2.356861,1.565338,0.900559,0.120814
124.396000,-4.004013,1.468182,1.685822,-4.006028,2.372698,1.564904,0.904518,0.120919
124.449000,-4.006066,1.485992,1.685329,-4.005290,2.389383,1.564319,0.903391,0.121010
124.449000,-4.008111,1.503803,1.684835,-4.005290,2.389383,1.564319,0.885584,0.120516
124.449000,-4.008791,1.509741,1.684671,-4.005290,2.389383,1.564319,0.879648,0.120352
124.508000,-4.010149,1.521633,1.684406,-4.005172,2.407012,1.563833,0.885392,0.120572
124.698000,-4.014208,1.557315,1.683745,-4.005460,2.460271,1.563261,0.902999,0.120484
124.747000,-4.016229,1.575159,1.683439,-4.005100,2.473987,1.562370,0.898896,0.121068
124.799000,-4.017575,1.587064,1.683264,-4.004967,2.489560,1.562112,0.902584,0.121152
124.848000,-4.019592,1.604937,1.683116,-4.005524,2.500497,1.561876,0.895670,0.121240
124.899000,-4.020935,1.616847,1.683026,-4.005388,2.515778,1.561764,0.899066,0.121262
124.947000,-4.022947,1.634716,1.682893,-4.005137,2.527308,1.562077,0.892770,0.120816
124.998000,-4.024288,1.646630,1.682813,-4.005003,2.542594,1.561969,0.896171,0.120844
125.049000,-4.026298,1.664505,1.682714,-4.005203,2.556674,1.562056,0.892419,0.120658
125.095000,-4.027636,1.676419,1.682644,-4.005082,2.570461,1.561981,0.894326,0.120663
125.146000,-4.029643,1.694293,1.682541,-4.004718,2.584613,1.561899,0.890670,0.120642
125.146000,-4.031649,1.712175,1.682480,-4.004718,2.584613,1.561899,0.872853,0.120581
125.146000,-4.031649,1.712175,1.682480,-4.004718,2.584613,1.561899,0.872853,0.120581
125.205000,-4.032986,1.724100,1.682462,-4.004559,2.602308,1.561809,0.878668,0.120653
125.395000,-4.037665,1.765828,1.682496,-4.003429,2.656318,1.562757,0.891148,0.119738
125.445000,-4.039671,1.783705,1.682548,-4.002315,2.672344,1.562976,0.889423,0.119572
125.494000,-4.041009,1.795623,1.682586,-4.002200,2.687035,1.563019,0.892256,0.119566
125.548000,-4.043014,1.813477,1.682755,-4.000742,2.704883,1.562303,0.892409,0.120452
125.599000,-4.045021,1.831293,1.683129,-4.000611,2.720124,1.562497,0.889940,0.120632
125.646000,-4.046362,1.843169,1.683443,-4.000302,2.735923,1.562231,0.893941,0.121212
125.646000,-4.048381,1.860973,1.683977,-4.000302,2.735923,1.562231,0.876269,0.121746
125.700000,-4.049056,1.866908,1.684160,-4.000165,2.752049,1.562669,0.886490,0.121491
125.798000,-4.051088,1.884711,1.684709,-3.997834,2.778267,1.564172,0.895141,0.120537
125.845000,-4.053130,1.902513,1.685258,-3.997824,2.791752,1.564298,0.890957,0.120960
125.897000,-4.054496,1.914381,1.685624,-3.997725,2.807281,1.564774,0.894703,0.120850
125.945000,-4.056554,1.932181,1.686173,-3.998552,2.820491,1.564863,0.890201,0.121309
125.997000,-4.057931,1.944047,1.686539,-3.998462,2.836020,1.565339,0.893953,0.121200
126.049000,-4.060006,1.961846,1.687090,-3.997873,2.850203,1.566239,0.890527,0.120851
126.049000,-4.062090,1.979643,1.687647,-3.997873,2.850203,1.566239,0.872925,0.121408
126.102000,-4.062786,1.985565,1.687862,-3.997805,2.866031,1.566728,0.882860,0.121134
126.102000,-4.065581,2.009250,1.688724,-3.997805,2.866031,1.566728,0.859457,0.121996
126.201000,-4.066284,2.015171,1.688939,-3.998546,2.894994,1.568081,0.882427,0.120858
126.298000,-4.068398,2.032933,1.689585,-3.998731,2.920728,1.569048,0.890525,0.120537
126.345000,-4.070523,2.050693,1.690231,-3.998556,2.933245,1.569625,0.885482,0.120607
126.396000,-4.071950,2.062560,1.690615,-3.998542,2.948483,1.570164,0.888959,0.120451
126.448000,-4.074100,2.080394,1.690977,-3.997915,2.960531,1.570838,0.883428,0.120138
126.499000,-4.075537,2.092279,1.691178,-3.997917,2.975795,1.571114,0.886919,0.120064
126.545000,-4.077696,2.110109,1.691465,-3.997492,2.985440,1.572017,0.878998,0.119448
126.597000,-4.079139,2.121996,1.691650,-3.997512,3.001006,1.572262,0.882792,0.119388
126.649000,-4.081307,2.139828,1.691913,-3.998485,3.014057,1.572449,0.878144,0.119464
126.698000,-4.083480,2.157661,1.692168,-3.998510,3.028729,1.572660,0.875202,0.119508
126.749000,-4.084931,2.169550,1.692338,-3.998641,3.043915,1.573172,0.878613,0.119165
126.797000,-4.086384,2.181438,1.692507,-3.998676,3.058287,1.573376,0.881225,0.119131
126.848000,-4.088569,2.199283,1.692712,-3.999362,3.071831,1.573328,0.877096,0.119384
126.897000,-4.090027,2.211186,1.692727,-3.999401,3.086521,1.573443,0.880014,0.119284
126.945000,-4.092214,2.229038,1.692662,-3.998922,3.100652,1.573666,0.876593,0.118995
126.997000,-4.093672,2.240944,1.692616,-3.998966,3.116245,1.573602,0.880410,0.119014
127.048000,-4.095858,2.258803,1.692552,-3.996990,3.130364,1.573265,0.877151,0.119287
127.098000,-4.097315,2.270709,1.692511,-3.997026,3.145358,1.573213,0.880380,0.119299
127.147000,-4.099497,2.288541,1.692632,-3.998140,3.156638,1.573726,0.873995,0.118906
127.199000,-4.100955,2.300446,1.692714,-3.998187,3.172229,1.573856,0.877820,0.118858
127.248000,-4.103144,2.318306,1.692782,-3.998615,3.186141,1.573366,0.874108,0.119416
127.297000,-4.104604,2.330215,1.692804,-3.998653,3.200839,1.573409,0.877047,0.119395
127.346000,-4.106795,2.348081,1.692820,-3.997309,3.216344,1.573674,0.875139,0.119145
127.398000,-4.108254,2.359975,1.692882,-3.997353,3.231924,1.573702,0.878973,0.119179
127.449000,-4.110444,2.377816,1.693032,-3.996290,3.246013,1.573883,0.875669,0.119148
127.449000,-4.112635,2.395638,1.693278,-3.996290,3.246013,1.573883,0.858297,0.119395
127.503000,-4.113367,2.401579,1.693372,-3.996340,3.262171,1.574044,0.868512,0.119328
127.600000,-4.116294,2.425283,1.694000,-3.993046,3.289798,1.574892,0.873257,0.119108
127.648000,-4.117763,2.437125,1.694441,-3.991612,3.300894,1.575553,0.872932,0.118889
127.695000,-4.119236,2.448952,1.694948,-3.991680,3.314898,1.576091,0.875290,0.118857
127.747000,-4.121457,2.466697,1.695752,-3.990767,3.329579,1.576421,0.872723,0.119332
127.747000,-4.123692,2.484427,1.696617,-3.990767,3.329579,1.576421,0.855541,0.120196
127.803000,-4.124440,2.490337,1.696909,-3.990866,3.346256,1.577185,0.866279,0.119723
127.897000,-4.126696,2.508067,1.697784,-3.989090,3.375610,1.577373,0.878388,0.120412
127.947000,-4.128968,2.525795,1.698660,-3.988077,3.391163,1.577853,0.876762,0.120808
127.996000,-4.130489,2.537600,1.699276,-3.988181,3.405744,1.578572,0.879730,0.120704
128.046000,-4.132784,2.555288,1.700350,-3.988509,3.417520,1.580126,0.874219,0.120224
128.094000,-4.134326,2.567094,1.701041,-3.988646,3.431805,1.580987,0.876897,0.120054
128.145000,-4.136655,2.584812,1.701989,-3.987232,3.445607,1.582378,0.873667,0.119611
128.196000,-4.138216,2.596614,1.702624,-3.987411,3.460785,1.583174,0.877231,0.119450
128.249000,-4.140572,2.614317,1.703584,-3.981764,3.473547,1.584871,0.873783,0.118713
128.299000,-4.142153,2.626122,1.704214,-3.981976,3.488433,1.585669,0.877062,0.118545
128.348000,-4.144529,2.643748,1.705468,-3.980543,3.497095,1.587977,0.868960,0.117490
128.399000,-4.146126,2.655491,1.706439,-3.980804,3.512203,1.589135,0.872517,0.117305
128.447000,-4.148544,2.673109,1.707947,-3.980827,3.525262,1.590130,0.868500,0.117817
128.498000,-4.150171,2.684853,1.708976,-3.981123,3.540375,1.591423,0.872064,0.117553
128.549000,-4.152635,2.702470,1.710545,-3.982546,3.555662,1.592554,0.869980,0.117991
128.595000,-4.154296,2.714232,1.711541,-3.982849,3.569319,1.593745,0.872105,0.117795
128.646000,-4.156809,2.731880,1.712965,-3.983817,3.585137,1.595194,0.870617,0.117771
128.696000,-4.158499,2.743645,1.713904,-3.984184,3.599990,1.596372,0.873906,0.117532
128.749000,-4.161054,2.761290,1.715312,-3.985215,3.614276,1.597692,0.870922,0.117620
128.799000,-4.163634,2.778932,1.716721,-3.985618,3.629128,1.598866,0.868633,0.117855
128.848000,-4.165369,2.790699,1.717628,-3.988123,3.641609,1.599643,0.869173,0.117985
128.899000,-4.167124,2.802538,1.718204,-3.988573,3.656859,1.600682,0.872779,0.117522
128.948000,-4.169767,2.820307,1.718724,-3.989573,3.670776,1.601648,0.869348,0.117077
128.998000,-4.171536,2.832169,1.718907,-3.990039,3.685759,1.601998,0.872672,0.116908
129.048000,-4.174193,2.849964,1.719121,-3.990918,3.697349,1.602505,0.866978,0.116616
129.099000,-4.175966,2.861827,1.719265,-3.991404,3.712635,1.602688,0.870596,0.116577
129.147000,-4.178630,2.879621,1.719479,-3.991958,3.726370,1.602917,0.867081,0.116562
129.196000,-4.180406,2.891478,1.719528,-3.992432,3.741049,1.603073,0.870118,0.116454
129.248000,-4.183067,2.909248,1.719264,-3.993592,3.754218,1.603057,0.865953,0.116207
129.299000,-4.184838,2.921095,1.719029,-3.994084,3.769483,1.602784,0.869568,0.116245
129.345000,-4.187487,2.938861,1.718644,-3.994794,3.780931,1.603062,0.863836,0.115583
129.398000,-4.189246,2.950689,1.718264,-3.995306,3.796768,1.602664,0.868022,0.115601
129.449000,-4.191875,2.968424,1.717535,-3.995414,3.808370,1.602590,0.862617,0.114945
129.449000,-4.194484,2.986152,1.716218,-3.995414,3.808370,1.602590,0.845974,0.113628
129.449000,-4.194484,2.986152,1.716218,-3.995414,3.808370,1.602590,0.845974,0.113628
129.503000,-4.195348,2.992062,1.715729,-3.995928,3.824488,1.601741,0.855980,0.113988
129.698000,-4.201912,3.037775,1.709392,-3.998768,3.874118,1.596060,0.860661,0.113332
129.749000,-4.204078,3.053543,1.705262,-3.998504,3.882838,1.594507,0.854394,0.110756
129.797000,-4.205486,3.064061,1.702509,-3.998796,3.895568,1.591203,0.856811,0.111306
129.850000,-4.207511,3.079590,1.698123,-3.998897,3.908854,1.587484,0.855102,0.110640
129.850000,-4.209140,3.092638,1.691225,-3.998897,3.908854,1.587484,0.842859,0.103742
129.850000,-4.209140,3.092638,1.691225,-3.998897,3.908854,1.587484,0.842859,0.103742
129.902000,-4.210086,3.100633,1.685912,-3.999089,3.919883,1.583066,0.845984,0.102846
129.902000,-4.213445,3.132662,1.664659,-3.999089,3.919883,1.583066,0.815883,0.081593
130.102000,-4.213817,3.136671,1.662003,-4.000462,3.950641,1.560561,0.841468,0.101442
130.199000,-4.214739,3.147235,1.652561,-3.996598,3.963751,1.547282,0.845153,0.105279
130.248000,-4.215300,3.154603,1.639903,-3.993792,3.966724,1.539000,0.841788,0.100903
130.299000,-4.215514,3.157911,1.629854,-3.993656,3.970997,1.527386,0.842811,0.102468
130.349000,-4.215649,3.160496,1.612396,-3.994536,3.962596,1.518232,0.832018,0.094164
130.395000,-4.215660,3.160787,1.599195,-3.994522,3.962888,1.504175,0.832026,0.095020
130.449000,-4.215660,3.160787,1.576937,-3.994512,3.957215,1.490145,0.826562,0.086792
130.498000,-4.215660,3.160787,1.560488,-3.994512,3.957215,1.471193,0.826562,0.089295
130.548000,-4.215660,3.160787,1.535238,-3.994988,3.953347,1.454993,0.822707,0.080244
130.594000,-4.215660,3.160787,1.518181,-3.994988,3.953347,1.435607,0.822707,0.082573
130.646000,-4.215660,3.160787,1.490147,-3.995721,3.948081,1.414591,0.817438,0.075555
130.699000,-4.215660,3.160787,1.469873,-3.995721,3.948081,1.388936,0.817438,0.080937
130.748000,-4.215660,3.160787,1.438864,-3.997404,3.943836,1.366758,0.812897,0.072106
130.798000,-4.215660,3.160787,1.418190,-3.997404,3.943836,1.340916,0.812897,0.077274
130.848000,-4.215660,3.160787,1.387181,-3.998227,3.940410,1.315928,0.809376,0.071253
130.898000,-4.215660,3.160787,1.365931,-3.998227,3.940410,1.289978,0.809376,0.075953
130.949000,-4.215660,3.160787,1.331177,-3.997530,3.936501,1.262564,0.805800,0.068614
130.996000,-4.215660,3.160787,1.306424,-3.997530,3.936501,1.234568,0.805800,0.071857
131.049000,-4.215660,3.160787,1.266886,-3.996636,3.932505,1.205525,0.802197,0.061362
131.095000,-4.215660,3.160787,1.224453,-3.996636,3.932505,1.174481,0.802197,0.049972
131.095000,-4.215660,3.160787,1.195459,-3.996636,3.932505,1.174481,0.802197,0.020979
131.095000,-4.215660,3.160787,1.195459,-3.996636,3.932505,1.174481,0.802197,0.020979
131.095000,-4.215660,3.160787,1.108480,-3.996636,3.932505,1.174481,0.802197,0.066001
131.200000,-4.215660,3.160787,1.034797,-3.994898,3.930537,1.105564,0.800781,0.070767
131.200000,-4.215660,3.160787,0.901399,-3.994898,3.930537,1.105564,0.800781,0.204165
131.506000,-4.215660,3.160787,0.886022,-3.991716,3.923216,0.885075,0.794638,0.000948
131.648000,-4.214610,3.161968,0.823385,-3.992832,3.922994,0.778686,0.792683,0.044698
131.696000,-4.213234,3.163405,0.793056,-3.991113,3.924652,0.741573,0.792991,0.051483
131.746000,-4.210013,3.166526,0.749471,-3.989061,3.927550,0.704503,0.792451,0.044968
131.797000,-4.207054,3.169202,0.721889,-3.985188,3.930771,0.668188,0.793229,0.053701
131.848000,-4.201334,3.174028,0.681565,-3.626463,4.159240,0.585434,1.140666,0.096131
131.897000,-4.196631,3.177738,0.654684,-3.620323,4.163240,0.552505,1.141641,0.102179
131.948000,-4.188337,3.183838,0.614363,-3.614808,4.167067,0.516409,1.138278,0.097954
131.998000,-4.182499,3.187841,0.587544,-3.607082,4.171377,0.482835,1.139495,0.104709
132.049000,-4.175121,3.192547,0.545415,-3.604226,4.173198,0.447613,1.134723,0.097802
132.097000,-4.171479,3.194687,0.515718,-3.599659,4.175360,0.413120,1.135208,0.102597
132.145000,-4.167890,3.196623,0.468859,-3.602129,4.174214,0.379131,1.129500,0.089728
132.196000,-4.165846,3.197617,0.437087,-3.599415,4.175265,0.338846,1.129885,0.098241
132.248000,-4.162725,3.198986,0.389430,-3.598171,4.172955,0.300969,1.125761,0.088461
132.298000,-4.160609,3.199815,0.357658,-3.595451,4.173773,0.261254,1.126054,0.096404
132.347000,-4.157123,3.201020,0.310259,-3.595494,4.173530,0.221666,1.123033,0.088593
132.397000,-4.153925,3.201990,0.279847,-3.591437,4.174396,0.182584,1.123373,0.097262
132.448000,-4.147632,3.203640,0.235303,-3.587297,4.172222,0.142976,1.118984,0.092327
132.499000,-4.142917,3.204697,0.205609,-3.581203,4.173049,0.105116,1.119476,0.100493
132.547000,-4.135790,3.206019,0.161068,-3.576949,4.172814,0.067725,1.116690,0.093343
132.547000,-4.128225,3.207072,0.117151,-3.576949,4.172814,0.067725,1.112008,0.049426
132.547000,-4.128225,3.207072,0.117151,-3.576949,4.172814,0.067725,1.112008,0.049426
132.606000,-4.122235,3.207690,0.089361,-3.569416,4.173163,0.023983,1.112541,0.065378
132.797000,-4.096980,3.208727,-0.005608,-3.540845,4.167037,-0.112531,1.107991,0.106923
132.848000,-4.085312,3.208422,-0.045629,-3.533320,4.163978,-0.147787,1.103531,0.102158
132.898000,-4.077294,3.207950,-0.072123,-3.523403,4.162426,-0.180924,1.103548,0.108800
132.949000,-4.065297,3.206843,-0.111864,-3.516820,4.158952,-0.216957,1.098790,0.105093
132.996000,-4.057327,3.205841,-0.138358,-3.507619,4.156849,-0.248088,1.098451,0.109729
133.048000,-4.045430,3.203942,-0.178099,-3.500013,4.152315,-0.283483,1.094025,0.105384
133.100000,-4.033459,3.201539,-0.217580,-3.489999,4.149322,-0.317922,1.092539,0.100342
133.148000,-4.024753,3.199497,-0.242618,-3.482737,4.143945,-0.349857,1.088927,0.107239
133.198000,-4.015325,3.197042,-0.266376,-3.471353,4.139677,-0.380747,1.088332,0.114370
133.249000,-3.999856,3.192533,-0.299873,-3.461358,4.130955,-0.414130,1.081950,0.114257
133.296000,-3.988982,3.189040,-0.321803,-3.449098,4.125470,-0.440060,1.080914,0.118257
133.349000,-3.973859,3.183735,-0.352688,-3.438731,4.117773,-0.471916,1.076471,0.119228
133.399000,-3.964153,3.180056,-0.371678,-3.427213,4.111792,-0.496854,1.075377,0.125176
133.447000,-3.950053,3.174344,-0.397847,-3.417589,4.104044,-0.522295,1.071382,0.124448
133.447000,-3.936166,3.168299,-0.423188,-3.417589,4.104044,-0.522295,1.069831,0.099107
133.505000,-3.931610,3.166224,-0.431583,-3.404988,4.096589,-0.547057,1.069069,0.115474
133.598000,-3.918141,3.159821,-0.455992,-3.387734,4.084008,-0.590240,1.065576,0.134248
133.648000,-3.904832,3.153090,-0.480374,-3.379499,4.074435,-0.611685,1.060589,0.131311
133.699000,-3.896052,3.148424,-0.496628,-3.369153,4.067109,-0.632408,1.059058,0.135781
133.744000,-3.884230,3.141841,-0.519821,-3.363309,4.060165,-0.650791,1.055783,0.130970
133.798000,-3.876565,3.137381,-0.533691,-3.353844,4.052863,-0.670819,1.054203,0.137128
133.846000,-3.864190,3.129909,-0.552096,-3.346118,4.045505,-0.690093,1.052004,0.137997
133.896000,-3.856830,3.125322,-0.562766,-3.337754,4.038526,-0.704670,1.050420,0.141905
133.947000,-3.847626,3.119428,-0.576371,-3.331449,4.032931,-0.722024,1.049250,0.145653
133.995000,-3.842631,3.116154,-0.583841,-3.326082,4.028161,-0.732164,1.048132,0.148323
134.047000,-3.836351,3.111965,-0.592646,-3.320955,4.024622,-0.746255,1.048130,0.153609
134.098000,-3.832982,3.109685,-0.596916,-3.317130,4.021061,-0.752883,1.047239,0.155968
134.147000,-3.828724,3.106778,-0.600921,-3.313368,4.020457,-0.762087,1.049000,0.161166
134.196000,-3.826307,3.105118,-0.601991,-3.310768,4.017963,-0.764574,1.048364,0.162583
134.248000,-3.823088,3.102907,-0.601196,-3.306733,4.016231,-0.769669,1.049182,0.168473
134.296000,-3.821270,3.101663,-0.599066,-3.304838,4.014389,-0.768273,1.048699,0.169207
134.349000,-3.818668,3.099896,-0.593471,-3.300612,4.015208,-0.769707,1.051750,0.176236
134.399000,-3.816955,3.098746,-0.588617,-3.298758,4.013414,-0.764325,1.051258,0.175708
134.445000,-3.814374,3.097037,-0.581318,-3.294884,4.011700,-0.762236,1.051893,0.180918
134.445000,-3.811780,3.095347,-0.574019,-3.294884,4.011700,-0.762236,1.052086,0.188217
134.501000,-3.810906,3.094783,-0.571557,-3.292791,4.009707,-0.755424,1.051442,0.183867
134.596000,-3.807993,3.092927,-0.562410,-3.287841,4.007436,-0.743755,1.052085,0.181345
134.649000,-3.804716,3.090889,-0.550383,-3.283547,4.006559,-0.735730,1.053598,0.185347
134.697000,-3.802294,3.089418,-0.540765,-3.281022,4.004277,-0.725348,1.052944,0.184583
134.747000,-3.798268,3.087046,-0.523938,-3.275328,4.002780,-0.716840,1.054531,0.192902
134.797000,-3.795320,3.085368,-0.511120,-3.272132,4.000006,-0.702050,1.053703,0.190929
134.849000,-3.790418,3.082687,-0.489522,-3.267772,3.998335,-0.689325,1.054309,0.199803
134.849000,-3.785338,3.080055,-0.466863,-3.267772,3.998335,-0.689325,1.054093,0.222462
134.901000,-3.783632,3.079203,-0.459310,-3.263936,3.995194,-0.670051,1.053150,0.210741
134.998000,-3.778475,3.076724,-0.436651,-3.256021,3.990502,-0.637705,1.052591,0.201054
135.049000,-3.772740,3.074132,-0.413051,-3.251619,3.986478,-0.618942,1.050687,0.205890
135.098000,-3.767989,3.072099,-0.395753,-3.246451,3.982822,-0.598944,1.049485,0.203190
135.150000,-3.759401,3.068655,-0.367406,-3.237751,3.978609,-0.578201,1.048873,0.210795
135.197000,-3.752686,3.066150,-0.346908,-3.230653,3.974020,-0.555228,1.047256,0.208320
135.248000,-3.741520,3.062319,-0.314086,-3.218394,3.966608,-0.532190,1.044701,0.218103
135.298000,-3.733959,3.059955,-0.291940,-3.209829,3.961637,-0.504553,1.042949,0.212612
135.345000,-3.721669,3.056495,-0.257305,-3.196119,3.953488,-0.480146,1.039615,0.222841
135.398000,-3.712486,3.054199,-0.232767,-3.185028,3.947797,-0.448764,1.037656,0.215997
135.449000,-3.698358,3.051125,-0.195708,-3.170577,3.938918,-0.419038,1.032825,0.223329
135.498000,-3.688880,3.049367,-0.171002,-3.159758,3.934187,-0.388773,1.030959,0.217770
135.547000,-3.674789,3.047200,-0.133847,-3.146484,3.927485,-0.359051,1.026649,0.225203
135.598000,-3.666286,3.046158,-0.110037,-3.136186,3.923717,-0.327751,1.025239,0.217714
135.645000,-3.653298,3.044946,-0.076707,-3.124685,3.916717,-0.298195,1.019518,0.221489
135.697000,-3.644504,3.044362,-0.056097,-3.113712,3.913444,-0.270139,1.018353,0.214043
135.749000,-3.631242,3.043819,-0.025758,-3.101100,3.909384,-0.238908,1.015014,0.213151
135.799000,-3.617834,3.043676,0.003781,-3.090315,3.906822,-0.213671,1.011582,0.217453
135.848000,-3.608551,3.043796,0.021847,-3.077539,3.904710,-0.187920,1.011507,0.209767
135.898000,-3.599158,3.044081,0.038649,-3.065988,3.902590,-0.165728,1.010598,0.204377
135.946000,-3.584881,3.044800,0.061388,-3.053803,3.901630,-0.142411,1.008069,0.203800
135.999000,-3.575318,3.045457,0.075854,-3.041224,3.899884,-0.122894,1.007622,0.198748
136.049000,-3.560993,3.046702,0.097553,-3.026916,3.897952,-0.099588,1.004920,0.197141
136.099000,-3.551459,3.047705,0.112019,-3.014989,3.896806,-0.081505,1.004378,0.193525
136.149000,-3.537048,3.049483,0.132998,-3.002314,3.895049,-0.062501,1.000461,0.195499
136.197000,-3.527110,3.050880,0.146184,-2.990288,3.894351,-0.046201,0.999811,0.192386
136.248000,-3.512201,3.053225,0.165659,-2.975716,3.893072,-0.027314,0.996573,0.192973
136.298000,-3.502031,3.054988,0.177325,-2.962824,3.892786,-0.011592,0.996318,0.188917
136.347000,-3.486602,3.057876,0.192384,-2.949314,3.892160,0.003929,0.992325,0.188455
136.398000,-3.476260,3.059940,0.201420,-2.935872,3.892259,0.016088,0.992359,0.185332
136.446000,-3.460779,3.063210,0.214949,-2.922005,3.892840,0.031581,0.989224,0.183368
136.446000,-3.445117,3.066735,0.227462,-2.922005,3.892840,0.031581,0.977801,0.195881
136.501000,-3.445117,3.066735,0.227462,-2.907278,3.893420,0.043836,0.986244,0.183625
136.598000,-3.424014,3.071788,0.242527,-2.880478,3.895450,0.064013,0.986839,0.178514
136.649000,-3.408236,3.075786,0.253821,-2.865871,3.896498,0.075744,0.983732,0.178077
136.696000,-3.397743,3.078550,0.261350,-2.853160,3.897491,0.084591,0.983481,0.176759
136.749000,-3.381745,3.082920,0.271362,-2.838759,3.897500,0.094297,0.978965,0.177066
136.800000,-3.365482,3.087515,0.279154,-2.824484,3.898891,0.102025,0.975197,0.177130
136.849000,-3.354593,3.090664,0.283755,-2.810856,3.900671,0.111284,0.975583,0.172470
136.898000,-3.343646,3.093881,0.287917,-2.796968,3.902248,0.116771,0.975866,0.171146
136.949000,-3.327161,3.098814,0.293492,-2.782911,3.905877,0.124266,0.973426,0.169225
136.997000,-3.316097,3.102178,0.296698,-2.769143,3.907619,0.128488,0.973598,0.168210
137.047000,-3.299432,3.107312,0.300820,-2.754823,3.911269,0.133594,0.971054,0.167226
137.098000,-3.288256,3.110793,0.303098,-2.740038,3.913274,0.136873,0.971864,0.166225
137.147000,-3.271429,3.116082,0.305877,-2.726394,3.915425,0.140897,0.967478,0.164980
137.198000,-3.260167,3.119648,0.307361,-2.711485,3.917553,0.143068,0.968351,0.164294
137.249000,-3.243219,3.125045,0.309099,-2.696681,3.921871,0.145955,0.966248,0.163144
137.298000,-3.231909,3.128663,0.310130,-2.682291,3.923992,0.147275,0.966762,0.162855
137.348000,-3.214924,3.134120,0.311504,-2.667926,3.927837,0.149102,0.963947,0.162402
137.396000,-3.203540,3.137787,0.311714,-2.653735,3.929984,0.149924,0.964293,0.161790
137.448000,-3.186472,3.143288,0.311802,-2.639035,3.932217,0.150685,0.960258,0.161117
137.495000,-3.175093,3.146956,0.311860,-2.625147,3.934326,0.150753,0.960412,0.161107
137.549000,-3.158025,3.152459,0.311948,-2.610081,3.938732,0.151647,0.958368,0.160301
137.598000,-3.146714,3.156105,0.311646,-2.595690,3.940940,0.151629,0.958954,0.160018
137.648000,-3.129908,3.161504,0.309889,-2.581518,3.943709,0.151263,0.955288,0.158627
137.696000,-3.118731,3.165074,0.308290,-2.567598,3.945830,0.149615,0.955681,0.158675
137.745000,-3.101980,3.170383,0.305558,-2.554769,3.948501,0.149286,0.951267,0.156272
137.797000,-3.090838,3.173886,0.303528,-2.539750,3.950754,0.146816,0.952482,0.156712
137.850000,-3.074130,3.179089,0.300263,-2.524957,3.954418,0.144540,0.950119,0.155723
137.899000,-3.063013,3.182517,0.297914,-2.510855,3.956465,0.141795,0.950723,0.156118
137.949000,-3.046337,3.187604,0.294201,-2.497574,3.959099,0.139414,0.946756,0.154788
138.000000,-3.029663,3.192620,0.290295,-2.482918,3.961148,0.136199,0.943168,0.154097
138.047000,-3.018528,3.195931,0.287637,-2.469799,3.964017,0.133657,0.943960,0.153980
138.099000,-3.007396,3.199208,0.284913,-2.454845,3.966018,0.130177,0.945151,0.154736
138.146000,-2.990681,3.204066,0.280824,-2.441794,3.969024,0.127077,0.941508,0.153747
138.195000,-2.979527,3.207267,0.278098,-2.427692,3.970814,0.123737,0.942085,0.154361
138.247000,-2.962776,3.212012,0.273981,-2.413420,3.972998,0.120264,0.938558,0.153717
138.299000,-2.951586,3.215140,0.271078,-2.398424,3.974801,0.116630,0.939720,0.154448
138.348000,-2.934783,3.219770,0.266714,-2.385363,3.977377,0.112911,0.935858,0.153803
138.398000,-2.923560,3.222818,0.263643,-2.370919,3.979006,0.109222,0.936607,0.154421
138.448000,-2.906696,3.227327,0.258804,-2.356652,3.981555,0.105578,0.933494,0.153226
138.495000,-2.895449,3.230284,0.255418,-2.343062,3.982984,0.101722,0.933643,0.153696
138.547000,-2.878556,3.234649,0.250283,-2.327286,3.985308,0.097963,0.931336,0.152320
138.597000,-2.867282,3.237510,0.246860,-2.312815,3.986716,0.093684,0.932063,0.153176
138.647000,-2.850352,3.241730,0.241724,-2.298965,3.990444,0.089413,0.929838,0.152311
138.695000,-2.839049,3.244497,0.238274,-2.285055,3.991676,0.085299,0.930153,0.152975
138.749000,-2.822072,3.248573,0.233075,-2.270828,3.992106,0.080298,0.925587,0.152777
138.799000,-2.810754,3.251238,0.229186,-2.256340,3.993267,0.075824,0.926273,0.153362
138.847000,-2.793711,3.255156,0.222717,-2.243130,3.995638,0.070933,0.922742,0.151785
138.898000,-2.782356,3.257700,0.217983,-2.228329,3.996678,0.065244,0.923599,0.152739
138.948000,-2.765280,3.261415,0.210449,-2.214897,3.998564,0.060021,0.919951,0.150427
138.997000,-2.753900,3.263814,0.205085,-2.200674,3.999402,0.053710,0.920406,0.151375
139.047000,-2.736809,3.267297,0.197019,-2.186713,4.001729,0.047936,0.917602,0.149082
139.099000,-2.719690,3.270643,0.188953,-2.171613,4.002430,0.040946,0.914276,0.148007
139.149000,-2.708259,3.272797,0.183513,-2.158873,4.004400,0.033376,0.914914,0.150137
139.196000,-2.696866,3.274875,0.177071,-2.145274,4.004851,0.026686,0.914942,0.150385
139.247000,-2.679581,3.277871,0.166545,-2.129623,4.006847,0.018841,0.913159,0.147705
139.296000,-2.667954,3.279790,0.160815,-2.115189,4.007068,0.010781,0.913500,0.150034
139.349000,-2.650494,3.282548,0.152497,-2.101408,4.008071,0.003166,0.909879,0.149331
139.396000,-2.638810,3.284313,0.147575,-2.087523,4.008079,-0.003185,0.909811,0.150760
139.448000,-2.621269,3.286864,0.141177,-2.071865,4.008602,-0.010934,0.907056,0.152111
139.495000,-2.609565,3.288501,0.136911,-2.057981,4.008432,-0.015946,0.906943,0.152857
139.544000,-2.591971,3.290868,0.130597,-2.043780,4.008124,-0.022425,0.902756,0.153022
139.596000,-2.580165,3.292397,0.126960,-2.028315,4.007747,-0.027671,0.903474,0.154630
139.646000,-2.562432,3.294612,0.121565,-2.014550,4.007718,-0.032994,0.899275,0.154559
139.698000,-2.550637,3.296035,0.118916,-1.999111,4.007173,-0.037359,0.899943,0.156274
139.746000,-2.532994,3.298125,0.117341,-1.985933,4.006565,-0.041287,0.895077,0.158629
139.799000,-2.521266,3.299509,0.117892,-1.970298,4.005895,-0.041846,0.895850,0.159738
139.845000,-2.503700,3.301607,0.119864,-1.955192,4.004331,-0.044576,0.891449,0.164440
139.895000,-2.492029,3.303022,0.121350,-1.940510,4.003681,-0.042852,0.891682,0.164202
139.949000,-2.474530,3.305176,0.123595,-1.924602,4.002064,-0.042723,0.887736,0.166318
139.999000,-2.462876,3.306633,0.125200,-1.909934,4.001440,-0.040821,0.887977,0.166021
140.045000,-2.445408,3.308854,0.127800,-1.895687,3.999749,-0.039436,0.882910,0.167236
140.097000,-2.433779,3.310359,0.129612,-1.880453,3.999155,-0.037145,0.883521,0.166757
140.148000,-2.416330,3.312658,0.132353,-1.863688,3.997911,-0.034617,0.880332,0.166970
140.148000,-2.398883,3.315005,0.135080,-1.863688,3.997911,-0.034617,0.867637,0.169697
140.148000,-2.398883,3.315005,0.135080,-1.863688,3.997911,-0.034617,0.867637,0.169697
140.210000,-2.387255,3.316596,0.136898,-1.845507,3.997303,-0.031792,0.869973,0.168691
140.398000,-2.346580,3.322331,0.143261,-1.789074,3.995454,-0.022665,0.874018,0.165927
140.447000,-2.329130,3.324872,0.145889,-1.773010,3.994121,-0.020062,0.870151,0.165951
140.495000,-2.317475,3.326594,0.147468,-1.758875,3.993847,-0.018043,0.870207,0.165511
140.548000,-2.299983,3.329213,0.149693,-1.743831,3.993002,-0.015578,0.865980,0.165271
140.596000,-2.282486,3.331871,0.151814,-1.729677,3.992788,-0.013830,0.861632,0.165645
140.644000,-2.270816,3.333664,0.153173,-1.714096,3.992432,-0.011378,0.862503,0.164551
140.697000,-2.259137,3.335475,0.154472,-1.698440,3.992261,-0.009596,0.863568,0.164068
140.748000,-2.241610,3.338221,0.156314,-1.683990,3.992624,-0.008118,0.859758,0.164433
140.795000,-2.229913,3.340071,0.157460,-1.670076,3.992517,-0.006712,0.859711,0.164172
140.845000,-2.212359,3.342873,0.159065,-1.654895,3.991750,-0.004563,0.855457,0.163628
140.897000,-2.200654,3.344757,0.160086,-1.639484,3.991685,-0.003200,0.856404,0.163286
140.947000,-2.183089,3.347607,0.161546,-1.623734,3.991995,-0.001446,0.853296,0.162992
140.996000,-2.165501,3.350485,0.162861,-1.609182,3.991980,-0.000287,0.849121,0.163148
141.045000,-2.153770,3.352417,0.163665,-1.596149,3.992210,0.000243,0.848690,0.163422
141.097000,-2.142036,3.354360,0.164436,-1.580688,3.992218,0.001278,0.849691,0.163158
141.148000,-2.124439,3.357290,0.165590,-1.565284,3.992185,0.003018,0.846018,0.162572
141.199000,-2.112698,3.359257,0.166313,-1.550106,3.992235,0.003987,0.846860,0.162326
141.247000,-2.095066,3.362225,0.167230,-1.535899,3.991673,0.005067,0.841945,0.162162
141.247000,-2.077434,3.365209,0.168069,-1.535899,3.991673,0.005067,0.828081,0.163001
141.247000,-2.071556,3.366207,0.168336,-1.535899,3.991673,0.005067,0.823490,0.163269
141.301000,-2.065676,3.367207,0.168596,-1.519805,3.991762,0.005858,0.829484,0.162738
141.495000,-2.024504,3.374252,0.170256,-1.462133,3.991732,0.008700,0.835190,0.161556
141.549000,-2.006844,3.377293,0.170854,-1.445598,3.992276,0.009048,0.832587,0.161806
141.598000,-1.995064,3.379328,0.171200,-1.430954,3.992411,0.009511,0.833121,0.161689
141.649000,-1.977386,3.382389,0.171651,-1.414977,3.993794,0.010343,0.830735,0.161307
141.698000,-1.965578,3.384437,0.171845,-1.400297,3.993949,0.010669,0.831293,0.161176
141.749000,-1.947858,3.387514,0.172013,-1.386100,3.994207,0.010886,0.826830,0.161127
141.799000,-1.936043,3.389567,0.172100,-1.371112,3.994371,0.011006,0.827608,0.161094
141.849000,-1.918322,3.392649,0.172231,-1.356507,3.994741,0.011378,0.823500,0.160853
141.898000,-1.906508,3.394704,0.172318,-1.341818,3.994909,0.011484,0.824087,0.160834
141.949000,-1.888784,3.397790,0.172434,-1.326271,3.995373,0.011797,0.820686,0.160637
141.998000,-1.876967,3.399849,0.172499,-1.311578,3.995546,0.011883,0.821292,0.160617
142.048000,-1.859251,3.402936,0.172523,-1.297438,3.995509,0.011611,0.816564,0.160912
142.099000,-1.847447,3.404992,0.172436,-1.282162,3.995688,0.011571,0.817599,0.160864
142.147000,-1.829743,3.408074,0.172252,-1.267581,3.995844,0.011708,0.813327,0.160544
142.199000,-1.817943,3.410126,0.172105,-1.252012,3.996026,0.011535,0.814590,0.160570
142.249000,-1.800244,3.413200,0.171867,-1.237351,3.996325,0.011489,0.810484,0.160377
142.297000,-1.788445,3.415248,0.171708,-1.222980,3.996490,0.011299,0.810921,0.160409
142.348000,-1.770745,3.418315,0.171470,-1.207386,3.996167,0.010892,0.807023,0.160578
142.348000,-1.753044,3.421378,0.171228,-1.207386,3.996167,0.010892,0.792544,0.160336
142.348000,-1.753044,3.421378,0.171228,-1.207386,3.996167,0.010892,0.792544,0.160336
142.348000,-1.747144,3.422398,0.171146,-1.207386,3.996167,0.010892,0.787750,0.160254
142.405000,-1.729443,3.425455,0.170900,-1.190321,3.996351,0.010665,0.785222,0.160235
142.699000,-1.670469,3.435604,0.169840,-1.102173,3.997668,0.009116,0.799298,0.160724
142.745000,-1.652773,3.438635,0.169510,-1.088860,3.998548,0.008548,0.794670,0.160963
142.797000,-1.640982,3.440652,0.169267,-1.073310,3.998681,0.008256,0.796020,0.161011
142.847000,-1.623296,3.443671,0.168876,-1.058613,3.999342,0.007512,0.792236,0.161363
142.898000,-1.611509,3.445679,0.168595,-1.043368,3.999456,0.007171,0.793381,0.161424
142.947000,-1.593825,3.448685,0.168162,-1.028502,3.999245,0.007012,0.789118,0.161150
142.999000,-1.576134,3.451684,0.167749,-1.012952,3.999353,0.006640,0.785567,0.161109
143.046000,-1.564340,3.453680,0.167477,-0.998628,4.000287,0.006416,0.786644,0.161061
143.099000,-1.552544,3.455673,0.167206,-0.982777,4.000388,0.006055,0.788257,0.161151
143.148000,-1.534863,3.458653,0.166755,-0.967934,4.000387,0.005990,0.784146,0.160765
143.195000,-1.523075,3.460635,0.166436,-0.953889,4.000470,0.005626,0.784471,0.160811
143.249000,-1.505390,3.463602,0.165961,-0.937721,4.000564,0.005710,0.781394,0.160252
143.296000,-1.493598,3.465575,0.165648,-0.923673,4.000643,0.005340,0.781737,0.160308
143.348000,-1.475910,3.468528,0.165176,-0.908310,4.001609,0.004900,0.778682,0.160275
143.398000,-1.464128,3.470490,0.164822,-0.893379,4.001682,0.004494,0.779692,0.160328
143.449000,-1.446451,3.473425,0.164266,-0.878790,4.001672,0.003635,0.775425,0.160631
143.495000,-1.434660,3.475377,0.163912,-0.865045,4.001720,0.003212,0.775563,0.160700
143.546000,-1.416971,3.478298,0.163391,-0.850180,4.001249,0.002500,0.771187,0.160890
143.597000,-1.405177,3.480240,0.163047,-0.834941,4.001285,0.002058,0.772436,0.160989
143.648000,-1.387463,3.483150,0.162640,-0.819851,4.001459,0.001513,0.768653,0.161126
143.697000,-1.375652,3.485087,0.162410,-0.805188,4.001480,0.001207,0.769474,0.161203
143.749000,-1.357931,3.487988,0.162095,-0.789565,4.002555,0.000897,0.766693,0.161197
143.749000,-1.340226,3.490880,0.161718,-0.789565,4.002555,0.000897,0.751691,0.160821
143.749000,-1.340226,3.490880,0.161718,-0.789565,4.002555,0.000897,0.751691,0.160821
143.802000,-1.328421,3.492804,0.161448,-0.773721,4.002568,0.000610,0.753360,0.160838
143.998000,-1.287072,3.499520,0.160624,-0.714450,4.001697,-0.000367,0.761629,0.160991
144.048000,-1.269335,3.502391,0.160379,-0.699145,4.002156,-0.000860,0.758209,0.161239
144.096000,-1.257512,3.504303,0.160220,-0.684774,4.002143,-0.001050,0.758864,0.161270
144.146000,-1.239775,3.507167,0.159983,-0.670156,4.002344,-0.001642,0.754762,0.161625
144.197000,-1.227949,3.509075,0.159832,-0.654883,4.002318,-0.001840,0.756105,0.161672
144.246000,-1.210208,3.511932,0.159608,-0.640866,4.002471,-0.002491,0.751518,0.162099
144.297000,-1.198381,3.513836,0.159462,-0.625592,4.002433,-0.002680,0.752870,0.162142
144.344000,-1.180631,3.516688,0.159278,-0.611506,4.001589,-0.003007,0.747685,0.162285
144.396000,-1.162861,3.519542,0.159200,-0.595910,4.001540,-0.003143,0.744148,0.162343
144.449000,-1.151014,3.521444,0.159188,-0.579214,4.001184,-0.002976,0.746394,0.162164
144.497000,-1.139169,3.523346,0.159199,-0.564819,4.001140,-0.002983,0.747105,0.162182
144.547000,-1.121404,3.526199,0.159238,-0.548874,4.001479,-0.003039,0.744098,0.162277
144.598000,-1.109561,3.528101,0.159269,-0.533581,4.001433,-0.003002,0.745517,0.162271
144.647000,-1.091795,3.530955,0.159312,-0.518879,4.001785,-0.003051,0.741563,0.162363
144.698000,-1.079951,3.532858,0.159309,-0.503583,4.001740,-0.003025,0.743000,0.162334
144.744000,-1.062183,3.535712,0.159284,-0.489719,4.000764,-0.003310,0.737555,0.162594
144.798000,-1.050347,3.537614,0.159317,-0.473534,4.000709,-0.003317,0.739709,0.162635
144.844000,-1.032594,3.540468,0.159427,-0.459675,4.000673,-0.003461,0.734864,0.162889
144.898000,-1.020759,3.542371,0.159521,-0.443494,4.000618,-0.003350,0.737038,0.162871
144.946000,-1.003008,3.545228,0.159673,-0.428507,4.000520,-0.003181,0.733037,0.162854
144.998000,-0.991174,3.547135,0.159775,-0.412924,4.000471,-0.003048,0.734770,0.162823
145.047000,-0.973423,3.549997,0.159928,-0.398053,4.000431,-0.002865,0.730713,0.162794
145.099000,-0.961590,3.551906,0.160031,-0.382471,4.000387,-0.002732,0.732471,0.162763
145.148000,-0.943839,3.554773,0.160192,-0.368779,4.001852,-0.003256,0.728404,0.163448
145.196000,-0.932004,3.556685,0.160192,-0.354394,4.001808,-0.003156,0.729224,0.163348
145.245000,-0.914254,3.559552,0.160057,-0.340156,4.001687,-0.003463,0.724619,0.163520
145.299000,-0.902418,3.561462,0.159948,-0.323971,4.001631,-0.003604,0.726877,0.163552
145.344000,-0.884662,3.564325,0.159787,-0.310097,4.001428,-0.003597,0.721931,0.163384
145.397000,-0.872822,3.566233,0.159692,-0.294207,4.001370,-0.003734,0.723975,0.163426
145.448000,-0.855061,3.569092,0.159549,-0.279083,4.001414,-0.003939,0.720176,0.163488
145.497000,-0.843220,3.570997,0.159458,-0.264392,4.001355,-0.004054,0.721284,0.163513
145.546000,-0.825460,3.573852,0.159316,-0.248414,3.995994,-0.002950,0.714972,0.162266
145.599000,-0.813735,3.575737,0.159772,-0.232669,3.995935,-0.002911,0.717080,0.162684
145.648000,-0.796173,3.578587,0.162182,-0.223544,3.993501,-0.001819,0.707148,0.164001
145.697000,-0.784542,3.580504,0.164612,-0.209103,3.993469,0.000529,0.708287,0.164083
145.747000,-0.767104,3.583442,0.169321,-0.196605,3.992707,0.001122,0.702116,0.168198
145.796000,-0.755486,3.585448,0.172653,-0.182162,3.992736,0.005108,0.703266,0.167545
145.844000,-0.738080,3.588528,0.177688,-0.167030,3.990454,0.007633,0.698314,0.170055
145.899000,-0.726604,3.590613,0.181961,-0.150977,3.990575,0.012541,0.700939,0.169421
145.947000,-0.709415,3.593842,0.189440,-0.139217,3.990282,0.017275,0.694471,0.172165
145.947000,-0.692535,3.597144,0.196984,-0.139217,3.990282,0.017275,0.678762,0.179709
146.002000,-0.687415,3.598172,0.199190,-0.123483,3.990609,0.024144,0.687042,0.175046
146.098000,-0.673950,3.600925,0.203887,-0.102401,3.989397,0.033417,0.691070,0.170471
146.146000,-0.661529,3.603517,0.207529,-0.096136,3.990055,0.038785,0.684896,0.168744
146.199000,-0.653426,3.605233,0.209780,-0.085154,3.990492,0.041968,0.686555,0.167812
146.246000,-0.643740,3.607301,0.210638,-0.081806,3.990167,0.045237,0.679967,0.165400
146.295000,-0.636870,3.608765,0.208615,-0.075617,3.990460,0.045195,0.678745,0.163420
146.348000,-0.633587,3.609456,0.205939,-0.079835,3.991056,0.047100,0.672503,0.158839
146.348000,-0.628682,3.610470,0.201901,-0.079835,3.991056,0.047100,0.667891,0.154801
146.402000,-0.627047,3.610804,0.200554,-0.075335,3.991259,0.043480,0.670173,0.157074
146.498000,-0.622137,3.611791,0.196516,-0.072438,3.990340,0.040487,0.667433,0.156029
146.548000,-0.619844,3.612242,0.189805,-0.076674,3.991576,0.036714,0.662517,0.153092
146.598000,-0.619750,3.612260,0.183657,-0.076528,3.991583,0.030231,0.662553,0.153426
146.648000,-0.619750,3.612260,0.172002,-0.080716,3.995043,0.025602,0.661120,0.146401
146.697000,-0.619750,3.612260,0.162670,-0.080716,3.995043,0.015283,0.661120,0.147387
146.747000,-0.619750,3.612260,0.146232,-0.086247,3.999867,0.007192,0.659443,0.139040
146.796000,-0.619750,3.612260,0.133667,-0.086247,3.999867,-0.007012,0.659443,0.140679
146.846000,-0.619750,3.612260,0.112445,-0.089698,4.006928,-0.019374,0.660847,0.131819
146.896000,-0.619750,3.612260,0.096712,-0.089698,4.006928,-0.037787,0.660847,0.134500
146.948000,-0.619750,3.612260,0.070754,-0.096140,4.014940,-0.055625,0.660545,0.126379
146.999000,-0.619750,3.612260,0.051789,-0.096140,4.014940,-0.078554,0.660545,0.130344
147.047000,-0.619750,3.612260,0.020999,-0.102300,4.020240,-0.098119,0.658941,0.119118
147.096000,-0.619750,3.612260,-0.001117,-0.102300,4.020240,-0.124017,0.658941,0.122899
147.148000,-0.619750,3.612260,-0.036756,0.459253,4.198086,-0.193695,1.227779,0.156939
147.195000,-0.619750,3.612260,-0.062104,0.459253,4.198086,-0.222333,1.227779,0.160229
147.247000,-0.619750,3.612260,-0.102495,0.455016,4.203838,-0.251654,1.226819,0.149159
147.298000,-0.619750,3.612260,-0.131043,0.455016,4.203838,-0.286807,1.226819,0.155763
147.351000,-0.619750,3.612260,-0.176218,0.451112,4.208665,-0.321910,1.225742,0.145692
147.398000,-0.619750,3.612260,-0.207890,0.451112,4.208665,-0.358095,1.225742,0.150205
147.447000,-0.619750,3.612260,-0.255890,0.449774,4.210698,-0.392997,1.225565,0.137107
147.497000,-0.619750,3.612260,-0.287890,0.449774,4.210698,-0.432997,1.225565,0.145107
147.547000,-0.619750,3.612260,-0.335890,0.449625,4.204573,-0.470588,1.222456,0.134698
147.596000,-0.619750,3.612260,-0.367890,0.449625,4.204573,-0.509788,1.222456,0.141898
147.646000,-0.619750,3.612260,-0.415890,0.448206,4.198042,-0.549168,1.218060,0.133278
147.697000,-0.619750,3.612260,-0.447890,0.448206,4.198042,-0.589968,1.218060,0.142078
147.746000,-0.619750,3.612260,-0.495890,0.447697,4.193577,-0.628232,1.215473,0.132342
147.797000,-0.619750,3.612260,-0.527890,0.447697,4.193577,-0.669032,1.215473,0.141142
147.849000,-0.619750,3.612260,-0.575890,0.446904,4.190400,-0.710233,1.213259,0.134342
147.898000,-0.619750,3.612260,-0.607890,0.446904,4.190400,-0.749433,1.213259,0.141542
147.948000,-0.619750,3.612260,-0.655890,0.447366,4.189151,-0.788355,1.213070,0.132465
147.997000,-0.619750,3.612260,-0.687890,0.447366,4.189151,-0.827555,1.213070,0.139665
148.049000,-0.619750,3.612260,-0.735890,0.445939,4.190089,-0.869464,1.212263,0.133574
148.096000,-0.619750,3.612260,-0.767890,0.445939,4.190089,-0.907064,1.212263,0.139174
148.148000,-0.619750,3.612260,-0.815890,0.444333,4.193710,-0.948846,1.212583,0.132955
148.198000,-0.619750,3.612260,-0.847890,0.444333,4.193710,-0.988846,1.212583,0.140955
148.247000,-0.619750,3.612260,-0.895890,0.442928,4.198493,-1.028637,1.213653,0.132747
148.247000,-0.619750,3.612260,-0.943890,0.442928,4.198493,-1.028637,1.213653,0.084747
148.247000,-0.619750,3.612260,-0.943890,0.442928,4.198493,-1.028637,1.213653,0.084747
148.303000,-0.619750,3.612260,-0.959890,0.442928,4.198493,-1.073437,1.213653,0.113547
148.497000,-0.619750,3.612260,-1.087890,0.441279,4.210880,-1.230699,1.218249,0.142808
148.545000,-0.619750,3.612260,-1.135890,0.440388,4.216428,-1.269221,1.220210,0.133331
148.598000,-0.619750,3.612260,-1.167890,0.440388,4.216428,-1.311621,1.220210,0.143731
148.648000,-0.619750,3.612260,-1.215890,0.437550,4.220863,-1.353038,1.219952,0.137148
148.699000,-0.619629,3.611910,-1.247524,0.437643,4.220414,-1.393731,1.219877,0.146207
148.747000,-0.619119,3.610251,-1.294500,0.435795,4.221572,-1.432428,1.219244,0.137929
148.797000,-0.618795,3.609038,-1.325817,0.435997,4.220016,-1.471575,1.218967,0.145758
148.849000,-0.618382,3.607201,-1.372792,0.432876,4.222634,-1.513554,1.218154,0.140762
148.899000,-0.618096,3.605639,-1.403576,0.432969,4.220655,-1.552535,1.217777,0.148959
148.947000,-0.617544,3.601818,-1.447983,0.430062,4.220969,-1.590140,1.216893,0.142157
148.997000,-0.617219,3.598817,-1.477475,0.429956,4.217207,-1.627006,1.216134,0.149530
149.046000,-0.616896,3.594301,-1.521714,0.426602,4.216844,-1.666259,1.215092,0.144545
149.096000,-0.616781,3.590894,-1.550598,0.426153,4.212627,-1.702967,1.214192,0.152369
149.147000,-0.616790,3.584282,-1.591548,0.422482,4.209129,-1.740449,1.212650,0.148901
149.199000,-0.616974,3.578876,-1.617263,0.421239,4.202260,-1.775127,1.210988,0.157864
149.246000,-0.617602,3.569285,-1.653461,0.418061,4.196181,-1.809212,1.210619,0.155751
149.298000,-0.618301,3.561909,-1.676556,0.415727,4.186899,-1.839908,1.208233,0.163352
149.349000,-0.619854,3.549393,-1.711194,0.410027,4.178578,-1.874425,1.206867,0.163231
149.349000,-0.622058,3.535545,-1.745833,0.410027,4.178578,-1.874425,1.216014,0.128592
149.349000,-0.622058,3.535545,-1.745833,0.410027,4.178578,-1.874425,1.216014,0.128592
149.401000,-0.623849,3.526061,-1.768553,0.406348,4.167070,-1.904445,1.213341,0.135892
149.401000,-0.634136,3.483872,-1.846779,0.406348,4.167070,-1.904445,1.244735,0.057666
149.601000,-0.635685,3.478487,-1.855161,0.381046,4.122937,-2.014098,1.203769,0.158937
149.698000,-0.640603,3.462411,-1.880199,0.367543,4.101496,-2.060481,1.193644,0.180282
149.749000,-0.646042,3.446085,-1.903822,0.358966,4.090584,-2.085367,1.193909,0.181546
149.799000,-0.649967,3.434994,-1.917970,0.351656,4.077827,-2.104245,1.190161,0.186275
149.846000,-0.656203,3.418268,-1.936793,0.344512,4.068336,-2.122954,1.193322,0.186161
149.899000,-0.660542,3.407133,-1.947741,0.336140,4.054898,-2.138724,1.188686,0.190983
149.948000,-0.667203,3.390657,-1.961763,0.327946,4.044335,-2.156070,1.190636,0.194307
149.996000,-0.671717,3.379828,-1.969512,0.320117,4.032633,-2.166528,1.187388,0.197017
150.048000,-0.678631,3.363657,-1.980150,0.312162,4.019411,-2.180865,1.188144,0.200715
150.095000,-0.683336,3.352917,-1.987242,0.304245,4.008137,-2.189199,1.185170,0.201956
150.149000,-0.690530,3.336883,-1.997845,0.295075,3.996914,-2.200778,1.186195,0.202933
150.199000,-0.695275,3.326542,-2.003993,0.286658,3.985444,-2.209314,1.182516,0.205321
150.248000,-0.702382,3.311321,-2.010816,0.278364,3.975364,-2.217221,1.184405,0.206405
150.295000,-0.707106,3.301329,-2.013764,0.270512,3.965021,-2.221837,1.181619,0.208073
150.348000,-0.714155,3.286518,-2.015787,0.262647,3.954300,-2.229452,1.183248,0.213666
150.348000,-0.721115,3.271918,-2.014929,0.262647,3.954300,-2.229452,1.197261,0.214523
150.348000,-0.723414,3.267081,-2.014003,0.262647,3.954300,-2.229452,1.201910,0.215449
150.407000,-0.727966,3.257458,-2.011192,0.252885,3.941766,-2.230393,1.195971,0.219201
150.407000,-0.743453,3.223904,-1.994475,0.252885,3.941766,-2.230393,1.228013,0.235918
150.407000,-0.743453,3.223904,-1.994475,0.252885,3.941766,-2.230393,1.228013,0.235918
150.606000,-0.747768,3.214273,-1.989407,0.222679,3.900400,-2.222992,1.188502,0.233585
150.797000,-0.764126,3.176275,-1.961900,0.194020,3.859274,-2.197953,1.176662,0.236052
150.848000,-0.767987,3.166785,-1.952431,0.186036,3.849826,-2.191695,1.173330,0.239264
150.896000,-0.771757,3.157259,-1.942958,0.178913,3.839805,-2.180331,1.170318,0.237373
150.946000,-0.777244,3.142904,-1.928748,0.172250,3.830118,-2.171666,1.172093,0.242918
150.995000,-0.780786,3.133294,-1.919250,0.165188,3.819748,-2.160058,1.168797,0.240807
151.045000,-0.785879,3.118947,-1.904342,0.159258,3.809281,-2.148309,1.170404,0.243967
151.096000,-0.789153,3.109340,-1.894132,0.152226,3.798419,-2.135457,1.166630,0.241325
151.143000,-0.793879,3.094865,-1.878701,0.146272,3.787082,-2.124497,1.167497,0.245796
151.198000,-0.796906,3.085176,-1.868363,0.138971,3.775186,-2.110322,1.162747,0.241959
151.247000,-0.801259,3.070579,-1.852819,0.132328,3.762865,-2.098605,1.162258,0.245786
151.295000,-0.804034,3.060810,-1.842452,0.126224,3.752316,-2.086166,1.159121,0.243714
151.347000,-0.808008,3.046103,-1.826901,0.119497,3.738680,-2.072787,1.157552,0.245886
151.347000,-0.811751,3.031341,-1.811338,0.119497,3.738680,-2.072787,1.169424,0.261449
151.347000,-0.811751,3.031341,-1.811338,0.119497,3.738680,-2.072787,1.169424,0.261449
151.402000,-0.812950,3.026399,-1.806135,0.112870,3.726393,-2.058533,1.160661,0.252398
151.596000,-0.821619,2.986604,-1.764473,0.089893,3.675283,-2.008640,1.142423,0.244167
151.648000,-0.824449,2.971558,-1.748892,0.083781,3.657787,-1.994533,1.138328,0.245641
151.698000,-0.826205,2.961502,-1.738505,0.078568,3.646141,-1.981549,1.134612,0.243044
151.748000,-0.828643,2.946387,-1.722925,0.074024,3.631113,-1.968666,1.132986,0.245741
151.748000,-0.830846,2.931229,-1.707360,0.074024,3.631113,-1.968666,1.143952,0.261306
151.748000,-0.830846,2.931229,-1.707360,0.074024,3.631113,-1.968666,1.143952,0.261306
151.806000,-0.832184,2.921101,-1.696997,0.068382,3.617423,-1.953607,1.138369,0.256610
151.998000,-0.836090,2.885201,-1.661869,0.050127,3.563682,-1.903639,1.116117,0.241770
152.046000,-0.837396,2.869658,-1.647404,0.046557,3.548155,-1.891000,1.114329,0.243596
152.096000,-0.838145,2.859250,-1.637919,0.042490,3.535762,-1.879021,1.110490,0.241102
152.149000,-0.839088,2.843582,-1.623919,0.038409,3.519274,-1.865692,1.107502,0.241773
152.199000,-0.839597,2.833097,-1.614740,0.034629,3.506709,-1.854102,1.103641,0.239362
152.249000,-0.840183,2.817318,-1.601196,0.030963,3.489783,-1.841262,1.100502,0.240066
152.249000,-0.840560,2.801469,-1.587953,0.030963,3.489783,-1.841262,1.110553,0.253310
152.304000,-0.840639,2.796173,-1.583605,0.027169,3.475747,-1.828939,1.102231,0.245335
152.395000,-0.840740,2.780264,-1.570660,0.020712,3.449798,-1.808364,1.091043,0.237705
152.447000,-0.840635,2.764355,-1.557717,0.017806,3.433776,-1.795687,1.088597,0.237970
152.499000,-0.840450,2.753751,-1.549089,0.014763,3.420327,-1.784471,1.084303,0.235381
152.545000,-0.840002,2.737836,-1.536199,0.012885,3.406928,-1.774077,1.084020,0.237878
152.597000,-0.839589,2.727223,-1.527638,0.010134,3.393398,-1.762933,1.079730,0.235295
152.647000,-0.838794,2.711176,-1.515231,0.007977,3.376810,-1.751368,1.077074,0.236137
152.698000,-0.838149,2.700329,-1.507715,0.005531,3.363179,-1.741217,1.072924,0.233501
152.746000,-0.837030,2.684011,-1.497033,0.003529,3.347643,-1.730244,1.070956,0.233211
152.796000,-0.836186,2.673093,-1.490197,0.001390,3.334125,-1.721486,1.067003,0.231289
152.849000,-0.834777,2.656679,-1.480287,-0.000757,3.319133,-1.710838,1.065100,0.230551
152.897000,-0.833746,2.645702,-1.473910,-0.002576,3.306029,-1.703019,1.061544,0.229109
152.949000,-0.832065,2.629204,-1.464643,-0.003954,3.291432,-1.693635,1.060336,0.228991
152.998000,-0.830856,2.618172,-1.458688,-0.005594,3.277936,-1.686175,1.056572,0.227487
153.047000,-0.828916,2.601593,-1.450061,-0.006959,3.262367,-1.677403,1.054626,0.227341
153.097000,-0.827540,2.590509,-1.444530,-0.008418,3.248483,-1.670320,1.050663,0.225789
153.145000,-0.825358,2.573852,-1.436546,-0.010165,3.233800,-1.662130,1.048842,0.225584
153.145000,-0.823037,2.557155,-1.428908,-0.010165,3.233800,-1.662130,1.057643,0.233222
153.202000,-0.822235,2.551587,-1.426405,-0.011561,3.217843,-1.654656,1.049327,0.228251
153.297000,-0.819744,2.534896,-1.418895,-0.012533,3.189789,-1.640699,1.039459,0.221804
153.346000,-0.817114,2.518128,-1.411796,-0.011335,3.175601,-1.633057,1.039977,0.221261
153.396000,-0.815283,2.506863,-1.407599,-0.012195,3.161365,-1.627419,1.036013,0.219820
153.449000,-0.812446,2.489941,-1.401746,-0.013211,3.145569,-1.620079,1.033743,0.218333
153.499000,-0.810498,2.478664,-1.397888,-0.013901,3.131282,-1.615250,1.029795,0.217362
153.546000,-0.807496,2.461763,-1.392101,-0.015770,3.119157,-1.609675,1.029075,0.217573
153.598000,-0.805441,2.450506,-1.388243,-0.016332,3.104291,-1.604660,1.024757,0.216416
153.649000,-0.802263,2.433557,-1.382836,-0.016881,3.090443,-1.599734,1.023877,0.216898
153.698000,-0.800083,2.422198,-1.379698,-0.017272,3.076280,-1.595588,1.020106,0.215890
153.748000,-0.796744,2.405135,-1.375364,-0.017314,3.062381,-1.590513,1.019551,0.215149
153.797000,-0.794471,2.393736,-1.372693,-0.017580,3.048145,-1.587078,1.015781,0.214385
153.848000,-0.791000,2.376615,-1.368949,-0.018221,3.033576,-1.582178,1.014291,0.213229
153.899000,-0.788647,2.365185,-1.366612,-0.018378,3.018699,-1.579076,1.010146,0.212464
153.949000,-0.785063,2.348021,-1.363320,-0.018811,3.005824,-1.576176,1.009875,0.212856
153.997000,-0.782641,2.336571,-1.361238,-0.018877,2.991780,-1.573602,1.006297,0.212364
154.050000,-0.778958,2.319381,-1.358281,-0.019372,2.976144,-1.570011,1.004146,0.211730
154.097000,-0.775219,2.302171,-1.355523,-0.019352,2.962353,-1.567748,1.003581,0.212225
154.149000,-0.772699,2.290696,-1.353735,-0.019356,2.948391,-1.565127,1.000044,0.211392
154.197000,-0.770159,2.279226,-1.351946,-0.019269,2.934294,-1.562981,0.996468,0.211034
154.248000,-0.766301,2.261985,-1.349483,-0.018296,2.917742,-1.559561,0.994751,0.210078
154.298000,-0.763699,2.250455,-1.348066,-0.018120,2.902969,-1.557637,0.990788,0.209572
154.348000,-0.759763,2.233165,-1.345949,-0.017936,2.889531,-1.555775,0.990517,0.209826
154.399000,-0.757116,2.221624,-1.344674,-0.017700,2.874436,-1.554013,0.986356,0.209339
154.447000,-0.753110,2.204273,-1.343152,-0.017573,2.859432,-1.551635,0.985011,0.208483
154.495000,-0.750421,2.192692,-1.342298,-0.017293,2.845168,-1.550500,0.981428,0.208202
154.547000,-0.746367,2.175306,-1.341186,-0.016690,2.830886,-1.548029,0.980925,0.206843
154.596000,-0.743650,2.163695,-1.340555,-0.016353,2.816283,-1.547173,0.977155,0.206618
154.647000,-0.739560,2.146282,-1.339613,-0.015600,2.803043,-1.546607,0.977472,0.206994
154.697000,-0.736824,2.134676,-1.338985,-0.015237,2.788142,-1.545822,0.973502,0.206837
154.746000,-0.732706,2.117268,-1.338049,-0.015303,2.772704,-1.544446,0.971732,0.206397
154.799000,-0.729944,2.105629,-1.337632,-0.014878,2.756862,-1.543686,0.967173,0.206054
154.849000,-0.725788,2.088144,-1.337292,-0.014650,2.741976,-1.542846,0.966030,0.205554
154.896000,-0.723013,2.076480,-1.337171,-0.014254,2.727894,-1.542638,0.962642,0.205468
154.949000,-0.718846,2.058974,-1.337079,-0.013866,2.712800,-1.542203,0.961502,0.205125
154.997000,-0.716068,2.047303,-1.337026,-0.013454,2.698409,-1.542140,0.957917,0.205114
155.047000,-0.711900,2.029801,-1.337010,-0.012669,2.684592,-1.542814,0.957953,0.205804
155.097000,-0.709124,2.018145,-1.337089,-0.012249,2.669620,-1.542848,0.953968,0.205759
155.143000,-0.704965,2.000668,-1.337288,-0.013198,2.655945,-1.542794,0.952854,0.205506
155.143000,-0.700806,1.983175,-1.337457,-0.013198,2.655945,-1.542794,0.961991,0.205337
155.203000,-0.699421,1.977345,-1.337511,-0.012697,2.637971,-1.542998,0.952899,0.205487
155.298000,-0.695269,1.959864,-1.337707,-0.011965,2.609309,-1.542656,0.942700,0.204949
155.349000,-0.691123,1.942392,-1.337974,-0.011040,2.593582,-1.542979,0.941574,0.205005
155.399000,-0.688365,1.930753,-1.338206,-0.010624,2.578636,-1.543226,0.937595,0.205020
155.444000,-0.684234,1.913300,-1.338622,-0.010696,2.565871,-1.543432,0.937819,0.204810
155.497000,-0.681484,1.901662,-1.338911,-0.010263,2.550032,-1.543811,0.933232,0.204900
155.546000,-0.677366,1.884202,-1.339344,-0.010431,2.535675,-1.544226,0.932319,0.204882
155.598000,-0.674624,1.872561,-1.339633,-0.010020,2.520134,-1.544602,0.927927,0.204969
155.648000,-0.670518,1.855099,-1.340066,-0.008621,2.505771,-1.545671,0.928160,0.205604
155.694000,-0.667785,1.843458,-1.340357,-0.008276,2.492024,-1.546004,0.924981,0.205647
155.749000,-0.663692,1.825994,-1.340795,-0.007225,2.475514,-1.546928,0.923485,0.206133
155.796000,-0.660968,1.814351,-1.341087,-0.006891,2.461468,-1.547271,0.920096,0.206183
155.848000,-0.656887,1.796886,-1.341527,-0.006423,2.445713,-1.547187,0.918739,0.205660
155.898000,-0.654172,1.785241,-1.341820,-0.006071,2.430770,-1.547553,0.914736,0.205733
155.948000,-0.650104,1.767772,-1.342259,-0.006564,2.414966,-1.547332,0.912691,0.205073
155.997000,-0.647397,1.756125,-1.342552,-0.006222,2.400322,-1.547691,0.908898,0.205139
156.047000,-0.643348,1.738673,-1.343062,-0.006315,2.385430,-1.547914,0.907802,0.204852
156.099000,-0.640654,1.727041,-1.343412,-0.005961,2.369911,-1.548369,0.903392,0.204957
156.148000,-0.636617,1.709571,-1.344001,-0.005011,2.355218,-1.548555,0.903209,0.204554
156.196000,-0.633934,1.697932,-1.344473,-0.004692,2.340888,-1.549055,0.899632,0.204581
156.246000,-0.629920,1.680471,-1.345215,-0.003932,2.326649,-1.549667,0.899671,0.204452
156.298000,-0.627251,1.668829,-1.345710,-0.003606,2.311125,-1.550310,0.895253,0.204600
156.349000,-0.623259,1.651363,-1.346452,-0.001788,2.296084,-1.551235,0.895484,0.204783
156.397000,-0.620609,1.639733,-1.347073,-0.001507,2.281774,-1.551854,0.891910,0.204782
156.448000,-0.616659,1.622315,-1.348533,-0.000367,2.267749,-1.553381,0.892413,0.204848
156.498000,-0.614044,1.610715,-1.349773,-0.000109,2.252887,-1.554730,0.888427,0.204957
156.547000,-0.610152,1.593307,-1.351866,-0.000168,2.240269,-1.556228,0.889179,0.204362
156.597000,-0.607574,1.581685,-1.353275,0.000042,2.225391,-1.557996,0.885186,0.204721
156.648000,-0.603737,1.564236,-1.355351,0.000874,2.211733,-1.560267,0.885892,0.204917
156.697000,-0.601202,1.552610,-1.356864,0.001024,2.197156,-1.562000,0.882109,0.205137
156.749000,-0.597432,1.535157,-1.359310,0.001160,2.182275,-1.564640,0.881518,0.205330
156.798000,-0.594943,1.523514,-1.360974,0.001243,2.167690,-1.566665,0.877724,0.205690
156.847000,-0.591244,1.506041,-1.363469,0.001379,2.153736,-1.568750,0.877902,0.205281
156.896000,-0.588800,1.494371,-1.365161,0.001402,2.139131,-1.570796,0.874102,0.205635
156.947000,-0.585169,1.476855,-1.367711,0.001058,2.123529,-1.573045,0.872841,0.205334
156.999000,-0.582771,1.465157,-1.369348,0.001014,2.108007,-1.575240,0.868367,0.205892
157.048000,-0.579185,1.447546,-1.370145,0.001239,2.093360,-1.576665,0.868313,0.206520
157.095000,-0.576798,1.435812,-1.370146,0.001150,2.079290,-1.576939,0.864921,0.206792
157.145000,-0.573218,1.418215,-1.369965,0.000283,2.061507,-1.578693,0.861816,0.208727
157.195000,-0.570832,1.406505,-1.369739,0.000164,2.046568,-1.578498,0.857740,0.208759
157.247000,-0.567249,1.388943,-1.369298,0.000172,2.030832,-1.578710,0.856731,0.209412
157.295000,-0.564856,1.377237,-1.368974,0.000060,2.016494,-1.578341,0.853100,0.209367
157.347000,-0.561259,1.359678,-1.368467,-0.000942,2.000352,-1.577994,0.851127,0.209527
157.396000,-0.558858,1.347985,-1.368081,-0.001047,1.985728,-1.577564,0.847272,0.209482
157.449000,-0.555247,1.330444,-1.367461,-0.002244,1.970028,-1.577180,0.845506,0.209719
157.500000,-0.552836,1.318764,-1.366994,-0.002340,1.954822,-1.576632,0.841199,0.209638
157.545000,-0.549208,1.301244,-1.366253,-0.002589,1.940256,-1.576003,0.840910,0.209751
157.597000,-0.546782,1.289565,-1.365757,-0.002667,1.924749,-1.575358,0.836373,0.209602
157.649000,-0.543132,1.272047,-1.365015,-0.003003,1.907747,-1.574231,0.834179,0.209215
157.695000,-0.540692,1.260370,-1.364521,-0.003048,1.894028,-1.573662,0.831014,0.209141
157.747000,-0.537020,1.242856,-1.363779,-0.002658,1.878934,-1.573087,0.830746,0.209308
157.798000,-0.534565,1.231180,-1.363298,-0.002690,1.863721,-1.572461,0.826438,0.209163
157.848000,-0.530872,1.213667,-1.362576,-0.002591,1.849606,-1.571690,0.826741,0.209114
157.896000,-0.528399,1.201975,-1.362162,-0.002600,1.835266,-1.571130,0.823117,0.208968
157.947000,-0.524678,1.184422,-1.361693,-0.003578,1.818309,-1.570475,0.820584,0.208782
157.998000,-0.522195,1.172730,-1.361391,-0.003572,1.803069,-1.570093,0.816270,0.208702
158.047000,-0.518464,1.155194,-1.360934,-0.003056,1.788487,-1.569838,0.816520,0.208904
158.099000,-0.515971,1.143498,-1.360637,-0.003039,1.772941,-1.569444,0.811971,0.208807
158.149000,-0.512223,1.125943,-1.360259,-0.003223,1.758407,-1.569102,0.811844,0.208844
158.196000,-0.509721,1.114241,-1.360024,-0.003198,1.744346,-1.568817,0.808454,0.208794
158.246000,-0.505962,1.096689,-1.359671,-0.003186,1.729634,-1.568462,0.808334,0.208791
158.296000,-0.503453,1.084988,-1.359436,-0.003150,1.714676,-1.568168,0.804245,0.208732
158.348000,-0.499684,1.067437,-1.359087,-0.003156,1.699422,-1.567611,0.803707,0.208524
158.398000,-0.497166,1.055727,-1.358897,-0.003106,1.684450,-1.567336,0.799617,0.208438
158.447000,-0.493384,1.038158,-1.358669,-0.002996,1.670053,-1.566837,0.799857,0.208167
158.498000,-0.490860,1.026441,-1.358545,-0.002935,1.654771,-1.566658,0.795531,0.208113
158.545000,-0.487071,1.008867,-1.358358,-0.002288,1.642008,-1.566294,0.797423,0.207936
158.597000,-0.484543,0.997150,-1.358245,-0.002217,1.626426,-1.566136,0.792860,0.207891
158.648000,-0.480749,0.979575,-1.358077,-0.002647,1.610990,-1.566274,0.792002,0.208197
158.699000,-0.478217,0.967859,-1.357965,-0.002577,1.595707,-1.566131,0.787672,0.208166
158.748000,-0.474417,0.950279,-1.357816,-0.001781,1.581331,-1.566431,0.788423,0.208615
158.798000,-0.471881,0.938556,-1.357801,-0.001713,1.566338,-1.566342,0.784327,0.208541
158.846000,-0.468079,0.920972,-1.357843,-0.001611,1.552136,-1.566016,0.784831,0.208173
158.846000,-0.464279,0.903395,-1.357934,-0.001611,1.552136,-1.566016,0.796823,0.208082
158.901000,-0.463012,0.897536,-1.357971,-0.001532,1.535652,-1.566072,0.787500,0.208102
158.998000,-0.459214,0.879952,-1.358064,-0.002128,1.505184,-1.565740,0.774494,0.207675
159.044000,-0.455416,0.862366,-1.358129,-0.001194,1.491599,-1.565632,0.776049,0.207503
159.099000,-0.452887,0.850654,-1.358215,-0.001108,1.475123,-1.565705,0.770756,0.207490
159.146000,-0.449097,0.833088,-1.358398,-0.000622,1.460984,-1.565946,0.771611,0.207548
159.197000,-0.446574,0.821382,-1.358549,-0.000548,1.445716,-1.566114,0.767289,0.207566
159.245000,-0.442792,0.803821,-1.358798,-0.000042,1.432841,-1.566716,0.769216,0.207918
159.296000,-0.440274,0.792116,-1.358978,0.000020,1.417576,-1.566933,0.764891,0.207956
159.347000,-0.436500,0.774558,-1.359256,-0.001794,1.401662,-1.567487,0.763040,0.208231
159.399000,-0.433982,0.762828,-1.359348,-0.001745,1.386068,-1.567697,0.758457,0.208349
159.449000,-0.430205,0.745233,-1.359374,-0.002689,1.369936,-1.568103,0.756983,0.208729
159.496000,-0.427688,0.733502,-1.359383,-0.002651,1.355839,-1.568115,0.753630,0.208732
159.549000,-0.423912,0.715907,-1.359398,-0.002017,1.339350,-1.568117,0.752779,0.208720
159.599000,-0.421394,0.704177,-1.359407,-0.001977,1.324353,-1.568129,0.748685,0.208722
159.647000,-0.417620,0.686591,-1.359348,-0.001929,1.310113,-1.567883,0.749386,0.208535
159.699000,-0.415103,0.674865,-1.359296,-0.001883,1.294522,-1.567813,0.744799,0.208516
159.748000,-0.411325,0.657274,-1.359232,-0.000997,1.279895,-1.567731,0.745671,0.208499
159.797000,-0.408807,0.645549,-1.359237,-0.000951,1.265204,-1.567695,0.741834,0.208459
159.845000,-0.405030,0.627962,-1.359298,-0.001513,1.251453,-1.568071,0.742675,0.208772
159.896000,-0.402512,0.616232,-1.359317,-0.001472,1.236156,-1.568121,0.738335,0.208804
159.948000,-0.398734,0.598635,-1.359311,-0.000518,1.220630,-1.568031,0.738548,0.208721
159.998000,-0.396217,0.586914,-1.359346,-0.000476,1.205644,-1.568037,0.734465,0.208691
160.044000,-0.392444,0.569333,-1.359453,0.001004,1.192072,-1.567710,0.736618,0.208257
160.099000,-0.389935,0.557631,-1.359609,0.001057,1.175614,-1.567841,0.731285,0.208232
160.147000,-0.386175,0.540082,-1.359937,0.001041,1.161862,-1.567785,0.732494,0.207848
160.196000,-0.383672,0.528381,-1.360173,0.001084,1.147205,-1.568064,0.728684,0.207891
160.247000,-0.379923,0.510828,-1.360528,0.002317,1.132043,-1.568449,0.729394,0.207921
160.298000,-0.377430,0.499138,-1.360811,0.002352,1.116802,-1.568764,0.725082,0.207953
160.346000,-0.373696,0.481603,-1.361257,0.001410,1.102026,-1.569512,0.725004,0.208255
160.398000,-0.371212,0.469911,-1.361558,0.001429,1.086488,-1.569900,0.720436,0.208341
160.445000,-0.367485,0.452342,-1.361910,0.000490,1.073194,-1.570909,0.721708,0.208999
160.497000,-0.364999,0.440610,-1.362040,0.000485,1.057606,-1.571166,0.717121,0.209126
160.547000,-0.361270,0.423006,-1.362129,0.000245,1.042349,-1.571892,0.717132,0.209763
160.599000,-0.358785,0.411271,-1.362137,0.000227,1.026754,-1.571943,0.712538,0.209806
160.648000,-0.355058,0.393668,-1.362107,0.000452,1.010955,-1.571924,0.712342,0.209817
160.648000,-0.351329,0.376061,-1.362079,0.000452,1.010955,-1.571924,0.725838,0.209845
160.648000,-0.351329,0.376061,-1.362079,0.000452,1.010955,-1.571924,0.725838,0.209845
160.705000,-0.348843,0.364323,-1.362063,0.000433,0.993857,-1.571892,0.719935,0.209829
160.900000,-0.338899,0.317384,-1.362056,0.000987,0.934530,-1.570614,0.704551,0.208557
160.947000,-0.336416,0.305658,-1.362137,0.000711,0.920955,-1.570675,0.701601,0.208537
160.999000,-0.332691,0.288064,-1.362257,0.000712,0.905369,-1.570781,0.701586,0.208524
161.047000,-0.330209,0.276334,-1.362329,0.001324,0.891525,-1.571510,0.698838,0.209181
161.099000,-0.327729,0.264606,-1.362411,0.001312,0.875942,-1.571607,0.694262,0.209196
161.147000,-0.324010,0.247014,-1.362541,0.001501,0.861279,-1.571877,0.695183,0.209336
161.199000,-0.321532,0.235286,-1.362630,0.001484,0.845697,-1.571990,0.690609,0.209361
161.249000,-0.317818,0.217694,-1.362763,0.001983,0.830664,-1.571396,0.691379,0.208633
161.296000,-0.315343,0.205966,-1.362852,0.001974,0.816580,-1.571501,0.688142,0.208649
161.346000,-0.311632,0.188373,-1.362986,0.002174,0.799314,-1.570554,0.686821,0.207568
161.399000,-0.309162,0.176656,-1.363118,0.002179,0.783447,-1.570685,0.682003,0.207567
161.449000,-0.305463,0.159088,-1.363404,0.003441,0.769452,-1.570508,0.684080,0.207104
161.497000,-0.303003,0.147392,-1.363676,0.003446,0.755110,-1.570769,0.680612,0.207093
161.547000,-0.299321,0.129847,-1.364113,0.005359,0.741887,-1.571471,0.683683,0.207358
161.596000,-0.296870,0.118150,-1.364411,0.005348,0.727247,-1.571829,0.679952,0.207418
161.647000,-0.293206,0.100627,-1.365006,0.004753,0.713454,-1.572814,0.681423,0.207808
161.695000,-0.290767,0.088931,-1.365399,0.004722,0.699117,-1.573305,0.677968,0.207906
161.746000,-0.287115,0.071378,-1.365929,0.003045,0.684947,-1.574365,0.678719,0.208435
161.797000,-0.284680,0.059649,-1.366192,0.002988,0.669675,-1.574779,0.674451,0.208587
161.847000,-0.281031,0.042050,-1.366573,0.001856,0.652499,-1.575592,0.672810,0.209020
161.847000,-0.277390,0.024450,-1.366953,0.001856,0.652499,-1.575592,0.687331,0.208639
161.847000,-0.276177,0.018583,-1.367080,0.001856,0.652499,-1.575592,0.692208,0.208512
161.901000,-0.274966,0.012716,-1.367207,0.001775,0.636324,-1.575935,0.682255,0.208728
162.097000,-0.266491,-0.028352,-1.367247,0.001495,0.574569,-1.575737,0.659795,0.208490
162.148000,-0.262858,-0.045950,-1.367198,0.001527,0.559473,-1.575662,0.660633,0.208464
162.199000,-0.260435,-0.057682,-1.367148,0.001452,0.544200,-1.575617,0.656389,0.208468
162.247000,-0.256798,-0.075290,-1.367018,0.001462,0.530588,-1.576124,0.658625,0.209106
162.299000,-0.254372,-0.087026,-1.366916,0.001379,0.515010,-1.576005,0.654106,0.209089
162.348000,-0.250731,-0.104628,-1.366748,0.000993,0.500703,-1.576618,0.655584,0.209870
162.399000,-0.248304,-0.116353,-1.366601,0.000904,0.485436,-1.576461,0.651348,0.209861
162.450000,-0.244660,-0.133941,-1.366338,0.000118,0.469179,-1.576261,0.650899,0.209923
162.496000,-0.242229,-0.145656,-1.366118,0.000042,0.455420,-1.576043,0.648065,0.209925
162.547000,-0.238578,-0.163228,-1.365734,-0.000384,0.439240,-1.574925,0.647845,0.209191
162.597000,-0.236140,-0.174942,-1.365466,-0.000445,0.424283,-1.574598,0.643912,0.209132
162.649000,-0.232477,-0.192514,-1.365058,0.001916,0.408865,-1.573531,0.645443,0.208473
162.696000,-0.230027,-0.204247,-1.364972,0.001882,0.394781,-1.573265,0.642352,0.208293
162.747000,-0.226354,-0.221844,-1.365077,0.001668,0.381744,-1.573393,0.645224,0.208316
162.799000,-0.223965,-0.233298,-1.365473,0.618631,0.411558,-1.546174,1.061041,0.180701
162.846000,-0.220885,-0.248180,-1.368419,0.618369,0.402668,-1.548000,1.062050,0.179581
162.898000,-0.219181,-0.256556,-1.371967,0.618636,0.391463,-1.551375,1.059182,0.179408
162.948000,-0.217159,-0.266772,-1.379697,0.619586,0.386639,-1.554382,1.061645,0.174685
162.997000,-0.216157,-0.272042,-1.386429,0.619696,0.380053,-1.561459,1.060131,0.175030
163.049000,-0.215105,-0.277865,-1.398655,0.622836,0.380995,-1.567759,1.065947,0.169104
163.097000,-0.214492,-0.281481,-1.407084,0.622838,0.376594,-1.577832,1.064982,0.170748
163.148000,-0.213630,-0.286915,-1.419726,0.626680,0.377596,-1.586705,1.071306,0.166980
163.197000,-0.213093,-0.290544,-1.428154,0.626598,0.373103,-1.597030,1.070284,0.168876
163.247000,-0.212448,-0.295250,-1.441548,0.627167,0.374859,-1.610722,1.074243,0.169174
163.247000,-0.211927,-0.299471,-1.455438,0.627167,0.374859,-1.610722,1.076476,0.155284
163.303000,-0.211821,-0.300403,-1.460548,0.626987,0.370920,-1.623417,1.074372,0.162869
163.396000,-0.211728,-0.301285,-1.477878,0.629231,0.373724,-1.648986,1.078355,0.171107
163.445000,-0.211728,-0.301285,-1.498120,0.632372,0.377426,-1.661044,1.083122,0.162923
163.498000,-0.211728,-0.301285,-1.513189,0.632372,0.377426,-1.679754,1.083122,0.166566
163.545000,-0.211728,-0.301285,-1.538231,0.633428,0.381741,-1.694691,1.086653,0.156460
163.598000,-0.211728,-0.301285,-1.556227,0.633428,0.381741,-1.717568,1.086653,0.161342
163.647000,-0.211728,-0.301285,-1.583269,0.635691,0.382941,-1.735227,1.089167,0.151958
163.699000,-0.211728,-0.301285,-1.602113,0.635691,0.382941,-1.758909,1.089167,0.156796
163.746000,-0.211728,-0.301285,-1.632899,0.637240,0.386419,-1.781362,1.092558,0.148463
163.798000,-0.211728,-0.301285,-1.655023,0.637240,0.386419,-1.808877,1.092558,0.153854
163.847000,-0.211738,-0.301369,-1.690609,0.641006,0.388415,-1.832911,1.096801,0.142301
163.899000,-0.211828,-0.302034,-1.715918,0.640781,0.387610,-1.864600,1.096609,0.148682
163.946000,-0.212242,-0.304486,-1.756320,0.641741,0.386362,-1.890776,1.098435,0.134457
163.998000,-0.212771,-0.307091,-1.784828,0.640647,0.383148,-1.926593,1.097612,0.141765
164.048000,-0.214057,-0.312425,-1.827123,0.638322,0.379013,-1.958435,1.097559,0.131312
164.095000,-0.215300,-0.316913,-1.853874,0.636197,0.373959,-1.990953,1.096518,0.137079
164.149000,-0.217832,-0.325014,-1.891649,0.631174,0.367334,-2.028221,1.095516,0.136572
164.198000,-0.220008,-0.331306,-1.915234,0.627510,0.360047,-2.058248,1.093735,0.143015
164.248000,-0.224071,-0.342049,-1.948211,0.622374,0.353550,-2.092786,1.095595,0.144575
164.296000,-0.227346,-0.350064,-1.968704,0.617122,0.344586,-2.118424,1.093464,0.149720
164.348000,-0.233166,-0.363330,-1.999114,0.611557,0.333186,-2.148866,1.094848,0.149753
164.398000,-0.237691,-0.372980,-2.018990,0.604217,0.322092,-2.174103,1.091757,0.155113
164.449000,-0.244355,-0.386372,-2.046447,0.597032,0.311895,-2.200496,1.093394,0.154049
164.498000,-0.250560,-0.398053,-2.071421,0.590610,0.303203,-2.222138,1.095138,0.150717
164.549000,-0.254851,-0.405747,-2.087853,0.583656,0.296364,-2.248073,1.093643,0.160220
164.596000,-0.259269,-0.413369,-2.104286,0.577129,0.288329,-2.267382,1.091762,0.163095
164.646000,-0.266138,-0.424679,-2.128873,0.571281,0.278454,-2.288519,1.093465,0.159646
164.695000,-0.271041,-0.432397,-2.144266,0.563866,0.270073,-2.308292,1.091116,0.164026
164.748000,-0.278767,-0.444085,-2.164955,0.556575,0.261443,-2.329110,1.093420,0.164155
164.794000,-0.284093,-0.451863,-2.177148,0.549072,0.253616,-2.344236,1.091725,0.167088
164.849000,-0.292289,-0.463471,-2.194024,0.539489,0.244977,-2.365665,1.092590,0.171640
164.897000,-0.297862,-0.471133,-2.205247,0.531349,0.237039,-2.379132,1.090458,0.173885
164.949000,-0.306485,-0.482645,-2.222036,0.521543,0.229815,-2.396667,1.092350,0.174632
164.998000,-0.312374,-0.490283,-2.233219,0.512833,0.221833,-2.410367,1.089988,0.177149
165.048000,-0.321367,-0.501615,-2.249993,0.503542,0.213647,-2.424428,1.091821,0.174435
165.096000,-0.330560,-0.512809,-2.266750,0.494794,0.206070,-2.437847,1.094530,0.171098
165.147000,-0.336916,-0.520332,-2.277915,0.483980,0.199223,-2.452758,1.091617,0.174843
165.197000,-0.343420,-0.527856,-2.289094,0.474359,0.191354,-2.466718,1.089048,0.177625
165.244000,-0.353381,-0.539062,-2.305905,0.464200,0.185465,-2.480891,1.092419,0.174986
165.295000,-0.360177,-0.546494,-2.317102,0.454038,0.177627,-2.495186,1.089631,0.178084
165.345000,-0.370576,-0.557552,-2.333904,0.444671,0.172090,-2.510411,1.094077,0.176507
165.397000,-0.377666,-0.564882,-2.345056,0.433946,0.164308,-2.524963,1.091069,0.179907
165.446000,-0.388505,-0.575782,-2.361750,0.424595,0.157421,-2.538732,1.094861,0.176982
165.496000,-0.395865,-0.582980,-2.372897,0.413972,0.150163,-2.552651,1.092398,0.179754
165.548000,-0.407105,-0.593670,-2.389672,0.402530,0.144871,-2.568346,1.095879,0.178673
165.599000,-0.414761,-0.600750,-2.400788,0.391339,0.137696,-2.582591,1.093207,0.181803
165.646000,-0.426450,-0.611263,-2.417394,0.380737,0.131716,-2.596120,1.097072,0.178726
165.698000,-0.434381,-0.618201,-2.428449,0.369006,0.124649,-2.610505,1.094192,0.182056
165.748000,-0.446478,-0.628490,-2.445052,0.356379,0.120249,-2.625542,1.097811,0.180490
165.794000,-0.454707,-0.635296,-2.455999,0.345673,0.114228,-2.638244,1.096538,0.182245
165.846000,-0.467253,-0.645389,-2.472255,0.334099,0.107603,-2.652206,1.099619,0.179950
165.899000,-0.480021,-0.655323,-2.488540,0.321479,0.100931,-2.666561,1.101962,0.178021
165.947000,-0.488661,-0.661859,-2.499442,0.310155,0.097364,-2.680828,1.102055,0.181386
165.997000,-0.497437,-0.668348,-2.510171,0.297917,0.091341,-2.694405,1.099870,0.184234
166.048000,-0.510794,-0.677954,-2.526015,0.283935,0.086646,-2.708413,1.102818,0.182398
166.095000,-0.519848,-0.684287,-2.536398,0.272131,0.081238,-2.720763,1.101481,0.184365
166.149000,-0.533615,-0.693656,-2.551762,0.257782,0.076207,-2.736038,1.104082,0.184275
166.199000,-0.542938,-0.699827,-2.561810,0.244925,0.070732,-2.748769,1.102038,0.186959
166.245000,-0.557098,-0.708951,-2.576637,0.233412,0.067246,-2.761443,1.107875,0.184806
166.297000,-0.566678,-0.714959,-2.586255,0.219749,0.061839,-2.774198,1.105388,0.187943
166.348000,-0.581220,-0.723840,-2.600286,0.206633,0.057504,-2.787992,1.109600,0.187706
166.398000,-0.591042,-0.729684,-2.609361,0.193218,0.052597,-2.799572,1.107712,0.190212
166.447000,-0.605929,-0.738319,-2.622607,0.181086,0.048650,-2.812106,1.112974,0.189499
166.496000,-0.615967,-0.743995,-2.631183,0.167707,0.044119,-2.822825,1.111427,0.191642
166.549000,-0.631171,-0.752383,-2.643662,0.153673,0.039922,-2.835023,1.115226,0.191361
166.597000,-0.641413,-0.757898,-2.651698,0.140353,0.035746,-2.844904,1.114014,0.193206
166.648000,-0.647335,-0.761038,-2.662865,0.138747,0.037031,-2.856506,1.120197,0.193641
166.699000,-0.647335,-0.761038,-2.668837,0.138715,0.037023,-2.865311,1.120168,0.196473
166.746000,-0.647335,-0.761038,-2.675396,0.138154,0.037472,-2.875239,1.120094,0.199843
166.798000,-0.647335,-0.761038,-2.679074,0.138154,0.037472,-2.880107,1.120094,0.201033
166.848000,-0.647335,-0.761038,-2.679927,0.137104,0.038008,-2.888049,1.119741,0.208123
166.896000,-0.647335,-0.761038,-2.679944,0.137104,0.038008,-2.888806,1.119741,0.208862
166.949000,-0.647335,-0.761038,-2.679944,0.135336,0.038461,-2.893387,1.118827,0.213443
166.999000,-0.647335,-0.761038,-2.679944,0.135336,0.038461,-2.893387,1.118827,0.213443
167.046000,-0.647335,-0.761038,-2.679944,0.135835,0.037522,-2.894437,1.118505,0.214493
167.095000,-0.647335,-0.761038,-2.679944,0.135835,0.037522,-2.894437,1.118505,0.214493
167.147000,-0.647335,-0.761038,-2.679944,0.136060,0.036474,-2.894538,1.117915,0.214594
167.198000,-0.647335,-0.761038,-2.679944,0.136060,0.036474,-2.894538,1.117915,0.214594
167.246000,-0.647335,-0.761038,-2.679944,0.135615,0.036108,-2.894679,1.117342,0.214735
167.299000,-0.647335,-0.761038,-2.679944,0.135615,0.036108,-2.894679,1.117342,0.214735
167.347000,-0.647335,-0.761038,-2.679944,0.135233,0.035636,-2.894502,1.116738,0.214558
167.396000,-0.647335,-0.761038,-2.679944,0.135233,0.035636,-2.894502,1.116738,0.214558
167.449000,-0.647335,-0.761038,-2.679944,0.135278,0.034971,-2.894828,1.116295,0.214884
167.498000,-0.647335,-0.761038,-2.679944,0.135278,0.034971,-2.894828,1.116295,0.214884
167.546000,-0.647335,-0.761038,-2.679944,0.135287,0.034890,-2.894779,1.116244,0.214835
167.599000,-0.647335,-0.761038,-2.679944,0.135287,0.034890,-2.894779,1.116244,0.214835
167.649000,-0.647335,-0.761038,-2.679944,0.135002,0.034769,-2.894912,1.115957,0.214967
167.695000,-0.647335,-0.761038,-2.679944,0.135002,0.034769,-2.894912,1.115957,0.214967
167.746000,-0.647335,-0.761038,-2.679944,0.134460,0.033748,-2.894956,1.114850,0.215012
167.798000,-0.647335,-0.761038,-2.679944,0.134460,0.033748,-2.894956,1.114850,0.215012
167.846000,-0.647335,-0.761038,-2.679944,0.135487,0.033888,-2.894906,1.115670,0.214962
167.898000,-0.647335,-0.761038,-2.679944,0.135487,0.033888,-2.894906,1.115670,0.214962
167.948000,-0.647335,-0.761038,-2.679944,0.135930,0.033174,-2.894835,1.115472,0.214891
167.996000,-0.647335,-0.761038,-2.679944,0.135930,0.033174,-2.894835,1.115472,0.214891
168.047000,-0.647335,-0.761038,-2.679944,0.134929,0.032915,-2.894783,1.114585,0.214839
168.098000,-0.647335,-0.761038,-2.679944,0.134929,0.032915,-2.894783,1.114585,0.214839
168.146000,-0.647335,-0.761038,-2.679944,0.135298,0.033433,-2.894890,1.115213,0.214946
168.198000,-0.647335,-0.761038,-2.679944,0.135298,0.033433,-2.894890,1.115213,0.214946
168.246000,-0.647335,-0.761038,-2.679944,0.135522,0.033013,-2.894922,1.115070,0.214978
168.296000,-0.647335,-0.761038,-2.679944,0.135522,0.033013,-2.894922,1.115070,0.214978
168.346000,-0.647335,-0.761038,-2.679944,0.134780,0.033461,-2.894855,1.114869,0.214911
168.397000,-0.647335,-0.761038,-2.679944,0.134780,0.033461,-2.894855,1.114869,0.214911
168.447000,-0.647335,-0.761038,-2.679944,0.135475,0.032905,-2.895018,1.114961,0.215074
168.495000,-0.647335,-0.761038,-2.679944,0.135475,0.032905,-2.895018,1.114961,0.215074
168.544000,-0.647335,-0.761038,-2.679944,0.135361,0.032435,-2.894951,1.114547,0.215007
168.595000,-0.647335,-0.761038,-2.679944,0.135361,0.032435,-2.894951,1.114547,0.215007
168.648000,-0.647335,-0.761038,-2.679944,0.135629,0.032270,-2.895059,1.114617,0.215115
168.699000,-0.647335,-0.761038,-2.679944,0.135629,0.032270,-2.895059,1.114617,0.215115
168.749000,-0.647335,-0.761038,-2.679944,0.135671,0.031931,-2.895080,1.114406,0.215136
168.799000,-0.647335,-0.761038,-2.679944,0.135671,0.031931,-2.895080,1.114406,0.215136
168.848000,-0.647335,-0.761038,-2.679944,0.135531,0.032255,-2.895069,1.114538,0.215125
168.897000,-0.647335,-0.761038,-2.679944,0.135531,0.032255,-2.895069,1.114538,0.215125
168.948000,-0.647335,-0.761038,-2.679944,0.135050,0.032033,-2.895018,1.114042,0.215074
168.999000,-0.647335,-0.761038,-2.679944,0.135050,0.032033,-2.895018,1.114042,0.215074
169.047000,-0.647335,-0.761038,-2.679944,0.134329,0.031614,-2.895041,1.113237,0.215096
169.098000,-0.647335,-0.761038,-2.679944,0.134329,0.031614,-2.895041,1.113237,0.215096
169.149000,-0.647335,-0.761038,-2.679944,0.134614,0.031727,-2.895111,1.113518,0.215167
169.196000,-0.647335,-0.761038,-2.679944,0.134614,0.031727,-2.895111,1.113518,0.215167
169.248000,-0.647335,-0.761038,-2.679944,0.134458,0.031558,-2.895017,1.113288,0.215073
169.297000,-0.647335,-0.761038,-2.679944,0.134458,0.031558,-2.895017,1.113288,0.215073
169.347000,-0.647335,-0.761038,-2.679944,0.134308,0.032335,-2.894986,1.113736,0.215042
169.398000,-0.647335,-0.761038,-2.679944,0.134308,0.032335,-2.894986,1.113736,0.215042
169.445000,-0.647335,-0.761038,-2.679944,0.135212,0.032293,-2.895039,1.114341,0.215095
169.499000,-0.647335,-0.761038,-2.679944,0.135212,0.032293,-2.895039,1.114341,0.215095
169.548000,-0.647335,-0.761038,-2.679944,0.135765,0.032350,-2.895128,1.114770,0.215184
169.597000,-0.647335,-0.761038,-2.679944,0.135765,0.032350,-2.895128,1.114770,0.215184
169.648000,-0.647335,-0.761038,-2.679944,0.135465,0.031417,-2.895055,1.113895,0.215111
169.696000,-0.647335,-0.761038,-2.679944,0.135465,0.031417,-2.895055,1.113895,0.215111
169.747000,-0.647335,-0.761038,-2.679944,0.135881,0.032152,-2.894985,1.114710,0.215041
169.799000,-0.647335,-0.761038,-2.679944,0.135881,0.032152,-2.894985,1.114710,0.215041
169.846000,-0.647335,-0.761038,-2.679944,0.134979,0.032018,-2.895089,1.113981,0.215145
169.896000,-0.647335,-0.761038,-2.679944,0.134979,0.032018,-2.895089,1.113981,0.215145
169.948000,-0.647335,-0.761038,-2.679944,0.135088,0.031930,-2.894978,1.113995,0.215034
169.998000,-0.647335,-0.761038,-2.679944,0.135088,0.031930,-2.894978,1.113995,0.215034
170.045000,-0.647335,-0.761038,-2.679944,0.135484,0.032026,-2.895056,1.114342,0.215112
170.095000,-0.647335,-0.761038,-2.679944,0.135484,0.032026,-2.895056,1.114342,0.215112
170.145000,-0.647335,-0.761038,-2.679944,0.135794,0.031323,-2.895040,1.114059,0.215096
170.199000,-0.647335,-0.761038,-2.679944,0.135794,0.031323,-2.895040,1.114059,0.215096
170.248000,-0.647335,-0.761038,-2.679944,0.136537,0.031560,-2.895083,1.114750,0.215139
170.297000,-0.647335,-0.761038,-2.679944,0.136537,0.031560,-2.895083,1.114750,0.215139
170.345000,-0.647335,-0.761038,-2.679944,0.136292,0.031375,-2.895089,1.114446,0.215145
170.397000,-0.647335,-0.761038,-2.679944,0.136292,0.031375,-2.895089,1.114446,0.215145
170.449000,-0.647335,-0.761038,-2.679944,0.135682,0.031844,-2.895167,1.114351,0.215222
170.499000,-0.647335,-0.761038,-2.679944,0.135682,0.031844,-2.895167,1.114351,0.215222
170.548000,-0.647335,-0.761038,-2.679944,0.135634,0.031273,-2.895082,1.113911,0.215138
170.599000,-0.647335,-0.761038,-2.679944,0.135634,0.031273,-2.895082,1.113911,0.215138
170.648000,-0.647335,-0.761038,-2.679944,0.135737,0.031219,-2.895094,1.113945,0.215150
170.696000,-0.647335,-0.761038,-2.679944,0.135737,0.031219,-2.895094,1.113945,0.215150
170.747000,-0.647335,-0.761038,-2.679944,0.135947,0.030810,-2.895171,1.113801,0.215227
170.747000,-0.647335,-0.761038,-2.679944,0.135947,0.030810,-2.895171,1.113801,0.215227
170.747000,-0.647335,-0.761038,-2.679944,0.135947,0.030810,-2.895171,1.113801,0.215227
170.804000,-0.647335,-0.761038,-2.679944,0.135947,0.030810,-2.895171,1.113801,0.215227
170.994000,-0.647335,-0.761038,-2.679944,0.135049,0.030822,-2.894995,1.113179,0.215051
171.046000,-0.647335,-0.761038,-2.679944,0.135195,0.031911,-2.894944,1.114057,0.215000
171.095000,-0.647335,-0.761038,-2.679944,0.135195,0.031911,-2.894944,1.114057,0.215000
171.146000,-0.647335,-0.761038,-2.679944,0.135448,0.031546,-2.895038,1.113975,0.215094
171.198000,-0.647335,-0.761038,-2.679944,0.135448,0.031546,-2.895038,1.113975,0.215094
171.245000,-0.647335,-0.761038,-2.679944,0.135419,0.031427,-2.895025,1.113870,0.215081
171.297000,-0.647335,-0.761038,-2.679944,0.135419,0.031427,-2.895025,1.113870,0.215081
171.345000,-0.647335,-0.761038,-2.679944,0.135208,0.031116,-2.895069,1.113500,0.215125
171.397000,-0.647335,-0.761038,-2.679944,0.135208,0.031116,-2.895069,1.113500,0.215125
171.446000,-0.647335,-0.761038,-2.679944,0.135183,0.031567,-2.895083,1.113803,0.215139
171.496000,-0.647335,-0.761038,-2.679944,0.135183,0.031567,-2.895083,1.113803,0.215139
171.547000,-0.647335,-0.761038,-2.679944,0.136197,0.030716,-2.895055,1.113911,0.215111
171.600000,-0.647335,-0.761038,-2.679944,0.136197,0.030716,-2.895055,1.113911,0.215111
171.646000,-0.647335,-0.761038,-2.679944,0.136392,0.031554,-2.895054,1.114644,0.215110
171.695000,-0.647335,-0.761038,-2.679944,0.136392,0.031554,-2.895054,1.114644,0.215110
171.746000,-0.647335,-0.761038,-2.679944,0.134965,0.031178,-2.894989,1.113374,0.215045
171.797000,-0.647335,-0.761038,-2.679944,0.134965,0.031178,-2.894989,1.113374,0.215045
171.849000,-0.647335,-0.761038,-2.679944,0.135271,0.030271,-2.895065,1.112943,0.215120
171.899000,-0.647335,-0.761038,-2.679944,0.135271,0.030271,-2.895065,1.112943,0.215120
171.944000,-0.647335,-0.761038,-2.679944,0.135705,0.029675,-2.895076,1.112825,0.215132
171.998000,-0.647335,-0.761038,-2.679944,0.135705,0.029675,-2.895076,1.112825,0.215132
172.047000,-0.647335,-0.761038,-2.679944,0.136318,0.029605,-2.895056,1.113207,0.215112
172.096000,-0.647335,-0.761038,-2.679944,0.136318,0.029605,-2.895056,1.113207,0.215112
172.145000,-0.647335,-0.761038,-2.679944,0.135640,0.030628,-2.894992,1.113456,0.215048
172.199000,-0.647335,-0.761038,-2.679944,0.135640,0.030628,-2.894992,1.113456,0.215048
172.247000,-0.647335,-0.761038,-2.679944,0.135828,0.031667,-2.894998,1.114328,0.215054
172.298000,-0.647335,-0.761038,-2.679944,0.135828,0.031667,-2.894998,1.114328,0.215054
172.345000,-0.647335,-0.761038,-2.679944,0.135755,0.030787,-2.895020,1.113650,0.215076
172.399000,-0.647335,-0.761038,-2.679944,0.135755,0.030787,-2.895020,1.113650,0.215076
172.447000,-0.647335,-0.761038,-2.679944,0.135392,0.030353,-2.895081,1.113087,0.215137
172.495000,-0.647335,-0.761038,-2.679944,0.135392,0.030353,-2.895081,1.113087,0.215137
172.547000,-0.647335,-0.761038,-2.679944,0.136001,0.030602,-2.895094,1.113692,0.215150
172.598000,-0.647335,-0.761038,-2.679944,0.136001,0.030602,-2.895094,1.113692,0.215150
172.646000,-0.647335,-0.761038,-2.679944,0.135946,0.030808,-2.895108,1.113800,0.215164
