timestamp,odom_x,odom_y,odom_yaw,slam_x,slam_y,slam_yaw,pos_delta,angle_delta
7.947000,-0.000000,0.000000,-0.000000,-0.000486,-0.000392,0.000010,0.000624,0.000010
8.248000,-0.000000,0.000000,-0.000000,0.001106,0.000674,-0.000111,0.001295,0.000111
8.299000,-0.000000,0.000000,-0.000000,0.001106,0.000674,-0.000111,0.001295,0.000111
8.348000,-0.000000,0.000000,-0.000000,0.000463,0.001122,-0.000065,0.001214,0.000065
8.396000,-0.000000,0.000000,-0.000000,0.000463,0.001122,-0.000065,0.001214,0.000065
8.448000,-0.000000,0.000000,-0.000000,0.000272,0.000474,0.000069,0.000546,0.000069
8.498000,-0.000000,0.000000,-0.000000,0.000272,0.000474,0.000069,0.000546,0.000069
8.546000,-0.000000,0.000000,-0.000000,0.000071,0.000091,-0.000129,0.000116,0.000129
8.546000,-0.000000,0.000000,-0.000000,0.000071,0.000091,-0.000129,0.000116,0.000129
8.546000,-0.000000,0.000000,-0.000000,0.000071,0.000091,-0.000129,0.000116,0.000129
8.546000,-0.000000,0.000000,-0.000000,0.000071,0.000091,-0.000129,0.000116,0.000129
8.600000,-0.000000,0.000000,-0.000000,0.000071,0.000091,-0.000129,0.000116,0.000129
8.665000,-0.000000,0.000000,-0.000000,0.000107,0.000688,-0.000060,0.000697,0.000060
8.899000,-0.000000,0.000000,-0.000000,-0.000014,0.000881,-0.000103,0.000881,0.000103
8.947000,-0.000000,0.000000,-0.000000,-0.000065,0.000259,-0.000048,0.000267,0.000048
8.996000,-0.000000,0.000000,-0.000000,-0.000065,0.000259,-0.000048,0.000267,0.000048
9.047000,-0.000000,0.000000,-0.000000,0.000372,0.000911,-0.000107,0.000984,0.000107
9.098000,-0.000000,0.000000,-0.000000,0.000372,0.000911,-0.000107,0.000984,0.000107
9.148000,-0.000000,0.000000,-0.000000,0.000315,-0.000200,-0.000102,0.000373,0.000102
9.199000,-0.000000,0.000000,-0.000000,0.000315,-0.000200,-0.000102,0.000373,0.000102
9.246000,-0.000000,0.000000,-0.000000,0.001359,-0.000597,-0.000122,0.001485,0.000122
9.295000,-0.000000,0.000000,-0.000000,0.001359,-0.000597,-0.000122,0.001485,0.000122
9.346000,-0.000000,0.000000,-0.000000,0.000807,-0.000060,-0.000065,0.000810,0.000065
9.395000,-0.000000,0.000000,-0.000000,0.000807,-0.000060,-0.000065,0.000810,0.000065
9.448000,-0.000000,0.000000,-0.000000,0.000140,0.000316,-0.000146,0.000346,0.000146
9.496000,-0.000000,0.000000,-0.000000,0.000140,0.000316,-0.000146,0.000346,0.000146
9.547000,-0.000000,0.000000,-0.000000,-0.000650,-0.000062,-0.000143,0.000653,0.000143
9.598000,-0.000000,0.000000,-0.000000,-0.000650,-0.000062,-0.000143,0.000653,0.000143
9.648000,-0.000000,0.000000,-0.000000,-0.000283,0.000563,-0.000155,0.000630,0.000155
9.699000,-0.000000,0.000000,-0.000000,-0.000283,0.000563,-0.000155,0.000630,0.000155
9.747000,-0.000000,0.000000,-0.000000,0.000176,0.001202,-0.000160,0.001215,0.000160
9.798000,-0.000000,0.000000,-0.000000,0.000176,0.001202,-0.000160,0.001215,0.000160
9.846000,-0.000000,0.000000,-0.000000,-0.000229,0.000699,-0.000144,0.000735,0.000144
9.895000,-0.000000,0.000000,-0.000000,-0.000229,0.000699,-0.000144,0.000735,0.000144
9.945000,-0.000000,0.000000,-0.000000,-0.000221,-0.000501,-0.000004,0.000548,0.000004
9.995000,-0.000000,0.000000,-0.000000,-0.000221,-0.000501,-0.000004,0.000548,0.000004
10.047000,-0.000000,0.000000,-0.000000,-0.000037,0.000067,-0.000139,0.000076,0.000139
10.095000,-0.000000,0.000000,-0.000000,-0.000037,0.000067,-0.000139,0.000076,0.000139
10.146000,-0.000000,0.000000,-0.000000,-0.000283,-0.000010,-0.000200,0.000284,0.000200
10.198000,-0.000000,0.000000,-0.000000,-0.000283,-0.000010,-0.000200,0.000284,0.000200
10.246000,-0.000000,0.000000,-0.000000,-0.001121,-0.000080,-0.000172,0.001124,0.000172
10.297000,-0.000000,0.000000,-0.000000,-0.001121,-0.000080,-0.000172,0.001124,0.000172
10.345000,-0.000000,0.000000,-0.000000,-0.000139,-0.000256,-0.000094,0.000291,0.000094
10.397000,-0.000000,0.000000,-0.000000,-0.000139,-0.000256,-0.000094,0.000291,0.000094
10.447000,-0.000000,0.000000,-0.000000,-0.000257,0.000198,-0.000097,0.000324,0.000097
10.498000,-0.000000,0.000000,-0.000000,-0.000257,0.000198,-0.000097,0.000324,0.000097
10.547000,-0.000000,0.000000,-0.000000,-0.000260,0.000269,-0.000201,0.000374,0.000201
10.596000,-0.000000,0.000000,-0.000000,-0.000260,0.000269,-0.000201,0.000374,0.000201
10.649000,-0.000000,0.000000,-0.000000,0.000076,-0.000708,-0.000040,0.000712,0.000040
10.698000,-0.000000,0.000000,-0.000000,0.000076,-0.000708,-0.000040,0.000712,0.000040
10.749000,-0.000000,0.000000,-0.000000,-0.000521,-0.000233,-0.000127,0.000571,0.000127
10.749000,-0.000000,0.000000,-0.000000,-0.000521,-0.000233,-0.000127,0.000571,0.000127
10.749000,-0.000000,0.000000,-0.000000,-0.000521,-0.000233,-0.000127,0.000571,0.000127
10.802000,-0.000000,0.000000,-0.000000,-0.000521,-0.000233,-0.000127,0.000571,0.000127
10.806000,-0.000000,0.000000,-0.000000,-0.000521,-0.000233,-0.000127,0.000571,0.000127
10.998000,-0.000000,0.000000,-0.000000,-0.000071,-0.000376,-0.000152,0.000382,0.000152
11.048000,-0.000000,0.000000,-0.000000,0.000424,0.000249,-0.000249,0.000491,0.000249
11.096000,-0.000000,0.000000,-0.000000,0.000424,0.000249,-0.000249,0.000491,0.000249
11.147000,-0.000000,0.000000,-0.000000,-0.000164,0.000264,-0.000162,0.000311,0.000162
11.197000,-0.000000,0.000000,-0.000000,-0.000164,0.000264,-0.000162,0.000311,0.000162
11.247000,-0.000000,0.000000,-0.000000,-0.000766,-0.000634,-0.000180,0.000994,0.000180
11.297000,-0.000000,0.000000,-0.000000,-0.000766,-0.000634,-0.000180,0.000994,0.000180
11.346000,-0.000000,0.000000,-0.000000,-0.000726,-0.000409,-0.000210,0.000833,0.000210
11.396000,-0.000000,0.000000,-0.000000,-0.000726,-0.000409,-0.000210,0.000833,0.000210
11.446000,-0.000000,0.000000,-0.000000,-0.000406,0.000083,-0.000184,0.000415,0.000184
11.499000,-0.000000,0.000000,-0.000000,-0.000406,0.000083,-0.000184,0.000415,0.000184
11.548000,-0.000000,0.000000,-0.000000,-0.000612,0.000110,-0.000174,0.000621,0.000174
11.597000,-0.000000,0.000000,-0.000000,-0.000612,0.000110,-0.000174,0.000621,0.000174
11.647000,-0.000000,0.000000,-0.000000,-0.000242,0.000397,-0.000204,0.000465,0.000204
11.696000,-0.000000,0.000000,-0.000000,-0.000242,0.000397,-0.000204,0.000465,0.000204
11.749000,-0.000000,0.000000,-0.000000,-0.001109,0.000406,-0.000093,0.001181,0.000093
11.797000,-0.000000,0.000000,-0.000000,-0.001109,0.000406,-0.000093,0.001181,0.000093
11.848000,-0.000000,0.000000,-0.000000,-0.000246,0.000168,-0.000093,0.000298,0.000093
11.897000,-0.000000,0.000000,-0.000000,-0.000246,0.000168,-0.000093,0.000298,0.000093
11.946000,-0.000000,-0.000000,0.000449,-0.000142,-0.000110,-0.000042,0.000180,0.000491
11.999000,-0.000000,0.000000,0.002161,-0.000142,-0.000110,0.000994,0.000180,0.001167
12.048000,-0.000000,0.000000,0.006680,-0.000129,-0.000008,0.002068,0.000130,0.004612
12.096000,-0.000000,-0.000000,0.012073,-0.000129,-0.000008,0.005916,0.000130,0.006156
12.144000,-0.000000,0.000000,0.017145,-0.001067,-0.001927,0.004524,0.002203,0.012621
12.195000,0.000000,0.000000,0.023469,-0.001067,-0.001927,0.011354,0.002203,0.012114
12.247000,-0.000000,0.000000,0.035301,-0.001595,-0.002055,0.022939,0.002601,0.012362
12.299000,-0.000000,-0.000000,0.044789,-0.001595,-0.002055,0.034050,0.002601,0.010739
12.349000,-0.000000,-0.000000,0.061421,-0.002167,-0.001635,0.045788,0.002715,0.015633
12.396000,-0.000000,-0.000000,0.074109,-0.002167,-0.001635,0.059592,0.002715,0.014517
12.447000,-0.000000,-0.000000,0.095541,-0.001084,-0.001923,0.068875,0.002207,0.026666
12.447000,-0.000000,-0.000000,0.119853,-0.001084,-0.001923,0.068875,0.002207,0.050978
12.447000,-0.000000,-0.000000,0.119853,-0.001084,-0.001923,0.068875,0.002207,0.050978
12.502000,-0.000000,-0.000000,0.137552,-0.001084,-0.001923,0.089433,0.002207,0.048119
12.528000,-0.000000,-0.000000,0.182352,-0.002191,-0.003059,0.097725,0.003762,0.084627
12.698000,-0.000000,-0.000000,0.200316,-0.000904,-0.003646,0.166854,0.003756,0.033462
12.749000,-0.000000,0.000000,0.229096,-0.003357,-0.005175,0.195258,0.006168,0.033838
12.795000,-0.000000,-0.000000,0.248936,-0.003357,-0.005175,0.217782,0.006168,0.031154
12.848000,-0.000000,0.000000,0.279320,-0.004059,-0.007170,0.247952,0.008239,0.031368
12.898000,-0.000000,0.000000,0.301064,-0.004059,-0.007170,0.273948,0.008239,0.027116
12.945000,-0.000000,0.000000,0.336080,-0.004520,-0.008051,0.301044,0.009233,0.035036
12.998000,-0.000000,0.000000,0.361024,-0.004520,-0.008051,0.332790,0.009233,0.028234
13.046000,-0.000000,0.000000,0.400840,-0.006544,-0.008371,0.358830,0.010625,0.042010
13.096000,-0.000000,0.000000,0.428984,-0.006544,-0.008371,0.392794,0.010625,0.036190
13.146000,-0.000000,-0.000000,0.473600,-0.007531,-0.012141,0.430285,0.014287,0.043315
13.198000,-0.000000,-0.000000,0.504320,-0.007531,-0.012141,0.469617,0.014287,0.034703
13.247000,-0.000000,-0.000000,0.550400,-0.006004,-0.013392,0.504537,0.014677,0.045863
13.298000,-0.000000,-0.000000,0.581120,-0.006004,-0.013392,0.543705,0.014677,0.037415
13.349000,-0.000000,-0.000000,0.628416,-0.006288,-0.012362,0.579399,0.013869,0.049017
13.396000,-0.000000,-0.000000,0.660416,-0.006288,-0.012362,0.616824,0.013869,0.043592
13.445000,-0.000000,-0.000000,0.708416,-0.007886,-0.016954,0.658666,0.018698,0.049750
13.498000,-0.000000,-0.000000,0.740416,-0.007886,-0.016954,0.701066,0.018698,0.039350
13.546000,-0.000000,-0.000000,0.788416,-0.008197,-0.020678,0.744950,0.022244,0.043466
13.599000,-0.000000,-0.000000,0.836416,-0.008197,-0.020678,0.787350,0.022244,0.049066
13.649000,-0.000000,-0.000000,0.868416,-0.010091,-0.024421,0.833851,0.026424,0.034565
13.699000,-0.000000,-0.000000,0.916416,-0.010091,-0.024421,0.873851,0.026424,0.042565
13.745000,0.000001,0.000001,0.948409,-0.010667,-0.025223,0.915827,0.027387,0.032581
13.797000,0.000256,0.000372,0.979537,-0.010342,-0.024785,0.957157,0.027298,0.022380
13.847000,0.001421,0.002208,1.024773,-0.006511,-0.020885,0.994642,0.024418,0.030132
13.895000,0.002529,0.004095,1.054899,-0.005106,-0.018675,1.030792,0.024016,0.024107
13.948000,0.004093,0.007005,1.100087,-0.004221,-0.017591,1.077312,0.025963,0.022775
13.996000,0.005074,0.009007,1.130053,-0.002976,-0.015222,1.113431,0.025532,0.016621
14.046000,0.006908,0.013137,1.172761,-0.001961,-0.014967,1.150233,0.029470,0.022528
14.097000,0.009121,0.018736,1.215069,0.000040,-0.010382,1.186225,0.030502,0.028844
14.148000,0.010502,0.022620,1.243274,0.001348,-0.009541,1.222644,0.033439,0.020630
14.198000,0.011775,0.026546,1.271416,0.003069,-0.004678,1.257888,0.032415,0.013528
14.246000,0.013685,0.033233,1.312764,0.006729,-0.002412,1.291021,0.036317,0.021744
14.299000,0.014855,0.037928,1.339786,0.008443,0.003758,1.327422,0.034767,0.012363
14.349000,0.016652,0.046306,1.377422,0.009403,0.007769,1.361460,0.039213,0.015962
14.398000,0.017861,0.052897,1.400907,0.011041,0.015813,1.391377,0.037706,0.009531
14.446000,0.019478,0.063371,1.433743,0.008942,0.018419,1.425257,0.046170,0.008486
14.498000,0.020800,0.074178,1.463732,0.010231,0.027721,1.452896,0.047644,0.010836
14.545000,0.021520,0.081521,1.482097,0.016207,0.040643,1.480967,0.041222,0.001131
14.597000,0.022110,0.088899,1.500063,0.017013,0.050229,1.504698,0.039004,0.004636
14.647000,0.022746,0.099993,1.526803,0.020657,0.062002,1.532630,0.038048,0.005827
14.699000,0.023017,0.107591,1.543280,0.020970,0.071870,1.555288,0.035780,0.012008
14.749000,0.023203,0.119183,1.565557,0.021520,0.080552,1.580558,0.038668,0.015001
14.799000,0.023192,0.127019,1.578786,0.021372,0.090345,1.598261,0.036719,0.019475
14.846000,0.022990,0.138905,1.596230,0.020269,0.096198,1.617194,0.042794,0.020963
14.896000,0.022747,0.146875,1.606260,0.019756,0.106151,1.630938,0.040834,0.024679
14.948000,0.022248,0.158738,1.619208,0.016267,0.116945,1.647673,0.042219,0.028466
14.998000,0.021832,0.166632,1.627573,0.015485,0.126796,1.658159,0.040339,0.030585
15.049000,0.021085,0.178467,1.640122,0.014018,0.138324,1.672860,0.040760,0.032739
15.098000,0.020504,0.186351,1.648487,0.013009,0.147956,1.683108,0.039120,0.034621
15.150000,0.019510,0.198167,1.661035,0.010374,0.158173,1.694537,0.041025,0.033501
15.196000,0.018770,0.205987,1.668985,0.009231,0.167131,1.704061,0.040010,0.035076
15.245000,0.017551,0.217666,1.680573,0.005828,0.174794,1.713595,0.044446,0.033022
15.298000,0.016197,0.229330,1.692161,0.004328,0.185057,1.723832,0.045836,0.031670
15.345000,0.015228,0.237033,1.699663,0.003095,0.194674,1.733523,0.044062,0.033861
15.396000,0.014261,0.244312,1.705836,0.001535,0.203938,1.742682,0.042332,0.036846
15.449000,0.012761,0.255053,1.712800,0.002484,0.215112,1.751630,0.041242,0.038829
15.500000,0.011730,0.262184,1.716094,0.000812,0.224146,1.756732,0.039574,0.040638
15.549000,0.010139,0.272876,1.720962,-0.002137,0.232632,1.764960,0.042074,0.043997
15.595000,0.009049,0.279999,1.724208,-0.003744,0.240762,1.768692,0.041270,0.044484
15.647000,0.007373,0.290667,1.728772,-0.005831,0.250860,1.773135,0.041940,0.044363
15.698000,0.006234,0.297759,1.731377,-0.007683,0.259830,1.776777,0.040401,0.045400
15.748000,0.004498,0.308359,1.734629,-0.010252,0.269953,1.781140,0.041141,0.046510
15.797000,0.003325,0.315412,1.736595,-0.012085,0.278517,1.783547,0.039984,0.046952
15.846000,0.001552,0.325936,1.738775,-0.014510,0.285341,1.786456,0.043657,0.047681
15.894000,0.000359,0.332942,1.740101,-0.016338,0.293671,1.788047,0.042673,0.047946
15.946000,-0.001448,0.343447,1.742089,-0.018353,0.302030,1.790157,0.044735,0.048068
15.994000,-0.002658,0.350416,1.743238,-0.020207,0.310313,1.791717,0.043775,0.048479
16.047000,-0.004414,0.360508,1.742491,-0.023206,0.319847,1.792427,0.044794,0.049936
16.099000,-0.005565,0.367183,1.740360,-0.025155,0.328436,1.790944,0.043418,0.050584
16.149000,-0.007251,0.377185,1.734796,-0.027962,0.337086,1.790386,0.045132,0.055590
16.199000,-0.008334,0.383837,1.729482,-0.029802,0.345307,1.784938,0.044107,0.055456
16.246000,-0.009884,0.393838,1.719243,-0.032517,0.356403,1.781840,0.043745,0.062597
16.299000,-0.010856,0.400505,1.711944,-0.034371,0.365136,1.772361,0.042472,0.060417
16.348000,-0.012228,0.410553,1.701067,-0.036492,0.375504,1.766171,0.042629,0.065103
16.400000,-0.013494,0.420638,1.690304,-0.038184,0.384142,1.756780,0.044063,0.066476
16.448000,-0.014281,0.427394,1.683221,-0.040977,0.393386,1.747590,0.043235,0.064369
16.497000,-0.015022,0.434169,1.676218,-0.042428,0.401607,1.738939,0.042560,0.062721
16.549000,-0.016049,0.444379,1.665876,-0.043856,0.410888,1.729281,0.043530,0.063405
16.600000,-0.016678,0.451220,1.659107,-0.045222,0.419539,1.720555,0.042643,0.061448
16.646000,-0.017539,0.461531,1.649162,-0.048332,0.428313,1.712368,0.045296,0.063207
16.698000,-0.018057,0.468422,1.642630,-0.049582,0.437208,1.703807,0.044363,0.061177
16.746000,-0.018754,0.478804,1.632995,-0.050067,0.443937,1.695030,0.046864,0.062035
16.795000,-0.019165,0.485765,1.626723,-0.051107,0.452415,1.687229,0.046179,0.060506
16.849000,-0.019704,0.496250,1.617536,-0.052424,0.460548,1.678117,0.048428,0.060581
16.897000,-0.020011,0.503271,1.611557,-0.053311,0.468934,1.670839,0.047832,0.059282
16.948000,-0.020396,0.513844,1.602796,-0.055177,0.478261,1.663183,0.049759,0.060387
16.998000,-0.020602,0.520914,1.597075,-0.055977,0.487065,1.655945,0.048961,0.058870
17.047000,-0.020836,0.531558,1.588680,-0.056719,0.497959,1.648847,0.049158,0.060167
17.099000,-0.020944,0.538682,1.583216,-0.057425,0.507192,1.641641,0.048192,0.058425
17.145000,-0.021034,0.549406,1.575225,-0.058605,0.515555,1.634312,0.050572,0.059087
17.195000,-0.021047,0.556582,1.570039,-0.059158,0.524506,1.627721,0.049812,0.057682
17.249000,-0.020998,0.567381,1.562456,-0.059765,0.535211,1.619609,0.050376,0.057154
17.296000,-0.020920,0.574610,1.557554,-0.060165,0.543697,1.613736,0.049958,0.056182
17.349000,-0.020737,0.585490,1.550417,-0.060087,0.554166,1.605980,0.050296,0.055563
17.399000,-0.020571,0.592777,1.545828,-0.060395,0.563271,1.600120,0.049563,0.054293
17.445000,-0.020261,0.603742,1.539179,-0.061954,0.572933,1.593593,0.051841,0.054413
17.496000,-0.020013,0.611069,1.534874,-0.062152,0.582277,1.588012,0.051036,0.053138
17.549000,-0.019582,0.622090,1.528599,-0.063891,0.591672,1.580881,0.053745,0.052282
17.598000,-0.019256,0.629452,1.524525,-0.063971,0.600699,1.575812,0.053161,0.051287
17.648000,-0.018710,0.640527,1.518590,-0.065127,0.611195,1.570317,0.054908,0.051727
17.696000,-0.018310,0.647924,1.514745,-0.065111,0.620084,1.565621,0.054456,0.050876
17.746000,-0.017654,0.659050,1.509147,-0.063085,0.628129,1.559786,0.054955,0.050639
17.799000,-0.017180,0.666508,1.505603,-0.062964,0.638027,1.554932,0.053920,0.049329
17.847000,-0.016419,0.677724,1.500533,-0.062883,0.648647,1.549797,0.054812,0.049264
17.900000,-0.015880,0.685204,1.497184,-0.062665,0.658580,1.545352,0.053830,0.048168
17.947000,-0.015025,0.696419,1.492161,-0.063487,0.666795,1.540094,0.056800,0.047934
17.995000,-0.014423,0.703894,1.488811,-0.063201,0.675789,1.536075,0.056296,0.047264
18.047000,-0.013474,0.715102,1.483788,-0.061109,0.684954,1.531273,0.056374,0.047486
18.098000,-0.012809,0.722579,1.480474,-0.060721,0.694516,1.527010,0.055525,0.046536
18.148000,-0.011765,0.733800,1.475561,-0.060698,0.705370,1.522389,0.056592,0.046828
18.199000,-0.011033,0.741339,1.472518,-0.060218,0.715013,1.518277,0.055788,0.045760
18.247000,-0.009880,0.752812,1.468880,-0.059665,0.725474,1.514039,0.056797,0.045158
18.296000,-0.009087,0.760485,1.466809,-0.059120,0.734907,1.511275,0.056192,0.044467
18.345000,-0.007866,0.772020,1.463978,-0.057276,0.743510,1.507408,0.057045,0.043430
18.397000,-0.007032,0.779742,1.462278,-0.056629,0.753584,1.505043,0.056073,0.042765
18.448000,-0.005753,0.791347,1.459962,-0.056044,0.764009,1.501838,0.057241,0.041877
18.496000,-0.004446,0.802983,1.457878,-0.055393,0.773350,1.500048,0.058939,0.042171
18.549000,-0.003560,0.810755,1.456603,-0.055539,0.782468,1.498490,0.059178,0.041887
18.595000,-0.002663,0.818527,1.455378,-0.054885,0.791442,1.497037,0.058828,0.041659
18.646000,-0.001299,0.830203,1.453645,-0.054531,0.801949,1.495359,0.060266,0.041714
18.697000,-0.000378,0.837996,1.452563,-0.053773,0.811925,1.493924,0.059420,0.041361
18.748000,0.001022,0.849704,1.451062,-0.053493,0.821917,1.492509,0.061188,0.041446
18.799000,0.001966,0.857517,1.450135,-0.052705,0.831919,1.491274,0.060366,0.041139
18.847000,0.003397,0.869254,1.448855,-0.053236,0.840247,1.490387,0.063629,0.041532
18.899000,0.004359,0.877078,1.448044,-0.052410,0.850461,1.489308,0.062698,0.041264
18.945000,0.005815,0.888829,1.446899,-0.052889,0.859404,1.487932,0.065666,0.041033
18.998000,0.006794,0.896665,1.446178,-0.052021,0.869832,1.486947,0.064647,0.040769
19.049000,0.008275,0.908435,1.445180,-0.050762,0.880204,1.485600,0.065439,0.040420
19.099000,0.009270,0.916298,1.444605,-0.049916,0.890074,1.484809,0.064735,0.040204
19.147000,0.010773,0.928109,1.443879,-0.049305,0.897974,1.484369,0.067212,0.040491
19.198000,0.012285,0.939933,1.443276,-0.048429,0.908067,1.483793,0.068569,0.040517
19.250000,0.013299,0.947826,1.442939,-0.047272,0.918379,1.482786,0.067349,0.039847
19.299000,0.014316,0.955730,1.442673,-0.046412,0.928105,1.482399,0.066717,0.039726
19.345000,0.015847,0.967602,1.442398,-0.045422,0.937583,1.481191,0.068228,0.038793
19.397000,0.016871,0.975532,1.442305,-0.044490,0.947934,1.480995,0.067282,0.038690
19.446000,0.018408,0.987426,1.442285,-0.041702,0.957136,1.479833,0.067311,0.037548
19.498000,0.019429,0.995327,1.442407,-0.040760,0.967451,1.479871,0.066330,0.037464
19.547000,0.020955,1.007163,1.442772,-0.038154,0.976007,1.479500,0.066818,0.036729
19.599000,0.021967,1.015032,1.443140,-0.037213,0.986278,1.479871,0.065795,0.036731
19.648000,0.023476,1.026822,1.443850,-0.035586,0.994531,1.480076,0.067313,0.036226
19.698000,0.024475,1.034669,1.444410,-0.034690,1.004379,1.480709,0.066469,0.036299
19.748000,0.025964,1.046433,1.445342,-0.034139,1.012881,1.481311,0.068834,0.035969
19.798000,0.027442,1.058194,1.446329,-0.033258,1.022720,1.482109,0.070305,0.035780
19.849000,0.028420,1.066035,1.446991,-0.031918,1.033244,1.483571,0.068672,0.036580
19.899000,0.029393,1.073876,1.447653,-0.031059,1.043083,1.484399,0.067843,0.036746
19.947000,0.030843,1.085639,1.448646,-0.030184,1.052992,1.485764,0.069211,0.037118
19.998000,0.031804,1.093483,1.449308,-0.029330,1.063030,1.486608,0.068298,0.037300
20.046000,0.033234,1.105247,1.450311,-0.029546,1.072125,1.487720,0.070981,0.037409
20.096000,0.034179,1.113076,1.451049,-0.028729,1.081950,1.488581,0.070188,0.037532
20.148000,0.035586,1.124826,1.452170,-0.028499,1.092788,1.489688,0.071647,0.037518
20.197000,0.036980,1.136575,1.453304,-0.027718,1.102420,1.490605,0.073160,0.037300
20.247000,0.037901,1.144407,1.454078,-0.027984,1.112770,1.491740,0.073087,0.037662
20.247000,0.039273,1.156167,1.455206,-0.027984,1.112770,1.491740,0.080043,0.036534
20.247000,0.039273,1.156167,1.455206,-0.027984,1.112770,1.491740,0.080043,0.036534
20.302000,0.040180,1.164006,1.455954,-0.027133,1.123591,1.492797,0.078514,0.036843
20.497000,0.043311,1.191459,1.458529,-0.026292,1.160500,1.496439,0.076177,0.037910
20.548000,0.044632,1.203235,1.459568,-0.025494,1.170615,1.498101,0.077342,0.038532
20.596000,0.045507,1.211087,1.460258,-0.024807,1.180071,1.498931,0.076851,0.038673
20.646000,0.046807,1.222863,1.461301,-0.023082,1.190150,1.500502,0.077166,0.039201
20.696000,0.047668,1.230713,1.461998,-0.022390,1.199999,1.501373,0.076495,0.039375
20.748000,0.048948,1.242491,1.463043,-0.021890,1.209737,1.502510,0.078043,0.039467
20.799000,0.050215,1.254267,1.464098,-0.021204,1.219783,1.503399,0.079309,0.039301
20.848000,0.051052,1.262108,1.464852,-0.021190,1.229647,1.504772,0.079200,0.039920
20.897000,0.051884,1.269954,1.465608,-0.020554,1.239292,1.505696,0.078660,0.040088
20.946000,0.053120,1.281725,1.466741,-0.019267,1.247707,1.506452,0.079981,0.039711
20.997000,0.053935,1.289565,1.467525,-0.018622,1.257737,1.507425,0.079231,0.039900
21.047000,0.055147,1.301323,1.468741,-0.018243,1.266763,1.508300,0.081120,0.039558
21.095000,0.055946,1.309163,1.469560,-0.017655,1.276202,1.509278,0.080645,0.039718
21.148000,0.057134,1.320923,1.470795,-0.016742,1.286510,1.511332,0.081497,0.040537
21.196000,0.057917,1.328765,1.471617,-0.016182,1.295951,1.512320,0.081040,0.040703
21.248000,0.059080,1.340528,1.472850,-0.014976,1.306641,1.513840,0.081441,0.040990
21.298000,0.059847,1.348367,1.473686,-0.014417,1.316471,1.514872,0.080824,0.041186
21.346000,0.060985,1.360126,1.474958,-0.013204,1.325774,1.515934,0.081756,0.040977
21.398000,0.062107,1.371877,1.476274,-0.012645,1.335990,1.517047,0.082921,0.040773
21.446000,0.062847,1.379712,1.477164,-0.013121,1.344950,1.518300,0.083544,0.041135
21.499000,0.063580,1.387556,1.478028,-0.012577,1.355373,1.519471,0.082677,0.041443
21.549000,0.064667,1.399326,1.479282,-0.013750,1.365945,1.520386,0.085226,0.041105
21.599000,0.065386,1.407187,1.480060,-0.013255,1.375801,1.521409,0.084673,0.041350
21.649000,0.066452,1.418982,1.481168,-0.012336,1.386541,1.523228,0.085205,0.042060
21.696000,0.067156,1.426846,1.481895,-0.011897,1.395807,1.524089,0.084928,0.042194
21.745000,0.068201,1.438642,1.482982,-0.011500,1.405679,1.525547,0.086249,0.042564
21.798000,0.068891,1.446510,1.483696,-0.011029,1.416133,1.526503,0.085498,0.042807
21.844000,0.069915,1.458312,1.484755,-0.011276,1.425271,1.528003,0.087657,0.043248
21.897000,0.070592,1.466190,1.485428,-0.010831,1.435737,1.528927,0.086932,0.043499
21.945000,0.071597,1.478009,1.486402,-0.009994,1.445447,1.530028,0.087849,0.043626
21.997000,0.072261,1.485886,1.487053,-0.009577,1.455715,1.530870,0.087223,0.043817
22.046000,0.073247,1.497702,1.488035,-0.010108,1.465069,1.531848,0.089516,0.043813
22.097000,0.073899,1.505588,1.488661,-0.009718,1.475151,1.532674,0.088984,0.044013
22.149000,0.074868,1.517420,1.489564,-0.010922,1.483657,1.533366,0.092194,0.043802
22.198000,0.075509,1.525322,1.490110,-0.010561,1.493362,1.534085,0.091812,0.043974
22.248000,0.076463,1.537177,1.490875,-0.009772,1.503009,1.535076,0.092757,0.044201
22.298000,0.077093,1.545078,1.491382,-0.009419,1.512911,1.535709,0.092299,0.044327
22.348000,0.078032,1.556933,1.492149,-0.009383,1.522444,1.536995,0.093972,0.044846
22.398000,0.078654,1.564843,1.492645,-0.009049,1.532356,1.537629,0.093526,0.044984
22.448000,0.079579,1.576709,1.493389,-0.007330,1.541381,1.538689,0.093815,0.045300
22.495000,0.080190,1.584620,1.493884,-0.007033,1.550700,1.539272,0.093586,0.045387
22.546000,0.081100,1.596487,1.494626,-0.005164,1.561622,1.540341,0.093044,0.045715
22.599000,0.081702,1.604400,1.495111,-0.004846,1.572132,1.540991,0.092368,0.045880
22.647000,0.082598,1.616267,1.495850,-0.004163,1.582712,1.541565,0.093023,0.045715
22.695000,0.083188,1.624157,1.496466,-0.003886,1.592203,1.542197,0.092751,0.045731
22.750000,0.084063,1.635994,1.497519,-0.002534,1.603031,1.542570,0.092659,0.045051
22.796000,0.084638,1.643873,1.498313,-0.002279,1.612112,1.543413,0.092538,0.045100
22.849000,0.085489,1.655694,1.499590,-0.002537,1.623172,1.544118,0.093842,0.044528
22.897000,0.086048,1.663583,1.500441,-0.002286,1.632658,1.545146,0.093591,0.044705
22.948000,0.086875,1.675421,1.501702,-0.002390,1.643515,1.546536,0.094796,0.044834
22.999000,0.087419,1.683321,1.502513,-0.002148,1.653608,1.547596,0.094366,0.045083
23.047000,0.088222,1.695177,1.503695,-0.001884,1.663184,1.548823,0.095617,0.045128
23.098000,0.088751,1.703083,1.504474,-0.001665,1.673286,1.549822,0.095199,0.045348
23.145000,0.089532,1.714944,1.505641,0.000456,1.683581,1.551570,0.094435,0.045929
23.197000,0.090044,1.722852,1.506420,0.000652,1.693881,1.552582,0.093970,0.046162
23.247000,0.090802,1.734715,1.507585,0.001855,1.704735,1.553776,0.093863,0.046191
23.296000,0.091297,1.742596,1.508564,0.002021,1.714408,1.554784,0.093621,0.046219
23.349000,0.092023,1.754415,1.510348,0.002318,1.723484,1.555879,0.094888,0.045530
23.398000,0.092495,1.762294,1.511631,0.002460,1.733152,1.557391,0.094634,0.045759
23.448000,0.093184,1.774118,1.513611,0.002580,1.743390,1.559057,0.095673,0.045446
23.492000,0.093630,1.782006,1.514948,0.002678,1.752079,1.560518,0.095749,0.045570
23.549000,0.094280,1.793843,1.516960,0.003809,1.763211,1.562742,0.095516,0.045781
23.599000,0.094904,1.805662,1.519205,0.003887,1.773074,1.564460,0.096675,0.045255
23.648000,0.095305,1.813545,1.520798,0.005008,1.782588,1.566545,0.095456,0.045747
23.698000,0.095879,1.825345,1.523525,0.005048,1.792433,1.568594,0.096610,0.045069
23.746000,0.096244,1.833216,1.525481,0.005478,1.802613,1.571540,0.095786,0.046059
23.797000,0.096593,1.841084,1.527545,0.005466,1.812656,1.574068,0.095458,0.046523
23.846000,0.097085,1.852896,1.530754,0.005325,1.821912,1.576796,0.096850,0.046041
23.899000,0.097393,1.860780,1.532897,0.005255,1.832366,1.579645,0.096419,0.046748
23.948000,0.097822,1.872617,1.536084,0.004400,1.841194,1.583350,0.098566,0.047266
23.996000,0.098090,1.880540,1.537922,0.004271,1.850706,1.585820,0.098449,0.047897
24.049000,0.098470,1.892459,1.539536,0.003415,1.860866,1.588750,0.100168,0.049214
24.096000,0.098718,1.900399,1.539618,0.003237,1.870198,1.589446,0.100143,0.049828
24.148000,0.099091,1.912300,1.539301,0.001261,1.881779,1.591093,0.102480,0.051792
24.199000,0.099341,1.920214,1.538933,0.001056,1.891873,1.590735,0.102290,0.051801
24.246000,0.099723,1.932083,1.538334,-0.000758,1.902309,1.590526,0.104799,0.052192
24.296000,0.099982,1.939995,1.537924,-0.000952,1.912203,1.590025,0.104690,0.052102
24.348000,0.100376,1.951846,1.537165,-0.001037,1.922386,1.588868,0.105606,0.051703
24.399000,0.100644,1.959750,1.536627,-0.001218,1.932468,1.588198,0.105453,0.051571
24.447000,0.101054,1.971609,1.535813,-0.002484,1.940756,1.586876,0.108037,0.051063
24.498000,0.101333,1.979510,1.535251,-0.002645,1.950835,1.586177,0.107859,0.050926
24.545000,0.101759,1.991363,1.534392,-0.002664,1.959686,1.585421,0.109122,0.051029
24.597000,0.102049,1.999264,1.533819,-0.002812,1.969964,1.584677,0.108878,0.050857
24.646000,0.102493,2.011116,1.532960,-0.002177,1.979163,1.583599,0.109439,0.050639
24.699000,0.102794,2.019018,1.532385,-0.002310,1.989639,1.582840,0.109133,0.050455
24.745000,0.103256,2.030894,1.531574,-0.001261,1.997373,1.582038,0.109761,0.050463
24.798000,0.103569,2.038824,1.531090,-0.001377,2.007886,1.581347,0.109411,0.050257
24.846000,0.104045,2.050723,1.530426,-0.000855,2.017242,1.580064,0.110114,0.049638
24.897000,0.104368,2.058664,1.530030,-0.000947,2.027375,1.579519,0.109864,0.049488
24.946000,0.104857,2.070581,1.529497,-0.001904,2.037445,1.578556,0.111785,0.049059
24.999000,0.105187,2.078522,1.529141,-0.001985,2.047975,1.578090,0.111440,0.048949
25.048000,0.105686,2.090434,1.528602,-0.002520,2.059264,1.578160,0.112606,0.049558
25.097000,0.106023,2.098370,1.528227,-0.002591,2.068995,1.577716,0.112516,0.049489
25.148000,0.106533,2.110276,1.527652,-0.003312,2.078691,1.577440,0.114297,0.049788
25.197000,0.106878,2.118208,1.527249,-0.003376,2.088417,1.576964,0.114208,0.049715
25.246000,0.107400,2.130108,1.526635,-0.002298,2.098752,1.576358,0.114091,0.049723
25.299000,0.107752,2.138052,1.526258,-0.002355,2.109288,1.575827,0.113803,0.049569
25.349000,0.108287,2.149970,1.525695,-0.001344,2.120508,1.575006,0.113520,0.049312
25.397000,0.108647,2.157916,1.525337,-0.001383,2.130052,1.574560,0.113503,0.049223
25.448000,0.109193,2.169857,1.524941,-0.002143,2.139842,1.573906,0.115310,0.048965
25.499000,0.109559,2.177815,1.524705,-0.002174,2.149999,1.573593,0.115143,0.048889
25.549000,0.110111,2.189753,1.524357,-0.002183,2.159405,1.572958,0.116324,0.048600
25.594000,0.110482,2.197715,1.524138,-0.002202,2.168371,1.572701,0.116442,0.048563
25.648000,0.111042,2.209658,1.523827,-0.002880,2.178972,1.572425,0.117982,0.048598
25.700000,0.111417,2.217621,1.523623,-0.002896,2.189335,1.572158,0.117760,0.048535
25.749000,0.111983,2.229562,1.523309,-0.001955,2.197792,1.571926,0.118284,0.048617
25.797000,0.112362,2.237530,1.523115,-0.001965,2.207363,1.571676,0.118240,0.048560
25.847000,0.112934,2.249483,1.522866,-0.003361,2.217117,1.571703,0.120714,0.048838
25.898000,0.113316,2.257439,1.522664,-0.003370,2.227273,1.571483,0.120522,0.048819
25.946000,0.113893,2.269374,1.522324,-0.003151,2.237848,1.571331,0.121215,0.049008
25.996000,0.114280,2.277333,1.522099,-0.003155,2.247809,1.571046,0.121090,0.048947
26.047000,0.114864,2.289272,1.521766,-0.003178,2.258914,1.570490,0.121883,0.048724
26.097000,0.115256,2.297232,1.521548,-0.003174,2.268876,1.570213,0.121777,0.048665
26.148000,0.115846,2.309178,1.521252,-0.003490,2.279606,1.569954,0.122946,0.048702
26.197000,0.116242,2.317140,1.521059,-0.003482,2.289372,1.569717,0.122901,0.048658
26.249000,0.116838,2.329085,1.520773,-0.003532,2.299434,1.569344,0.123968,0.048571
26.299000,0.117237,2.337049,1.520589,-0.003517,2.309402,1.569109,0.123879,0.048520
26.343000,0.117839,2.348997,1.520324,-0.004470,2.317735,1.568760,0.126241,0.048436
26.396000,0.118444,2.360936,1.520029,-0.004448,2.328297,1.568525,0.127153,0.048495
26.446000,0.118849,2.368895,1.519822,-0.004962,2.338664,1.568224,0.127449,0.048402
26.497000,0.119256,2.376854,1.519615,-0.004935,2.348825,1.567960,0.127315,0.048345
26.548000,0.119870,2.388792,1.519305,-0.004915,2.359038,1.567710,0.128283,0.048405
26.596000,0.120281,2.396750,1.519098,-0.004885,2.368601,1.567462,0.128292,0.048364
26.645000,0.120900,2.408688,1.518787,-0.004581,2.377944,1.567398,0.129193,0.048611
26.697000,0.121315,2.416647,1.518579,-0.004545,2.388305,1.567128,0.129012,0.048549
26.745000,0.121941,2.428587,1.518273,-0.003440,2.398023,1.566741,0.129053,0.048469
26.798000,0.122361,2.436563,1.518129,-0.003395,2.408604,1.566492,0.128827,0.048363
26.849000,0.122993,2.448529,1.517978,-0.004049,2.418327,1.565867,0.130583,0.047888
26.898000,0.123415,2.456503,1.517883,-0.004001,2.428110,1.565751,0.130541,0.047868
26.947000,0.124049,2.468466,1.517739,-0.003483,2.436804,1.565188,0.131404,0.047449
26.996000,0.124474,2.476448,1.517669,-0.003428,2.446595,1.565079,0.131339,0.047410
27.047000,0.125111,2.488423,1.517590,-0.003488,2.456559,1.564962,0.132488,0.047372
27.098000,0.125536,2.496406,1.517537,-0.003428,2.466752,1.564895,0.132330,0.047357
27.146000,0.126175,2.508381,1.517459,-0.003562,2.477438,1.565063,0.133376,0.047604
27.197000,0.126815,2.520355,1.517389,-0.003504,2.487631,1.564998,0.134364,0.047609
27.251000,0.127242,2.528338,1.517348,-0.002956,2.498477,1.565169,0.133578,0.047821
27.299000,0.127669,2.536325,1.517323,-0.002902,2.508075,1.565126,0.133592,0.047802
27.348000,0.128311,2.548307,1.517306,-0.001923,2.517852,1.565056,0.133747,0.047749
27.399000,0.128738,2.556287,1.517332,-0.001864,2.528042,1.565056,0.133621,0.047724
27.446000,0.129378,2.568256,1.517410,-0.001721,2.537378,1.564585,0.134686,0.047175
27.499000,0.129804,2.576233,1.517483,-0.001655,2.547962,1.564665,0.134464,0.047182
27.548000,0.130441,2.588196,1.517610,-0.001499,2.556991,1.564541,0.135580,0.046931
27.594000,0.130866,2.596170,1.517706,-0.001442,2.566174,1.564643,0.135665,0.046937
27.645000,0.131500,2.608131,1.517858,-0.001766,2.576371,1.564764,0.136998,0.046905
27.694000,0.131923,2.616108,1.517951,-0.001707,2.586157,1.564886,0.136945,0.046936
27.749000,0.132555,2.628074,1.518076,-0.002332,2.597811,1.565116,0.138240,0.047040
27.799000,0.132976,2.636058,1.518134,-0.002276,2.607804,1.565210,0.138171,0.047076
27.849000,0.133607,2.648034,1.518209,-0.003058,2.618113,1.565496,0.139902,0.047287
27.898000,0.134027,2.656018,1.518254,-0.003006,2.627907,1.565556,0.139887,0.047302
27.947000,0.134657,2.667996,1.518258,-0.002444,2.637376,1.565666,0.140478,0.047408
27.998000,0.135077,2.675984,1.518256,-0.002392,2.647574,1.565661,0.140373,0.047405
28.045000,0.135707,2.687965,1.518266,-0.002857,2.658008,1.565877,0.141765,0.047612
28.097000,0.136127,2.695951,1.518258,-0.002806,2.668403,1.565883,0.141638,0.047625
28.147000,0.136757,2.707929,1.518230,-0.001423,2.677112,1.565838,0.141574,0.047608
28.197000,0.137176,2.715909,1.518251,-0.001373,2.687100,1.565826,0.141512,0.047575
28.248000,0.137806,2.727878,1.518305,-0.001628,2.698020,1.566121,0.142595,0.047815
28.299000,0.138225,2.735857,1.518347,-0.001580,2.708208,1.566168,0.142513,0.047821
28.345000,0.138853,2.747825,1.518422,-0.002185,2.717257,1.566307,0.144312,0.047885
28.396000,0.139271,2.755804,1.518472,-0.002139,2.727444,1.566370,0.144226,0.047898
28.448000,0.139897,2.767773,1.518547,-0.002008,2.738283,1.566643,0.144937,0.048097
28.448000,0.140523,2.779751,1.518604,-0.002008,2.738283,1.566643,0.148441,0.048040
28.448000,0.140523,2.779751,1.518604,-0.002008,2.738283,1.566643,0.148441,0.048040
28.501000,0.140940,2.787739,1.518635,-0.001965,2.748880,1.566707,0.148095,0.048073
28.695000,0.142399,2.815696,1.518713,-0.000866,2.788399,1.567298,0.145842,0.048586
28.746000,0.143022,2.827668,1.518781,-0.000961,2.798094,1.567446,0.146989,0.048665
28.795000,0.143438,2.835650,1.518830,-0.000928,2.807886,1.567506,0.147011,0.048676
28.849000,0.144060,2.847624,1.518900,-0.000830,2.818666,1.567166,0.147755,0.048266
28.897000,0.144474,2.855604,1.518954,-0.000795,2.828256,1.567224,0.147821,0.048270
28.947000,0.145095,2.867575,1.519045,-0.001305,2.839044,1.567299,0.149154,0.048253
28.997000,0.145508,2.875559,1.519092,-0.001271,2.849038,1.567371,0.149156,0.048279
29.049000,0.146128,2.887537,1.519142,-0.001331,2.860107,1.567325,0.149989,0.048183
29.095000,0.146747,2.899516,1.519184,-0.001300,2.869303,1.567361,0.151098,0.048177
29.149000,0.147159,2.907501,1.519211,-0.001171,2.879664,1.567436,0.150920,0.048224
29.199000,0.147778,2.919479,1.519253,-0.001138,2.889659,1.567469,0.151872,0.048216
29.248000,0.148189,2.927464,1.519285,-0.000654,2.898614,1.567204,0.151614,0.047919
29.297000,0.148601,2.935443,1.519337,-0.000619,2.908401,1.567249,0.151650,0.047912
29.347000,0.149216,2.947411,1.519437,-0.001605,2.918106,1.567122,0.153642,0.047684
29.395000,0.149627,2.955398,1.519481,-0.001570,2.927703,1.567197,0.153713,0.047716
29.448000,0.150242,2.967379,1.519517,-0.001892,2.939317,1.567413,0.154700,0.047896
29.496000,0.150652,2.975367,1.519539,-0.001860,2.948915,1.567440,0.154788,0.047900
29.545000,0.151266,2.987348,1.519572,-0.000786,2.958085,1.567422,0.154843,0.047849
29.599000,0.151676,2.995335,1.519594,-0.000750,2.968882,1.567451,0.154704,0.047857
29.646000,0.152289,3.007316,1.519627,-0.000182,2.979458,1.567327,0.154996,0.047700
29.699000,0.152698,3.015304,1.519641,-0.000146,2.990055,1.567354,0.154915,0.047714
29.748000,0.153312,3.027285,1.519653,-0.000088,2.999419,1.567374,0.155910,0.047721
29.796000,0.153720,3.035268,1.519670,-0.000055,3.009010,1.567383,0.156001,0.047713
29.848000,0.154332,3.047229,1.519787,0.000340,3.018927,1.567585,0.156571,0.047797
29.897000,0.154739,3.055204,1.519879,0.000372,3.028708,1.567692,0.156624,0.047813
29.947000,0.155347,3.067165,1.520020,0.000928,3.038695,1.567991,0.157022,0.047972
29.997000,0.155954,3.079118,1.520215,0.000956,3.048668,1.568119,0.157960,0.047904
30.048000,0.156357,3.087087,1.520357,-0.000267,3.059497,1.568425,0.159034,0.048068
30.098000,0.156759,3.095067,1.520461,-0.000244,3.069486,1.568591,0.159073,0.048131
30.148000,0.157361,3.107040,1.520565,-0.000417,3.079489,1.568545,0.160166,0.047981
30.197000,0.157763,3.115023,1.520627,-0.000395,3.089279,1.568624,0.160239,0.047997
30.247000,0.158363,3.126997,1.520716,-0.000775,3.098877,1.568718,0.161604,0.048002
30.295000,0.158763,3.134980,1.520771,-0.000756,3.108469,1.568787,0.161707,0.048016
30.348000,0.159362,3.146957,1.520844,-0.000473,3.118900,1.568910,0.162280,0.048066
30.397000,0.159762,3.154945,1.520881,-0.000455,3.128697,1.568962,0.162353,0.048081
30.447000,0.160360,3.166926,1.520934,-0.000823,3.139260,1.569134,0.163540,0.048201
30.447000,0.160958,3.178911,1.520954,-0.000823,3.139260,1.569134,0.166569,0.048180
30.447000,0.160958,3.178911,1.520954,-0.000823,3.139260,1.569134,0.166569,0.048180
30.447000,0.161157,3.182906,1.520958,-0.000823,3.139260,1.569134,0.167757,0.048176
30.501000,0.161555,3.190896,1.520965,-0.000806,3.150060,1.569175,0.167418,0.048209
30.798000,0.163746,3.234834,1.521014,-0.000014,3.209528,1.569149,0.165704,0.048135
30.846000,0.164342,3.246808,1.521080,-0.000490,3.218318,1.569253,0.167276,0.048173
30.899000,0.164739,3.254791,1.521128,-0.000474,3.228909,1.569314,0.167228,0.048187
30.945000,0.165334,3.266767,1.521194,-0.000723,3.236602,1.569526,0.168775,0.048332
30.995000,0.165731,3.274756,1.521214,-0.000711,3.246601,1.569572,0.168806,0.048358
31.047000,0.166325,3.286740,1.521243,0.000271,3.258409,1.569553,0.168454,0.048310
31.096000,0.166721,3.294726,1.521263,0.000283,3.268204,1.569576,0.168538,0.048313
31.146000,0.167314,3.306700,1.521330,0.000635,3.278643,1.569386,0.169025,0.048055
31.196000,0.167709,3.314678,1.521399,0.000649,3.288628,1.569452,0.169079,0.048054
31.246000,0.168300,3.326645,1.521518,0.000110,3.299290,1.569823,0.170400,0.048305
31.297000,0.168693,3.334629,1.521580,0.000119,3.309481,1.569920,0.170439,0.048341
31.346000,0.169283,3.346607,1.521645,0.000123,3.318682,1.570179,0.171450,0.048534
31.399000,0.169872,3.358586,1.521694,0.000129,3.329276,1.570231,0.172255,0.048538
31.445000,0.170264,3.366573,1.521722,0.000269,3.338494,1.570334,0.172299,0.048612
31.496000,0.170656,3.374559,1.521751,0.000273,3.348688,1.570370,0.172336,0.048619
31.545000,0.171244,3.386538,1.521798,0.001350,3.357579,1.570504,0.172344,0.048706
31.599000,0.171636,3.394524,1.521829,0.001353,3.368372,1.570545,0.172279,0.048717
31.648000,0.172222,3.406494,1.521919,0.001069,3.377416,1.570377,0.173605,0.048458
31.698000,0.172806,3.418462,1.522041,0.001073,3.387401,1.570473,0.174520,0.048432
31.746000,0.173195,3.426441,1.522121,-0.000088,3.396519,1.570831,0.175848,0.048710
31.797000,0.173584,3.434420,1.522202,-0.000089,3.406705,1.570934,0.175870,0.048732
31.797000,0.174165,3.446389,1.522324,-0.000089,3.406705,1.570934,0.178716,0.048611
31.845000,0.174359,3.450378,1.522364,-0.000602,3.417285,1.571306,0.178063,0.048942
31.948000,0.175132,3.466341,1.522403,0.000470,3.438332,1.571344,0.176893,0.048941
31.999000,0.175712,3.478324,1.522383,0.000465,3.448529,1.571324,0.177762,0.048941
32.048000,0.176099,3.486313,1.522371,-0.000405,3.457969,1.571253,0.178765,0.048881
32.099000,0.176486,3.494302,1.522359,-0.000409,3.468167,1.571237,0.178816,0.048878
32.146000,0.177067,3.506285,1.522345,-0.000449,3.478032,1.571338,0.179751,0.048993
32.198000,0.177455,3.514269,1.522322,-0.000455,3.488424,1.571323,0.179777,0.049002
32.248000,0.178036,3.526245,1.522263,0.000132,3.498613,1.571817,0.180037,0.049554
32.299000,0.178424,3.534229,1.522221,0.000121,3.508805,1.571764,0.180106,0.049544
32.349000,0.179007,3.546207,1.522163,0.000276,3.518742,1.571959,0.180829,0.049797
32.399000,0.179590,3.558189,1.522126,0.000264,3.528739,1.571918,0.181728,0.049791
32.447000,0.179979,3.566177,1.522106,-0.000132,3.539305,1.571861,0.182105,0.049756
32.496000,0.180368,3.574161,1.522073,-0.000142,3.549098,1.571833,0.182243,0.049760
32.547000,0.180953,3.586138,1.522008,-0.000456,3.558186,1.571370,0.183550,0.049362
32.596000,0.181343,3.594121,1.521956,-0.000462,3.567977,1.571313,0.183675,0.049357
32.647000,0.181929,3.606095,1.521871,-0.000453,3.579425,1.570841,0.184321,0.048970
32.698000,0.182320,3.614081,1.521819,-0.000453,3.589618,1.570770,0.184403,0.048951
32.746000,0.182907,3.626058,1.521741,-0.000301,3.599408,1.570404,0.185137,0.048662
32.796000,0.183300,3.634045,1.521699,-0.000297,3.609404,1.570341,0.185243,0.048642
32.848000,0.183889,3.646029,1.521666,-0.000195,3.619834,1.570194,0.185939,0.048528
32.898000,0.184282,3.654019,1.521659,-0.000189,3.629833,1.570174,0.186049,0.048515
32.947000,0.184871,3.666003,1.521661,-0.000968,3.639453,1.570114,0.187726,0.048454
32.994000,0.185264,3.673985,1.521620,-0.000962,3.648843,1.570105,0.187915,0.048486
33.049000,0.185853,3.685957,1.521536,-0.001920,3.659303,1.569815,0.189656,0.048280
33.098000,0.186247,3.693938,1.521480,-0.001910,3.669092,1.569747,0.189791,0.048267
33.149000,0.186838,3.705909,1.521396,-0.001613,3.679512,1.569396,0.190291,0.048000
33.196000,0.187233,3.713887,1.521308,-0.001600,3.688898,1.569323,0.190480,0.048015
33.249000,0.187827,3.725847,1.521071,-0.001513,3.699377,1.568849,0.191181,0.047778
33.296000,0.188224,3.733823,1.520901,-0.001494,3.708760,1.568652,0.191367,0.047751
33.346000,0.188823,3.745786,1.520646,-0.000891,3.718814,1.568444,0.191622,0.047798
33.399000,0.189224,3.753762,1.520479,-0.000865,3.729395,1.568220,0.191645,0.047741
33.449000,0.189828,3.765726,1.520229,-0.001251,3.740560,1.568025,0.192730,0.047796
33.499000,0.190233,3.773706,1.520082,-0.001223,3.750547,1.567823,0.192851,0.047742
33.545000,0.190842,3.785677,1.519885,-0.000523,3.759341,1.567666,0.193168,0.047780
33.545000,0.191452,3.797655,1.519859,-0.000523,3.759341,1.567666,0.195761,0.047807
33.545000,0.191452,3.797655,1.519859,-0.000523,3.759341,1.567666,0.195761,0.047807
33.545000,0.191656,3.801647,1.519872,-0.000523,3.759341,1.567666,0.196780,0.047794
33.606000,0.192063,3.809632,1.519900,-0.000481,3.771534,1.567508,0.196277,0.047609
33.761000,0.193891,3.845563,1.520022,0.000237,3.801169,1.567414,0.198677,0.047391
33.897000,0.194296,3.853540,1.520121,-0.000066,3.828981,1.567870,0.195907,0.047749
33.946000,0.194901,3.865507,1.520443,0.000378,3.839385,1.568248,0.196270,0.047805
33.998000,0.195302,3.873485,1.520663,0.000403,3.849770,1.568534,0.196337,0.047871
34.045000,0.195887,3.885170,1.520880,0.001367,3.858892,1.568656,0.196287,0.047777
34.097000,0.196212,3.891636,1.519759,0.001370,3.867415,1.568429,0.196342,0.048669
34.149000,0.196594,3.898856,1.515599,0.001011,3.872249,1.566226,0.197384,0.050627
34.199000,0.196778,3.902076,1.511230,0.001024,3.876297,1.561915,0.197445,0.050685
34.249000,0.196932,3.904518,1.502286,-0.003028,3.876952,1.557306,0.201851,0.055020
34.296000,0.196946,3.904713,1.494733,-0.003027,3.877153,1.549552,0.201863,0.054819
34.348000,0.196946,3.904713,1.481085,-0.006483,3.877722,1.539650,0.205212,0.058566
34.348000,0.196946,3.904713,1.466300,-0.006483,3.877722,1.539650,0.205212,0.073350
34.348000,0.196946,3.904713,1.466300,-0.006483,3.877722,1.539650,0.205212,0.073350
34.400000,0.196946,3.904713,1.461372,-0.006483,3.877722,1.527257,0.205212,0.065885
34.413000,0.196946,3.904713,1.441435,-0.006483,3.877722,1.524120,0.205212,0.082685
34.597000,0.196946,3.904713,1.417402,-0.010788,3.883697,1.474067,0.208794,0.056665
34.650000,0.196946,3.904713,1.395994,-0.012702,3.885767,1.458906,0.210502,0.062912
34.698000,0.196946,3.904713,1.380185,-0.012702,3.885767,1.441008,0.210502,0.060823
34.746000,0.196946,3.904713,1.354025,-0.014758,3.887874,1.424992,0.212373,0.070968
34.795000,0.196946,3.904713,1.334968,-0.014758,3.887874,1.402850,0.212373,0.067881
34.846000,0.196946,3.904713,1.303976,-0.015419,3.889378,1.382319,0.212918,0.078344
34.895000,0.196946,3.904713,1.282599,-0.015419,3.889378,1.356488,0.212918,0.073889
34.947000,0.196946,3.904713,1.250535,-0.020048,3.891456,1.330433,0.217398,0.079899
34.999000,0.196946,3.904713,1.229158,-0.020048,3.891456,1.302644,0.217398,0.073486
35.048000,0.196946,3.904713,1.195413,-0.024224,3.892895,1.275665,0.221485,0.080252
35.097000,0.196946,3.904713,1.171205,-0.024224,3.892895,1.247184,0.221485,0.075979
35.147000,0.196946,3.904713,1.132564,-0.026895,3.891784,1.218880,0.224214,0.086315
35.199000,0.196946,3.904713,1.105188,-0.026895,3.891784,1.184558,0.224214,0.079370
35.246000,0.196946,3.904713,1.061699,-0.029035,3.888992,1.153631,0.226527,0.091932
35.298000,0.196946,3.904713,1.031139,-0.029035,3.888992,1.115121,0.226527,0.083982
35.347000,0.196946,3.904713,0.984674,-0.029126,3.886449,1.081948,0.226808,0.097273
35.398000,0.196946,3.904713,0.953362,-0.029126,3.886449,1.042392,0.226808,0.089030
35.449000,0.196946,3.904713,0.905889,-0.026323,3.888289,1.006251,0.223873,0.100361
35.496000,0.196946,3.904713,0.873889,-0.026323,3.888289,0.968936,0.223873,0.095047
35.547000,0.197406,3.905226,0.826511,-0.033268,3.885256,0.927189,0.231536,0.100678
35.596000,0.198405,3.906276,0.796164,-0.032197,3.886648,0.889025,0.231436,0.092861
35.648000,0.201037,3.908841,0.753042,-0.035136,3.885934,0.844384,0.237281,0.091341
35.696000,0.203587,3.911164,0.725865,-0.032354,3.889000,0.810652,0.236980,0.084788
35.745000,0.208668,3.915493,0.687495,-0.028358,3.894821,0.774776,0.237926,0.087281
35.796000,0.212923,3.918899,0.663516,-0.023388,3.899591,0.742930,0.237098,0.079414
35.846000,0.220648,3.924723,0.629946,-0.016167,3.904265,0.707725,0.237697,0.077779
35.846000,0.229550,3.931002,0.599134,-0.016167,3.904265,0.707725,0.247167,0.108591
35.846000,0.229550,3.931002,0.599134,-0.016167,3.904265,0.707725,0.247167,0.108591
35.846000,0.235584,3.935034,0.579075,-0.016167,3.904265,0.707725,0.253624,0.128651
35.907000,0.241699,3.938945,0.559015,-0.007596,3.911357,0.674675,0.250816,0.115659
36.110000,0.264027,3.951779,0.483229,0.023920,3.934127,0.569072,0.240755,0.085843
36.198000,0.269421,3.954554,0.467185,0.033095,3.939630,0.527256,0.236797,0.060071
36.244000,0.277681,3.958606,0.445520,0.037095,3.939440,0.501474,0.241348,0.055954
36.296000,0.283335,3.961261,0.432676,0.044231,3.943295,0.483505,0.239778,0.050829
36.347000,0.291950,3.965149,0.415811,0.054864,3.947431,0.463866,0.237747,0.048056
36.398000,0.297767,3.967683,0.406155,0.062114,3.951017,0.450352,0.236241,0.044197
36.446000,0.306539,3.971385,0.392386,0.068431,3.952300,0.432928,0.238871,0.040542
36.499000,0.312415,3.973785,0.383206,0.076074,3.955809,0.420765,0.237023,0.037559
36.546000,0.321279,3.977288,0.369546,0.086078,3.959758,0.411496,0.235853,0.041950
36.596000,0.330367,3.980740,0.356613,0.093500,3.962968,0.400287,0.237533,0.043674
36.649000,0.336475,3.982986,0.348206,0.103368,3.968468,0.390984,0.233559,0.042778
36.698000,0.342592,3.985177,0.339840,0.110733,3.971484,0.380701,0.232263,0.040861
36.747000,0.351827,3.988378,0.327361,0.121809,3.975565,0.371488,0.230374,0.044127
36.796000,0.358011,3.990449,0.319083,0.129261,3.978446,0.361321,0.229065,0.042238
36.845000,0.367324,3.993462,0.306676,0.136392,3.982988,0.352228,0.231170,0.045552
36.845000,0.376694,3.996365,0.294330,0.136392,3.982988,0.352228,0.240674,0.057897
36.901000,0.379833,3.997310,0.290239,0.145005,3.986095,0.340653,0.235095,0.050414
36.999000,0.389274,4.000067,0.277964,0.157386,3.992185,0.320076,0.232022,0.042112
37.049000,0.398799,4.002722,0.265854,0.163743,3.995926,0.308535,0.235154,0.042681
37.098000,0.405188,4.004434,0.257869,0.171468,3.998369,0.298714,0.233798,0.040846
37.148000,0.414796,4.006907,0.245892,0.174119,4.000517,0.285053,0.240762,0.039161
37.197000,0.421218,4.008491,0.237907,0.181900,4.002777,0.275272,0.239386,0.037365
37.247000,0.430874,4.010772,0.225930,0.188930,4.002532,0.262321,0.242084,0.036391
37.297000,0.437326,4.012228,0.217946,0.196920,4.004658,0.252340,0.240525,0.034395
37.349000,0.447184,4.014350,0.206405,0.202156,4.006929,0.239642,0.245140,0.033237
37.399000,0.453880,4.015727,0.199259,0.210462,4.008937,0.230323,0.243513,0.031064
37.448000,0.463954,4.017706,0.188705,0.218533,4.011450,0.218992,0.245500,0.030288
37.496000,0.470680,4.018966,0.181668,0.226553,4.013218,0.210549,0.244195,0.028881
37.548000,0.480788,4.020768,0.171124,0.235112,4.014774,0.199749,0.245749,0.028625
37.599000,0.487616,4.021924,0.164370,0.243718,4.016528,0.190862,0.243958,0.026492
37.599000,0.497892,4.023575,0.154307,0.243718,4.016528,0.190862,0.254272,0.036556
37.599000,0.497892,4.023575,0.154307,0.243718,4.016528,0.190862,0.254272,0.036556
37.640000,0.521930,4.027026,0.130826,0.250779,4.017032,0.182380,0.271335,0.051554
37.993000,0.556453,4.030989,0.097946,0.309404,4.023988,0.117814,0.247149,0.019868
38.046000,0.566870,4.031962,0.088340,0.319758,4.023633,0.107464,0.247252,0.019124
38.098000,0.577295,4.032835,0.078733,0.328775,4.024589,0.099138,0.248657,0.020405
38.146000,0.584250,4.033361,0.072329,0.336823,4.025955,0.089203,0.247537,0.016875
38.198000,0.591442,4.033861,0.066548,0.346143,4.026762,0.081064,0.245401,0.014516
38.246000,0.602490,4.034558,0.059794,0.353254,4.027838,0.071856,0.249326,0.012061
38.246000,0.613599,4.035190,0.053874,0.353254,4.027838,0.071856,0.260448,0.017982
38.246000,0.617311,4.035386,0.051990,0.353254,4.027838,0.071856,0.264164,0.019866
38.303000,0.621023,4.035576,0.050112,0.363789,4.028581,0.065803,0.257329,0.015691
38.499000,0.650879,4.036853,0.035847,0.402821,4.031408,0.042805,0.248117,0.006958
38.546000,0.658384,4.037110,0.032559,0.412044,4.032936,0.036623,0.246375,0.004063
38.599000,0.665890,4.037342,0.029272,0.421988,4.033291,0.032267,0.243935,0.002995
38.649000,0.677151,4.037644,0.024341,0.432736,4.032549,0.028120,0.244468,0.003779
38.697000,0.684659,4.037815,0.021054,0.441744,4.032793,0.024175,0.242966,0.003121
38.746000,0.695923,4.038024,0.016133,0.450655,4.034274,0.019135,0.245297,0.003002
38.798000,0.703484,4.038134,0.013047,0.460479,4.034450,0.014930,0.243032,0.001883
38.849000,0.714906,4.038260,0.008958,0.468945,4.033757,0.009649,0.246002,0.000691
38.897000,0.722550,4.038318,0.006458,0.478118,4.033836,0.006495,0.244473,0.000037
38.948000,0.734038,4.038372,0.002921,0.489679,4.034331,0.002959,0.244392,0.000038
38.998000,0.741699,4.038386,0.000585,0.499255,4.034354,0.000036,0.242477,0.000548
39.049000,0.753190,4.038372,-0.002920,0.509207,4.034778,-0.004585,0.244010,0.001665
39.097000,0.760851,4.038341,-0.005256,0.518400,4.034729,-0.007389,0.242478,0.002133
39.148000,0.772357,4.038261,-0.008641,0.528465,4.033849,-0.011243,0.243932,0.002602
39.198000,0.780028,4.038186,-0.010895,0.538053,4.033735,-0.014061,0.242016,0.003165
39.249000,0.791534,4.038041,-0.014277,0.547196,4.033531,-0.017018,0.244380,0.002741
39.299000,0.799214,4.037923,-0.016505,0.556795,4.033361,-0.019831,0.242462,0.003325
39.349000,0.810870,4.037714,-0.019266,0.568867,4.034382,-0.021352,0.242027,0.002087
39.398000,0.818655,4.037557,-0.021011,0.578402,4.034174,-0.023510,0.240276,0.002499
39.447000,0.830330,4.037296,-0.023630,0.589505,4.034149,-0.026614,0.240846,0.002984
39.495000,0.838113,4.037106,-0.025371,0.598844,4.033895,-0.028708,0.239291,0.003337
39.548000,0.849786,4.036795,-0.027741,0.608915,4.033112,-0.032602,0.240899,0.004860
39.597000,0.857568,4.036573,-0.029317,0.618447,4.032797,-0.034532,0.239151,0.005215
39.648000,0.869240,4.036217,-0.031680,0.626089,4.032045,-0.038095,0.243187,0.006415
39.697000,0.877021,4.035965,-0.033256,0.635619,4.031677,-0.040025,0.241440,0.006769
39.746000,0.888693,4.035562,-0.035618,0.644605,4.031557,-0.042284,0.244121,0.006666
39.795000,0.896558,4.035277,-0.036830,0.654234,4.031140,-0.044110,0.242359,0.007279
39.848000,0.908423,4.034833,-0.038016,0.666204,4.030055,-0.045189,0.242266,0.007173
39.895000,0.916334,4.034529,-0.038753,0.675497,4.029632,-0.046062,0.240887,0.007310
39.948000,0.928201,4.034062,-0.039858,0.685783,4.028232,-0.046840,0.242488,0.006982
40.000000,0.936112,4.033744,-0.040592,0.696065,4.027748,-0.047797,0.240122,0.007205
40.046000,0.948030,4.033255,-0.041313,0.706270,4.028981,-0.048429,0.241797,0.007116
40.099000,0.955980,4.032925,-0.041641,0.716802,4.028468,-0.048961,0.239220,0.007320
40.149000,0.967914,4.032425,-0.042064,0.727370,4.028148,-0.049787,0.240583,0.007722
40.198000,0.975877,4.032089,-0.042301,0.737121,4.027661,-0.050109,0.238798,0.007808
40.246000,0.987831,4.031581,-0.042590,0.747817,4.026957,-0.050837,0.240058,0.008247
40.297000,0.995809,4.031241,-0.042727,0.757985,4.026439,-0.051057,0.237873,0.008330
40.349000,1.007786,4.030728,-0.042856,0.766553,4.025520,-0.051871,0.241289,0.009015
40.399000,1.015774,4.030385,-0.042880,0.776534,4.025001,-0.051950,0.239301,0.009071
40.443000,1.027750,4.029871,-0.042834,0.785357,4.023547,-0.052944,0.242476,0.010110
40.497000,1.035716,4.029530,-0.042715,0.796108,4.022976,-0.052865,0.239698,0.010150
40.547000,1.047658,4.029022,-0.042437,0.804529,4.021525,-0.053587,0.243244,0.011150
40.547000,1.059575,4.028518,-0.042015,0.804529,4.021525,-0.053587,0.255141,0.011573
40.617000,1.067517,4.028185,-0.041700,0.818425,4.020780,-0.053200,0.249203,0.011501
40.696000,1.075460,4.027855,-0.041385,0.833410,4.018719,-0.053489,0.242221,0.012104
40.750000,1.087364,4.027365,-0.040873,0.843392,4.017533,-0.053879,0.244171,0.013006
40.797000,1.095273,4.027044,-0.040385,0.852677,4.017031,-0.053421,0.242802,0.013037
40.848000,1.107131,4.026569,-0.039530,0.866585,4.016569,-0.051118,0.240754,0.011588
40.898000,1.115036,4.026259,-0.038951,0.876461,4.016065,-0.050396,0.238792,0.011444
40.949000,1.126894,4.025802,-0.038083,0.888552,4.017012,-0.048203,0.238504,0.010120
40.996000,1.134801,4.025503,-0.037505,0.897839,4.016566,-0.047523,0.237131,0.010018
41.046000,1.146670,4.025063,-0.036646,0.907436,4.017288,-0.046811,0.239361,0.010164
41.097000,1.154582,4.024775,-0.036071,0.917519,4.016818,-0.046080,0.237196,0.010009
41.148000,1.166488,4.024350,-0.035362,0.926140,4.015915,-0.046318,0.240496,0.010956
41.198000,1.174417,4.024071,-0.034915,0.936047,4.015457,-0.045754,0.238526,0.010839
41.244000,1.186310,4.023660,-0.034237,0.945616,4.013691,-0.045065,0.240900,0.010827
41.297000,1.194238,4.023390,-0.033782,0.956117,4.013219,-0.044465,0.238338,0.010683
41.343000,1.206127,4.022992,-0.033085,0.967856,4.013372,-0.042466,0.238465,0.009380
41.397000,1.214050,4.022732,-0.032587,0.978548,4.012919,-0.041824,0.235706,0.009237
41.447000,1.225935,4.022349,-0.031839,0.988306,4.013654,-0.040316,0.237789,0.008477
41.498000,1.233859,4.022099,-0.031340,0.998405,4.013248,-0.039680,0.235620,0.008340
41.549000,1.245744,4.021730,-0.030591,1.007632,4.013532,-0.039551,0.238254,0.008959
41.599000,1.253681,4.021489,-0.030134,1.017549,4.013142,-0.038940,0.236280,0.008806
41.649000,1.265588,4.021134,-0.029507,1.027638,4.011930,-0.038806,0.238129,0.009299
41.698000,1.273518,4.020902,-0.029074,1.037348,4.011554,-0.038292,0.236355,0.009219
41.745000,1.285410,4.020560,-0.028421,1.047312,4.010608,-0.037662,0.238306,0.009241
41.798000,1.293336,4.020336,-0.027958,1.057810,4.010213,-0.037078,0.235743,0.009120
41.848000,1.305217,4.020009,-0.027200,1.068733,4.009355,-0.035988,0.236723,0.008788
41.897000,1.313138,4.019795,-0.026690,1.078434,4.009007,-0.035364,0.234952,0.008674
41.947000,1.325019,4.019483,-0.025925,1.088504,4.011169,-0.033509,0.236662,0.007584
41.999000,1.332940,4.019279,-0.025415,1.098799,4.010825,-0.032846,0.234294,0.007431
42.049000,1.344843,4.018981,-0.024710,1.108049,4.010493,-0.032079,0.236947,0.007370
42.098000,1.352790,4.018786,-0.024322,1.117781,4.010183,-0.031553,0.235166,0.007231
42.148000,1.364710,4.018499,-0.023776,1.126308,4.008995,-0.031465,0.238591,0.007689
42.195000,1.372646,4.018312,-0.023383,1.135631,4.008702,-0.031031,0.237210,0.007648
42.247000,1.384549,4.018038,-0.022752,1.146410,4.007774,-0.030336,0.238360,0.007584
42.299000,1.392480,4.017859,-0.022305,1.156718,4.007462,-0.029778,0.235991,0.007473
42.348000,1.404375,4.017598,-0.021609,1.165788,4.007437,-0.029827,0.238803,0.008218
42.398000,1.412305,4.017428,-0.021138,1.175698,4.007143,-0.029244,0.236830,0.008105
42.449000,1.424199,4.017181,-0.020428,1.184772,4.006292,-0.028146,0.239674,0.007718
42.449000,1.436090,4.016942,-0.019701,1.184772,4.006292,-0.028146,0.251543,0.008446
42.449000,1.440054,4.016865,-0.019455,1.184772,4.006292,-0.028146,0.255500,0.008691
42.503000,1.444018,4.016788,-0.019210,1.195472,4.005995,-0.027503,0.248780,0.008293
42.700000,1.475739,4.016210,-0.017290,1.233616,4.006177,-0.024634,0.242331,0.007343
42.750000,1.483682,4.016074,-0.016887,1.242639,4.006515,-0.024270,0.241233,0.007383
42.799000,1.491629,4.015941,-0.016509,1.252373,4.006280,-0.023785,0.239452,0.007276
42.848000,1.503550,4.015748,-0.015964,1.261781,4.006046,-0.022453,0.241964,0.006489
42.897000,1.511502,4.015622,-0.015619,1.271520,4.005829,-0.022015,0.240182,0.006396
42.947000,1.523429,4.015439,-0.015117,1.280582,4.005793,-0.021369,0.243039,0.006252
42.996000,1.531383,4.015320,-0.014794,1.290324,4.005586,-0.020964,0.241256,0.006170
43.048000,1.543315,4.015146,-0.014323,1.300926,4.006672,-0.020071,0.242537,0.005748
43.048000,1.555266,4.014977,-0.013938,1.300926,4.006672,-0.020071,0.254475,0.006133
43.048000,1.555266,4.014977,-0.013938,1.300926,4.006672,-0.020071,0.254475,0.006133
43.048000,1.563234,4.014867,-0.013702,1.300926,4.006672,-0.020071,0.262436,0.006369
43.102000,1.567219,4.014813,-0.013584,1.311684,4.006459,-0.019664,0.255671,0.006080
43.348000,1.603077,4.014345,-0.012523,1.360955,4.005553,-0.018461,0.242281,0.005938
43.398000,1.611048,4.014246,-0.012314,1.370918,4.005370,-0.018177,0.240294,0.005863
43.448000,1.622996,4.014101,-0.011972,1.380615,4.005121,-0.018272,0.242547,0.006300
43.495000,1.630959,4.014006,-0.011728,1.389970,4.004950,-0.017998,0.241158,0.006269
43.545000,1.642902,4.013868,-0.011348,1.400099,4.005071,-0.018123,0.242962,0.006774
43.599000,1.650865,4.013779,-0.011093,1.410848,4.004877,-0.017779,0.240182,0.006685
43.646000,1.662810,4.013649,-0.010711,1.420801,4.005321,-0.016974,0.242152,0.006263
43.699000,1.670773,4.013564,-0.010455,1.431351,4.005143,-0.016636,0.239570,0.006180
43.748000,1.682717,4.013442,-0.010073,1.441378,4.005596,-0.016248,0.241467,0.006175
43.798000,1.690693,4.013362,-0.009864,1.451347,4.005435,-0.015945,0.239477,0.006081
43.847000,1.702658,4.013246,-0.009600,1.461143,4.005571,-0.015632,0.241637,0.006032
43.847000,1.714626,4.013133,-0.009367,1.461143,4.005571,-0.015632,0.253596,0.006265
43.847000,1.714626,4.013133,-0.009367,1.461143,4.005571,-0.015632,0.253596,0.006265
43.847000,1.718615,4.013095,-0.009293,1.461143,4.005571,-0.015632,0.257582,0.006339
43.902000,1.730583,4.012985,-0.009071,1.472113,4.005401,-0.015401,0.258581,0.006330
43.967000,1.762483,4.012706,-0.008406,1.485193,4.004788,-0.014258,0.277403,0.005853
44.197000,1.770443,4.012640,-0.008166,1.528193,4.002134,-0.013475,0.242477,0.005309
44.243000,1.782381,4.012545,-0.007741,1.536047,4.002430,-0.013424,0.246541,0.005682
44.297000,1.790343,4.012485,-0.007455,1.546795,4.002287,-0.013034,0.243761,0.005580
44.347000,1.802288,4.012398,-0.007031,1.556869,4.002072,-0.012417,0.245636,0.005386
44.396000,1.810252,4.012343,-0.006751,1.566625,4.001952,-0.012072,0.243849,0.005322
44.447000,1.822199,4.012265,-0.006332,1.578154,4.002773,-0.011061,0.244230,0.004729
44.499000,1.834146,4.012192,-0.005913,1.588507,4.002659,-0.010698,0.245824,0.004785
44.546000,1.842111,4.012146,-0.005634,1.599117,4.002637,-0.009748,0.243180,0.004114
44.546000,1.854068,4.012081,-0.005244,1.599117,4.002637,-0.009748,0.255126,0.004503
44.546000,1.854068,4.012081,-0.005244,1.599117,4.002637,-0.009748,0.255126,0.004503
44.546000,1.862055,4.012040,-0.005029,1.599117,4.002637,-0.009748,0.263106,0.004719
44.605000,1.870041,4.012001,-0.004813,1.610875,4.002525,-0.009337,0.259339,0.004524
44.605000,1.901996,4.011859,-0.004123,1.610875,4.002525,-0.009337,0.291270,0.005214
44.846000,1.905992,4.011843,-0.004063,1.654627,4.003381,-0.008980,0.251508,0.004918
44.946000,1.921977,4.011780,-0.003822,1.674133,4.002153,-0.008945,0.248031,0.005123
44.999000,1.929970,4.011750,-0.003702,1.684723,4.002059,-0.008786,0.245438,0.005084
45.046000,1.941958,4.011707,-0.003522,1.693602,4.002798,-0.008904,0.248516,0.005382
45.098000,1.949951,4.011679,-0.003422,1.703993,4.002706,-0.008756,0.246122,0.005334
45.146000,1.961942,4.011639,-0.003295,1.714951,4.004359,-0.007933,0.247099,0.004638
45.195000,1.969927,4.011612,-0.003343,1.724733,4.004284,-0.007868,0.245304,0.004524
45.248000,1.981875,4.011570,-0.003736,1.737347,4.004346,-0.007554,0.244635,0.003819
45.299000,1.989840,4.011539,-0.004003,1.747502,4.004269,-0.007895,0.242447,0.003892
45.345000,2.001782,4.011488,-0.004662,1.755689,4.003912,-0.008393,0.246209,0.003731
45.399000,2.009747,4.011449,-0.005163,1.766441,4.003821,-0.009041,0.243426,0.003879
45.448000,2.021696,4.011383,-0.005912,1.774921,4.003946,-0.009977,0.246887,0.004066
45.496000,2.029662,4.011334,-0.006411,1.784481,4.003849,-0.010577,0.245296,0.004166
45.546000,2.041612,4.011252,-0.007160,1.794023,4.002558,-0.011614,0.247741,0.004454
45.596000,2.049578,4.011193,-0.007660,1.803981,4.002440,-0.012238,0.245753,0.004579
45.644000,2.061556,4.011098,-0.008221,1.813148,4.002316,-0.013304,0.248563,0.005083
45.698000,2.069552,4.011032,-0.008286,1.823942,4.002169,-0.013631,0.245770,0.005344
45.746000,2.081543,4.010933,-0.008195,1.834114,4.000881,-0.014496,0.247633,0.006302
45.799000,2.089502,4.010869,-0.007771,1.844662,4.000723,-0.014289,0.245050,0.006518
45.848000,2.101437,4.010782,-0.006674,1.854858,4.000240,-0.014014,0.246804,0.007340
45.899000,2.113371,4.010709,-0.005563,1.865002,4.000100,-0.013070,0.248596,0.007507
45.948000,2.121328,4.010668,-0.004823,1.874940,3.999345,-0.012669,0.246648,0.007845
45.997000,2.129284,4.010633,-0.004041,1.884685,3.999223,-0.011754,0.244865,0.007713
46.047000,2.141195,4.010590,-0.003205,1.896807,4.000141,-0.009738,0.244611,0.006533
46.099000,2.149151,4.010566,-0.002833,1.907148,4.000043,-0.009138,0.242232,0.006305
46.148000,2.161084,4.010536,-0.002280,1.915915,4.000868,-0.007568,0.245360,0.005287
46.197000,2.169040,4.010519,-0.001912,1.925661,4.000795,-0.007117,0.243573,0.005204
46.247000,2.180982,4.010499,-0.001431,1.934222,4.001998,-0.006616,0.246907,0.005185
46.297000,2.188967,4.010488,-0.001257,1.944202,4.001935,-0.006286,0.244915,0.005029
46.346000,2.200948,4.010474,-0.001094,1.952696,4.002235,-0.006372,0.248388,0.005278
46.397000,2.208937,4.010466,-0.001012,1.962883,4.002171,-0.006248,0.246194,0.005236
46.449000,2.220922,4.010455,-0.000906,1.972639,3.999501,-0.006373,0.248525,0.005467
46.497000,2.228890,4.010448,-0.000765,1.982200,3.999439,-0.006267,0.246936,0.005503
46.546000,2.240839,4.010440,-0.000469,1.991434,3.999670,-0.006132,0.249638,0.005663
46.597000,2.248805,4.010438,-0.000265,2.001591,3.999608,-0.005874,0.247452,0.005609
46.645000,2.260755,4.010436,0.000041,2.011968,4.000663,-0.005296,0.248979,0.005337
46.695000,2.268721,4.010437,0.000245,2.021926,4.000611,-0.005041,0.246991,0.005286
46.748000,2.280675,4.010442,0.000556,2.033084,4.001654,-0.003752,0.247747,0.004307
46.798000,2.292634,4.010451,0.000852,2.043045,4.001617,-0.003493,0.249745,0.004345
46.849000,2.300632,4.010458,0.000947,2.052225,4.002110,-0.003160,0.248546,0.004107
46.896000,2.308627,4.010466,0.000977,2.061620,4.002081,-0.003071,0.247149,0.004047
46.947000,2.320620,4.010478,0.001018,2.071427,4.001288,-0.003066,0.249362,0.004084
46.998000,2.332613,4.010490,0.001060,2.081621,4.001257,-0.003030,0.251161,0.004090
47.048000,2.340608,4.010499,0.001076,2.091140,4.001183,-0.003338,0.249642,0.004414
47.096000,2.348604,4.010507,0.001089,2.100735,4.001151,-0.003320,0.248045,0.004409
47.149000,2.360597,4.010520,0.001110,2.110489,3.999426,-0.003975,0.250354,0.005085
47.196000,2.368593,4.010529,0.001124,2.119884,3.999389,-0.003958,0.248959,0.005083
47.245000,2.380586,4.010543,0.001150,2.129687,3.999660,-0.003583,0.251135,0.004734
47.298000,2.388567,4.010552,0.001229,2.140263,3.999622,-0.003541,0.248545,0.004770
47.349000,2.400538,4.010568,0.001408,2.150397,4.001487,-0.002909,0.250306,0.004317
47.349000,2.412536,4.010586,0.001488,2.150397,4.001487,-0.002909,0.262297,0.004397
47.349000,2.412536,4.010586,0.001488,2.150397,4.001487,-0.002909,0.262297,0.004397
47.349000,2.420536,4.010598,0.001513,2.150397,4.001487,-0.002909,0.270292,0.004422
47.408000,2.428535,4.010610,0.001539,2.162198,4.001455,-0.002750,0.266494,0.004289
47.606000,2.460533,4.010661,0.001641,2.203758,4.001203,-0.001950,0.256949,0.003591
47.698000,2.468527,4.010674,0.001634,2.221593,4.000633,-0.002007,0.247139,0.003641
47.748000,2.480522,4.010694,0.001654,2.231349,4.000518,-0.002522,0.249381,0.004176
47.799000,2.492512,4.010714,0.001707,2.241541,4.000492,-0.002496,0.251179,0.004202
47.846000,2.500505,4.010727,0.001748,2.250049,4.000765,-0.002816,0.250655,0.004564
47.895000,2.508498,4.010742,0.001790,2.259840,4.000738,-0.002765,0.248860,0.004555
47.947000,2.520489,4.010763,0.001854,2.268252,4.000701,-0.002997,0.252437,0.004851
47.999000,2.532480,4.010786,0.001918,2.278645,4.000670,-0.002941,0.254037,0.004859
48.048000,2.540473,4.010802,0.001963,2.289477,4.001675,-0.002681,0.251162,0.004644
48.098000,2.548470,4.010817,0.001978,2.299473,4.001649,-0.002635,0.249166,0.004613
48.147000,2.560466,4.010841,0.001961,2.309663,4.001142,-0.002857,0.250990,0.004818
48.197000,2.572461,4.010864,0.001966,2.319659,4.001114,-0.002870,0.252990,0.004836
48.246000,2.580458,4.010880,0.001982,2.329997,4.001502,-0.002680,0.250637,0.004662
48.296000,2.588457,4.010896,0.001987,2.339995,4.001476,-0.002663,0.248640,0.004650
48.349000,2.600455,4.010920,0.001979,2.349901,4.000872,-0.003028,0.250755,0.005007
48.396000,2.612446,4.010944,0.002010,2.359295,4.000844,-0.003029,0.253353,0.005039
48.445000,2.620440,4.010960,0.002047,2.369021,3.999981,-0.003261,0.251659,0.005308
48.499000,2.628425,4.010977,0.002118,2.379802,3.999945,-0.003201,0.248868,0.005318
48.548000,2.640402,4.011003,0.002261,2.388751,4.000981,-0.003459,0.251851,0.005720
48.597000,2.648387,4.011021,0.002362,2.398532,4.000947,-0.003338,0.250058,0.005700
48.644000,2.660364,4.011050,0.002512,2.408416,4.000782,-0.003255,0.252157,0.005767
48.699000,2.668349,4.011071,0.002613,2.419396,4.000746,-0.003117,0.249168,0.005730
48.742000,2.680333,4.011103,0.002736,2.428978,4.001536,-0.002719,0.251538,0.005455
48.792000,2.688326,4.011125,0.002802,2.438969,4.001509,-0.002630,0.249543,0.005433
48.847000,2.700316,4.011159,0.002903,2.451023,4.000693,-0.001876,0.249513,0.004779
48.899000,2.708310,4.011183,0.002967,2.461414,4.000674,-0.001790,0.247119,0.004757
48.947000,2.720307,4.011219,0.002992,2.470115,4.000088,-0.002630,0.250439,0.005622
48.996000,2.728296,4.011243,0.003038,2.479902,4.000062,-0.002602,0.248645,0.005640
49.049000,2.740279,4.011280,0.003141,2.491337,4.000121,-0.002920,0.249192,0.006061
49.098000,2.748266,4.011305,0.003221,2.501122,4.000092,-0.002829,0.247399,0.006050
49.149000,2.760248,4.011344,0.003346,2.512326,4.000709,-0.002945,0.248150,0.006290
49.199000,2.768236,4.011371,0.003429,2.522311,4.000680,-0.002840,0.246157,0.006270
49.247000,2.780218,4.011413,0.003555,2.532978,4.000355,-0.002173,0.247487,0.005728
49.296000,2.788206,4.011442,0.003639,2.542763,4.000334,-0.002070,0.245694,0.005709
49.345000,2.800193,4.011486,0.003749,2.551913,4.000761,-0.001330,0.248512,0.005079
49.395000,2.812183,4.011532,0.003845,2.561904,4.000748,-0.001243,0.250511,0.005089
49.447000,2.820181,4.011563,0.003869,2.571993,4.001278,-0.000588,0.248401,0.004457
49.499000,2.828173,4.011594,0.003846,2.582383,4.001272,-0.000573,0.246007,0.004419
49.548000,2.840159,4.011639,0.003771,2.590720,4.000441,-0.000926,0.249690,0.004697
49.596000,2.852145,4.011684,0.003691,2.600309,4.000432,-0.000989,0.252088,0.004681
49.649000,2.860136,4.011713,0.003638,2.609942,3.999685,-0.001399,0.250483,0.005037
49.698000,2.868128,4.011742,0.003587,2.619732,3.999671,-0.001464,0.248689,0.005051
49.749000,2.880118,4.011785,0.003601,2.629723,3.999474,-0.001369,0.250698,0.004969
49.798000,2.888107,4.011814,0.003653,2.639509,3.999460,-0.001329,0.248905,0.004982
49.845000,2.900091,4.011858,0.003733,2.649912,3.998614,-0.000400,0.250529,0.004132
49.897000,2.908080,4.011888,0.003786,2.660298,3.998610,-0.000330,0.248138,0.004117
49.946000,2.920061,4.011934,0.003881,2.669461,3.999628,0.000358,0.250902,0.003523
49.995000,2.928059,4.011966,0.003928,2.679258,3.999632,0.000437,0.249106,0.003491
50.045000,2.940057,4.012013,0.003959,2.688490,4.001835,0.000943,0.251773,0.003016
50.097000,2.948036,4.012044,0.003896,2.698865,4.001846,0.000944,0.249380,0.002952
50.147000,2.960005,4.012090,0.003763,2.706447,4.001594,0.000391,0.253774,0.003371
50.147000,2.971973,4.012134,0.003630,2.706447,4.001594,0.000391,0.265735,0.003238
50.147000,2.971973,4.012134,0.003630,2.706447,4.001594,0.000391,0.265735,0.003238
50.201000,2.979952,4.012163,0.003541,2.717219,4.001598,0.000272,0.262945,0.003269
50.398000,3.007916,4.012257,0.003265,2.754128,4.000894,-0.001460,0.254042,0.004724
50.449000,3.019914,4.012296,0.003234,2.764793,4.001938,-0.001856,0.255331,0.005090
50.497000,3.027905,4.012322,0.003200,2.774383,4.001920,-0.001884,0.253736,0.005083
50.548000,3.039891,4.012360,0.003146,2.785754,4.001505,-0.002038,0.254368,0.005184
50.596000,3.047884,4.012385,0.003098,2.795346,4.001485,-0.002086,0.252773,0.005183
50.648000,3.059878,4.012422,0.003045,2.806759,4.001384,-0.001772,0.253359,0.004817
50.696000,3.067873,4.012446,0.003013,2.816354,4.001366,-0.001811,0.251763,0.004824
50.747000,3.079866,4.012482,0.002966,2.826844,4.001333,-0.001762,0.253268,0.004728
50.797000,3.087862,4.012506,0.002934,2.836839,4.001316,-0.001801,0.251272,0.004736
50.849000,3.099855,4.012540,0.002887,2.847995,4.001389,-0.001555,0.252107,0.004442
50.896000,3.107850,4.012563,0.002854,2.857389,4.001374,-0.001592,0.250711,0.004447
50.948000,3.119842,4.012597,0.002801,2.866902,4.001370,-0.001629,0.253189,0.004430
50.998000,3.127837,4.012620,0.002765,2.876895,4.001354,-0.001674,0.251194,0.004439
51.048000,3.139830,4.012652,0.002713,2.886445,4.001782,-0.001567,0.253618,0.004280
51.099000,3.147825,4.012674,0.002679,2.896638,4.001766,-0.001610,0.251423,0.004289
51.149000,3.159818,4.012706,0.002627,2.906299,4.001105,-0.001588,0.253784,0.004216
51.196000,3.167813,4.012727,0.002593,2.915694,4.001090,-0.001629,0.252388,0.004222
51.247000,3.179806,4.012757,0.002532,2.926626,4.001356,-0.001418,0.253437,0.003950
51.297000,3.187800,4.012777,0.002496,2.936618,4.001342,-0.001462,0.251442,0.003958
51.349000,3.199792,4.012807,0.002438,2.946077,4.001169,-0.001911,0.253981,0.004349
51.398000,3.207786,4.012826,0.002400,2.955870,4.001150,-0.001958,0.252186,0.004358
51.448000,3.219778,4.012855,0.002342,2.964437,4.003120,-0.002111,0.255526,0.004453
51.495000,3.227772,4.012873,0.002304,2.973831,4.003100,-0.002156,0.254130,0.004460
51.548000,3.239768,4.012901,0.002256,2.985017,4.003225,-0.002127,0.254935,0.004383
51.599000,3.247766,4.012919,0.002229,2.995215,4.003203,-0.002163,0.252738,0.004392
51.646000,3.259738,4.012945,0.002099,3.005005,4.002601,-0.001967,0.254943,0.004066
51.646000,3.271716,4.012969,0.001941,3.005005,4.002601,-0.001967,0.266913,0.003908
51.700000,3.275709,4.012976,0.001890,3.015785,4.002579,-0.002104,0.260131,0.003994
51.799000,3.287689,4.012998,0.001745,3.036334,4.002237,-0.001715,0.251585,0.003460
51.849000,3.299669,4.013018,0.001608,3.046373,4.001959,-0.001783,0.253537,0.003391
51.899000,3.307659,4.013031,0.001528,3.056361,4.001940,-0.001893,0.251543,0.003420
51.945000,3.319645,4.013048,0.001414,3.064453,4.001625,-0.002250,0.255448,0.003664
51.996000,3.327635,4.013059,0.001340,3.074640,4.001602,-0.002347,0.253254,0.003686
52.046000,3.339629,4.013075,0.001270,3.083862,4.001783,-0.002580,0.256017,0.003850
52.095000,3.347625,4.013085,0.001236,3.093656,4.001757,-0.002628,0.254221,0.003864
52.148000,3.359618,4.013100,0.001190,3.104483,4.001908,-0.002700,0.255380,0.003891
52.197000,3.367613,4.013109,0.001158,3.114277,4.001881,-0.002738,0.253585,0.003896
52.248000,3.379606,4.013123,0.001108,3.124311,4.002778,-0.002700,0.255505,0.003808
52.297000,3.387594,4.013131,0.001048,3.134095,4.002752,-0.002749,0.253711,0.003796
52.347000,3.399575,4.013143,0.000927,3.144147,4.002376,-0.002936,0.255655,0.003863
52.396000,3.407566,4.013150,0.000855,3.153936,4.002347,-0.003034,0.253860,0.003889
52.448000,3.419555,4.013160,0.000766,3.163073,4.003035,-0.003226,0.256682,0.003993
52.496000,3.427542,4.013166,0.000694,3.172657,4.003004,-0.003300,0.255087,0.003993
52.549000,3.439523,4.013173,0.000569,3.183418,4.003306,-0.003429,0.256296,0.003998
52.595000,3.447509,4.013177,0.000476,3.192601,4.003274,-0.003528,0.255101,0.004004
52.649000,3.459488,4.013182,0.000331,3.203869,4.002326,-0.003462,0.255850,0.003794
52.698000,3.467474,4.013185,0.000235,3.213651,4.002292,-0.003581,0.254056,0.003815
52.748000,3.479452,4.013187,0.000090,3.224393,4.002813,-0.003510,0.255270,0.003599
52.797000,3.487438,4.013187,-0.000007,3.234176,4.002778,-0.003628,0.253476,0.003621
52.844000,3.499424,4.013186,-0.000123,3.243883,4.002216,-0.003821,0.255777,0.003698
52.898000,3.507421,4.013185,-0.000168,3.254678,4.002174,-0.003911,0.252983,0.003743
52.948000,3.519418,4.013183,-0.000204,3.264085,4.003341,-0.003869,0.255523,0.003664
52.997000,3.527406,4.013181,-0.000256,3.273871,4.003303,-0.003903,0.253728,0.003647
53.049000,3.539388,4.013177,-0.000366,3.284769,4.004175,-0.003966,0.254778,0.003600
53.099000,3.547375,4.013174,-0.000440,3.294753,4.004135,-0.004058,0.252784,0.003618
53.148000,3.559356,4.013168,-0.000551,3.303934,4.004170,-0.004095,0.255581,0.003545
53.196000,3.571335,4.013161,-0.000677,3.313519,4.004131,-0.004184,0.257974,0.003507
53.246000,3.579316,4.013155,-0.000779,3.322148,4.002391,-0.004704,0.257393,0.003926
53.299000,3.587297,4.013148,-0.000881,3.332723,4.002341,-0.004839,0.254803,0.003959
53.346000,3.599268,4.013137,-0.001033,3.341425,4.001936,-0.005385,0.258087,0.004352
53.397000,3.607256,4.013128,-0.001125,3.351608,4.001881,-0.005513,0.255895,0.004388
53.448000,3.619255,4.013114,-0.001228,3.362111,4.001855,-0.005779,0.257391,0.004551
53.496000,3.627253,4.013104,-0.001281,3.371708,4.001799,-0.005858,0.255795,0.004577
53.549000,3.639237,4.013089,-0.001232,3.382817,4.002170,-0.005876,0.256652,0.004644
53.549000,3.651227,4.013074,-0.001156,3.382817,4.002170,-0.005876,0.268631,0.004720
53.549000,3.655223,4.013070,-0.001131,3.382817,4.002170,-0.005876,0.272623,0.004745
53.605000,3.663213,4.013061,-0.001074,3.394008,4.002105,-0.005811,0.269428,0.004737
53.798000,3.687178,4.013038,-0.000874,3.432556,4.001434,-0.005355,0.254886,0.004481
53.847000,3.699161,4.013028,-0.000758,3.442638,4.001888,-0.005120,0.256764,0.004362
53.896000,3.707149,4.013022,-0.000679,3.452424,4.001838,-0.005024,0.254970,0.004345
53.948000,3.719132,4.013015,-0.000562,3.462650,4.002645,-0.004963,0.256691,0.004402
53.999000,3.727121,4.013010,-0.000483,3.472836,4.002595,-0.004863,0.254498,0.004380
54.046000,3.739111,4.013005,-0.000398,3.481713,4.002976,-0.005017,0.257593,0.004619
54.099000,3.747106,4.013002,-0.000397,3.492307,4.002923,-0.004972,0.254998,0.004575
54.149000,3.759100,4.012997,-0.000427,3.502386,4.002356,-0.005291,0.256935,0.004863
54.198000,3.767098,4.012994,-0.000431,3.512182,4.002304,-0.005312,0.255139,0.004881
54.246000,3.779094,4.012989,-0.000413,3.522368,4.002287,-0.004760,0.256949,0.004347
54.295000,3.787091,4.012985,-0.000397,3.532164,4.002240,-0.004742,0.255153,0.004345
54.349000,3.799087,4.012981,-0.000373,3.542503,4.001560,-0.004562,0.256838,0.004189
54.398000,3.807084,4.012978,-0.000357,3.552299,4.001515,-0.004543,0.255042,0.004185
54.448000,3.819079,4.012974,-0.000330,3.563085,4.001144,-0.004120,0.256267,0.003790
54.498000,3.827073,4.012971,-0.000308,3.573078,4.001103,-0.004093,0.254273,0.003785
54.547000,3.839064,4.012968,-0.000260,3.582161,4.002066,-0.003772,0.257135,0.003512
54.598000,3.847057,4.012966,-0.000216,3.592352,4.002028,-0.003722,0.254940,0.003506
54.647000,3.859047,4.012964,-0.000150,3.600924,4.002317,-0.003629,0.258342,0.003479
54.698000,3.871036,4.012962,-0.000087,3.611115,4.002280,-0.003573,0.260141,0.003486
54.747000,3.879031,4.012962,-0.000079,3.621416,4.003331,-0.003419,0.257795,0.003340
54.796000,3.887026,4.012961,-0.000072,3.631210,4.003297,-0.003409,0.255998,0.003337
54.849000,3.899017,4.012960,-0.000093,3.641910,4.003583,-0.003472,0.257278,0.003379
54.896000,3.907010,4.012959,-0.000119,3.651301,4.003551,-0.003490,0.255882,0.003371
54.947000,3.918968,4.012956,-0.000388,3.661104,4.002874,-0.003989,0.258061,0.003600
54.997000,3.926937,4.012952,-0.000631,3.671066,4.002834,-0.004267,0.256071,0.003636
55.048000,3.938896,4.012943,-0.000988,3.680846,4.002147,-0.004752,0.258276,0.003764
55.099000,3.950866,4.012929,-0.001333,3.691020,4.002098,-0.005050,0.260071,0.003717
55.148000,3.958846,4.012917,-0.001555,3.700806,4.002269,-0.005451,0.258259,0.003896
55.196000,3.966826,4.012904,-0.001778,3.710382,4.002216,-0.005718,0.256666,0.003940
55.249000,3.978796,4.012881,-0.002111,3.721548,4.001877,-0.005965,0.257484,0.003854
55.297000,3.986782,4.012863,-0.002292,3.731131,4.001819,-0.006225,0.255890,0.003932
55.348000,3.998779,4.012835,-0.002410,3.742083,4.002278,-0.006434,0.256913,0.004025
55.398000,4.006776,4.012815,-0.002464,3.752080,4.002214,-0.006513,0.254917,0.004049
55.447000,4.018773,4.012785,-0.002545,3.762288,4.001979,-0.007002,0.256713,0.004457
55.498000,4.026771,4.012765,-0.002600,3.772485,4.001907,-0.007072,0.254518,0.004472
55.548000,4.038764,4.012733,-0.002708,3.782221,4.001469,-0.007187,0.256790,0.004478
55.595000,4.046762,4.012711,-0.002742,3.791618,4.001401,-0.007270,0.255394,0.004528
55.648000,4.058758,4.012678,-0.002713,3.802593,4.002552,-0.007108,0.256365,0.004395
55.698000,4.066732,4.012656,-0.002927,3.812561,4.002485,-0.007152,0.254374,0.004225
55.748000,4.078690,4.012617,-0.003556,3.821716,4.002115,-0.007659,0.257188,0.004103
55.798000,4.086670,4.012587,-0.003982,3.831691,4.002037,-0.008210,0.255197,0.004228
55.849000,4.098643,4.012536,-0.004564,3.841459,4.002360,-0.008670,0.257386,0.004106
55.897000,4.106615,4.012498,-0.005063,3.851025,4.002278,-0.009166,0.255795,0.004103
55.949000,4.117644,4.012435,-0.006859,3.859453,4.001841,-0.010594,0.258408,0.003735
55.995000,4.124336,4.012383,-0.008719,3.867135,4.001759,-0.012448,0.257420,0.003729
56.048000,4.134085,4.012284,-0.011796,3.873546,4.003913,-0.014121,0.260673,0.002325
56.097000,4.139240,4.012215,-0.015192,3.879877,4.003832,-0.017143,0.259499,0.001951
56.148000,4.144589,4.012117,-0.022669,3.881735,4.005946,-0.022249,0.262927,0.000420
56.198000,4.146544,4.012067,-0.029264,3.884212,4.005894,-0.029287,0.262405,0.000023
56.248000,4.147226,4.012045,-0.041558,3.877141,4.009310,-0.037656,0.270099,0.003902
56.297000,4.147226,4.012045,-0.051337,3.877143,4.009311,-0.048462,0.270096,0.002875
56.344000,4.147226,4.012045,-0.068430,3.873133,4.013876,-0.059635,0.274099,0.008796
56.398000,4.147226,4.012045,-0.081410,3.873133,4.013876,-0.075863,0.274099,0.005546
56.446000,4.147226,4.012045,-0.103271,3.869073,4.016057,-0.090064,0.278182,0.013207
56.446000,4.147226,4.012045,-0.128044,3.869073,4.016057,-0.090064,0.278182,0.037980
56.446000,4.147226,4.012045,-0.128044,3.869073,4.016057,-0.090064,0.278182,0.037980
56.446000,4.147226,4.012045,-0.136926,3.869073,4.016057,-0.090064,0.278182,0.046862
56.508000,4.147226,4.012045,-0.165491,3.869073,4.016057,-0.113741,0.278182,0.051750
56.586000,4.147226,4.012045,-0.255857,3.867523,4.018665,-0.145528,0.279781,0.110329
56.798000,4.147226,4.012045,-0.280757,3.859649,4.019007,-0.258102,0.287661,0.022655
56.846000,4.147226,4.012045,-0.318330,3.856572,4.018703,-0.284460,0.290730,0.033870
56.846000,4.147226,4.012045,-0.358159,3.856572,4.018703,-0.284460,0.290730,0.073699
56.846000,4.147226,4.012045,-0.371569,3.856572,4.018703,-0.284460,0.290730,0.087109
56.906000,4.147226,4.012045,-0.398388,3.856572,4.018703,-0.322685,0.290730,0.075703
57.098000,4.147226,4.012045,-0.479503,3.844053,4.018866,-0.452834,0.303250,0.026669
57.147000,4.147226,4.012045,-0.520964,3.838350,4.019978,-0.487568,0.308978,0.033396
57.198000,4.147290,4.012006,-0.549928,3.838430,4.019934,-0.523324,0.308961,0.026603
57.247000,4.148372,4.011300,-0.595353,3.835827,4.017378,-0.559117,0.312604,0.036235
57.296000,4.149895,4.010233,-0.625128,3.837727,4.016158,-0.596239,0.312224,0.028889
57.349000,4.153315,4.007644,-0.667396,3.836911,4.014438,-0.633500,0.316477,0.033895
57.397000,4.156313,4.005213,-0.693974,3.840625,4.011653,-0.666530,0.315754,0.027444
57.446000,4.161680,4.000564,-0.732764,3.838728,4.006824,-0.704402,0.323013,0.028362
57.495000,4.165287,3.997232,-0.758622,3.843278,4.002892,-0.736078,0.322059,0.022544
57.548000,4.170534,3.992063,-0.797410,3.843604,3.999890,-0.773861,0.327024,0.023548
57.599000,4.174067,3.988347,-0.822920,3.848238,3.995290,-0.806744,0.325904,0.016176
57.648000,4.179872,3.981854,-0.858851,3.849854,3.990682,-0.839412,0.330137,0.019439
57.699000,4.183713,3.977301,-0.881242,3.854879,3.984993,-0.869130,0.328924,0.012112
57.750000,4.189288,3.970307,-0.914269,3.855068,3.979426,-0.903983,0.334345,0.010286
57.797000,4.192875,3.965544,-0.936287,3.859367,3.973894,-0.929855,0.333613,0.006432
57.848000,4.198063,3.958246,-0.969271,3.862572,3.969264,-0.960019,0.335672,0.009251
57.897000,4.201410,3.953256,-0.990685,3.866750,3.963205,-0.986755,0.334808,0.003930
57.948000,4.206266,3.945580,-1.022630,3.869329,3.956996,-1.014824,0.337130,0.007806
57.998000,4.209613,3.939968,-1.042808,3.873582,3.950036,-1.041046,0.336182,0.001762
58.046000,4.214553,3.931214,-1.070689,3.875085,3.941692,-1.066635,0.339630,0.004054
58.098000,4.217766,3.925212,-1.087700,3.879304,3.933919,-1.089988,0.338574,0.002288
58.146000,4.222452,3.916016,-1.110815,3.881866,3.928004,-1.115119,0.340797,0.004304
58.197000,4.225503,3.909749,-1.124625,3.885727,3.920004,-1.133959,0.339930,0.009334
58.249000,4.229961,3.900199,-1.142941,3.888455,3.911262,-1.156999,0.341685,0.014059
58.297000,4.232873,3.893719,-1.153551,3.891844,3.903439,-1.170892,0.341168,0.017341
58.349000,4.237146,3.883894,-1.167066,3.895984,3.895068,-1.189340,0.341345,0.022273
58.396000,4.239945,3.877273,-1.174477,3.899096,3.887215,-1.199167,0.340994,0.024690
58.448000,4.244074,3.867278,-1.183192,3.907328,3.879627,-1.211668,0.336972,0.028476
58.499000,4.246777,3.860609,-1.188112,3.910536,3.871031,-1.218454,0.336402,0.030342
58.547000,4.250771,3.850580,-1.195518,3.917442,3.863178,-1.226913,0.333567,0.031395
58.594000,4.253384,3.843898,-1.200527,3.920273,3.855237,-1.232736,0.333305,0.032209
58.645000,4.257241,3.833849,-1.208108,3.925427,3.845348,-1.239140,0.332014,0.031032
58.698000,4.259765,3.827148,-1.213223,3.928503,3.836372,-1.245861,0.331390,0.032638
58.747000,4.263486,3.817070,-1.220945,3.930912,3.827608,-1.253518,0.332741,0.032574
58.796000,4.265928,3.810323,-1.226067,3.933640,3.819253,-1.259819,0.332407,0.033752
58.849000,4.269529,3.800173,-1.233699,3.938614,3.811399,-1.265161,0.331105,0.031462
58.895000,4.271880,3.793410,-1.238830,3.941080,3.803543,-1.271020,0.330955,0.032190
58.949000,4.275343,3.783237,-1.246567,3.943878,3.795347,-1.278193,0.331686,0.031626
58.998000,4.277610,3.776434,-1.251712,3.946399,3.786932,-1.284508,0.331377,0.032796
59.047000,4.280948,3.766198,-1.259386,3.946242,3.780144,-1.292513,0.334996,0.033127
59.098000,4.283140,3.759327,-1.264392,3.948753,3.771301,-1.298996,0.334601,0.034604
59.146000,4.286367,3.748994,-1.271840,3.950210,3.760556,-1.306481,0.336356,0.034640
59.198000,4.289517,3.738637,-1.279289,3.952648,3.751496,-1.312936,0.337114,0.033647
59.249000,4.291574,3.731719,-1.284254,3.957216,3.743608,-1.318738,0.334569,0.034484
59.294000,4.293600,3.724781,-1.289159,3.959231,3.735730,-1.324312,0.334548,0.035153
59.345000,4.296582,3.714333,-1.296358,3.960138,3.728343,-1.331139,0.336736,0.034781
59.396000,4.298534,3.707334,-1.301053,3.962322,3.719341,-1.337212,0.336427,0.036159
59.447000,4.301403,3.696815,-1.308059,3.963832,3.709181,-1.343869,0.337798,0.035810
59.495000,4.303274,3.689791,-1.312723,3.965782,3.700678,-1.349474,0.337668,0.036750
59.547000,4.306032,3.679197,-1.319515,3.965748,3.694159,-1.357915,0.340613,0.038400
59.598000,4.307840,3.672088,-1.323872,3.967711,3.685017,-1.363612,0.340376,0.039740
59.647000,4.310500,3.661395,-1.330221,3.968036,3.676245,-1.369491,0.342785,0.039270
59.699000,4.312240,3.654235,-1.334341,3.969940,3.666858,-1.374937,0.342534,0.040596
59.745000,4.314800,3.643469,-1.340391,3.972805,3.658777,-1.379898,0.342337,0.039507
59.795000,4.316471,3.636280,-1.344398,3.974544,3.649717,-1.384919,0.342191,0.040521
59.849000,4.318924,3.625484,-1.350408,3.975616,3.640292,-1.392271,0.343627,0.041863
59.896000,4.320523,3.618278,-1.354415,3.977146,3.631756,-1.396978,0.343641,0.042564
59.948000,4.322870,3.607446,-1.360385,3.980364,3.622652,-1.402067,0.342844,0.041683
59.995000,4.324403,3.600199,-1.364254,3.981814,3.614070,-1.406700,0.342870,0.042446
60.048000,4.326653,3.589308,-1.369979,3.982412,3.604273,-1.413142,0.344566,0.043164
60.097000,4.328118,3.582039,-1.373787,3.983829,3.595301,-1.417808,0.344545,0.044022
60.147000,4.330264,3.571126,-1.379498,3.982921,3.586864,-1.424275,0.347699,0.044777
60.147000,4.332348,3.560195,-1.385196,3.982921,3.586864,-1.424275,0.350444,0.039079
60.147000,4.332348,3.560195,-1.385196,3.982921,3.586864,-1.424275,0.350444,0.039079
60.202000,4.333717,3.552833,-1.388744,3.984382,3.576768,-1.429511,0.350154,0.040767
60.398000,4.338336,3.526914,-1.399984,3.988832,3.540974,-1.448064,0.349787,0.048079
60.447000,4.340233,3.515764,-1.404570,3.990441,3.530452,-1.451665,0.350100,0.047095
60.499000,4.341469,3.508324,-1.407594,3.991598,3.520717,-1.455618,0.350091,0.048024
60.547000,4.343284,3.497147,-1.412080,3.992777,3.512739,-1.460988,0.350854,0.048909
60.597000,4.344468,3.489678,-1.415009,3.993804,3.503343,-1.464700,0.350931,0.049691
60.645000,4.346206,3.478456,-1.419312,3.994965,3.494909,-1.468791,0.351626,0.049478
60.699000,4.347339,3.470962,-1.422129,3.995998,3.484731,-1.472635,0.351611,0.050506
60.749000,4.349001,3.459705,-1.426278,3.996391,3.474879,-1.477132,0.352936,0.050854
60.796000,4.350086,3.452179,-1.428966,3.997219,3.465983,-1.480352,0.353137,0.051386
60.847000,4.351677,3.440874,-1.432895,3.997664,3.458871,-1.484799,0.354471,0.051904
60.897000,4.352716,3.433318,-1.435434,3.998475,3.449373,-1.488036,0.354605,0.052602
60.949000,4.354241,3.421968,-1.439141,3.999117,3.437678,-1.492582,0.355471,0.053442
60.998000,4.355236,3.414385,-1.441537,3.999842,3.428337,-1.495576,0.355667,0.054039
61.047000,4.356696,3.402993,-1.445032,4.000905,3.418167,-1.497996,0.356115,0.052965
61.098000,4.357648,3.395394,-1.447328,4.001608,3.408428,-1.500945,0.356278,0.053617
61.149000,4.359044,3.383982,-1.450722,4.002757,3.398219,-1.504730,0.356572,0.054009
61.197000,4.359955,3.376364,-1.452944,4.003358,3.389033,-1.507426,0.356821,0.054482
61.249000,4.361290,3.364924,-1.456212,4.004102,3.379540,-1.511760,0.357487,0.055548
61.298000,4.362161,3.357283,-1.458340,4.004652,3.370136,-1.514403,0.357740,0.056062
61.348000,4.363438,3.345819,-1.461531,4.065884,3.382259,-1.506432,0.299777,0.044901
61.399000,4.364268,3.338174,-1.463658,4.066509,3.372474,-1.509144,0.299728,0.045486
61.449000,4.365483,3.326703,-1.466844,4.067957,3.363920,-1.511277,0.299845,0.044432
61.498000,4.366215,3.319590,-1.469821,4.068484,3.355176,-1.514145,0.299851,0.044324
61.548000,4.367257,3.308965,-1.476676,4.066529,3.345552,-1.519167,0.302945,0.042492
61.598000,4.367911,3.301841,-1.481846,4.066981,3.336621,-1.525355,0.302933,0.043509
61.646000,4.368827,3.291108,-1.489516,4.064837,3.331088,-1.529872,0.306607,0.040356
61.697000,4.369395,3.283910,-1.494481,4.065198,3.321891,-1.536325,0.306559,0.041844
61.746000,4.370185,3.273068,-1.501677,4.060880,3.313689,-1.544630,0.311960,0.042953
61.795000,4.370673,3.265764,-1.506199,4.061098,3.304727,-1.550398,0.312017,0.044199
61.847000,4.371347,3.254788,-1.512842,4.061376,3.294285,-1.558449,0.312477,0.045607
61.895000,4.371755,3.247469,-1.517271,4.061473,3.285489,-1.563764,0.312603,0.046493
61.947000,4.372307,3.236487,-1.523915,4.061479,3.277395,-1.571570,0.313508,0.047655
61.998000,4.372637,3.229107,-1.528136,4.061457,3.267979,-1.577161,0.313599,0.049026
62.044000,4.373083,3.217915,-1.533698,4.061900,3.259746,-1.582817,0.313982,0.049120
62.098000,4.373348,3.210432,-1.537156,4.061766,3.249640,-1.587645,0.314039,0.050489
62.147000,4.373697,3.199205,-1.542334,4.062445,3.240800,-1.593882,0.314019,0.051548
62.198000,4.373897,3.191720,-1.545785,4.062215,3.231255,-1.598283,0.314179,0.052497
62.244000,4.374149,3.180488,-1.550948,4.062143,3.222238,-1.602995,0.314787,0.052047
62.298000,4.374287,3.172926,-1.554085,4.061800,3.212042,-1.607546,0.314925,0.053461
62.344000,4.374453,3.161521,-1.558263,4.061891,3.203797,-1.612522,0.315408,0.054259
62.396000,4.374539,3.153894,-1.560836,4.061467,3.193892,-1.616021,0.315616,0.055185
62.445000,4.374631,3.142447,-1.564632,4.062022,3.182390,-1.620273,0.315150,0.055641
62.497000,4.374668,3.134812,-1.567143,4.061523,3.172477,-1.623559,0.315402,0.056416
62.548000,4.374690,3.123293,-1.570560,4.060932,3.162305,-1.627711,0.316175,0.057151
62.548000,4.374675,3.111732,-1.573646,4.060932,3.162305,-1.627711,0.317793,0.054065
62.548000,4.374662,3.107871,-1.574616,4.060932,3.162305,-1.627711,0.318418,0.053095
62.600000,4.374625,3.100140,-1.576487,4.060342,3.152299,-1.630558,0.318582,0.054072
62.800000,4.374432,3.076877,-1.581633,4.058661,3.113511,-1.641920,0.317889,0.060287
62.846000,4.374291,3.065235,-1.584134,4.058478,3.104142,-1.644882,0.318201,0.060748
62.898000,4.374122,3.053593,-1.586635,4.057726,3.094079,-1.647049,0.318975,0.060414
62.945000,4.373992,3.045795,-1.588148,4.058471,3.085025,-1.648765,0.317951,0.060617
62.998000,4.373851,3.037972,-1.589454,4.057656,3.074692,-1.650700,0.318320,0.061245
63.047000,4.373621,3.026215,-1.591206,4.056928,3.063107,-1.652308,0.318834,0.061102
63.099000,4.373371,3.014433,-1.592766,4.056093,3.052932,-1.653768,0.319606,0.061002
63.148000,4.373195,3.006566,-1.593711,4.054973,3.043264,-1.655412,0.320331,0.061701
63.197000,4.373010,2.998683,-1.594569,4.054153,3.033640,-1.656541,0.320768,0.061973
63.245000,4.372722,2.986840,-1.595706,4.054464,3.024191,-1.657842,0.320442,0.062137
63.295000,4.372522,2.978940,-1.596403,4.053603,3.014351,-1.658753,0.320879,0.062350
63.348000,4.372213,2.967074,-1.597358,4.052649,3.003038,-1.659625,0.321581,0.062268
63.396000,4.372000,2.959154,-1.597932,4.051803,2.993567,-1.660355,0.322040,0.062424
63.447000,4.371672,2.947272,-1.598790,4.051309,2.982797,-1.661018,0.322327,0.062228
63.498000,4.371448,2.939352,-1.599362,4.050397,2.972735,-1.661748,0.322783,0.062386
63.551000,4.371104,2.927468,-1.600201,4.048480,2.962582,-1.662435,0.324529,0.062234
63.551000,4.370749,2.915517,-1.600788,4.048480,2.962582,-1.662435,0.325687,0.061647
63.551000,4.370629,2.911532,-1.600979,4.048480,2.962582,-1.662435,0.326168,0.061456
63.600000,4.370386,2.903559,-1.601321,4.047579,2.952847,-1.663056,0.326548,0.061734
63.797000,4.369650,2.879586,-1.601582,4.045892,2.913993,-1.665171,0.325581,0.063589
63.849000,4.369281,2.867610,-1.601505,4.044581,2.904765,-1.665843,0.326819,0.064338
63.849000,4.368915,2.855659,-1.601283,4.044581,2.904765,-1.665843,0.328031,0.064560
63.849000,4.368794,2.851679,-1.601180,4.044581,2.904765,-1.665843,0.328531,0.064664
63.901000,4.368674,2.847700,-1.601064,4.043597,2.894453,-1.665737,0.328421,0.064673
63.901000,4.367730,2.815908,-1.599810,4.043597,2.894453,-1.665737,0.333514,0.065926
63.901000,4.367730,2.815908,-1.599810,4.043597,2.894453,-1.665737,0.333514,0.065926
63.901000,4.367501,2.807967,-1.599445,4.043597,2.894453,-1.665737,0.335251,0.066292
64.107000,4.367275,2.800030,-1.599053,4.041082,2.853231,-1.665013,0.330503,0.065961
64.343000,4.366408,2.768330,-1.597161,4.035747,2.803551,-1.661512,0.332532,0.064351
64.398000,4.366201,2.760421,-1.596591,4.034762,2.792716,-1.660777,0.333009,0.064187
64.446000,4.365900,2.748560,-1.595711,4.034208,2.785238,-1.660999,0.333714,0.065288
64.499000,4.365610,2.736707,-1.594780,4.033266,2.774803,-1.660218,0.334521,0.065439
64.545000,4.365424,2.728816,-1.594088,4.031585,2.766036,-1.660588,0.335908,0.066500
64.598000,4.365243,2.720939,-1.593318,4.030650,2.755638,-1.659648,0.336388,0.066330
64.648000,4.364985,2.709132,-1.592065,4.029846,2.743975,-1.658472,0.336945,0.066407
64.696000,4.364821,2.701262,-1.591199,4.029021,2.734565,-1.657451,0.337447,0.066253
64.749000,4.364588,2.689457,-1.589891,4.029913,2.722744,-1.655285,0.336326,0.065394
64.795000,4.364441,2.681588,-1.589012,4.029152,2.713725,-1.654281,0.336826,0.065269
64.846000,4.364233,2.669764,-1.587763,4.029968,2.704671,-1.653102,0.336083,0.065340
64.899000,4.364102,2.661869,-1.587000,4.029111,2.694244,-1.652032,0.336552,0.065032
64.948000,4.363916,2.650028,-1.585898,4.028930,2.685295,-1.650967,0.336838,0.065069
64.996000,4.363800,2.642132,-1.585179,4.028173,2.675848,-1.650092,0.337316,0.064913
65.049000,4.363636,2.630290,-1.584101,4.025353,2.663813,-1.648868,0.339940,0.064767
65.096000,4.363534,2.622396,-1.583380,4.024632,2.654565,-1.648022,0.340425,0.064641
65.148000,4.363392,2.610570,-1.582259,4.023242,2.643922,-1.647434,0.341780,0.065175
65.199000,4.363304,2.602695,-1.581486,4.022476,2.633909,-1.646459,0.342255,0.064972
65.248000,4.363186,2.590897,-1.580205,4.021393,2.625135,-1.646189,0.343503,0.065983
65.297000,4.363115,2.583046,-1.579238,4.020670,2.615545,-1.645069,0.343984,0.065831
65.348000,4.363025,2.571273,-1.577719,4.020554,2.604379,-1.643754,0.344068,0.066035
65.396000,4.362952,2.559492,-1.576203,4.019870,2.594979,-1.642533,0.344913,0.066330
65.447000,4.362914,2.551639,-1.575196,4.020281,2.583585,-1.639737,0.344119,0.064540
65.496000,4.362883,2.543770,-1.574244,4.019621,2.573969,-1.638519,0.344588,0.064275
65.550000,4.362850,2.531966,-1.572876,4.019821,2.564378,-1.636737,0.344557,0.063862
65.598000,4.362837,2.524088,-1.572007,4.019201,2.554944,-1.635659,0.345019,0.063652
65.647000,4.362831,2.512269,-1.570742,4.017434,2.546763,-1.635448,0.347115,0.064706
65.696000,4.362835,2.504405,-1.569856,4.016814,2.537149,-1.634405,0.347567,0.064549
65.749000,4.362854,2.492611,-1.568468,4.015713,2.526240,-1.633320,0.348766,0.064852
65.799000,4.362876,2.484749,-1.567534,4.015101,2.516431,-1.632156,0.349215,0.064623
65.850000,4.362922,2.472957,-1.566125,4.016459,2.505480,-1.629844,0.347987,0.063719
65.898000,4.362963,2.465079,-1.565235,4.015904,2.496042,-1.628731,0.348438,0.063496
65.945000,4.363036,2.453257,-1.563972,4.015883,2.488022,-1.627219,0.348889,0.063247
65.996000,4.363093,2.445367,-1.563169,4.015319,2.477979,-1.626162,0.349300,0.062994
66.049000,4.363190,2.433528,-1.561999,4.014237,2.467994,-1.625007,0.350651,0.063008
66.097000,4.363263,2.425637,-1.561210,4.013726,2.458539,-1.624070,0.351082,0.062860
66.149000,4.363383,2.413798,-1.560012,4.012072,2.447465,-1.622642,0.352921,0.062630
66.199000,4.363518,2.401969,-1.558744,4.011563,2.437620,-1.621629,0.353757,0.062885
66.248000,4.363617,2.394081,-1.557874,4.009963,2.427697,-1.620808,0.355248,0.062934
66.298000,4.363722,2.386204,-1.556947,4.009472,2.417861,-1.619702,0.355662,0.062755
66.349000,4.363895,2.374385,-1.555492,4.007671,2.409240,-1.619213,0.357925,0.063722
66.397000,4.364019,2.366522,-1.554436,4.007216,2.399813,-1.618018,0.358353,0.063583
66.448000,4.364222,2.354724,-1.552756,4.007892,2.389243,-1.615538,0.357998,0.062781
66.448000,4.364445,2.342894,-1.551179,4.007892,2.389243,-1.615538,0.359553,0.064358
66.500000,4.364523,2.338950,-1.550669,4.007437,2.379001,-1.614092,0.359325,0.063423
66.599000,4.364770,2.327118,-1.549137,4.007473,2.360299,-1.610336,0.358835,0.061199
66.648000,4.365036,2.315262,-1.547715,4.008295,2.349973,-1.608646,0.358425,0.060932
66.699000,4.365318,2.303363,-1.546596,4.007917,2.339865,-1.607527,0.359260,0.060930
66.747000,4.365512,2.295426,-1.545936,4.007661,2.330847,-1.606545,0.359600,0.060609
66.798000,4.365712,2.287487,-1.545308,4.007301,2.320727,-1.605714,0.359949,0.060406
66.846000,4.366021,2.275575,-1.544391,4.007377,2.311610,-1.605073,0.360451,0.060681
66.898000,4.366234,2.267633,-1.543782,4.007025,2.301289,-1.604281,0.360782,0.060498
66.946000,4.366561,2.255716,-1.542890,4.006536,2.291272,-1.603155,0.361777,0.060265
66.995000,4.366785,2.247769,-1.542307,4.006222,2.281538,-1.602436,0.362141,0.060129
67.047000,4.367130,2.235849,-1.541432,4.006937,2.270965,-1.601353,0.361901,0.059921
67.098000,4.367366,2.227902,-1.540849,4.006629,2.260833,-1.600610,0.362237,0.059761
67.147000,4.367728,2.215953,-1.540137,4.006463,2.250913,-1.599981,0.362953,0.059844
67.199000,4.367974,2.207973,-1.539839,4.006163,2.240538,-1.599475,0.363274,0.059636
67.248000,4.368347,2.196000,-1.539488,4.005473,2.230437,-1.598740,0.364505,0.059252
67.298000,4.368598,2.188023,-1.539234,4.005194,2.220465,-1.598449,0.364849,0.059215
67.348000,4.368978,2.176057,-1.538809,4.003867,2.211010,-1.597988,0.366781,0.059178
67.395000,4.369235,2.168101,-1.538345,4.003611,2.201660,-1.597598,0.367161,0.059253
67.448000,4.369628,2.156168,-1.537400,4.003028,2.191956,-1.597200,0.368342,0.059799
67.499000,4.369896,2.148213,-1.536732,4.002762,2.181812,-1.596364,0.368668,0.059633
67.549000,4.370309,2.136285,-1.535670,4.002694,2.171331,-1.595779,0.369281,0.060108
67.599000,4.370591,2.128333,-1.534840,4.002447,2.161387,-1.594831,0.369626,0.059991
67.646000,4.371028,2.116404,-1.533580,4.003839,2.151004,-1.593202,0.368816,0.059623
67.695000,4.371327,2.108452,-1.532731,4.003623,2.141258,-1.592172,0.369165,0.059441
67.745000,4.371786,2.096568,-1.531861,4.003749,2.131479,-1.590476,0.369689,0.058615
67.797000,4.372096,2.088637,-1.531440,4.003549,2.121164,-1.589823,0.369980,0.058384
67.847000,4.372568,2.076738,-1.530893,4.003565,2.112688,-1.588424,0.370750,0.057531
67.898000,4.372886,2.068799,-1.530563,4.003388,2.102560,-1.587977,0.371037,0.057414
67.949000,4.373369,2.056888,-1.530095,4.003966,2.092786,-1.587163,0.371143,0.057069
67.999000,4.373693,2.048940,-1.529810,4.003804,2.082843,-1.586784,0.371440,0.056974
68.049000,4.374185,2.037015,-1.529410,4.002994,2.072483,-1.586979,0.372882,0.057569
68.099000,4.374515,2.029072,-1.529127,4.002833,2.062547,-1.586643,0.373186,0.057515
68.147000,4.375014,2.017157,-1.528679,4.001765,2.053862,-1.586746,0.375050,0.058067
68.198000,4.375350,2.009222,-1.528353,4.001604,2.043737,-1.586354,0.375336,0.058001
68.248000,4.375858,1.997321,-1.527862,4.000774,2.033918,-1.586691,0.376866,0.058829
68.297000,4.376201,1.989387,-1.527535,4.000620,2.024191,-1.586290,0.377190,0.058755
68.348000,4.376719,1.977486,-1.527039,4.000661,2.014083,-1.586564,0.377834,0.059525
68.397000,4.377067,1.969559,-1.526646,4.000508,2.004365,-1.586139,0.378164,0.059492
68.449000,4.377596,1.957669,-1.525996,4.001623,1.993421,-1.585490,0.377670,0.059493
68.499000,4.377954,1.949730,-1.525593,4.001478,1.983489,-1.584953,0.377986,0.059360
68.546000,4.378496,1.937820,-1.525035,4.001813,1.973972,-1.583911,0.378414,0.058875
68.597000,4.378861,1.929872,-1.524702,4.001682,1.963830,-1.583453,0.378705,0.058752
68.647000,4.379414,1.917949,-1.524240,4.001171,1.953778,-1.583118,0.379936,0.058878
68.699000,4.379786,1.910003,-1.523931,4.001045,1.943437,-1.582720,0.380214,0.058790
68.746000,4.380347,1.898084,-1.523462,4.000919,1.934551,-1.582055,0.381177,0.058593
68.746000,4.380915,1.886164,-1.522993,4.000919,1.934551,-1.582055,0.383064,0.059061
68.746000,4.381105,1.882191,-1.522837,4.000919,1.934551,-1.582055,0.383775,0.059217
68.801000,4.381488,1.874245,-1.522525,4.000798,1.923614,-1.581625,0.383878,0.059100
68.999000,4.382847,1.846403,-1.521588,4.001198,1.883842,-1.579611,0.383481,0.058023
69.049000,4.383240,1.838442,-1.521377,4.000557,1.874696,-1.579790,0.384396,0.058413
69.095000,4.383634,1.830481,-1.521168,4.000475,1.865530,-1.579548,0.384759,0.058380
69.147000,4.384229,1.818540,-1.520855,4.000788,1.855628,-1.579134,0.385231,0.058280
69.197000,4.384628,1.810579,-1.520646,4.000705,1.845664,-1.578873,0.385523,0.058228
69.248000,4.385229,1.798641,-1.520322,4.001504,1.834904,-1.578722,0.385435,0.058400
69.295000,4.385632,1.790682,-1.520100,4.001430,1.825541,-1.578464,0.385780,0.058364
69.349000,4.386240,1.778741,-1.519776,4.001097,1.814548,-1.578325,0.386804,0.058549
69.398000,4.386852,1.766793,-1.519504,4.001024,1.804778,-1.578074,0.387693,0.058570
69.449000,4.387261,1.758827,-1.519333,4.000907,1.795455,-1.577705,0.388086,0.058372
69.498000,4.387878,1.746878,-1.519085,4.000840,1.785684,-1.577498,0.388979,0.058413
69.547000,4.388291,1.738912,-1.518922,4.000720,1.776207,-1.577204,0.389362,0.058283
69.598000,4.388706,1.730946,-1.518758,4.000655,1.766037,-1.576996,0.389634,0.058238
69.647000,4.389329,1.718997,-1.518513,4.000542,1.755561,-1.576929,0.390503,0.058416
69.694000,4.389747,1.711031,-1.518350,4.000485,1.746188,-1.576737,0.390847,0.058387
69.748000,4.390376,1.699082,-1.518106,4.001420,1.737115,-1.575873,0.390811,0.057767
69.798000,4.390796,1.691116,-1.517944,4.001369,1.727144,-1.575670,0.391090,0.057726
69.846000,4.391431,1.679148,-1.517783,4.001399,1.719372,-1.575703,0.392100,0.057920
69.897000,4.391854,1.671169,-1.517704,4.001350,1.709184,-1.575585,0.392351,0.057881
69.948000,4.392491,1.659201,-1.517599,4.001287,1.699132,-1.575458,0.393237,0.057859
69.948000,4.393129,1.647232,-1.517498,4.001287,1.699132,-1.575458,0.395265,0.057960
70.000000,4.393129,1.647232,-1.517498,4.001239,1.688744,-1.575368,0.394083,0.057871
70.066000,4.393981,1.631273,-1.517366,4.001113,1.674282,-1.574942,0.395215,0.057576
70.149000,4.394622,1.619303,-1.517273,4.000331,1.657414,-1.574906,0.396128,0.057633
70.195000,4.395050,1.611330,-1.517187,4.000293,1.648233,-1.574827,0.396477,0.057640
70.247000,4.395692,1.599371,-1.517033,4.000105,1.637537,-1.574720,0.397424,0.057686
70.296000,4.396122,1.591400,-1.516921,4.000067,1.627758,-1.574589,0.397720,0.057668
70.345000,4.396768,1.579443,-1.516750,3.999715,1.618116,-1.574274,0.398932,0.057524
70.398000,4.397415,1.567486,-1.516579,3.999679,1.607539,-1.574123,0.399749,0.057544
70.448000,4.397848,1.559514,-1.516465,4.000647,1.597473,-1.573985,0.399011,0.057520
70.498000,4.398282,1.551543,-1.516351,4.000616,1.587495,-1.573843,0.399288,0.057492
70.547000,4.398935,1.539586,-1.516179,4.000603,1.577589,-1.574087,0.400141,0.057907
70.594000,4.399371,1.531613,-1.516069,4.000572,1.568206,-1.573952,0.400474,0.057883
70.645000,4.400028,1.519644,-1.515951,4.001325,1.558475,-1.574445,0.400589,0.058494
70.696000,4.400466,1.511661,-1.515899,4.001288,1.548281,-1.574357,0.400854,0.058458
70.747000,4.401125,1.499686,-1.515843,4.001245,1.537946,-1.574416,0.401706,0.058573
70.796000,4.401564,1.491703,-1.515808,4.001209,1.528152,-1.574372,0.402010,0.058565
70.848000,4.402223,1.479729,-1.515753,4.000993,1.517367,-1.574180,0.402992,0.058427
70.899000,4.402663,1.471748,-1.515712,4.000959,1.507175,-1.574132,0.403264,0.058420
70.948000,4.403324,1.459776,-1.515647,4.001356,1.496267,-1.573519,0.403621,0.057872
70.999000,4.403765,1.451788,-1.515624,4.001329,1.486068,-1.573469,0.403893,0.057846
71.048000,4.404427,1.439807,-1.515599,4.000971,1.477075,-1.573537,0.405174,0.057938
71.097000,4.404868,1.431819,-1.515583,4.000944,1.467275,-1.573517,0.405478,0.057934
71.146000,4.405531,1.419837,-1.515558,4.000924,1.457042,-1.573824,0.406314,0.058265
71.199000,4.405972,1.411852,-1.515546,4.000892,1.446445,-1.573804,0.406555,0.058259
71.249000,4.406635,1.399879,-1.515500,4.000700,1.436729,-1.573858,0.407604,0.058358
71.294000,4.407077,1.391898,-1.515456,4.000672,1.427738,-1.573818,0.407981,0.058362
71.347000,4.407740,1.379928,-1.515380,4.001398,1.416850,-1.573366,0.408017,0.057986
71.396000,4.408183,1.371942,-1.515350,4.001373,1.407052,-1.573310,0.408323,0.057960
71.449000,4.408848,1.359962,-1.515308,4.002081,1.395052,-1.572524,0.408278,0.057216
71.496000,4.409292,1.351975,-1.515279,4.002065,1.385653,-1.572491,0.408618,0.057211
71.547000,4.409958,1.339995,-1.515240,4.002193,1.375739,-1.572023,0.409329,0.056783
71.597000,4.410402,1.332020,-1.515273,4.002182,1.365754,-1.572009,0.409611,0.056736
71.648000,4.411066,1.320060,-1.515394,4.002115,1.355610,-1.571982,0.410493,0.056588
71.697000,4.411508,1.312086,-1.515488,4.002103,1.345827,-1.572090,0.410793,0.056602
71.748000,4.412169,1.300124,-1.515629,4.001465,1.336002,-1.572459,0.412269,0.056831
71.796000,4.412610,1.292143,-1.515697,4.001448,1.326409,-1.572564,0.412587,0.056867
71.849000,4.413270,1.280169,-1.515766,4.000961,1.316657,-1.573036,0.413920,0.057270
71.896000,4.413709,1.272182,-1.515782,4.000940,1.307259,-1.573079,0.414257,0.057297
71.948000,4.414369,1.260203,-1.515783,4.001561,1.296920,-1.573421,0.414437,0.057638
71.999000,4.414809,1.252217,-1.515783,4.001535,1.286722,-1.573421,0.414712,0.057638
72.047000,4.415469,1.240237,-1.515783,4.001954,1.277004,-1.573257,0.415145,0.057474
72.098000,4.415908,1.232251,-1.515780,4.001929,1.266806,-1.573256,0.415419,0.057476
72.147000,4.416568,1.220272,-1.515773,4.002287,1.255707,-1.573200,0.415793,0.057427
72.199000,4.417008,1.212290,-1.515786,4.002263,1.245314,-1.573198,0.416058,0.057412
72.249000,4.417666,1.200323,-1.515864,4.000694,1.235343,-1.573759,0.418440,0.057895
72.295000,4.418105,1.192345,-1.515923,4.000667,1.226154,-1.573824,0.418805,0.057901
72.347000,4.418762,1.180376,-1.515995,4.000501,1.216317,-1.574299,0.419801,0.058304
72.396000,4.419199,1.172399,-1.515965,4.000466,1.206531,-1.574328,0.420122,0.058363
72.447000,4.419857,1.160435,-1.515864,3.999557,1.197475,-1.574822,0.421928,0.058958
72.498000,4.420515,1.148486,-1.515681,3.999516,1.187302,-1.574717,0.422784,0.059036
72.548000,4.420955,1.140521,-1.515534,3.998045,1.175569,-1.574598,0.424360,0.059064
72.598000,4.421395,1.132567,-1.515338,3.998007,1.165612,-1.574399,0.424676,0.059061
72.648000,4.422060,1.120638,-1.514994,3.999281,1.155230,-1.573442,0.424191,0.058447
72.697000,4.422506,1.112670,-1.514811,3.999256,1.145454,-1.573173,0.424517,0.058361
72.748000,4.423177,1.100715,-1.514597,4.001170,1.134093,-1.571514,0.423324,0.056917
72.796000,4.423626,1.092736,-1.514553,4.001165,1.124502,-1.571376,0.423653,0.056823
72.846000,4.424300,1.080767,-1.514591,4.001114,1.114107,-1.571123,0.424497,0.056531
72.896000,4.424748,1.072788,-1.514642,4.001110,1.104118,-1.571170,0.424795,0.056529
72.946000,4.425421,1.060819,-1.514727,4.000091,1.094466,-1.571442,0.426658,0.056715
72.997000,4.425868,1.052840,-1.514784,4.000084,1.084276,-1.571515,0.426943,0.056731
73.049000,4.426539,1.040869,-1.514850,3.999607,1.073973,-1.571992,0.428214,0.057142
73.096000,4.426986,1.032890,-1.514825,3.999595,1.064583,-1.572017,0.428565,0.057191
73.147000,4.427657,1.020922,-1.514771,3.999509,1.055965,-1.572499,0.429580,0.057728
73.195000,4.428104,1.012944,-1.514734,3.999493,1.046376,-1.572455,0.429914,0.057721
73.248000,4.428776,1.000977,-1.514680,3.999058,1.036461,-1.573129,0.431181,0.058449
73.295000,4.429225,0.993003,-1.514618,3.999036,1.027077,-1.573081,0.431536,0.058463
73.345000,4.429898,0.981051,-1.514450,3.998105,1.017907,-1.573631,0.433363,0.059181
73.395000,4.430348,0.973083,-1.514327,3.998077,1.007931,-1.573482,0.433673,0.059155
73.446000,4.431024,0.961131,-1.514142,3.997848,0.997612,-1.573092,0.434710,0.058950
73.499000,4.431703,0.949179,-1.513957,3.997824,0.987037,-1.572929,0.435528,0.058972
73.546000,4.432157,0.941221,-1.513804,3.997854,0.977097,-1.572787,0.435782,0.058983
73.595000,4.432611,0.933264,-1.513646,3.997835,0.967334,-1.572598,0.436110,0.058952
73.649000,4.433296,0.921329,-1.513408,3.999761,0.954676,-1.570944,0.434815,0.057536
73.698000,4.433753,0.913373,-1.513250,3.999760,0.944913,-1.570750,0.435138,0.057501
73.747000,4.434443,0.901424,-1.513016,4.001488,0.933807,-1.569437,0.434165,0.056421
73.795000,4.434904,0.893456,-1.513026,4.001503,0.924229,-1.569305,0.434492,0.056279
73.846000,4.435594,0.881507,-1.513181,4.002526,0.916168,-1.569275,0.434453,0.056094
73.897000,4.436053,0.873550,-1.513337,4.002541,0.906005,-1.569435,0.434725,0.056098
73.946000,4.436738,0.861614,-1.513574,4.001841,0.898519,-1.569792,0.436460,0.056218
73.996000,4.437193,0.853653,-1.513743,4.001850,0.888552,-1.569993,0.436740,0.056250
74.048000,4.437874,0.841704,-1.513973,4.000298,0.879163,-1.570483,0.439176,0.056510
74.098000,4.438328,0.833722,-1.514064,4.000300,0.869170,-1.570653,0.439460,0.056589
74.147000,4.439008,0.821746,-1.514130,4.000251,0.859000,-1.571028,0.440335,0.056897
74.198000,4.439461,0.813760,-1.514152,4.000249,0.848802,-1.571071,0.440607,0.056919
74.248000,4.440140,0.801781,-1.514170,4.000033,0.837912,-1.570960,0.441587,0.056790
74.295000,4.440592,0.793794,-1.514173,4.000031,0.828513,-1.570970,0.441927,0.056797
74.346000,4.441272,0.781814,-1.514171,3.999198,0.818129,-1.570593,0.443562,0.056423
74.396000,4.441724,0.773833,-1.514148,3.999200,0.808136,-1.570584,0.443852,0.056436
74.448000,4.442403,0.761862,-1.514091,3.999323,0.796779,-1.570475,0.444454,0.056385
74.497000,4.442857,0.753880,-1.514053,3.999326,0.786985,-1.570427,0.444764,0.056374
74.547000,4.443537,0.741906,-1.514003,3.997743,0.777093,-1.570500,0.447181,0.056496
74.598000,4.443990,0.733937,-1.513921,3.997745,0.766916,-1.570442,0.447462,0.056520
74.646000,4.444672,0.721985,-1.513744,3.998543,0.759157,-1.570970,0.447674,0.057225
74.699000,4.445128,0.714013,-1.513632,3.998542,0.748576,-1.570812,0.447921,0.057179
74.749000,4.445813,0.702052,-1.513483,3.998894,0.737735,-1.571389,0.448341,0.057906
74.797000,4.446271,0.694078,-1.513389,3.998888,0.728150,-1.571272,0.448678,0.057883
74.849000,4.446959,0.682117,-1.513256,3.998656,0.717027,-1.571057,0.449660,0.057801
74.895000,4.447419,0.674143,-1.513166,3.998654,0.707842,-1.570955,0.450028,0.057789
74.947000,4.448110,0.662183,-1.513029,4.000035,0.696718,-1.569658,0.449403,0.056630
74.995000,4.448571,0.654202,-1.513001,4.000047,0.687125,-1.569566,0.449731,0.056565
75.049000,4.449264,0.642231,-1.513033,4.000966,0.674932,-1.568144,0.449489,0.055111
75.094000,4.449724,0.634264,-1.513120,4.000990,0.665955,-1.568192,0.449852,0.055072
75.149000,4.450413,0.622316,-1.513313,4.000242,0.656091,-1.568431,0.451437,0.055118
75.197000,4.450871,0.614350,-1.513450,4.000264,0.646516,-1.568593,0.451754,0.055142
75.246000,4.451556,0.602399,-1.513652,4.000103,0.638554,-1.569108,0.452898,0.055456
75.299000,4.452012,0.594421,-1.513743,4.000120,0.627967,-1.569269,0.453135,0.055527
75.348000,4.452695,0.582453,-1.513844,4.000497,0.618991,-1.570187,0.453671,0.056344
75.398000,4.453150,0.574473,-1.513900,4.000503,0.609001,-1.570265,0.453962,0.056365
75.446000,4.453831,0.562503,-1.513978,4.001154,0.601533,-1.571251,0.454357,0.057273
75.496000,4.454284,0.554524,-1.514033,4.001149,0.591543,-1.571316,0.454645,0.057283
75.547000,4.454964,0.542556,-1.514118,4.001617,0.582603,-1.571976,0.455112,0.057858
75.597000,4.455416,0.534578,-1.514179,4.001605,0.572614,-1.572048,0.455403,0.057869
75.646000,4.456094,0.522611,-1.514273,4.001203,0.561819,-1.572413,0.456577,0.058140
75.694000,4.456545,0.514632,-1.514335,4.001188,0.552230,-1.572488,0.456907,0.058153
75.748000,4.457221,0.502664,-1.514429,4.001878,0.540332,-1.571633,0.456898,0.057204
75.799000,4.457671,0.494686,-1.514491,4.001869,0.530143,-1.571712,0.457179,0.057221
75.849000,4.458345,0.482717,-1.514577,4.001618,0.518787,-1.571334,0.458149,0.056756
75.898000,4.458794,0.474742,-1.514652,4.001613,0.509002,-1.571408,0.458462,0.056756
75.946000,4.459465,0.462779,-1.514774,4.001484,0.499597,-1.570776,0.459459,0.056002
75.996000,4.459912,0.454805,-1.514863,4.001484,0.489614,-1.570881,0.459748,0.056018
76.047000,4.460581,0.442844,-1.515004,4.001924,0.479034,-1.571171,0.460083,0.056167
76.097000,4.461026,0.434873,-1.515112,4.001920,0.469054,-1.571294,0.460377,0.056182
76.149000,4.461691,0.422916,-1.515289,4.002931,0.458418,-1.571713,0.460132,0.056424
76.196000,4.462133,0.414953,-1.515444,4.002922,0.449047,-1.571863,0.460475,0.056419
76.245000,4.462793,0.403009,-1.515716,4.001313,0.440608,-1.572432,0.463010,0.056716
76.299000,4.463233,0.395027,-1.515834,4.001294,0.429819,-1.572658,0.463248,0.056824
76.348000,4.463891,0.383053,-1.515934,4.001115,0.419910,-1.573122,0.464242,0.057188
76.396000,4.464330,0.375067,-1.515967,4.001092,0.410312,-1.573186,0.464577,0.057219
76.449000,4.464987,0.363087,-1.515994,4.001128,0.398739,-1.573376,0.465227,0.057383
76.498000,4.465425,0.355100,-1.516006,4.001103,0.388941,-1.573394,0.465554,0.057389
76.549000,4.466082,0.343120,-1.516022,4.001198,0.376932,-1.572846,0.466112,0.056824
76.599000,4.466520,0.335137,-1.516050,4.001177,0.366938,-1.572864,0.466427,0.056814
76.648000,4.467175,0.323163,-1.516115,4.001023,0.356707,-1.572309,0.467358,0.056194
76.699000,4.467830,0.311190,-1.516196,4.001007,0.346515,-1.572369,0.468158,0.056173
76.745000,4.468266,0.303208,-1.516251,4.000719,0.337813,-1.572291,0.468826,0.056040
76.795000,4.468702,0.295226,-1.516308,4.000704,0.327821,-1.572360,0.469132,0.056053
76.849000,4.469355,0.283248,-1.516368,4.000087,0.317234,-1.572558,0.470497,0.056189
76.896000,4.469790,0.275266,-1.516350,4.000070,0.307842,-1.572584,0.470848,0.056234
76.948000,4.470443,0.263295,-1.516261,4.000757,0.298960,-1.573091,0.471038,0.056831
76.996000,4.470879,0.255314,-1.516197,4.000735,0.289369,-1.573015,0.471375,0.056818
77.049000,4.471533,0.243342,-1.516101,4.001064,0.279555,-1.573263,0.471861,0.057162
77.049000,4.472190,0.231369,-1.516014,4.001064,0.279555,-1.573263,0.473584,0.057250
77.049000,4.472190,0.231369,-1.516014,4.001064,0.279555,-1.573263,0.473584,0.057250
77.100000,4.472408,0.227378,-1.516018,4.001039,0.269362,-1.573181,0.473235,0.057164
77.298000,4.474161,0.195448,-1.515860,4.000309,0.227222,-1.572231,0.474915,0.056371
77.347000,4.474820,0.183466,-1.515832,4.000386,0.217520,-1.571748,0.475655,0.055917
77.399000,4.475259,0.175482,-1.515854,4.000376,0.207125,-1.571741,0.475936,0.055887
77.447000,4.475917,0.163506,-1.515934,3.999890,0.198330,-1.571456,0.477299,0.055522
77.497000,4.476356,0.155524,-1.515915,3.999883,0.188337,-1.571502,0.477602,0.055587
77.549000,4.477014,0.143551,-1.515798,3.999986,0.177754,-1.571492,0.478253,0.055694
77.549000,4.477674,0.131578,-1.515669,3.999986,0.177754,-1.571492,0.479915,0.055823
77.549000,4.477674,0.131578,-1.515669,3.999986,0.177754,-1.571492,0.479915,0.055823
77.549000,4.477894,0.127587,-1.515626,3.999986,0.177754,-1.571492,0.480535,0.055865
77.608000,4.478556,0.115614,-1.515498,3.999978,0.165963,-1.571366,0.481219,0.055868
77.630000,4.480327,0.083676,-1.515378,4.000239,0.162204,-1.571749,0.486468,0.056372
77.897000,4.480770,0.075691,-1.515356,4.000314,0.108338,-1.571790,0.481563,0.056434
77.946000,4.481332,0.065454,-1.517067,3.999961,0.100756,-1.572035,0.482664,0.054968
77.999000,4.481603,0.060296,-1.519877,3.999962,0.093799,-1.574482,0.482805,0.054605
78.049000,4.481861,0.054931,-1.526468,4.001623,0.093647,-1.577888,0.481797,0.051420
78.098000,4.481945,0.052935,-1.532446,4.001609,0.091201,-1.584075,0.481858,0.051629
78.147000,4.481970,0.052219,-1.543837,4.000681,0.094148,-1.591059,0.483113,0.047222
78.197000,4.481970,0.052219,-1.553015,4.000681,0.094140,-1.601328,0.483112,0.048313
78.247000,4.481970,0.052219,-1.569238,4.002677,0.097011,-1.612329,0.481382,0.043091
78.298000,4.481970,0.052219,-1.581616,4.002677,0.097011,-1.626945,0.481382,0.045329
78.347000,4.481970,0.052219,-1.600783,4.002310,0.099365,-1.640030,0.481971,0.039246
78.397000,4.481970,0.052219,-1.613561,4.002310,0.099365,-1.656002,0.481971,0.042441
78.449000,4.481970,0.052219,-1.632729,4.003738,0.098021,-1.672620,0.480421,0.039892
78.498000,4.481970,0.052219,-1.646371,4.003738,0.098021,-1.688535,0.480421,0.042164
78.546000,4.481970,0.052219,-1.669266,4.003353,0.097539,-1.706076,0.480758,0.036810
78.597000,4.481970,0.052219,-1.686140,4.003353,0.097539,-1.726311,0.480758,0.040171
78.647000,4.481970,0.052219,-1.713851,4.001773,0.101593,-1.745044,0.482729,0.031193
78.699000,4.481970,0.052219,-1.733925,4.001773,0.101593,-1.769892,0.482729,0.035968
78.749000,4.481970,0.052219,-1.766404,3.998845,0.101960,-1.791421,0.485679,0.025017
78.795000,4.481970,0.052219,-1.789678,3.998845,0.101960,-1.817072,0.485679,0.027393
78.849000,4.481970,0.052219,-1.826989,3.996896,0.102827,-1.844622,0.487707,0.017633
78.897000,4.481970,0.052219,-1.853479,3.996896,0.102827,-1.875242,0.487707,0.021763
78.948000,4.481970,0.052219,-1.895574,3.991367,0.101791,-1.906603,0.493102,0.011028
78.997000,4.481970,0.052219,-1.925264,3.991367,0.101791,-1.941741,0.493102,0.016476
79.047000,4.481970,0.052219,-1.972207,3.989628,0.103759,-1.975381,0.495032,0.003174
79.098000,4.481970,0.052219,-2.004206,3.989628,0.103759,-2.015828,0.495032,0.011622
79.147000,4.481970,0.052219,-2.052206,3.985312,0.101753,-2.051129,0.499122,0.001077
79.198000,4.481970,0.052219,-2.084206,3.985312,0.101753,-2.091929,0.499122,0.007723
79.246000,4.481970,0.052219,-2.132206,3.983254,0.100355,-2.130369,0.501033,0.001837
79.296000,4.481970,0.052219,-2.164206,3.983254,0.100355,-2.170369,0.501033,0.006163
79.348000,4.481970,0.052219,-2.212206,3.979315,0.102894,-2.215285,0.505204,0.003079
79.396000,4.481970,0.052219,-2.244206,3.979315,0.102894,-2.253685,0.505204,0.009479
79.446000,4.481970,0.052219,-2.292206,3.975525,0.099477,-2.292369,0.508646,0.000162
79.496000,4.481906,0.052149,-2.324075,3.975448,0.099393,-2.332343,0.508657,0.008268
79.548000,4.480882,0.051116,-2.369781,3.971596,0.102602,-2.376464,0.511882,0.006683
79.595000,4.479449,0.049764,-2.398651,3.969901,0.101011,-2.411538,0.512119,0.012888
79.646000,4.476103,0.046824,-2.439556,3.957812,0.101645,-2.455004,0.521181,0.015448
79.697000,4.473037,0.044301,-2.465226,3.953904,0.098508,-2.488974,0.521956,0.023748
79.748000,4.467136,0.039746,-2.501331,3.949309,0.096556,-2.526064,0.520934,0.024733
79.796000,4.462354,0.036268,-2.523815,3.943480,0.092509,-2.554207,0.521913,0.030392
79.847000,4.454761,0.031053,-2.555168,3.935331,0.090668,-2.588337,0.522839,0.033168
79.899000,4.449499,0.027632,-2.574470,3.928364,0.086436,-2.614685,0.524442,0.040215
79.947000,4.441380,0.022613,-2.601023,3.923036,0.084175,-2.640613,0.521986,0.039589
79.995000,4.435821,0.019339,-2.617234,3.916221,0.080504,-2.661114,0.523188,0.043880
80.046000,4.427383,0.014592,-2.641220,3.921492,0.047339,-2.682524,0.506949,0.041304
80.097000,4.421695,0.011541,-2.657210,3.914098,0.043727,-2.702911,0.508616,0.045702
80.150000,4.413032,0.007114,-2.680935,3.902719,0.038354,-2.725777,0.511268,0.044842
80.195000,4.407236,0.004291,-2.695469,3.896069,0.035469,-2.743132,0.512117,0.047663
80.250000,4.398398,0.000172,-2.714870,3.888382,0.033270,-2.764173,0.511090,0.049303
80.297000,4.392403,-0.002512,-2.726204,3.881189,0.030462,-2.778579,0.512276,0.052374
80.348000,4.383296,-0.006447,-2.740806,3.874139,0.028674,-2.796087,0.510367,0.055281
80.397000,4.377139,-0.009026,-2.748956,3.866433,0.025938,-2.807222,0.511901,0.058266
80.446000,4.367830,-0.012819,-2.760344,3.859882,0.020642,-2.822109,0.509049,0.061765
80.495000,4.361596,-0.015290,-2.767907,3.852077,0.018081,-2.831378,0.510611,0.063472
80.547000,4.352189,-0.018918,-2.779170,3.845643,0.015975,-2.842808,0.507746,0.063638
80.598000,4.345844,-0.021297,-2.786457,3.837382,0.013452,-2.852289,0.509648,0.065831
80.645000,4.336266,-0.024790,-2.797164,3.831335,0.013810,-2.861797,0.506404,0.064633
80.698000,4.329817,-0.027078,-2.804128,3.822619,0.011327,-2.871168,0.508650,0.067040
80.749000,4.320105,-0.030430,-2.814502,3.812554,0.008622,-2.881209,0.509052,0.066707
80.795000,4.313612,-0.032608,-2.821419,3.804939,0.006611,-2.889163,0.510183,0.067744
80.848000,4.303844,-0.035791,-2.831793,3.795095,0.003502,-2.898516,0.510264,0.066723
80.896000,4.297280,-0.037867,-2.838593,3.787072,0.001532,-2.906789,0.511727,0.068195
80.946000,4.287355,-0.040915,-2.848633,3.779888,-0.000477,-2.915431,0.509076,0.066798
80.999000,4.280721,-0.042892,-2.855326,3.770946,-0.002516,-2.924299,0.511372,0.068973
81.050000,4.270746,-0.045774,-2.865366,3.761428,-0.003490,-2.933260,0.511070,0.067894
81.097000,4.264038,-0.047652,-2.871869,3.753414,-0.005166,-2.941078,0.512388,0.069209
81.148000,4.253867,-0.050412,-2.881152,3.746443,-0.006784,-2.949854,0.509296,0.068702
81.197000,4.247072,-0.052201,-2.887326,3.737990,-0.008410,-2.957418,0.510961,0.070092
81.245000,4.236859,-0.054805,-2.896588,3.728747,-0.009387,-2.966055,0.510137,0.069467
81.298000,4.230035,-0.056488,-2.902746,3.719575,-0.010996,-2.974233,0.512483,0.071487
81.347000,4.219659,-0.058967,-2.911364,3.709517,-0.012457,-2.982203,0.512257,0.070838
81.397000,4.212689,-0.060581,-2.916770,3.700686,-0.013859,-2.989192,0.514130,0.072422
81.446000,4.202192,-0.062937,-2.924646,3.691247,-0.013636,-2.998372,0.513319,0.073726
81.496000,4.195181,-0.064464,-2.929871,3.682368,-0.014902,-3.004906,0.515203,0.075035
81.547000,4.184650,-0.066684,-2.937708,3.673463,-0.015173,-3.013295,0.513776,0.075587
81.599000,4.177620,-0.068118,-2.942932,3.664210,-0.016353,-3.020087,0.516013,0.077155
81.647000,4.167009,-0.070212,-2.950603,3.655966,-0.017116,-3.026955,0.513794,0.076352
81.698000,4.159918,-0.071564,-2.955682,3.646822,-0.018154,-3.033467,0.515869,0.077785
81.748000,4.149131,-0.073553,-2.962816,3.638287,-0.019245,-3.041010,0.513722,0.078193
81.797000,4.141926,-0.074838,-2.967548,3.629366,-0.020133,-3.046806,0.515470,0.079259
81.848000,4.131027,-0.076717,-2.973951,3.616758,-0.022150,-3.053927,0.517157,0.079976
81.896000,4.123734,-0.077936,-2.977950,3.607917,-0.022914,-3.058889,0.518743,0.080939
81.947000,4.112760,-0.079715,-2.983755,3.598960,-0.022458,-3.065604,0.516981,0.081849
82.000000,4.105407,-0.080872,-2.987472,3.589127,-0.023195,-3.070655,0.519492,0.083183
82.049000,4.094343,-0.082560,-2.992827,3.580777,-0.022988,-3.076251,0.517009,0.083424
82.099000,4.086935,-0.083657,-2.996260,3.571436,-0.023589,-3.080648,0.518987,0.084388
82.148000,4.075794,-0.085259,-3.001222,3.562044,-0.024301,-3.086184,0.517354,0.084962
82.148000,4.064614,-0.086812,-3.005990,3.562044,-0.024301,-3.086184,0.506442,0.080194
82.148000,4.064614,-0.086812,-3.005990,3.562044,-0.024301,-3.086184,0.506442,0.080194
82.148000,4.060879,-0.087318,-3.007538,3.562044,-0.024301,-3.086184,0.502800,0.078646
82.208000,4.049671,-0.088804,-3.012125,3.550770,-0.024900,-3.091071,0.502977,0.078946
82.220000,4.034683,-0.090709,-3.018093,3.548518,-0.025025,-3.092038,0.490582,0.073945
82.496000,4.012063,-0.093421,-3.026340,3.497682,-0.028241,-3.114593,0.518495,0.088253
82.549000,4.000710,-0.094713,-3.030221,3.489595,-0.027782,-3.118910,0.515478,0.088689
82.596000,3.993116,-0.095553,-3.032696,3.480620,-0.027978,-3.121902,0.516932,0.089206
82.649000,3.981702,-0.096780,-3.036253,3.469172,-0.029752,-3.126341,0.516894,0.090088
82.700000,3.974086,-0.097576,-3.038561,3.459410,-0.029895,-3.129325,0.519107,0.090763
82.746000,3.962641,-0.098740,-3.041933,3.451092,-0.029689,-3.132603,0.516189,0.090670
82.794000,3.954992,-0.099496,-3.044094,3.441869,-0.029765,-3.135264,0.517840,0.091170
82.849000,3.943510,-0.100601,-3.047298,3.430674,-0.028425,-3.138678,0.517890,0.091380
82.896000,3.935854,-0.101317,-3.049434,3.421639,-0.028445,-3.141187,0.519353,0.091753
82.949000,3.924366,-0.102360,-3.052638,3.411798,-0.028307,3.138656,0.517890,0.091891
82.996000,3.916684,-0.103037,-3.054694,3.402736,-0.028274,3.136162,0.519357,0.092330
83.049000,3.905080,-0.104032,-3.057329,3.394212,-0.027683,3.133160,0.516542,0.092696
83.099000,3.897323,-0.104681,-3.058895,3.384482,-0.027595,3.131079,0.518602,0.093211
83.149000,3.885671,-0.105634,-3.061088,3.374449,-0.026665,3.128116,0.517285,0.093981
83.196000,3.877901,-0.106255,-3.062534,3.365290,-0.026538,3.126415,0.518772,0.094237
83.247000,3.866243,-0.107166,-3.064702,3.355368,-0.026740,3.124279,0.517166,0.094204
83.295000,3.858470,-0.107759,-3.066148,3.346015,-0.026574,3.122544,0.518846,0.094493
83.344000,3.846748,-0.108634,-3.068004,3.335927,-0.026848,3.120448,0.517327,0.094733
83.398000,3.838917,-0.109207,-3.069087,3.325331,-0.026619,3.118878,0.520185,0.095220
83.448000,3.827158,-0.110052,-3.070592,3.315504,-0.027488,3.117154,0.518273,0.095440
83.497000,3.819317,-0.110606,-3.071559,3.305878,-0.027249,3.115949,0.520162,0.095677
83.546000,3.807543,-0.111423,-3.072956,3.297837,-0.026186,3.114490,0.516784,0.095739
83.597000,3.799678,-0.111961,-3.073811,3.287790,-0.025910,3.113334,0.519071,0.096040
83.649000,3.787866,-0.112755,-3.074986,3.277341,-0.027381,3.111945,0.517614,0.096255
83.699000,3.776062,-0.113536,-3.076146,3.267489,-0.027087,3.110980,0.515868,0.096059
83.747000,3.768186,-0.114049,-3.076900,3.257193,-0.028159,3.109549,0.518161,0.096736
83.799000,3.760307,-0.114556,-3.077645,3.246936,-0.027828,3.108573,0.520646,0.096967
83.849000,3.748489,-0.115307,-3.078762,3.238430,-0.027259,3.108110,0.517602,0.096314
83.900000,3.740609,-0.115799,-3.079506,3.228370,-0.026920,3.107161,0.519893,0.096518
83.949000,3.728784,-0.116528,-3.080603,3.220218,-0.026378,3.106887,0.516494,0.095695
83.996000,3.720881,-0.117008,-3.081236,3.210921,-0.026052,3.106060,0.518008,0.095888
84.049000,3.709017,-0.117720,-3.082082,3.198023,-0.024937,3.104907,0.519349,0.096196
84.098000,3.701092,-0.118190,-3.082568,3.188305,-0.024578,3.104252,0.521262,0.096366
84.146000,3.689194,-0.118889,-3.083187,3.178099,-0.022748,3.102422,0.520059,0.097576
84.198000,3.681238,-0.119353,-3.083488,3.167748,-0.022340,3.101930,0.522574,0.097768
84.248000,3.669293,-0.120046,-3.083798,3.158368,-0.022122,3.101382,0.520224,0.098006
84.298000,3.661327,-0.120506,-3.083976,3.148402,-0.021721,3.101146,0.522350,0.098063
84.348000,3.649377,-0.121194,-3.084231,3.137545,-0.021193,3.100853,0.521509,0.098101
84.399000,3.641398,-0.121652,-3.084334,3.127364,-0.020777,3.100663,0.523838,0.098189
84.449000,3.629422,-0.122338,-3.084407,3.117029,-0.020051,3.101133,0.522503,0.097645
84.499000,3.621436,-0.122795,-3.084424,3.107039,-0.019647,3.101092,0.524637,0.097669
84.546000,3.609457,-0.123480,-3.084448,3.098528,-0.019894,3.101506,0.521323,0.097232
84.597000,3.601472,-0.123937,-3.084448,3.088339,-0.019485,3.101490,0.523656,0.097247
84.647000,3.589500,-0.124622,-3.084415,3.080159,-0.020773,3.101923,0.519820,0.096847
84.698000,3.581521,-0.125079,-3.084427,3.069977,-0.020369,3.101944,0.522151,0.096814
84.746000,3.569548,-0.125764,-3.084474,3.059921,-0.017492,3.101684,0.521002,0.097027
84.798000,3.561583,-0.126219,-3.084414,3.049556,-0.017076,3.101672,0.523530,0.097099
84.847000,3.549642,-0.126904,-3.084197,3.038740,-0.016353,3.101306,0.522726,0.097682
84.895000,3.541689,-0.127362,-3.084005,3.029187,-0.015968,3.101505,0.524468,0.097675
84.944000,3.529760,-0.128051,-3.083713,3.017665,-0.016794,3.101053,0.524041,0.098420
84.997000,3.521807,-0.128513,-3.083518,3.007119,-0.016367,3.101311,0.526765,0.098357
85.046000,3.509879,-0.129208,-3.083218,2.997840,-0.017323,3.101439,0.524121,0.098528
85.099000,3.497944,-0.129907,-3.082900,2.987289,-0.016900,3.101714,0.523009,0.098571
85.148000,3.489986,-0.130376,-3.082701,2.977894,-0.015880,3.102256,0.524736,0.098228
85.197000,3.482029,-0.130846,-3.082503,2.968136,-0.015496,3.102499,0.526679,0.098183
85.247000,3.470095,-0.131554,-3.082200,2.959839,-0.014990,3.103230,0.523400,0.097755
85.295000,3.462147,-0.132027,-3.081960,2.950292,-0.014624,3.103485,0.525147,0.097740
85.348000,3.450229,-0.132741,-3.081559,2.939671,-0.015012,3.103936,0.523956,0.097690
85.394000,3.438304,-0.133460,-3.081173,2.930518,-0.014668,3.104246,0.521496,0.097767
85.446000,3.430356,-0.133942,-3.080917,2.920903,-0.013401,3.105037,0.523519,0.097231
85.496000,3.422414,-0.134426,-3.080635,2.910965,-0.013038,3.105364,0.525658,0.097187
85.546000,3.410506,-0.135155,-3.080173,2.901315,-0.013045,3.106192,0.523628,0.096820
85.596000,3.402568,-0.135645,-3.079862,2.891380,-0.012694,3.106581,0.525766,0.096743
85.646000,3.390660,-0.136383,-3.079387,2.881317,-0.012557,3.107219,0.524179,0.096580
85.697000,3.382718,-0.136879,-3.079081,2.871177,-0.012210,3.107622,0.526514,0.096483
85.746000,3.370807,-0.137628,-3.078625,2.861699,-0.011188,3.107968,0.524574,0.096592
85.798000,3.362875,-0.138129,-3.078294,2.851371,-0.010842,3.108372,0.527104,0.096519
85.849000,3.350978,-0.138886,-3.077762,2.842812,-0.010318,3.109508,0.524177,0.095916
85.849000,3.339081,-0.139650,-3.077217,2.842812,-0.010318,3.109508,0.512844,0.096460
85.849000,3.339081,-0.139650,-3.077217,2.842812,-0.010318,3.109508,0.512844,0.096460
85.849000,3.335116,-0.139906,-3.077035,2.842812,-0.010318,3.109508,0.509073,0.096643
85.908000,3.323220,-0.140678,-3.076487,2.831096,-0.009945,3.110038,0.509193,0.096660
85.908000,3.291501,-0.142769,-3.075028,2.831096,-0.009945,3.110038,0.479182,0.098119
86.000000,3.287536,-0.143034,-3.074845,2.814114,-0.008569,3.111151,0.492148,0.097189
86.248000,3.271692,-0.144099,-3.074049,2.759836,-0.007173,3.112932,0.529854,0.096204
86.295000,3.263776,-0.144637,-3.073613,2.750517,-0.006907,3.113423,0.531418,0.096149
86.347000,3.251902,-0.145449,-3.072939,2.740234,-0.007357,3.113666,0.529975,0.096580
86.398000,3.243982,-0.145995,-3.072502,2.730116,-0.007075,3.114237,0.532313,0.096446
86.449000,3.232102,-0.146821,-3.071865,2.720010,-0.007219,3.115064,0.530779,0.096256
86.499000,3.224177,-0.147376,-3.071462,2.710083,-0.006957,3.115586,0.532926,0.096137
86.545000,3.212289,-0.148215,-3.070865,2.699475,-0.005999,3.116211,0.532169,0.096109
86.598000,3.204365,-0.148778,-3.070467,2.688952,-0.005733,3.116739,0.534894,0.095980
86.645000,3.192478,-0.149628,-3.069870,2.678044,-0.005824,3.116725,0.534156,0.096590
86.699000,3.184554,-0.150199,-3.069476,2.667322,-0.005559,3.117261,0.537075,0.096449
86.746000,3.172668,-0.151062,-3.068887,2.659054,-0.005952,3.117297,0.533720,0.097001
86.797000,3.164745,-0.151640,-3.068495,2.648927,-0.005707,3.117797,0.536064,0.096893
86.849000,3.152861,-0.152514,-3.067905,2.638594,-0.005809,3.118290,0.534783,0.096991
86.899000,3.144938,-0.153100,-3.067510,2.628666,-0.005578,3.118784,0.536935,0.096892
86.945000,3.133051,-0.153986,-3.066938,2.621582,-0.006601,3.119467,0.532281,0.096780
86.998000,3.125127,-0.154580,-3.066556,2.611055,-0.006369,3.119973,0.535011,0.096656
87.045000,3.113241,-0.155477,-3.065984,2.602774,-0.004919,3.120726,0.532207,0.096475
87.097000,3.105317,-0.156079,-3.065604,2.592446,-0.004704,3.121222,0.534744,0.096360
87.147000,3.093422,-0.156988,-3.065089,2.581893,-0.004382,3.122047,0.533808,0.096049
87.197000,3.085495,-0.157597,-3.064745,2.571957,-0.004189,3.122476,0.535962,0.095964
87.248000,3.073604,-0.158515,-3.064231,2.561496,-0.004646,3.123207,0.534725,0.095747
87.296000,3.065670,-0.159132,-3.063915,2.551948,-0.004472,3.123610,0.536498,0.095660
87.347000,3.053769,-0.160061,-3.063469,2.541991,-0.003402,3.124374,0.535218,0.095342
87.394000,3.045834,-0.160683,-3.063174,2.532641,-0.003241,3.124721,0.536801,0.095290
87.444000,3.033933,-0.161621,-3.062731,2.523070,-0.002207,3.125271,0.535158,0.095184
87.495000,3.026000,-0.162249,-3.062435,2.512924,-0.002042,3.125647,0.537506,0.095103
87.547000,3.014107,-0.163195,-3.061974,2.502752,-0.002794,3.126075,0.535923,0.095136
87.598000,3.006180,-0.163829,-3.061664,2.492614,-0.002637,3.126470,0.538269,0.095051
87.648000,2.994291,-0.164784,-3.061153,2.483333,-0.002472,3.127338,0.536119,0.094694
87.696000,2.986359,-0.165425,-3.060837,2.473784,-0.002337,3.127734,0.537895,0.094614
87.748000,2.974460,-0.166391,-3.060380,2.463763,-0.001732,3.128473,0.536586,0.094332
87.799000,2.966529,-0.167037,-3.060069,2.453618,-0.001600,3.128863,0.538932,0.094254
87.848000,2.954632,-0.168012,-3.059589,2.442780,-0.001209,3.129023,0.538345,0.094573
87.896000,2.946704,-0.168665,-3.059253,2.433235,-0.001090,3.129412,0.540122,0.094521
87.945000,2.934811,-0.169650,-3.058729,2.422796,-0.000354,3.129213,0.539278,0.095243
87.997000,2.926891,-0.170309,-3.058336,2.412464,-0.000226,3.129682,0.541815,0.095166
88.047000,2.915011,-0.171304,-3.057700,2.401437,0.000326,3.129737,0.541493,0.095748
88.097000,2.907090,-0.171972,-3.057269,2.391503,0.000443,3.130273,0.543652,0.095643
88.147000,2.895212,-0.172980,-3.056614,2.382940,-0.000007,3.130870,0.540687,0.095701
88.197000,2.887291,-0.173656,-3.056162,2.373003,0.000098,3.131423,0.542847,0.095599
88.249000,2.875407,-0.174678,-3.055492,2.361482,-0.000327,3.132121,0.542694,0.095572
88.299000,2.867476,-0.175364,-3.055079,2.351533,-0.000234,3.132668,0.544856,0.095439
88.346000,2.855579,-0.176400,-3.054475,2.342097,-0.000767,3.133695,0.542689,0.095015
88.397000,2.847649,-0.177094,-3.054073,2.331947,-0.000688,3.134208,0.545039,0.094904
88.447000,2.835753,-0.178141,-3.053470,2.321473,-0.000145,3.135118,0.544213,0.094598
88.497000,2.827818,-0.178844,-3.053095,2.311515,-0.000082,3.135614,0.546374,0.094477
88.548000,2.815904,-0.179904,-3.052617,2.300507,-0.001253,3.136513,0.545482,0.094056
88.598000,2.807941,-0.180615,-3.052433,2.290515,-0.001205,3.136865,0.547648,0.093887
88.648000,2.795993,-0.181684,-3.052315,2.280136,-0.003256,3.137328,0.545844,0.093542
88.697000,2.788057,-0.182394,-3.052485,2.270376,-0.003217,3.137339,0.547813,0.093361
88.748000,2.776157,-0.183454,-3.053027,2.260847,-0.003088,3.137066,0.545963,0.093093
88.748000,2.764254,-0.184507,-3.053673,2.260847,-0.003088,3.137066,0.535099,0.092447
88.801000,2.760285,-0.184857,-3.053894,2.250291,-0.003038,3.136540,0.541435,0.092751
88.897000,2.748375,-0.185900,-3.054540,2.233145,-0.002812,3.135261,0.546794,0.093384
88.945000,2.736459,-0.186936,-3.055143,2.223193,-0.002352,3.134407,0.545448,0.093635
88.995000,2.728505,-0.187624,-3.055468,2.213214,-0.002278,3.133929,0.547612,0.093789
89.047000,2.716570,-0.188652,-3.055851,2.202218,-0.002318,3.133153,0.547063,0.094181
89.099000,2.708613,-0.189335,-3.056092,2.191836,-0.002230,3.132834,0.549606,0.094260
89.149000,2.696676,-0.190356,-3.056450,2.182765,-0.002186,3.132106,0.547278,0.094629
89.198000,2.684737,-0.191373,-3.056790,2.172979,-0.002092,3.131817,0.545640,0.094579
89.247000,2.676776,-0.192049,-3.057007,2.163573,-0.002916,3.131556,0.546945,0.094623
89.298000,2.668839,-0.192720,-3.057492,2.153417,-0.002817,3.131190,0.549293,0.094503
89.347000,2.656932,-0.193718,-3.058429,2.144237,-0.001434,3.131139,0.547567,0.093617
89.399000,2.648997,-0.194379,-3.058558,2.133885,-0.001318,3.130516,0.550102,0.094111
89.448000,2.637099,-0.195370,-3.058369,2.125164,-0.001537,3.130545,0.547402,0.094272
89.499000,2.629166,-0.196032,-3.058177,2.115015,-0.001425,3.130754,0.549749,0.094254
89.546000,2.617267,-0.197029,-3.057886,2.105070,-0.001659,3.130575,0.548193,0.094724
89.596000,2.609333,-0.197696,-3.057676,2.095119,-0.001550,3.130823,0.550354,0.094687
89.647000,2.597431,-0.198699,-3.057351,2.082976,-0.000206,3.130930,0.551420,0.094904
89.697000,2.589506,-0.199369,-3.057103,2.073034,-0.000100,3.131210,0.553581,0.094872
89.748000,2.577619,-0.200378,-3.056694,2.062680,0.000453,3.131108,0.552717,0.095384
89.799000,2.569700,-0.201053,-3.056396,2.052546,0.000559,3.131466,0.555063,0.095323
89.847000,2.557820,-0.202070,-3.055939,2.043052,0.000433,3.131591,0.553167,0.095655
89.899000,2.545942,-0.203093,-3.055483,2.032720,0.000535,3.131987,0.552142,0.095716
89.945000,2.538023,-0.203778,-3.055178,2.023828,-0.000395,3.131965,0.552957,0.096042
89.997000,2.530103,-0.204465,-3.054868,2.013494,-0.000296,3.132363,0.555491,0.095955
90.049000,2.518208,-0.205502,-3.054438,2.003426,-0.000275,3.132986,0.554183,0.095762
90.099000,2.510277,-0.206196,-3.054160,1.993475,-0.000190,3.133336,0.556348,0.095689
90.149000,2.498382,-0.207241,-3.053745,1.982906,-0.000592,3.134187,0.555354,0.095253
90.197000,2.490441,-0.207942,-3.053511,1.973341,-0.000523,3.134506,0.557149,0.095168
90.247000,2.478529,-0.208995,-3.053201,1.964401,0.000519,3.135326,0.555179,0.094658
90.299000,2.470594,-0.209699,-3.052985,1.954045,0.000584,3.135593,0.557712,0.094607
90.346000,2.458690,-0.210759,-3.052647,1.944437,-0.000713,3.136146,0.555496,0.094393
90.397000,2.450741,-0.211469,-3.052468,1.934262,-0.000659,3.136419,0.557845,0.094298
90.448000,2.438815,-0.212536,-3.052258,1.925188,-0.000646,3.136432,0.555617,0.094495
90.448000,2.426890,-0.213605,-3.052068,1.925188,-0.000646,3.136432,0.545029,0.094685
90.448000,2.426890,-0.213605,-3.052068,1.925188,-0.000646,3.136432,0.545029,0.094685
90.501000,2.418939,-0.214319,-3.051945,1.914612,-0.000592,3.136609,0.547746,0.094631
90.696000,2.391113,-0.216826,-3.051519,1.874458,0.000211,3.137774,0.560390,0.093892
90.744000,2.379187,-0.217905,-3.051336,1.863978,0.000515,3.137954,0.559596,0.093895
90.796000,2.371239,-0.218624,-3.051210,1.853603,0.000552,3.138113,0.562126,0.093862
90.847000,2.359319,-0.219706,-3.051000,1.843475,0.000656,3.138554,0.560941,0.093631
90.899000,2.351372,-0.220429,-3.050859,1.833101,0.000687,3.138738,0.563469,0.093588
90.949000,2.339451,-0.221514,-3.050652,1.824251,0.002450,3.138364,0.561774,0.094169
90.997000,2.331519,-0.222238,-3.050457,1.814694,0.002481,3.138546,0.563566,0.094183
91.049000,2.319625,-0.223327,-3.050135,1.804332,0.004564,3.138185,0.563437,0.094865
91.096000,2.311695,-0.224055,-3.049916,1.794975,0.004595,3.138438,0.565049,0.094831
91.147000,2.299829,-0.225149,-3.049429,1.786192,0.003571,3.138664,0.562260,0.095092
91.196000,2.291910,-0.225882,-3.049090,1.776450,0.003599,3.139084,0.564235,0.095012
91.248000,2.280028,-0.226988,-3.048610,1.766916,0.005255,3.139526,0.563223,0.095049
91.296000,2.268165,-0.228097,-3.048066,1.757385,0.005275,3.139918,0.561568,0.095202
91.349000,2.260256,-0.228840,-3.047683,1.746011,0.004613,3.140981,0.564755,0.094521
91.396000,2.252337,-0.229588,-3.047334,1.736664,0.004617,3.141421,0.566366,0.094430
91.447000,2.240455,-0.230714,-3.046860,1.726031,0.002190,-3.140980,0.564692,0.094119
91.495000,2.232510,-0.231470,-3.046642,1.716454,0.002183,-3.140632,0.566487,0.093989
91.546000,2.220588,-0.232607,-3.046428,1.706454,0.002097,-3.140095,0.565171,0.093666
91.598000,2.212636,-0.233366,-3.046323,1.696071,0.002081,-3.139930,0.567693,0.093607
91.646000,2.200708,-0.234507,-3.046190,1.683905,0.000993,-3.139233,0.567931,0.093043
91.699000,2.192755,-0.235268,-3.046107,1.673320,0.000968,-3.139120,0.570632,0.093014
91.747000,2.180824,-0.236412,-3.045993,1.662731,0.002027,-3.138856,0.570327,0.092863
91.798000,2.172866,-0.237175,-3.045949,1.652539,0.001998,-3.138775,0.572664,0.092826
91.849000,2.160929,-0.238320,-3.045889,1.644574,0.002115,-3.139071,0.569590,0.093182
91.898000,2.152971,-0.239084,-3.045850,1.634780,0.002090,-3.139023,0.571566,0.093173
91.948000,2.141034,-0.240231,-3.045792,1.625897,0.001711,-3.138977,0.569124,0.093185
91.997000,2.133076,-0.240996,-3.045754,1.616103,0.001686,-3.138930,0.571099,0.093176
92.046000,2.121139,-0.242144,-3.045691,1.605313,0.002940,-3.138973,0.571089,0.093282
92.098000,2.113190,-0.242909,-3.045621,1.594931,0.002913,-3.138908,0.573603,0.093288
92.146000,2.101267,-0.244058,-3.045483,1.585040,0.003202,-3.139414,0.572388,0.093931
92.196000,2.093323,-0.244824,-3.045368,1.575064,0.003181,-3.139291,0.574542,0.093922
92.249000,2.081406,-0.245975,-3.045179,1.563800,0.002218,-3.138851,0.574035,0.093672
92.298000,2.069489,-0.247129,-3.044989,1.554022,0.002191,-3.138696,0.572597,0.093707
92.347000,2.061545,-0.247899,-3.044862,1.545182,0.001864,-3.138265,0.573596,0.093403
92.399000,2.053601,-0.248671,-3.044735,1.534806,0.001829,-3.138100,0.576106,0.093365
92.447000,2.041677,-0.249830,-3.044563,1.525531,0.002462,-3.137938,0.574507,0.093375
92.499000,2.033723,-0.250605,-3.044465,1.515142,0.002423,-3.137801,0.577018,0.093336
92.549000,2.021787,-0.251769,-3.044372,1.504865,0.003634,-3.137624,0.576575,0.093252
92.596000,2.013839,-0.252544,-3.044301,1.495482,0.003597,-3.137565,0.578189,0.093264
92.647000,2.001917,-0.253708,-3.044161,1.485771,0.003875,-3.137328,0.576850,0.093167
92.697000,1.993971,-0.254485,-3.044057,1.475791,0.003832,-3.137207,0.578998,0.093149
92.748000,1.982051,-0.255653,-3.043899,1.465519,0.003358,-3.136767,0.577833,0.092868
92.799000,1.970121,-0.256823,-3.043781,1.455331,0.003308,-3.136641,0.576781,0.092860
92.849000,1.962167,-0.257603,-3.043713,1.445235,0.002877,-3.136653,0.578851,0.092941
92.895000,1.954213,-0.258385,-3.043645,1.436045,0.002831,-3.136575,0.580287,0.092930
92.945000,1.942278,-0.259558,-3.043570,1.427566,0.003098,-3.136367,0.577855,0.092797
92.997000,1.934321,-0.260341,-3.043536,1.417171,0.003043,-3.136315,0.580357,0.092778
93.048000,1.922385,-0.261515,-3.043486,1.407287,0.003446,-3.136349,0.579250,0.092862
93.099000,1.914428,-0.262298,-3.043453,1.397093,0.003392,-3.136306,0.581573,0.092853
93.149000,1.902493,-0.263474,-3.043404,1.386230,0.002154,-3.136940,0.580591,0.093536
93.194000,1.894536,-0.264258,-3.043372,1.377235,0.002112,-3.136903,0.581853,0.093531
93.247000,1.882599,-0.265434,-3.043331,1.364849,0.000822,-3.137049,0.582200,0.093718
93.299000,1.874650,-0.266218,-3.043367,1.354465,0.000774,-3.137036,0.584703,0.093670
93.349000,1.862728,-0.267392,-3.043484,1.345265,0.000693,-3.137097,0.582785,0.093613
93.399000,1.854781,-0.268174,-3.043577,1.335282,0.000648,-3.137204,0.584930,0.093627
93.449000,1.842859,-0.269345,-3.043723,1.324378,0.000662,-3.137017,0.584574,0.093294
93.494000,1.834912,-0.270125,-3.043824,1.315395,0.000621,-3.137128,0.585834,0.093304
93.545000,1.822992,-0.271293,-3.043977,1.304366,0.000930,-3.137203,0.585729,0.093226
93.599000,1.815045,-0.272071,-3.044079,1.293586,0.000883,-3.137342,0.588577,0.093262
93.648000,1.803120,-0.273237,-3.044222,1.284950,0.002195,-3.137760,0.586824,0.093538
93.697000,1.795161,-0.274014,-3.044260,1.275154,0.002159,-3.137854,0.588794,0.093594
93.744000,1.783222,-0.275180,-3.044256,1.265660,0.001706,-3.137855,0.586972,0.093599
93.796000,1.775261,-0.275957,-3.044256,1.255262,0.001667,-3.137848,0.589469,0.093592
93.849000,1.763321,-0.277123,-3.044269,1.242730,0.001767,-3.137902,0.590588,0.093632
93.895000,1.755360,-0.277900,-3.044278,1.233531,0.001733,-3.137913,0.592030,0.093635
93.949000,1.743418,-0.279066,-3.044288,1.222384,0.002009,-3.137596,0.592013,0.093308
93.998000,1.735456,-0.279843,-3.044291,1.212585,0.001970,-3.137603,0.593981,0.093312
94.048000,1.723513,-0.281009,-3.044294,1.203400,0.001180,-3.137735,0.591733,0.093441
94.096000,1.711579,-0.282173,-3.044336,1.193808,0.001142,-3.137743,0.590216,0.093407
94.149000,1.703624,-0.282949,-3.044380,1.184104,0.000876,-3.137909,0.591995,0.093529
94.198000,1.695671,-0.283725,-3.044434,1.174315,0.000840,-3.137966,0.593960,0.093532
94.249000,1.683741,-0.284887,-3.044523,1.164126,0.000972,-3.138196,0.593055,0.093673
94.299000,1.675785,-0.285661,-3.044577,1.154135,0.000938,-3.138270,0.595196,0.093693
94.346000,1.663851,-0.286822,-3.044650,1.143882,-0.000233,-3.138306,0.593719,0.093656
94.396000,1.655905,-0.287595,-3.044725,1.133902,-0.000266,-3.138374,0.595857,0.093650
94.447000,1.643987,-0.288752,-3.044839,1.124590,0.000464,-3.138055,0.594491,0.093215
94.499000,1.636042,-0.289523,-3.044933,1.114213,0.000428,-3.138161,0.596973,0.093227
94.549000,1.624121,-0.290678,-3.045076,1.104381,0.001135,-3.138092,0.596058,0.093015
94.597000,1.616170,-0.291447,-3.045172,1.094795,0.001102,-3.138207,0.597844,0.093035
94.644000,1.604244,-0.292600,-3.045316,1.086174,0.001835,-3.138579,0.595893,0.093263
94.644000,1.592317,-0.293751,-3.045459,1.086174,0.001835,-3.138579,0.586133,0.093120
94.644000,1.592317,-0.293751,-3.045459,1.086174,0.001835,-3.138579,0.586133,0.093120
94.644000,1.588338,-0.294135,-3.045490,1.086174,0.001835,-3.138579,0.582896,0.093089
94.707000,1.576395,-0.295286,-3.045517,1.073592,0.001798,-3.138730,0.584012,0.093213
94.707000,1.544552,-0.298354,-3.045569,1.073592,0.001798,-3.138730,0.558475,0.093161
94.806000,1.540579,-0.298736,-3.045600,1.055401,0.001212,-3.139160,0.570409,0.093560
94.849000,1.524690,-0.300265,-3.045817,1.045631,0.000676,-3.139481,0.565741,0.093664
95.098000,1.516734,-0.301029,-3.045904,0.994916,0.000369,-3.139453,0.602607,0.093549
95.147000,1.504799,-0.302174,-3.045992,0.985465,-0.000117,-3.139690,0.600788,0.093698
95.197000,1.496841,-0.302937,-3.046048,0.975473,-0.000136,-3.139760,0.602921,0.093712
95.247000,1.484909,-0.304080,-3.046138,0.964888,0.000862,-3.140310,0.602836,0.094172
95.297000,1.476948,-0.304842,-3.046164,0.954891,0.000850,-3.140377,0.604971,0.094213
95.347000,1.465005,-0.305985,-3.046159,0.945899,0.000759,-3.139896,0.602963,0.093737
95.398000,1.457043,-0.306747,-3.046157,0.935700,0.000742,-3.139889,0.605267,0.093732
95.449000,1.445099,-0.307890,-3.046163,0.924577,-0.000444,-3.139238,0.604538,0.093075
95.499000,1.437149,-0.308651,-3.046215,0.914594,-0.000468,-3.139259,0.606664,0.093044
95.545000,1.425226,-0.309791,-3.046347,0.904192,-0.001386,-3.139172,0.605467,0.092826
95.597000,1.417277,-0.310550,-3.046438,0.893811,-0.001411,-3.139291,0.607934,0.092853
95.648000,1.405354,-0.311687,-3.046575,0.884709,-0.000076,-3.139696,0.606772,0.093121
95.699000,1.397404,-0.312445,-3.046666,0.874528,-0.000096,-3.139812,0.609066,0.093146
95.749000,1.385478,-0.313579,-3.046812,0.865196,0.001144,-3.139861,0.608065,0.093049
95.794000,1.377517,-0.314336,-3.046846,0.856199,0.001130,-3.139949,0.609336,0.093102
95.847000,1.365575,-0.315471,-3.046841,0.844203,0.001909,-3.139878,0.610375,0.093037
95.896000,1.357620,-0.316227,-3.046803,0.834414,0.001892,-3.139859,0.612326,0.093056
95.945000,1.345688,-0.317362,-3.046716,0.825979,0.001603,-3.139862,0.609783,0.093146
95.945000,1.333752,-0.318498,-3.046637,0.825979,0.001603,-3.139862,0.600248,0.093225
95.945000,1.329773,-0.318877,-3.046612,0.825979,0.001603,-3.139862,0.597090,0.093250
96.002000,1.321815,-0.319635,-3.046563,0.814588,0.001582,-3.139779,0.600384,0.093216
96.199000,1.297943,-0.321913,-3.046416,0.771665,-0.000101,-3.139235,0.616872,0.092819
96.248000,1.286007,-0.323053,-3.046342,0.762568,-0.000149,-3.139733,0.615024,0.093391
96.297000,1.278049,-0.323813,-3.046295,0.752776,-0.000168,-3.139674,0.616975,0.093379
96.345000,1.266113,-0.324954,-3.046225,0.744179,0.000829,-3.139849,0.615264,0.093624
96.399000,1.258159,-0.325715,-3.046231,0.733392,0.000810,-3.139802,0.618060,0.093572
96.445000,1.246216,-0.326858,-3.046256,0.724552,0.001855,-3.140168,0.616592,0.093913
96.497000,1.238262,-0.327618,-3.046226,0.714164,0.001841,-3.140172,0.619049,0.093947
96.548000,1.226332,-0.328760,-3.046162,0.705270,0.000905,-3.139967,0.616592,0.093805
96.599000,1.218379,-0.329521,-3.046119,0.695083,0.000888,-3.139913,0.618877,0.093793
96.647000,1.206449,-0.330664,-3.046055,0.685860,0.000559,-3.139717,0.617026,0.093662
96.696000,1.198492,-0.331427,-3.046013,0.676068,0.000540,-3.139664,0.618974,0.093652
96.747000,1.186553,-0.332571,-3.046014,0.665878,-0.000522,-3.139629,0.617542,0.093615
96.794000,1.178602,-0.333334,-3.046068,0.656494,-0.000541,-3.139650,0.619151,0.093582
96.849000,1.166677,-0.334475,-3.046194,0.644585,-0.000088,-3.140297,0.619996,0.094103
96.899000,1.158727,-0.335236,-3.046284,0.634602,-0.000101,-3.140407,0.622111,0.094123
96.946000,1.146802,-0.336375,-3.046419,0.625366,0.000424,-3.140555,0.620749,0.094136
96.998000,1.138852,-0.337133,-3.046509,0.614984,0.000413,-3.140672,0.623198,0.094163
97.048000,1.126919,-0.338271,-3.046618,0.605608,0.000218,-3.140446,0.621562,0.093829
97.098000,1.118958,-0.339029,-3.046652,0.595612,0.000208,-3.140516,0.623677,0.093863
97.149000,1.107016,-0.340166,-3.046691,0.584543,0.001365,-3.140523,0.624197,0.093833
97.198000,1.099060,-0.340923,-3.046684,0.574752,0.001355,-3.140541,0.626142,0.093857
97.247000,1.087125,-0.342060,-3.046673,0.566577,0.000855,-3.140284,0.623347,0.093610
97.247000,1.075185,-0.343196,-3.046642,0.566577,0.000855,-3.140284,0.614047,0.093641
97.300000,1.071204,-0.343576,-3.046632,0.555981,0.000842,-3.140269,0.619740,0.093637
97.397000,1.059261,-0.344713,-3.046601,0.535187,-0.000298,-3.140039,0.627116,0.093438
97.450000,1.047318,-0.345852,-3.046571,0.523009,0.000446,-3.140172,0.628348,0.093601
97.498000,1.039356,-0.346610,-3.046559,0.513412,0.000432,-3.140149,0.630123,0.093590
97.548000,1.027414,-0.347749,-3.046567,0.506259,0.001763,-3.140394,0.627504,0.093828
97.598000,1.019452,-0.348507,-3.046572,0.496262,0.001751,-3.140401,0.629610,0.093829
97.648000,1.007510,-0.349646,-3.046580,0.485815,0.001842,-3.139991,0.629055,0.093411
97.696000,0.999549,-0.350404,-3.046585,0.476218,0.001826,-3.139997,0.630826,0.093412
97.747000,0.987607,-0.351542,-3.046593,0.464802,0.000831,-3.140069,0.630470,0.093476
97.799000,0.979649,-0.352301,-3.046587,0.454409,0.000815,-3.140073,0.632904,0.093487
97.845000,0.967719,-0.353438,-3.046552,0.446379,-0.001101,-3.140104,0.629235,0.093552
97.897000,0.959762,-0.354196,-3.046531,0.435988,-0.001116,-3.140074,0.631668,0.093543
97.947000,0.947843,-0.355332,-3.046650,0.424748,-0.000716,-3.140356,0.631966,0.093706
97.999000,0.939898,-0.356088,-3.046764,0.414373,-0.000728,-3.140488,0.634395,0.093724
98.046000,0.927978,-0.357221,-3.046934,0.404617,-0.001029,-3.141035,0.633071,0.094101
98.097000,0.920028,-0.357975,-3.047052,0.394436,-0.001035,-3.141181,0.635338,0.094129
98.146000,0.908102,-0.359105,-3.047233,0.383769,-0.000423,-3.141434,0.635278,0.094200
98.198000,0.900152,-0.359857,-3.047356,0.373387,-0.000424,-3.141592,0.637709,0.094236
98.248000,0.888225,-0.360983,-3.047539,0.364588,-0.000442,-3.141317,0.635756,0.093778
98.297000,0.880274,-0.361733,-3.047661,0.354805,-0.000444,-3.141467,0.637689,0.093806
98.347000,0.868342,-0.362856,-3.047823,0.344784,-0.000372,-3.141034,0.636795,0.093211
98.396000,0.860383,-0.363604,-3.047917,0.334991,-0.000377,-3.141156,0.638725,0.093239
98.446000,0.848444,-0.364725,-3.048059,0.324914,-0.001226,-3.141063,0.637349,0.093004
98.497000,0.840484,-0.365471,-3.048152,0.314722,-0.001231,-3.141183,0.639607,0.093031
98.548000,0.828559,-0.366588,-3.048336,0.305605,-0.000005,3.141370,0.638642,0.093480
98.548000,0.816613,-0.367704,-3.048433,0.305605,-0.000005,3.141370,0.629549,0.093383
98.601000,0.812631,-0.368076,-3.048437,0.295004,0.000000,3.141199,0.635152,0.093548
98.696000,0.796754,-0.369561,-3.048058,0.275151,0.001930,3.140470,0.640371,0.094657
98.748000,0.788826,-0.370307,-3.047702,0.266997,0.001954,3.140566,0.641001,0.094917
98.799000,0.780898,-0.371054,-3.047347,0.256844,0.001963,3.141019,0.643253,0.094819
98.849000,0.769007,-0.372182,-3.046813,0.246519,0.002222,-3.141358,0.642784,0.094545
98.896000,0.761080,-0.372937,-3.046457,0.237163,0.002219,-3.140940,0.644384,0.094483
98.945000,0.749190,-0.374075,-3.045923,0.227187,0.002870,-3.140386,0.643874,0.094462
98.997000,0.741265,-0.374837,-3.045498,0.216837,0.002858,-3.139904,0.646280,0.094406
99.046000,0.729398,-0.375986,-3.044478,0.205784,0.000116,-3.138838,0.644689,0.094360
99.096000,0.717473,-0.377151,-3.044167,0.195801,0.000080,-3.138065,0.643774,0.093899
99.147000,0.709526,-0.377927,-3.044294,0.186396,0.000231,-3.137689,0.645498,0.093396
99.198000,0.701575,-0.378702,-3.044490,0.176212,0.000191,-3.137874,0.647740,0.093384
99.248000,0.689650,-0.379862,-3.044827,0.165639,0.000701,-3.137620,0.647623,0.092793
99.296000,0.681689,-0.380634,-3.044937,0.156041,0.000665,-3.137859,0.649380,0.092923
99.347000,0.669748,-0.381792,-3.044933,0.145196,0.000377,-3.138724,0.649006,0.093791
99.399000,0.661796,-0.382563,-3.044944,0.134808,0.000347,-3.138710,0.651411,0.093766
99.449000,0.649868,-0.383719,-3.045011,0.123803,-0.001457,-3.138711,0.650283,0.093700
99.495000,0.641928,-0.384488,-3.045102,0.114630,-0.001484,-3.138779,0.651717,0.093677
99.548000,0.630020,-0.385639,-3.045286,0.104956,-0.002272,-3.138448,0.650125,0.093163
99.597000,0.622087,-0.386405,-3.045440,0.095193,-0.002303,-3.138611,0.652036,0.093171
99.648000,0.610190,-0.387551,-3.045702,0.084531,-0.002573,-3.138313,0.651556,0.092611
99.699000,0.602261,-0.388313,-3.045895,0.074375,-0.002606,-3.138544,0.653784,0.092649
99.745000,0.590368,-0.389453,-3.046203,0.063862,-0.002236,-3.138961,0.653563,0.092758
99.745000,0.578474,-0.390589,-3.046511,0.063862,-0.002236,-3.138961,0.644704,0.092449
99.745000,0.574509,-0.390967,-3.046614,0.063862,-0.002236,-3.138961,0.641773,0.092347
99.803000,0.570544,-0.391344,-3.046717,0.052312,-0.002265,-3.139259,0.648033,0.092542
99.803000,0.538802,-0.394352,-3.047473,0.052312,-0.002265,-3.139259,0.624824,0.091786
99.803000,0.538802,-0.394352,-3.047473,0.052312,-0.002265,-3.139259,0.624824,0.091786
99.803000,0.534823,-0.394728,-3.047496,0.052312,-0.002265,-3.139259,0.621968,0.091764
100.002000,0.522882,-0.395855,-3.047497,0.014658,0.001189,-3.140952,0.644930,0.093454
100.297000,0.483079,-0.399612,-3.047391,-0.042496,0.001167,-3.141275,0.660948,0.093885
100.349000,0.471146,-0.400740,-3.047302,-0.053302,0.000500,3.141285,0.660333,0.094598
100.398000,0.463188,-0.401493,-3.047250,-0.063095,0.000502,3.141356,0.662249,0.094579
100.447000,0.451250,-0.402623,-3.047185,-0.071989,0.000543,3.141404,0.660547,0.094596
100.498000,0.443291,-0.403377,-3.047144,-0.082182,0.000544,3.141458,0.662778,0.094584
100.546000,0.431353,-0.404508,-3.047083,-0.091118,0.000601,-3.141303,0.661127,0.094220
100.599000,0.423394,-0.405263,-3.047044,-0.101710,0.000597,-3.141250,0.663670,0.094207
100.649000,0.411456,-0.406395,-3.046984,-0.110330,0.001089,-3.140839,0.662046,0.093855
100.698000,0.399518,-0.407528,-3.046927,-0.120123,0.001082,-3.140790,0.661051,0.093863
100.748000,0.391558,-0.408284,-3.046894,-0.130620,0.001034,-3.140311,0.663484,0.093417
100.798000,0.383598,-0.409040,-3.046861,-0.140614,0.001021,-3.140270,0.665544,0.093409
100.846000,0.371658,-0.410175,-3.046811,-0.151717,0.000389,-3.140109,0.665195,0.093298
100.896000,0.363698,-0.410932,-3.046777,-0.161712,0.000374,-3.140067,0.667255,0.093290
100.947000,0.351758,-0.412068,-3.046728,-0.172710,0.001662,-3.140098,0.668011,0.093371
100.999000,0.343800,-0.412825,-3.046691,-0.183102,0.001647,-3.140054,0.670383,0.093363
101.046000,0.331863,-0.413962,-3.046635,-0.192282,-0.000401,-3.140044,0.667653,0.093409
101.095000,0.323906,-0.414720,-3.046648,-0.202074,-0.000417,-3.140012,0.669553,0.093365
101.149000,0.311977,-0.415855,-3.046731,-0.214488,-0.000820,-3.139473,0.670387,0.092742
101.196000,0.304024,-0.416612,-3.046792,-0.223875,-0.000840,-3.139544,0.671970,0.092752
101.247000,0.292099,-0.417745,-3.046908,-0.269984,0.004280,3.140204,0.702881,0.096073
101.299000,0.284179,-0.418497,-3.046811,-0.280327,0.004297,3.140154,0.705282,0.096220
101.348000,0.272302,-0.419629,-3.046430,-0.288049,0.003884,3.140524,0.702393,0.096231
101.397000,0.264379,-0.420386,-3.046146,-0.297799,0.003893,3.140861,0.704313,0.096178
101.446000,0.252492,-0.421527,-3.045732,-0.308151,0.003744,3.140816,0.703687,0.096637
101.498000,0.244566,-0.422290,-3.045463,-0.318502,0.003751,3.141172,0.706085,0.096550
101.547000,0.232676,-0.423439,-3.045075,-0.330305,0.003526,3.141468,0.706575,0.096642
101.595000,0.224749,-0.424207,-3.044821,-0.339863,0.003527,-3.141410,0.708338,0.096589
101.648000,0.212859,-0.425364,-3.044439,-0.350200,0.003798,-3.140853,0.707965,0.096414
101.699000,0.204932,-0.426137,-3.044185,-0.360354,0.003790,-3.140528,0.710202,0.096344
101.749000,0.193043,-0.427301,-3.043803,-0.370202,0.003296,-3.140027,0.708984,0.096224
101.797000,0.185117,-0.428080,-3.043549,-0.379759,0.003280,-3.139722,0.710743,0.096173
101.849000,0.173225,-0.429252,-3.043177,-0.390046,0.003914,-3.139574,0.710568,0.096397
101.896000,0.165297,-0.430036,-3.042933,-0.399407,0.003895,-3.139287,0.712170,0.096354
101.949000,0.153402,-0.431215,-3.042581,-0.408790,0.004121,-3.138809,0.711040,0.096228
101.999000,0.145473,-0.432004,-3.042347,-0.418750,0.004093,-3.138516,0.713111,0.096170
102.046000,0.133579,-0.433190,-3.041995,-0.427218,0.004196,-3.138093,0.711196,0.096098
102.099000,0.125646,-0.433984,-3.041786,-0.437782,0.004158,-3.137789,0.713736,0.096004
102.147000,0.113737,-0.435178,-3.041538,-0.447555,0.004233,-3.137693,0.712832,0.096155
102.196000,0.105798,-0.435975,-3.041388,-0.457329,0.004194,-3.137500,0.714745,0.096113
102.248000,0.093888,-0.437174,-3.041174,-0.467865,0.005612,-3.137387,0.715280,0.096213
102.299000,0.085947,-0.437975,-3.041035,-0.478040,0.005569,-3.137208,0.717505,0.096173
102.348000,0.074037,-0.439178,-3.040827,-0.486903,0.004967,-3.137098,0.715484,0.096271
102.399000,0.066096,-0.439981,-3.040688,-0.497078,0.004921,-3.136921,0.717707,0.096233
102.449000,0.054195,-0.441187,-3.040456,-0.507634,0.004277,-3.136484,0.717001,0.096029
102.495000,0.046269,-0.441993,-3.040282,-0.516797,0.004229,-3.136293,0.718440,0.096011
102.550000,0.034368,-0.443204,-3.040036,-0.527358,0.003292,-3.135970,0.717561,0.095934
102.597000,0.026414,-0.444015,-3.039948,-0.536752,0.003238,-3.135804,0.719160,0.095856
102.646000,0.014482,-0.445232,-3.039842,-0.545665,0.003918,-3.135415,0.717984,0.095573
102.698000,0.006527,-0.446045,-3.039777,-0.556060,0.003853,-3.135324,0.720356,0.095547
102.747000,-0.005401,-0.447264,-3.039704,-0.564963,0.004739,-3.135494,0.719317,0.095790
102.798000,-0.013344,-0.448077,-3.039627,-0.575144,0.004677,-3.135424,0.721530,0.095797
102.846000,-0.025260,-0.449297,-3.039488,-0.585639,0.004137,-3.135634,0.720852,0.096147
102.898000,-0.033203,-0.450111,-3.039395,-0.596020,0.004075,-3.135513,0.723220,0.096119
102.949000,-0.045124,-0.451334,-3.039267,-0.607053,0.003526,-3.135390,0.722954,0.096123
102.949000,-0.057055,-0.452560,-3.039195,-0.607053,0.003526,-3.135390,0.714502,0.096194
102.949000,-0.057055,-0.452560,-3.039195,-0.607053,0.003526,-3.135390,0.714502,0.096194
103.002000,-0.065010,-0.453377,-3.039159,-0.617649,0.003459,-3.135293,0.717015,0.096134
103.199000,-0.092851,-0.456241,-3.039034,-0.656516,0.002231,-3.134601,0.726577,0.095567
103.246000,-0.104771,-0.457468,-3.039085,-0.665861,0.001996,-3.134483,0.725209,0.095397
103.297000,-0.112715,-0.458285,-3.039163,-0.676043,0.001924,-3.134552,0.727413,0.095389
103.349000,-0.124631,-0.459508,-3.039305,-0.686349,0.001802,-3.134587,0.726867,0.095281
103.396000,-0.136545,-0.460730,-3.039462,-0.695731,0.001737,-3.134702,0.725648,0.095241
103.446000,-0.144488,-0.461544,-3.039569,-0.706665,0.001158,-3.135107,0.728105,0.095537
103.497000,-0.152427,-0.462356,-3.039690,-0.716841,0.001092,-3.135248,0.730306,0.095558
103.546000,-0.164337,-0.463573,-3.039876,-0.727679,0.001271,-3.135737,0.730367,0.095861
103.598000,-0.172276,-0.464383,-3.040000,-0.738054,0.001211,-3.135899,0.732723,0.095898
103.646000,-0.184186,-0.465596,-3.040187,-0.747349,0.002642,-3.135953,0.732393,0.095767
103.696000,-0.192128,-0.466404,-3.040310,-0.757327,0.002586,-3.136109,0.734440,0.095799
103.748000,-0.204063,-0.467616,-3.040392,-0.766534,0.001872,-3.136104,0.732662,0.095712
103.796000,-0.215991,-0.468827,-3.040462,-0.776125,0.001820,-3.136155,0.731614,0.095693
103.849000,-0.223942,-0.469633,-3.040516,-0.786300,0.001143,-3.136668,0.733402,0.096151
103.895000,-0.231889,-0.470439,-3.040586,-0.795486,0.001098,-3.136734,0.734840,0.096149
103.946000,-0.243810,-0.471647,-3.040707,-0.805329,0.001357,-3.136918,0.734191,0.096212
103.999000,-0.251760,-0.472451,-3.040779,-0.815917,0.001308,-3.137024,0.736696,0.096245
104.049000,-0.263686,-0.473657,-3.040878,-0.825692,0.002353,-3.137217,0.736502,0.096340
104.098000,-0.271643,-0.474461,-3.040905,-0.835489,0.002310,-3.137284,0.738399,0.096379
104.149000,-0.283580,-0.475667,-3.040906,-0.846134,0.001819,-3.137180,0.737875,0.096274
104.197000,-0.291536,-0.476471,-3.040916,-0.855730,0.001777,-3.137181,0.739618,0.096265
104.246000,-0.303470,-0.477676,-3.040938,-0.866804,-0.004791,-3.140944,0.735503,0.100006
104.295000,-0.311426,-0.478480,-3.040956,-0.876600,-0.004798,-3.140962,0.737425,0.100007
104.347000,-0.323300,-0.479677,-3.041245,-0.888243,-0.003804,-3.141412,0.738658,0.100167
104.399000,-0.331213,-0.480473,-3.041505,-0.898582,-0.003805,3.141464,0.741026,0.100217
104.449000,-0.343097,-0.481664,-3.041884,-0.908957,-0.004342,3.141522,0.740293,0.099779
104.496000,-0.351023,-0.482456,-3.042133,-0.918316,-0.004341,3.141229,0.741900,0.099823
104.548000,-0.362909,-0.483640,-3.042510,-0.927866,-0.004023,3.140657,0.741086,0.100019
104.596000,-0.370837,-0.484427,-3.042752,-0.937426,-0.004013,3.140356,0.742846,0.100077
104.646000,-0.382733,-0.485604,-3.043090,-0.947311,-0.003381,3.140197,0.742488,0.099899
104.697000,-0.390669,-0.486388,-3.043292,-0.957479,-0.003366,3.139921,0.744704,0.099973
104.747000,-0.402574,-0.487560,-3.043593,-0.967258,-0.004082,3.139427,0.743383,0.100165
104.797000,-0.410511,-0.488340,-3.043794,-0.977227,-0.004060,3.139176,0.745449,0.100215
104.846000,-0.422417,-0.489506,-3.044091,-0.987255,-0.002992,3.139059,0.745479,0.100035
104.846000,-0.434336,-0.490670,-3.044310,-0.987255,-0.002992,3.139059,0.737259,0.099816
104.846000,-0.434336,-0.490670,-3.044310,-0.987255,-0.002992,3.139059,0.737259,0.099816
104.846000,-0.438310,-0.491058,-3.044379,-0.987255,-0.002992,3.139059,0.734541,0.099748
104.907000,-0.454204,-0.492606,-3.044654,-0.999432,-0.002958,3.138781,0.732822,0.099751
105.198000,-0.489967,-0.496073,-3.045254,-1.057792,-0.000545,3.136851,0.753640,0.101080
105.248000,-0.501891,-0.497224,-3.045414,-1.070812,-0.000715,3.137970,0.755110,0.099802
105.248000,-0.513821,-0.498375,-3.045383,-1.070812,-0.000715,3.137970,0.746930,0.099832
105.248000,-0.513821,-0.498375,-3.045383,-1.070812,-0.000715,3.137970,0.746930,0.099832
105.303000,-0.521773,-0.499142,-3.045337,-1.081799,-0.000673,3.137878,0.749734,0.099971
105.497000,-0.549606,-0.501832,-3.045169,-1.122935,-0.000707,3.138207,0.761467,0.099810
105.549000,-0.561537,-0.502987,-3.045077,-1.132527,-0.001299,3.138036,0.760079,0.100072
105.597000,-0.569495,-0.503757,-3.045030,-1.142121,-0.001265,3.138106,0.761839,0.100050
105.649000,-0.581433,-0.504914,-3.044967,-1.150869,-0.000602,3.137784,0.760650,0.100434
105.698000,-0.589391,-0.505686,-3.044927,-1.160663,-0.000565,3.137835,0.762561,0.100424
105.748000,-0.601317,-0.506843,-3.044830,-1.167820,-0.002491,3.136886,0.758483,0.101469
105.799000,-0.609278,-0.507616,-3.044789,-1.178018,-0.002443,3.136965,0.760699,0.101432
105.847000,-0.621220,-0.508776,-3.044728,-1.186760,-0.003058,3.135430,0.758674,0.103028
105.896000,-0.629181,-0.509549,-3.044687,-1.196558,-0.002998,3.135479,0.760599,0.103019
105.948000,-0.641123,-0.510711,-3.044632,-1.205316,-0.003698,3.134488,0.758535,0.104066
105.999000,-0.649084,-0.511485,-3.044626,-1.215514,-0.003626,3.134522,0.760765,0.104038
106.047000,-0.661026,-0.512647,-3.044630,-1.224716,-0.004467,3.135164,0.758941,0.103391
106.096000,-0.668978,-0.513420,-3.044670,-1.234502,-0.004405,3.135149,0.760864,0.103366
106.143000,-0.680905,-0.514579,-3.044768,-1.243329,-0.004791,3.134925,0.759081,0.103493
106.196000,-0.688857,-0.515351,-3.044836,-1.253914,-0.004720,3.134836,0.761600,0.103514
106.249000,-0.700785,-0.516508,-3.044937,-1.262972,-0.004840,3.134197,0.760171,0.104051
106.297000,-0.708737,-0.517279,-3.045005,-1.272559,-0.004769,3.134116,0.761946,0.104065
106.346000,-0.720665,-0.518434,-3.045115,-1.282295,-0.004515,3.133937,0.761276,0.104133
106.346000,-0.732600,-0.519588,-3.045198,-1.282295,-0.004515,3.133937,0.753303,0.104051
106.346000,-0.732600,-0.519588,-3.045198,-1.282295,-0.004515,3.133937,0.753303,0.104051
106.404000,-0.740557,-0.520358,-3.045245,-1.293886,-0.004426,3.133834,0.756544,0.104105
106.599000,-0.768408,-0.523047,-3.045412,-1.332529,-0.004650,3.133093,0.766138,0.104681
106.646000,-0.780348,-0.524199,-3.045455,-1.342199,-0.004885,3.132644,0.765090,0.105086
106.646000,-0.792288,-0.525350,-3.045494,-1.342199,-0.004885,3.132644,0.757157,0.105047
106.646000,-0.796268,-0.525733,-3.045506,-1.342199,-0.004885,3.132644,0.754536,0.105035
106.703000,-0.804228,-0.526501,-3.045531,-1.353593,-0.004782,3.132605,0.757623,0.105050
106.897000,-0.828108,-0.528801,-3.045603,-1.388215,-0.006771,3.130809,0.765660,0.106773
106.946000,-0.840049,-0.529950,-3.045636,-1.394649,-0.005749,3.129297,0.763131,0.108252
106.999000,-0.848009,-0.530716,-3.045659,-1.405244,-0.005618,3.129268,0.765662,0.108258
107.047000,-0.859947,-0.531865,-3.045647,-1.413576,-0.005721,3.129349,0.763762,0.108189
107.098000,-0.867906,-0.532631,-3.045623,-1.423770,-0.005596,3.129372,0.765997,0.108190
107.146000,-0.879844,-0.533781,-3.045580,-1.435421,-0.005395,3.130169,0.766719,0.107436
107.198000,-0.887802,-0.534547,-3.045548,-1.445814,-0.005276,3.130209,0.769094,0.107428
107.246000,-0.899739,-0.535698,-3.045501,-1.455648,-0.005978,3.130335,0.767879,0.107349
107.294000,-0.907697,-0.536465,-3.045469,-1.465241,-0.005870,3.130373,0.769666,0.107343
107.349000,-0.919637,-0.537616,-3.045436,-1.471734,-0.006164,3.129779,0.766325,0.107970
107.399000,-0.927598,-0.538384,-3.045427,-1.481731,-0.006046,3.129798,0.768406,0.107960
107.447000,-0.939539,-0.539536,-3.045413,-1.484078,-0.005612,3.129215,0.762626,0.108557
107.498000,-0.947500,-0.540304,-3.045404,-1.494275,-0.005486,3.129226,0.764848,0.108555
107.548000,-0.959440,-0.541456,-3.045396,-1.499509,-0.003288,3.128277,0.762430,0.109512
107.597000,-0.967375,-0.542222,-3.045288,-1.509273,-0.003157,3.128314,0.764360,0.109583
107.644000,-0.979272,-0.543373,-3.045030,-1.512535,-0.000467,3.126964,0.760997,0.111192
107.694000,-0.987204,-0.544142,-3.044856,-1.522495,-0.000322,3.127181,0.763071,0.111149
107.748000,-0.999101,-0.545298,-3.044595,-1.528509,0.001400,3.126350,0.761020,0.112240
107.799000,-1.007032,-0.546071,-3.044417,-1.538668,0.001555,3.126572,0.763237,0.112196
107.849000,-1.018853,-0.547226,-3.043773,-1.549321,0.000512,3.127124,0.762505,0.112288
107.849000,-1.030688,-0.548393,-3.042958,-1.549321,0.000512,3.127124,0.755167,0.113103
107.849000,-1.034633,-0.548784,-3.042684,-1.549321,0.000512,3.127124,0.752748,0.113377
107.903000,-1.038578,-0.549176,-3.042411,-1.560026,0.000664,3.127798,0.757781,0.112976
108.097000,-1.066192,-0.551950,-3.040496,-1.589210,-0.001049,3.127491,0.759631,0.115198
108.148000,-1.078045,-0.553157,-3.039736,-1.597385,-0.003868,3.126899,0.755931,0.116550
108.195000,-1.085979,-0.553969,-3.039393,-1.606755,-0.003734,3.127434,0.757606,0.116358
108.248000,-1.097884,-0.555193,-3.039037,-1.617900,-0.004356,3.128721,0.757521,0.115427
108.298000,-1.105834,-0.556012,-3.038896,-1.627889,-0.004229,3.128974,0.759608,0.115315
108.348000,-1.117762,-0.557242,-3.038775,-1.638019,-0.003479,3.129658,0.759816,0.114752
108.397000,-1.125709,-0.558062,-3.038691,-1.647805,-0.003362,3.129752,0.761758,0.114742
108.447000,-1.137630,-0.559294,-3.038544,-1.657569,-0.003275,3.129938,0.761244,0.114704
108.497000,-1.145578,-0.560116,-3.038444,-1.667556,-0.003159,3.130063,0.763323,0.114679
108.548000,-1.157500,-0.561351,-3.038294,-1.677152,-0.004258,3.129360,0.761834,0.115532
108.597000,-1.165447,-0.562175,-3.038194,-1.686939,-0.004139,3.129482,0.763779,0.115509
108.649000,-1.177369,-0.563413,-3.038045,-1.694844,-0.005095,3.128578,0.761249,0.116563
108.649000,-1.189290,-0.564653,-3.037896,-1.694844,-0.005095,3.128578,0.754115,0.116711
108.649000,-1.189290,-0.564653,-3.037896,-1.694844,-0.005095,3.128578,0.754115,0.116711
108.704000,-1.197239,-0.565481,-3.037818,-1.705830,-0.004952,3.128715,0.756873,0.116653
108.898000,-1.224997,-0.568384,-3.036868,-1.735197,-0.003439,3.126219,0.761227,0.120098
108.947000,-1.236914,-0.569639,-3.036570,-1.746504,-0.004188,3.126949,0.761194,0.119667
108.997000,-1.244859,-0.570477,-3.036372,-1.756489,-0.004042,3.127196,0.763291,0.119617
109.047000,-1.256775,-0.571737,-3.036076,-1.765744,-0.002380,3.127062,0.763687,0.120048
109.099000,-1.264719,-0.572579,-3.035882,-1.776128,-0.002229,3.127318,0.766054,0.119986
109.147000,-1.276623,-0.573844,-3.035508,-1.784065,-0.003245,3.126883,0.763597,0.120794
109.199000,-1.284575,-0.574692,-3.035374,-1.794459,-0.003095,3.127187,0.765967,0.120624
109.246000,-1.296504,-0.575964,-3.035363,-1.797982,-0.001426,3.125568,0.762610,0.122254
109.246000,-1.308376,-0.577232,-3.034792,-1.797982,-0.001426,3.125568,0.755823,0.122825
109.300000,-1.312331,-0.577657,-3.034470,-1.808720,-0.001247,3.125653,0.760691,0.123063
109.399000,-1.324181,-0.578938,-3.033203,-1.828276,-0.000333,3.126507,0.767396,0.123475
109.446000,-1.336019,-0.580236,-3.031592,-1.836503,-0.000060,3.126212,0.766217,0.125382
109.496000,-1.343910,-0.581112,-3.030515,-1.846426,0.000089,3.127557,0.768321,0.125113
109.550000,-1.355744,-0.582442,-3.028900,-1.855622,-0.000953,3.127874,0.766816,0.126411
109.595000,-1.363633,-0.583339,-3.027814,-1.864553,-0.000833,3.129087,0.768266,0.126284
109.648000,-1.375465,-0.584701,-3.026114,-1.874336,-0.000198,3.130234,0.768451,0.126838
109.696000,-1.383352,-0.585620,-3.025062,-1.883864,-0.000094,3.131578,0.770294,0.126546
109.748000,-1.395182,-0.587012,-3.023853,-1.892211,0.002233,3.131587,0.770875,0.127745
109.799000,-1.403071,-0.587949,-3.023133,-1.902340,0.002331,3.132597,0.773110,0.127455
109.845000,-1.414899,-0.589361,-3.022462,-1.915112,0.000469,3.135311,0.773377,0.125413
109.894000,-1.422808,-0.590309,-3.022163,-1.924869,0.000528,3.135790,0.775340,0.125233
109.949000,-1.434677,-0.591735,-3.021828,-1.935244,0.000826,3.137149,0.775691,0.124209
109.998000,-1.442589,-0.592688,-3.021613,-1.945006,0.000869,3.137413,0.777646,0.124160
110.048000,-1.454456,-0.594121,-3.021289,-1.952438,0.000837,3.136980,0.775861,0.124916
110.098000,-1.462368,-0.595078,-3.021074,-1.962399,0.000882,3.137249,0.777946,0.124863
110.149000,-1.474239,-0.596517,-3.020784,-1.972670,0.000622,3.137591,0.777823,0.124810
110.196000,-1.482157,-0.597479,-3.020610,-1.982042,0.000659,3.137807,0.779522,0.124769
110.249000,-1.494033,-0.598925,-3.020349,-1.995436,0.001335,3.138156,0.782123,0.124680
110.299000,-1.501951,-0.599890,-3.020176,-2.005406,0.001369,3.138373,0.784206,0.124636
110.349000,-1.513827,-0.601341,-3.019918,-2.015550,0.000507,3.137946,0.783548,0.125322
110.349000,-1.525706,-0.602795,-3.019684,-2.015550,0.000507,3.137946,0.777123,0.125555
110.349000,-1.525706,-0.602795,-3.019684,-2.015550,0.000507,3.137946,0.777123,0.125555
110.401000,-1.533626,-0.603766,-3.019536,-2.025923,0.000544,3.138164,0.779452,0.125485
110.598000,-1.561373,-0.607175,-3.019165,-2.067292,-0.002183,3.137313,0.788650,0.126707
110.649000,-1.573264,-0.608639,-3.019014,-2.075611,-0.003582,3.136561,0.786414,0.127610
110.697000,-1.581192,-0.609616,-3.018913,-2.085196,-0.003534,3.136683,0.788261,0.127590
110.749000,-1.593083,-0.611083,-3.018762,-2.095280,-0.006267,3.135536,0.786133,0.128888
110.796000,-1.601011,-0.612062,-3.018690,-2.104667,-0.006211,3.135648,0.787861,0.128848
110.846000,-1.612878,-0.613527,-3.018852,-2.114373,-0.008410,3.135088,0.785916,0.129246
110.846000,-1.624719,-0.614986,-3.019232,-2.114373,-0.008410,3.135088,0.779548,0.128865
110.846000,-1.624719,-0.614986,-3.019232,-2.114373,-0.008410,3.135088,0.779548,0.128865
110.846000,-1.628666,-0.615471,-3.019376,-2.114373,-0.008410,3.135088,0.777453,0.128721
110.906000,-1.640508,-0.616923,-3.019808,-2.126302,-0.008333,3.134841,0.778702,0.128536
111.197000,-1.683941,-0.622203,-3.021419,-2.176139,-0.007345,3.129264,0.787598,0.132503
111.248000,-1.691844,-0.623156,-3.021707,-2.182235,-0.007918,3.127850,0.786766,0.133628
111.299000,-1.699756,-0.624108,-3.021972,-2.192394,-0.007777,3.127488,0.789022,0.133725
111.345000,-1.711660,-0.625538,-3.022151,-2.198228,-0.005865,3.126072,0.787872,0.134963
111.397000,-1.719586,-0.626489,-3.022135,-2.208606,-0.005702,3.125978,0.790263,0.135073
111.448000,-1.731472,-0.627917,-3.021986,-2.215987,-0.004298,3.124936,0.789718,0.136263
111.497000,-1.739380,-0.628868,-3.021805,-2.225742,-0.004135,3.125091,0.791732,0.136290
111.549000,-1.751238,-0.630297,-3.021447,-2.233735,-0.003109,3.124925,0.791308,0.136814
111.599000,-1.759133,-0.631251,-3.021156,-2.243675,-0.002943,3.125246,0.793443,0.136783
111.647000,-1.770974,-0.632687,-3.020685,-2.254349,-0.000953,3.126153,0.795449,0.136347
111.696000,-1.778868,-0.633647,-3.020371,-2.264089,-0.000804,3.126539,0.797452,0.136276
111.745000,-1.790708,-0.635093,-3.019898,-2.274940,-0.000069,3.127295,0.798583,0.135992
111.795000,-1.798602,-0.636059,-3.019581,-2.284879,0.000072,3.127689,0.800705,0.135915
111.847000,-1.810417,-0.637512,-3.018991,-2.292651,0.003083,3.128003,0.801818,0.136192
111.895000,-1.818268,-0.638481,-3.018473,-2.302144,0.003212,3.128525,0.803683,0.136187
111.949000,-1.830044,-0.639943,-3.017589,-2.311159,0.003888,3.128591,0.803735,0.137005
111.949000,-1.841810,-0.641416,-3.016639,-2.311159,0.003888,3.128591,0.797938,0.137955
112.000000,-1.841810,-0.641416,-3.016639,-2.321236,0.004015,3.129364,0.804008,0.137182
112.098000,-1.857491,-0.643396,-3.015334,-2.338932,0.005014,3.129946,0.807602,0.137905
112.148000,-1.869242,-0.644893,-3.014335,-2.345204,0.006309,3.129547,0.806600,0.139304
112.197000,-1.877076,-0.645898,-3.013669,-2.354878,0.006424,3.130363,0.808590,0.139154
112.248000,-1.888824,-0.647415,-3.012669,-2.363590,0.005223,3.130327,0.807056,0.140189
112.298000,-1.896656,-0.648433,-3.012003,-2.373461,0.005333,3.131160,0.809168,0.140023
112.347000,-1.908400,-0.649970,-3.010981,-2.381196,0.008938,3.132484,0.810984,0.139720
112.347000,-1.920114,-0.651515,-3.009796,-2.381196,0.008938,3.132484,0.805478,0.140905
112.400000,-1.920114,-0.651515,-3.009796,-2.391630,0.009029,3.133429,0.811570,0.139960
112.400000,-1.939615,-0.654121,-3.007636,-2.391630,0.009029,3.133429,0.802550,0.142120
112.400000,-1.939615,-0.654121,-3.007636,-2.391630,0.009029,3.133429,0.802550,0.142120
112.400000,-1.947410,-0.655175,-3.006714,-2.391630,0.009029,3.133429,0.799062,0.143042
112.508000,-1.955189,-0.656235,-3.005742,-2.411418,0.011478,3.135209,0.808693,0.142235
112.799000,-1.997970,-0.662203,-3.000232,-2.462962,0.013762,3.138953,0.820454,0.144000
112.848000,-2.005747,-0.663314,-2.999236,-2.460200,0.013565,3.136502,0.815287,0.147447
112.897000,-2.013522,-0.664432,-2.998241,-2.469822,0.013611,3.137721,0.817284,0.147223
112.948000,-2.025183,-0.666124,-2.996749,-2.470500,0.015029,3.135803,0.813804,0.150633
112.997000,-2.032950,-0.667261,-2.995750,-2.480116,0.015083,3.137019,0.815812,0.150416
113.045000,-2.044584,-0.668979,-2.994154,-2.480091,0.016015,3.134965,0.811716,0.154066
113.097000,-2.052324,-0.670133,-2.993018,-2.490264,0.016080,3.136378,0.814051,0.153790
113.144000,-2.063936,-0.671882,-2.991269,-2.502059,0.014999,3.138249,0.814713,0.153667
113.197000,-2.071693,-0.673061,-2.990163,-2.512454,0.015029,3.139775,0.817152,0.153247
113.248000,-2.083334,-0.674847,-2.988576,-2.520351,0.016940,3.140599,0.818262,0.154010
113.296000,-2.091093,-0.676048,-2.987518,-2.529773,0.016946,-3.141317,0.820171,0.153799
113.346000,-2.102730,-0.677864,-2.985932,-2.533267,0.018444,3.141576,0.818662,0.155678
113.396000,-2.110486,-0.679086,-2.984876,-2.543081,0.018441,-3.140287,0.820781,0.155411
113.446000,-2.122122,-0.680934,-2.983326,-2.551087,0.019710,-3.139629,0.821531,0.156303
113.498000,-2.129873,-0.682175,-2.982284,-2.561291,0.019687,-3.138284,0.823852,0.156000
113.547000,-2.141471,-0.684048,-2.980616,-2.570267,0.019938,-3.136578,0.824296,0.155962
113.547000,-2.153080,-0.685943,-2.978967,-2.570267,0.019938,-3.136578,0.819948,0.157611
113.547000,-2.156952,-0.686579,-2.978432,-2.570267,0.019938,-3.136578,0.818534,0.158146
113.547000,-2.160824,-0.687218,-2.977905,-2.570267,0.019938,-3.136578,0.817138,0.158673
113.607000,-2.168569,-0.688501,-2.976865,-2.582030,0.019870,-3.134909,0.820208,0.158044
113.607000,-2.199591,-0.693721,-2.973038,-2.582030,0.019870,-3.134909,0.809612,0.161871
113.688000,-2.203473,-0.694382,-2.972601,-2.599771,0.020295,-3.132488,0.817200,0.159888
113.935000,-2.219010,-0.697047,-2.970930,-2.639250,0.019570,-3.129636,0.830748,0.158706
113.998000,-2.226773,-0.698388,-2.970103,-2.651665,0.019426,-3.128334,0.834141,0.158231
114.047000,-2.238422,-0.700413,-2.968874,-2.656462,0.020250,-3.129552,0.833134,0.160677
114.099000,-2.246174,-0.701769,-2.968023,-2.666693,0.020125,-3.128481,0.835444,0.160458
114.147000,-2.257804,-0.703816,-2.966723,-2.672044,0.021211,-3.128750,0.835020,0.162027
114.199000,-2.269432,-0.705878,-2.965423,-2.682278,0.021077,-3.127624,0.836006,0.162201
114.246000,-2.277183,-0.707261,-2.964556,-2.693123,0.021263,-3.125183,0.838900,0.160626
114.298000,-2.284932,-0.708651,-2.963690,-2.703357,0.021092,-3.124056,0.841192,0.160366
114.346000,-2.296565,-0.710750,-2.962420,-2.712336,0.023496,-3.122888,0.843791,0.160468
114.397000,-2.304310,-0.712156,-2.961572,-2.722371,0.023306,-3.121825,0.845979,0.160254
114.448000,-2.315933,-0.714279,-2.960293,-2.730178,0.026410,-3.122085,0.848657,0.161791
114.498000,-2.327513,-0.716411,-2.958861,-2.739988,0.026217,-3.120994,0.849489,0.162133
114.545000,-2.335237,-0.717842,-2.957872,-2.747257,0.025652,-3.121009,0.850025,0.163137
114.598000,-2.342964,-0.719282,-2.956896,-2.757669,0.025434,-3.119702,0.852397,0.162806
114.649000,-2.354553,-0.721455,-2.955442,-2.769139,0.025602,-3.118192,0.854386,0.162749
114.695000,-2.362278,-0.722914,-2.954473,-2.778176,0.025388,-3.117078,0.856112,0.162604
114.749000,-2.373862,-0.725116,-2.953020,-2.789593,0.025560,-3.114881,0.858107,0.161861
114.796000,-2.381595,-0.726596,-2.952092,-2.798841,0.025310,-3.113750,0.859916,0.161658
114.845000,-2.393225,-0.728834,-2.950911,-2.807024,0.026036,-3.112486,0.860847,0.161575
114.897000,-2.400976,-0.730333,-2.950175,-2.817284,0.025735,-3.111500,0.863105,0.161325
114.949000,-2.412612,-0.732594,-2.949126,-2.826501,0.026370,-3.110403,0.864483,0.161276
114.999000,-2.420367,-0.734108,-2.948445,-2.836373,0.026061,-3.109542,0.866555,0.161097
115.048000,-2.432003,-0.736390,-2.947443,-2.845268,0.026335,-3.108782,0.867489,0.161339
115.099000,-2.439760,-0.737918,-2.946776,-2.855342,0.026002,-3.107931,0.869645,0.161155
115.145000,-2.451393,-0.740219,-2.945774,-2.863861,0.026110,-3.107191,0.870282,0.161417
115.198000,-2.459147,-0.741760,-2.945109,-2.874330,0.025748,-3.106307,0.872608,0.161198
115.246000,-2.470802,-0.744086,-2.944230,-2.880443,0.026847,-3.106257,0.873007,0.162027
115.297000,-2.478565,-0.745640,-2.943669,-2.890531,0.026488,-3.105538,0.875156,0.161869
115.350000,-2.490216,-0.747982,-2.942845,-2.903971,0.026496,-3.103413,0.878071,0.160568
115.397000,-2.497985,-0.749549,-2.942309,-2.913276,0.026139,-3.102777,0.879862,0.160468
115.447000,-2.509639,-0.751907,-2.941515,-2.922566,0.025594,-3.101943,0.880351,0.160428
115.496000,-2.517426,-0.753488,-2.941073,-2.932292,0.025205,-3.101323,0.882314,0.160250
115.545000,-2.529117,-0.755868,-2.940528,-2.939367,0.025559,-3.101783,0.882572,0.161255
115.597000,-2.536905,-0.757457,-2.940181,-2.949693,0.025147,-3.101327,0.884795,0.161146
115.649000,-2.548594,-0.759847,-2.939682,-2.957459,0.023759,-3.102115,0.883859,0.162433
115.696000,-2.556395,-0.761445,-2.939392,-2.966808,0.023388,-3.101741,0.885664,0.162349
115.745000,-2.568097,-0.763846,-2.938974,-2.973741,0.021068,-3.102533,0.883536,0.163559
115.799000,-2.575899,-0.765450,-2.938695,-2.984484,0.020647,-3.102157,0.885940,0.163461
115.849000,-2.587599,-0.767860,-2.938278,-2.991749,0.019256,-3.102948,0.884809,0.164670
115.899000,-2.595401,-0.769469,-2.938015,-3.001699,0.018870,-3.102605,0.886880,0.164591
115.948000,-2.607105,-0.771888,-2.937627,-3.009950,0.017739,-3.103059,0.886450,0.165431
115.948000,-2.618839,-0.774316,-2.937516,-3.009950,0.017739,-3.103059,0.883357,0.165543
115.948000,-2.622746,-0.775124,-2.937545,-3.009950,0.017739,-3.103059,0.882360,0.165514
116.006000,-2.630562,-0.776741,-2.937640,-3.021527,0.017287,-3.102746,0.885062,0.165106
116.197000,-2.654010,-0.781587,-2.938005,-3.058857,0.021876,-3.101811,0.899696,0.163806
116.247000,-2.665734,-0.784006,-2.938161,-3.069191,0.024490,-3.102093,0.903572,0.163932
116.300000,-2.673528,-0.785614,-2.938041,-3.079730,0.024076,-3.102141,0.905869,0.164100
116.347000,-2.685221,-0.788030,-2.937686,-3.087092,0.025040,-3.102220,0.906963,0.164534
116.397000,-2.693008,-0.789641,-2.937391,-3.097024,0.024649,-3.101897,0.909008,0.164506
116.447000,-2.704694,-0.792064,-2.936931,-3.101980,0.026130,-3.103265,0.909548,0.166334
116.499000,-2.712486,-0.793682,-2.936631,-3.112318,0.025733,-3.102871,0.911760,0.166240
116.549000,-2.724167,-0.796114,-2.936167,-3.117600,0.027582,-3.103998,0.912833,0.167831
116.597000,-2.731920,-0.797731,-2.935734,-3.127097,0.027226,-3.103582,0.914723,0.167848
116.647000,-2.743546,-0.800162,-2.935075,-3.132241,0.029748,-3.104247,0.916425,0.169172
116.698000,-2.751296,-0.801788,-2.934636,-3.142330,0.029370,-3.103687,0.918548,0.169052
116.748000,-2.762921,-0.804233,-2.933964,-3.152871,0.028336,-3.102671,0.919365,0.168707
116.798000,-2.770669,-0.805867,-2.933444,-3.162762,0.027950,-3.102084,0.921406,0.168640
116.848000,-2.782299,-0.808328,-2.932655,-3.174111,0.027229,-3.100705,0.922861,0.168050
116.895000,-2.790063,-0.809976,-2.932178,-3.183429,0.026846,-3.100103,0.924667,0.167925
116.948000,-2.801718,-0.812457,-2.931551,-3.193030,0.029333,-3.100500,0.928298,0.168949
116.997000,-2.809465,-0.814111,-2.931079,-3.202726,0.028934,-3.099980,0.930257,0.168901
117.049000,-2.821090,-0.816599,-2.930318,-3.212818,0.028630,-3.099478,0.931592,0.169161
117.049000,-2.832722,-0.819099,-2.929587,-3.212818,0.028630,-3.099478,0.929040,0.169892
117.049000,-2.836601,-0.819934,-2.929357,-3.212818,0.028630,-3.099478,0.928224,0.170122
117.104000,-2.844346,-0.821605,-2.928877,-3.223715,0.028166,-3.098786,0.930608,0.169909
117.104000,-2.871390,-0.827477,-2.926694,-3.223715,0.028166,-3.098786,0.925342,0.172092
117.300000,-2.875258,-0.828321,-2.926396,-3.256184,0.030670,-3.098260,0.939665,0.171863
117.397000,-2.886862,-0.830863,-2.925538,-3.276292,0.030690,-3.096397,0.945479,0.170859
117.447000,-2.898469,-0.833416,-2.924713,-3.284623,0.031603,-3.095372,0.947297,0.170659
117.498000,-2.906207,-0.835123,-2.924164,-3.294715,0.031135,-3.094672,0.949390,0.170508
117.549000,-2.917811,-0.837692,-2.923339,-3.302022,0.032375,-3.095107,0.951123,0.171768
117.599000,-2.929416,-0.840270,-2.922532,-3.311916,0.031914,-3.094420,0.952371,0.171889
117.648000,-2.937150,-0.841994,-2.922013,-3.315977,0.035276,-3.095613,0.955569,0.173600
117.698000,-2.944884,-0.843722,-2.921495,-3.325871,0.034819,-3.094965,0.957594,0.173470
117.747000,-2.956482,-0.846322,-2.920717,-3.332302,0.035835,-3.095876,0.958875,0.175159
117.796000,-2.964213,-0.848060,-2.920199,-3.341998,0.035390,-3.095241,0.960836,0.175042
117.846000,-2.975763,-0.850665,-2.919218,-3.353877,0.036062,-3.093905,0.963979,0.174686
117.896000,-2.983458,-0.852408,-2.918483,-3.363727,0.035590,-3.093026,0.965995,0.174543
117.948000,-2.995008,-0.855035,-2.917398,-3.375490,0.036982,-3.091914,0.969773,0.174516
117.998000,-3.002700,-0.856792,-2.916664,-3.385339,0.036490,-3.091012,0.971785,0.174349
118.048000,-3.014246,-0.859441,-2.915583,-3.393380,0.037157,-3.090823,0.973463,0.175241
118.096000,-3.021938,-0.861212,-2.914861,-3.402839,0.036674,-3.089964,0.975339,0.175104
118.148000,-3.033484,-0.863883,-2.913808,-3.406377,0.038247,-3.091254,0.976159,0.177446
118.198000,-3.041162,-0.865665,-2.913057,-3.416217,0.037750,-3.090368,0.978174,0.177311
118.246000,-3.052676,-0.868350,-2.911904,-3.419266,0.041109,-3.091855,0.980564,0.179951
118.298000,-3.060351,-0.870148,-2.911135,-3.429500,0.040598,-3.090855,0.982715,0.179720
118.348000,-3.071860,-0.872855,-2.909982,-3.434930,0.042660,-3.091434,0.984880,0.181452
118.397000,-3.079515,-0.874664,-2.909161,-3.444554,0.042176,-3.090482,0.986837,0.181321
118.448000,-3.090969,-0.877384,-2.907693,-3.459357,0.041171,-3.086788,0.989673,0.179095
118.499000,-3.098627,-0.879212,-2.906762,-3.469379,0.040617,-3.085541,0.991738,0.178779
118.549000,-3.110128,-0.881972,-2.905500,-3.477980,0.042755,-3.084767,0.995206,0.179267
118.597000,-3.117779,-0.883816,-2.904650,-3.487408,0.042217,-3.083770,0.997077,0.179120
118.649000,-3.129264,-0.886597,-2.903379,-3.494844,0.045517,-3.083307,1.001242,0.179928
118.697000,-3.136892,-0.888453,-2.902473,-3.504247,0.044967,-3.082277,1.003106,0.179805
118.745000,-3.148328,-0.891249,-2.901107,-3.512057,0.046673,-3.081746,1.005981,0.180639
118.797000,-3.155947,-0.893121,-2.900137,-3.522239,0.046061,-3.080548,1.008084,0.180411
118.848000,-3.167363,-0.895942,-2.898499,-3.531722,0.044503,-3.079650,1.008561,0.181151
118.896000,-3.174980,-0.897836,-2.897391,-3.541123,0.043917,-3.078322,1.010425,0.180930
118.949000,-3.186407,-0.900693,-2.895743,-3.552730,0.043023,-3.076863,1.012321,0.181120
118.999000,-3.194027,-0.902610,-2.894650,-3.562530,0.042385,-3.075493,1.014303,0.180843
119.046000,-3.205457,-0.905501,-2.893013,-3.567702,0.045454,-3.075508,1.017614,0.182495
119.099000,-3.213041,-0.907431,-2.891782,-3.578051,0.044768,-3.074017,1.019763,0.182235
119.144000,-3.224412,-0.910344,-2.889751,-3.587379,0.044344,-3.072056,1.021359,0.182306
119.195000,-3.231992,-0.912300,-2.888353,-3.597336,0.043646,-3.070303,1.023382,0.181950
119.247000,-3.243362,-0.915256,-2.886235,-3.607320,0.045744,-3.068586,1.027612,0.182351
119.298000,-3.250912,-0.917233,-2.884688,-3.617246,0.045016,-3.066740,1.029623,0.182052
119.347000,-3.262233,-0.920222,-2.882205,-3.623013,0.044432,-3.066455,1.029912,0.184250
119.399000,-3.269777,-0.922230,-2.880537,-3.633132,0.043665,-3.064287,1.031980,0.183750
119.449000,-3.281086,-0.925267,-2.878036,-3.637796,0.046471,-3.064605,1.035141,0.186568
119.499000,-3.292387,-0.928332,-2.875526,-3.647525,0.045717,-3.062520,1.036770,0.186995
119.546000,-3.299886,-0.930383,-2.873614,-3.656353,0.047846,-3.059658,1.041153,0.186044
119.596000,-3.307379,-0.932448,-2.871604,-3.666036,0.047046,-3.057235,1.043093,0.185631
119.646000,-3.318611,-0.935575,-2.868589,-3.675257,0.048609,-3.055875,1.046812,0.187286
119.698000,-3.326094,-0.937678,-2.866579,-3.685324,0.047738,-3.053262,1.048852,0.186683
119.746000,-3.337295,-0.940857,-2.863477,-3.692047,0.053436,-3.052042,1.055683,0.188566
119.798000,-3.344737,-0.942991,-2.861264,-3.702072,0.052531,-3.049273,1.057710,0.188009
119.849000,-3.355840,-0.946208,-2.857703,-3.712784,0.051995,-3.046342,1.060103,0.188639
119.895000,-3.363148,-0.948353,-2.854182,-3.721501,0.051169,-3.043219,1.061820,0.189036
119.947000,-3.374097,-0.951627,-2.847865,-3.725564,0.052066,-3.042480,1.063452,0.194615
119.997000,-3.381363,-0.953843,-2.843299,-3.735013,0.051117,-3.037034,1.065370,0.193735
120.046000,-3.392255,-0.957234,-2.836164,-3.746979,0.050255,-3.031773,1.068112,0.195609
120.095000,-3.399500,-0.959538,-2.831261,-3.756234,0.049222,-3.025879,1.069979,0.194618
120.148000,-3.410345,-0.963060,-2.823892,-3.768656,0.047347,-3.018543,1.072059,0.194651
120.196000,-3.417579,-0.965458,-2.818901,-3.777730,0.046213,-3.012626,1.073866,0.193725
120.248000,-3.428449,-0.969139,-2.811281,-3.789369,0.042316,-3.004747,1.073921,0.193466
120.296000,-3.435738,-0.971658,-2.806502,-3.798535,0.041036,-2.998722,1.075719,0.192220
120.348000,-3.446679,-0.975510,-2.799758,-3.811864,0.038624,-2.991310,1.077881,0.191553
120.397000,-3.453984,-0.978127,-2.795426,-3.821259,0.037188,-2.985888,1.079701,0.190462
120.445000,-3.464939,-0.982118,-2.789056,-3.827198,0.035889,-2.981729,1.080541,0.192673
120.497000,-3.472247,-0.984824,-2.784945,-3.837195,0.034262,-2.976259,1.082461,0.191315
120.546000,-3.483208,-0.988945,-2.778949,-3.845991,0.035898,-2.971428,1.087159,0.192479
120.599000,-3.490431,-0.991704,-2.774370,-3.856094,0.034159,-2.965996,1.089084,0.191626
120.647000,-3.500451,-0.995604,-2.765723,-3.863597,0.032695,-2.960473,1.090539,0.194750
120.697000,-3.505614,-0.997662,-2.758480,-3.870480,0.031436,-2.952609,1.091865,0.194129
120.747000,-3.511137,-0.999925,-2.745216,-3.874273,0.031856,-2.945952,1.093819,0.200736
120.798000,-3.513322,-1.000852,-2.734773,-3.877305,0.031255,-2.933894,1.094408,0.199121
120.846000,-3.514379,-1.001314,-2.716709,-3.877482,0.032468,-2.924874,1.095695,0.208165
120.898000,-3.514381,-1.001315,-2.703066,-3.877518,0.032461,-2.908386,1.095701,0.205320
120.950000,-3.514381,-1.001315,-2.680201,-3.877391,0.032207,-2.894563,1.095420,0.214362
120.998000,-3.514381,-1.001315,-2.663358,-3.877391,0.032207,-2.875512,1.095420,0.212153
121.048000,-3.514381,-1.001315,-2.635694,-3.876822,0.031779,-2.858354,1.094827,0.222660
121.098000,-3.514381,-1.001315,-2.615651,-3.876822,0.031779,-2.834484,1.094827,0.218833
121.147000,-3.514381,-1.001315,-2.583187,-3.872726,0.033306,-2.816607,1.094921,0.233420
121.198000,-3.514381,-1.001315,-2.559944,-3.872726,0.033306,-2.788196,1.094921,0.228252
121.249000,-3.514381,-1.001315,-2.522679,-3.873639,0.032308,-2.762227,1.094278,0.239548
121.295000,-3.514381,-1.001315,-2.496237,-3.873639,0.032308,-2.732890,1.094278,0.236653
121.349000,-3.514381,-1.001315,-2.454172,-3.869577,0.034100,-2.702874,1.094645,0.248702
121.395000,-3.514381,-1.001315,-2.424529,-3.869577,0.034100,-2.669873,1.094645,0.245343
121.448000,-3.514381,-1.001315,-2.377681,-3.872041,0.034808,-2.632613,1.096117,0.254932
121.496000,-3.514381,-1.001315,-2.345681,-3.872041,0.034808,-2.594613,1.096117,0.248932
121.546000,-3.514438,-1.001379,-2.297784,-3.871050,0.034989,-2.559097,1.096006,0.261313
121.596000,-3.514922,-1.001942,-2.266611,-3.871791,0.034486,-2.519427,1.096148,0.252816
121.647000,-3.516396,-1.003797,-2.221271,-3.877889,0.034731,-2.476788,1.099645,0.255517
121.699000,-3.517952,-1.005942,-2.176170,-3.879652,0.033326,-2.437520,1.100411,0.261351
121.744000,-3.519290,-1.007941,-2.147467,-3.945822,-0.021933,-2.382207,1.074309,0.234740
121.798000,-3.520816,-1.010358,-2.119905,-3.948553,-0.024580,-2.343839,1.074578,0.223934
121.845000,-3.523294,-1.014610,-2.079317,-3.948892,-0.025598,-2.310536,1.076698,0.231218
121.898000,-3.525314,-1.018351,-2.053634,-3.952593,-0.029738,-2.275273,1.076998,0.221639
121.943000,-3.528790,-1.025298,-2.017444,-3.952631,-0.033700,-2.245955,1.078383,0.228510
121.943000,-3.532585,-1.033590,-1.983239,-3.952631,-0.033700,-2.245955,1.084537,0.262716
121.943000,-3.539499,-1.050988,-1.914925,-3.952631,-0.033700,-2.245955,1.097977,0.331030
121.943000,-3.545218,-1.068845,-1.846946,-3.952631,-0.033700,-2.245955,1.112434,0.399009
122.166000,-3.548571,-1.081729,-1.803963,-3.969046,-0.059227,-2.112625,1.105582,0.308662
122.408000,-3.553615,-1.107930,-1.717997,-3.986916,-0.099282,-1.977014,1.097780,0.259017
122.545000,-3.554923,-1.117852,-1.685760,-3.989692,-0.121821,-1.903783,1.086785,0.218024
122.597000,-3.555618,-1.124488,-1.664268,-3.992473,-0.130037,-1.875844,1.086175,0.211576
122.647000,-3.556391,-1.134467,-1.632031,-3.992551,-0.136522,-1.849365,1.089096,0.217334
122.699000,-3.556719,-1.140917,-1.611179,-3.994808,-0.144623,-1.821550,1.088358,0.210370
122.746000,-3.556978,-1.151022,-1.582654,-3.994590,-0.151498,-1.797386,1.091125,0.214732
122.797000,-3.556999,-1.158030,-1.565259,-3.996534,-0.160211,-1.773968,1.090336,0.208709
122.849000,-3.556811,-1.168672,-1.541517,-3.995366,-0.167775,-1.747285,1.092760,0.205768
122.899000,-3.556548,-1.175887,-1.527322,-3.996900,-0.176668,-1.728336,1.091947,0.201015
122.947000,-3.555966,-1.186825,-1.508445,-4.000263,-0.188096,-1.706870,1.093096,0.198426
122.997000,-3.555466,-1.194178,-1.497449,-4.001466,-0.197229,-1.691950,1.092165,0.194501
123.047000,-3.554568,-1.205285,-1.483308,-4.003424,-0.207737,-1.673915,1.093880,0.190607
123.097000,-3.553884,-1.212709,-1.474616,-4.004354,-0.217010,-1.662692,1.092859,0.188076
123.148000,-3.552738,-1.223834,-1.461579,-4.005901,-0.227433,-1.647247,1.094611,0.185668
123.197000,-3.551893,-1.231242,-1.452887,-4.006576,-0.236542,-1.636600,1.093694,0.183712
123.249000,-3.550495,-1.242429,-1.440650,-4.005896,-0.244507,-1.624405,1.096922,0.183755
123.249000,-3.548940,-1.253879,-1.431357,-4.005896,-0.244507,-1.624405,1.107989,0.193049
123.249000,-3.548940,-1.253879,-1.431357,-4.005896,-0.244507,-1.624405,1.107989,0.193049
123.303000,-3.547845,-1.261539,-1.426457,-4.006370,-0.254928,-1.614298,1.106125,0.187840
123.498000,-3.543708,-1.288495,-1.412421,-4.005913,-0.291765,-1.584163,1.098682,0.171742
123.549000,-3.541831,-1.300170,-1.410559,-4.006324,-0.302684,-1.579758,1.100333,0.169199
123.599000,-3.540567,-1.307968,-1.409784,-4.006408,-0.312558,-1.578614,1.099022,0.168830
123.648000,-3.538660,-1.319672,-1.408743,-4.006407,-0.325439,-1.574963,1.098766,0.166220
123.695000,-3.537379,-1.327488,-1.408134,-4.006443,-0.334746,-1.574180,1.097979,0.166046
123.747000,-3.535449,-1.339219,-1.407316,-4.006809,-0.346425,-1.573592,1.099009,0.166276
123.797000,-3.534157,-1.347040,-1.406788,-4.006835,-0.356333,-1.572924,1.097690,0.166136
123.849000,-3.532211,-1.358769,-1.405997,-4.006243,-0.366142,-1.572460,1.100007,0.166463
123.898000,-3.530907,-1.366596,-1.405508,-4.006257,-0.375862,-1.571827,1.098868,0.166318
123.947000,-3.528944,-1.378340,-1.404832,-4.004922,-0.383740,-1.571132,1.102626,0.166301
123.997000,-3.527629,-1.386183,-1.404447,-4.004924,-0.393680,-1.570595,1.101305,0.166148
124.044000,-3.525650,-1.397951,-1.403948,-4.004411,-0.401801,-1.569756,1.105227,0.165808
124.044000,-3.523663,-1.409732,-1.403533,-4.004411,-0.401801,-1.569756,1.116710,0.166223
124.104000,-3.523000,-1.413659,-1.403408,-4.004395,-0.413749,-1.569283,1.109757,0.165875
124.195000,-3.521007,-1.425441,-1.403046,-4.004979,-0.430027,-1.568005,1.106832,0.164958
124.249000,-3.519010,-1.437223,-1.402696,-4.004158,-0.439566,-1.566716,1.109365,0.164020
124.299000,-3.517676,-1.445079,-1.402467,-4.004117,-0.449526,-1.566427,1.108039,0.163960
124.347000,-3.515671,-1.456865,-1.402134,-4.003287,-0.459398,-1.565529,1.110274,0.163395
124.398000,-3.514328,-1.464744,-1.401997,-4.003232,-0.469588,-1.565280,1.108766,0.163283
124.446000,-3.512313,-1.476564,-1.401797,-4.002984,-0.479672,-1.565251,1.111105,0.163454
124.498000,-3.510968,-1.484446,-1.401710,-4.002926,-0.490066,-1.565091,1.109421,0.163381
124.547000,-3.508948,-1.496274,-1.401666,-4.003042,-0.501904,-1.566093,1.110360,0.164427
124.597000,-3.507602,-1.504154,-1.401636,-4.002995,-0.511897,-1.566063,1.109048,0.164427
124.648000,-3.505583,-1.515974,-1.401579,-4.002785,-0.522741,-1.566451,1.110730,0.164872
124.697000,-3.504237,-1.523854,-1.401540,-4.002742,-0.532534,-1.566404,1.109605,0.164864
124.749000,-3.502216,-1.535675,-1.401485,-4.002780,-0.543993,-1.566099,1.110854,0.164613
124.797000,-3.500869,-1.543557,-1.401454,-4.002735,-0.553588,-1.566057,1.109913,0.164603
124.846000,-3.498847,-1.555380,-1.401414,-4.002010,-0.563030,-1.565490,1.112623,0.164076
124.898000,-3.497499,-1.563260,-1.401421,-4.001954,-0.573423,-1.565467,1.110969,0.164046
124.949000,-3.495479,-1.575079,-1.401470,-4.001137,-0.583544,-1.564528,1.113028,0.163058
124.997000,-3.494132,-1.582958,-1.401505,-4.001077,-0.593136,-1.564570,1.112089,0.163065
125.046000,-3.492112,-1.594777,-1.401557,-4.000600,-0.602854,-1.564391,1.114662,0.162834
125.096000,-3.490766,-1.602656,-1.401592,-4.000536,-0.612846,-1.564435,1.113369,0.162843
125.149000,-3.488750,-1.614456,-1.401733,-4.000450,-0.624655,-1.565308,1.114245,0.163574
125.198000,-3.487408,-1.622322,-1.401873,-4.000397,-0.634429,-1.565460,1.113143,0.163586
125.249000,-3.485397,-1.634120,-1.402089,-4.000350,-0.644676,-1.566143,1.115427,0.164054
125.298000,-3.484058,-1.641989,-1.402224,-4.000305,-0.654453,-1.566317,1.114333,0.164093
125.349000,-3.482050,-1.653792,-1.402416,-3.999999,-0.663891,-1.565942,1.117218,0.163526
125.399000,-3.480714,-1.661658,-1.402556,-3.999951,-0.673863,-1.566105,1.115950,0.163549
125.448000,-3.478711,-1.673456,-1.402780,-3.999319,-0.681949,-1.565021,1.119875,0.162242
125.497000,-3.477379,-1.681312,-1.402969,-3.999263,-0.691709,-1.565218,1.118783,0.162249
125.544000,-3.475385,-1.693095,-1.403290,-3.999009,-0.701147,-1.564591,1.121671,0.161301
125.598000,-3.474057,-1.700952,-1.403509,-3.998943,-0.711903,-1.564885,1.119698,0.161375
125.646000,-3.472069,-1.712737,-1.403838,-3.999275,-0.725477,-1.566935,1.119210,0.163097
125.694000,-3.470746,-1.720595,-1.404057,-3.999239,-0.735038,-1.567198,1.118314,0.163141
125.744000,-3.468765,-1.732377,-1.404398,-3.997316,-0.745745,-1.567982,1.119290,0.163584
125.798000,-3.467447,-1.740230,-1.404634,-3.997287,-0.756494,-1.568297,1.117347,0.163663
125.849000,-3.465473,-1.752015,-1.404972,-3.996542,-0.764823,-1.568168,1.120974,0.163196
125.896000,-3.464160,-1.759862,-1.405236,-3.996518,-0.774172,-1.568440,1.120264,0.163204
125.948000,-3.462196,-1.771636,-1.405668,-3.997099,-0.783191,-1.567730,1.123897,0.162062
125.998000,-3.460888,-1.779487,-1.405955,-3.997070,-0.793140,-1.568092,1.122662,0.162137
126.045000,-3.458931,-1.791266,-1.406373,-3.997408,-0.800826,-1.567891,1.127355,0.161518
126.097000,-3.457629,-1.799122,-1.406640,-3.997378,-0.811177,-1.568247,1.125773,0.161608
126.148000,-3.455679,-1.810908,-1.407022,-3.997990,-0.823058,-1.569811,1.126920,0.162788
126.196000,-3.454379,-1.818778,-1.407228,-3.997981,-0.832630,-1.570101,1.126052,0.162873
126.247000,-3.452432,-1.830586,-1.407482,-3.997152,-0.843056,-1.570500,1.127801,0.163018
126.300000,-3.450489,-1.842387,-1.407748,-3.997150,-0.853620,-1.570721,1.129821,0.162973
126.347000,-3.449196,-1.850255,-1.407931,-3.996600,-0.861981,-1.570371,1.129750,0.162440
126.399000,-3.447905,-1.858117,-1.408137,-3.996596,-0.872339,-1.570617,1.128193,0.162480
126.446000,-3.445971,-1.869911,-1.408466,-3.996437,-0.879892,-1.570034,1.132762,0.161568
126.498000,-3.444685,-1.877771,-1.408701,-3.996430,-0.890246,-1.570325,1.131206,0.161624
126.549000,-3.442759,-1.889562,-1.409064,-3.996282,-0.901300,-1.570647,1.132718,0.161583
126.598000,-3.441477,-1.897423,-1.409305,-3.996281,-0.911057,-1.570943,1.131692,0.161637
126.649000,-3.439558,-1.909218,-1.409661,-3.995256,-0.923017,-1.571989,1.131986,0.162328
126.649000,-3.437642,-1.921014,-1.410011,-3.995256,-0.923017,-1.571989,1.143211,0.161978
126.649000,-3.437642,-1.921014,-1.410011,-3.995256,-0.923017,-1.571989,1.143211,0.161978
126.703000,-3.436368,-1.928879,-1.410245,-3.995271,-0.933773,-1.572306,1.141319,0.162061
126.899000,-3.431921,-1.956409,-1.411049,-3.995518,-0.972071,-1.573510,1.134268,0.162461
126.946000,-3.430021,-1.968214,-1.411359,-3.995427,-0.980352,-1.573637,1.138225,0.162278
126.999000,-3.428124,-1.980020,-1.411660,-3.995458,-0.990914,-1.573907,1.140262,0.162247
127.045000,-3.426862,-1.987892,-1.411854,-3.996617,-1.000476,-1.574280,1.140004,0.162425
127.095000,-3.425599,-1.995776,-1.412002,-3.996652,-1.010457,-1.574508,1.138840,0.162506
127.148000,-3.423705,-2.007605,-1.412171,-3.996787,-1.021800,-1.575207,1.140278,0.163035
127.195000,-3.422443,-2.015495,-1.412256,-3.996829,-1.031189,-1.575327,1.139639,0.163071
127.246000,-3.420552,-2.027332,-1.412374,-3.996602,-1.040901,-1.575542,1.142313,0.163168
127.297000,-3.419291,-2.035223,-1.412449,-3.996650,-1.051089,-1.575641,1.140992,0.163192
127.346000,-3.417402,-2.047060,-1.412550,-3.995534,-1.060712,-1.575483,1.143292,0.162933
127.399000,-3.416143,-2.054951,-1.412618,-3.995583,-1.071300,-1.575572,1.141630,0.162955
127.447000,-3.414255,-2.066788,-1.412718,-3.996662,-1.082331,-1.575554,1.143833,0.162836
127.496000,-3.412998,-2.074680,-1.412785,-3.996709,-1.092120,-1.575637,1.142866,0.162852
127.545000,-3.411112,-2.086518,-1.412874,-3.996785,-1.102187,-1.575647,1.145392,0.162773
127.596000,-3.409855,-2.094412,-1.412928,-3.996834,-1.112377,-1.575720,1.144088,0.162792
127.648000,-3.407970,-2.106253,-1.413001,-3.997488,-1.123656,-1.575737,1.145874,0.162736
127.698000,-3.406713,-2.114153,-1.413025,-3.997538,-1.133655,-1.575788,1.144749,0.162763
127.745000,-3.404828,-2.126004,-1.413036,-3.998938,-1.143361,-1.575958,1.148282,0.162922
127.799000,-3.403573,-2.133891,-1.412990,-3.998994,-1.154145,-1.575946,1.146486,0.162956
127.849000,-3.401690,-2.145721,-1.412865,-3.998958,-1.163478,-1.575534,1.149579,0.162669
127.899000,-3.400433,-2.153609,-1.412776,-3.999005,-1.173462,-1.575424,1.148467,0.162648
127.946000,-3.398547,-2.165441,-1.412648,-3.998446,-1.180839,-1.574950,1.152962,0.162303
127.998000,-3.397289,-2.173330,-1.412563,-3.998489,-1.191223,-1.574840,1.151510,0.162277
128.048000,-3.395400,-2.185164,-1.412443,-3.996905,-1.201377,-1.574720,1.153103,0.162277
128.100000,-3.393510,-2.196999,-1.412464,-3.996945,-1.211764,-1.574647,1.155345,0.162183
128.150000,-3.392250,-2.204889,-1.412521,-3.997146,-1.223563,-1.575110,1.152779,0.162589
128.199000,-3.390361,-2.216729,-1.412598,-3.997189,-1.233355,-1.575178,1.155537,0.162580
128.250000,-3.389102,-2.224624,-1.412641,-3.997270,-1.244115,-1.575671,1.153806,0.163030
128.298000,-3.387842,-2.232521,-1.412672,-3.997317,-1.253711,-1.575718,1.153052,0.163047
128.345000,-3.385953,-2.244368,-1.412712,-3.997796,-1.262784,-1.575531,1.156658,0.162818
128.396000,-3.384694,-2.252266,-1.412738,-3.997845,-1.272981,-1.575565,1.155401,0.162827
128.447000,-3.382806,-2.264113,-1.412740,-3.997801,-1.280622,-1.575447,1.159945,0.162707
128.497000,-3.381547,-2.272012,-1.412733,-3.997847,-1.290620,-1.575442,1.158860,0.162709
128.546000,-3.379659,-2.283860,-1.412718,-3.998418,-1.299290,-1.575071,1.162859,0.162353
128.598000,-3.378400,-2.291756,-1.412696,-3.998463,-1.309684,-1.575054,1.161440,0.162359
128.647000,-3.376512,-2.303598,-1.412646,-3.997734,-1.320396,-1.575203,1.163015,0.162557
128.699000,-3.374622,-2.315447,-1.412624,-3.997780,-1.330794,-1.575164,1.165275,0.162540
128.748000,-3.373362,-2.323346,-1.412613,-3.997595,-1.343306,-1.575976,1.161958,0.163363
128.796000,-3.372102,-2.331246,-1.412605,-3.997645,-1.352905,-1.575964,1.161230,0.163359
128.849000,-3.370212,-2.343093,-1.412590,-3.997484,-1.363175,-1.576003,1.163491,0.163414
128.896000,-3.368951,-2.350992,-1.412580,-3.997533,-1.372574,-1.575990,1.162935,0.163410
128.948000,-3.367061,-2.362841,-1.412568,-3.997529,-1.382840,-1.575871,1.165286,0.163302
128.997000,-3.365800,-2.370740,-1.412562,-3.997579,-1.392639,-1.575861,1.164399,0.163299
129.048000,-3.363910,-2.382589,-1.412552,-3.996665,-1.401805,-1.575449,1.167183,0.162897
129.096000,-3.362650,-2.390480,-1.412580,-3.996709,-1.411394,-1.575451,1.166464,0.162871
129.147000,-3.360762,-2.402317,-1.412659,-3.998476,-1.420049,-1.575473,1.171123,0.162814
129.198000,-3.359504,-2.410210,-1.412664,-3.998524,-1.430239,-1.575527,1.169910,0.162863
129.249000,-3.357616,-2.422048,-1.412607,-3.997890,-1.442185,-1.576587,1.170505,0.163981
129.298000,-3.355726,-2.433888,-1.412534,-3.997947,-1.451976,-1.576533,1.173285,0.163998
129.348000,-3.354467,-2.441781,-1.412486,-3.999006,-1.462475,-1.577283,1.172379,0.164797
129.399000,-3.353207,-2.449668,-1.412421,-3.999073,-1.472659,-1.577217,1.171192,0.164797
129.446000,-3.351319,-2.461487,-1.412239,-3.999885,-1.482764,-1.576886,1.174111,0.164647
129.496000,-3.350059,-2.469360,-1.412080,-3.999945,-1.492731,-1.576717,1.173097,0.164637
129.545000,-3.348167,-2.481170,-1.411818,-4.000380,-1.501392,-1.575824,1.177007,0.164006
129.598000,-3.346904,-2.489042,-1.411643,-4.000432,-1.511957,-1.575593,1.175498,0.163950
129.649000,-3.345007,-2.500852,-1.411372,-3.998630,-1.521464,-1.574896,1.177465,0.163523
129.698000,-3.343738,-2.508743,-1.411257,-3.998669,-1.531256,-1.574694,1.176612,0.163437
129.746000,-3.341832,-2.520584,-1.411166,-3.999211,-1.538837,-1.573927,1.181513,0.162760
129.799000,-3.340561,-2.528475,-1.411118,-3.999244,-1.549429,-1.573857,1.179998,0.162740
129.847000,-3.338654,-2.540313,-1.411044,-3.999653,-1.558570,-1.573331,1.183528,0.162286
129.898000,-3.337383,-2.548204,-1.410988,-3.999679,-1.568760,-1.573266,1.182348,0.162278
129.948000,-3.335474,-2.560039,-1.410896,-4.000346,-1.580250,-1.573569,1.184078,0.162673
129.999000,-3.334202,-2.567929,-1.410834,-4.000374,-1.590440,-1.573490,1.182908,0.162656
130.049000,-3.332292,-2.579764,-1.410742,-3.999097,-1.603079,-1.573822,1.182600,0.163081
130.100000,-3.330381,-2.591595,-1.410637,-3.999127,-1.613269,-1.573743,1.185050,0.163106
130.146000,-3.329106,-2.599489,-1.410576,-3.998543,-1.622580,-1.573759,1.184271,0.163183
130.198000,-3.327830,-2.607383,-1.410570,-3.998572,-1.632974,-1.573698,1.182948,0.163129
130.246000,-3.325917,-2.619222,-1.410611,-3.998057,-1.641326,-1.573562,1.186614,0.162951
130.299000,-3.324643,-2.627108,-1.410686,-3.998085,-1.651911,-1.573615,1.185131,0.162929
130.346000,-3.322734,-2.638937,-1.410849,-3.997651,-1.659852,-1.573373,1.189168,0.162524
130.396000,-3.321463,-2.646816,-1.411007,-3.997677,-1.669828,-1.573526,1.188179,0.162519
130.449000,-3.319560,-2.658634,-1.411293,-3.998562,-1.681586,-1.573755,1.189818,0.162461
130.497000,-3.318293,-2.666513,-1.411488,-3.998591,-1.691162,-1.573988,1.189165,0.162500
130.545000,-3.316396,-2.678332,-1.411780,-3.998325,-1.702881,-1.574816,1.190181,0.163036
130.597000,-3.315133,-2.686212,-1.411975,-3.998367,-1.713255,-1.575070,1.188887,0.163095
130.648000,-3.313239,-2.698047,-1.412180,-3.997289,-1.722919,-1.575414,1.191134,0.163234
130.696000,-3.311977,-2.705941,-1.412285,-3.997334,-1.732511,-1.575551,1.190495,0.163266
130.748000,-3.310086,-2.717777,-1.412461,-3.996765,-1.741807,-1.575378,1.193334,0.162917
130.794000,-3.308831,-2.725642,-1.412792,-3.996805,-1.750966,-1.575582,1.193022,0.162790
130.849000,-3.306955,-2.737439,-1.413361,-3.997615,-1.760434,-1.575337,1.196474,0.161976
130.899000,-3.305708,-2.745304,-1.413758,-3.997661,-1.770388,-1.575815,1.195517,0.162058
130.949000,-3.303840,-2.757121,-1.414342,-3.998642,-1.780611,-1.575811,1.198466,0.161469
130.996000,-3.302596,-2.765017,-1.414579,-3.998692,-1.790004,-1.576214,1.197999,0.161635
131.048000,-3.300731,-2.776866,-1.414754,-3.999737,-1.801123,-1.576862,1.200285,0.162108
131.097000,-3.299491,-2.784748,-1.414635,-3.999800,-1.810898,-1.576922,1.199507,0.162287
131.147000,-3.297627,-2.796568,-1.414136,-3.999176,-1.821249,-1.577924,1.201423,0.163788
131.199000,-3.296379,-2.804458,-1.413831,-3.999248,-1.831633,-1.577473,1.200172,0.163642
131.249000,-3.294504,-2.816295,-1.413471,-3.998603,-1.841766,-1.577777,1.202274,0.164306
131.296000,-3.293251,-2.824188,-1.413445,-3.998665,-1.851156,-1.577565,1.201832,0.164119
131.348000,-3.291376,-2.836014,-1.413526,-3.998299,-1.862666,-1.577695,1.202974,0.164169
131.398000,-3.290126,-2.843894,-1.413546,-3.998368,-1.872639,-1.577728,1.202058,0.164182
131.448000,-3.288252,-2.855716,-1.413516,-3.998538,-1.881575,-1.577539,1.205594,0.164022
131.496000,-3.287001,-2.863597,-1.413429,-3.998603,-1.891151,-1.577474,1.205002,0.164045
131.548000,-3.285124,-2.875419,-1.413269,-4.000230,-1.901420,-1.577291,1.208325,0.164022
131.599000,-3.283874,-2.883290,-1.413124,-4.000296,-1.911582,-1.577141,1.207261,0.164017
131.647000,-3.281995,-2.895094,-1.412864,-4.001685,-1.920068,-1.576376,1.211870,0.163512
131.695000,-3.280742,-2.902956,-1.412658,-4.001738,-1.929621,-1.576156,1.211287,0.163498
131.745000,-3.278860,-2.914749,-1.412337,-4.001603,-1.939558,-1.575955,1.213818,0.163618
131.799000,-3.276973,-2.926542,-1.412008,-4.001658,-1.950306,-1.575666,1.215814,0.163658
131.848000,-3.275713,-2.934406,-1.411782,-4.001346,-1.961230,-1.575656,1.213925,0.163874
131.897000,-3.274451,-2.942271,-1.411559,-4.001393,-1.970988,-1.575380,1.213192,0.163821
131.948000,-3.272554,-2.954070,-1.411231,-4.000337,-1.983332,-1.575803,1.213260,0.164573
131.999000,-3.271286,-2.961942,-1.411034,-4.000387,-1.993498,-1.575532,1.212218,0.164498
132.048000,-3.269382,-2.973752,-1.410763,-4.001308,-2.003229,-1.575323,1.215578,0.164560
132.098000,-3.268111,-2.981617,-1.410566,-4.001353,-2.013189,-1.575094,1.214700,0.164527
132.149000,-3.266203,-2.993415,-1.410270,-4.001513,-2.022531,-1.574449,1.217906,0.164179
132.196000,-3.264929,-3.001280,-1.410064,-4.001547,-2.031894,-1.574215,1.217504,0.164151
132.249000,-3.263013,-3.013081,-1.409750,-4.001865,-2.041331,-1.573343,1.220737,0.163594
132.297000,-3.261735,-3.020948,-1.409541,-4.001889,-2.050896,-1.573093,1.220176,0.163552
132.346000,-3.259813,-3.032749,-1.409232,-4.002481,-2.060010,-1.572179,1.223837,0.162948
132.396000,-3.258530,-3.040616,-1.409030,-4.002494,-2.069974,-1.571924,1.222959,0.162895
132.447000,-3.256603,-3.052416,-1.408727,-4.001913,-2.079771,-1.571360,1.225367,0.162633
132.497000,-3.255316,-3.060282,-1.408525,-4.001918,-2.089735,-1.571107,1.224490,0.162583
132.549000,-3.253382,-3.072081,-1.408222,-4.001873,-2.100886,-1.571270,1.226156,0.163048
132.599000,-3.252091,-3.079947,-1.408021,-4.001877,-2.110850,-1.571018,1.225287,0.162997
132.647000,-3.250151,-3.091750,-1.407734,-4.000040,-2.120065,-1.571174,1.227398,0.163441
132.695000,-3.248852,-3.099641,-1.407638,-4.000042,-2.129662,-1.570974,1.226844,0.163336
132.745000,-3.246903,-3.111480,-1.407584,-4.000792,-2.140133,-1.570817,1.229578,0.163233
132.798000,-3.244954,-3.123310,-1.407526,-4.000793,-2.150725,-1.570777,1.231752,0.163251
132.845000,-3.243655,-3.131196,-1.407479,-4.000476,-2.160051,-1.570481,1.231219,0.163002
132.845000,-3.241704,-3.143032,-1.407429,-4.000476,-2.160051,-1.570481,1.241767,0.163051
132.900000,-3.241704,-3.143032,-1.407429,-4.000472,-2.171046,-1.570420,1.233079,0.162991
132.997000,-3.239103,-3.158813,-1.407369,-4.001242,-2.188800,-1.570271,1.233605,0.162902
133.047000,-3.237151,-3.170649,-1.407324,-4.000993,-2.199237,-1.569803,1.235757,0.162480
133.095000,-3.235849,-3.178540,-1.407297,-4.000983,-2.208834,-1.569768,1.235217,0.162471
133.146000,-3.233896,-3.190376,-1.407258,-4.000619,-2.220477,-1.569968,1.236352,0.162710
133.196000,-3.232594,-3.198266,-1.407233,-4.000610,-2.230473,-1.569935,1.235505,0.162702
133.246000,-3.230640,-3.210103,-1.407209,-4.000658,-2.240198,-1.570067,1.238404,0.162858
133.295000,-3.229338,-3.217994,-1.407193,-4.000651,-2.249995,-1.570048,1.237719,0.162856
133.346000,-3.227384,-3.229830,-1.407167,-4.001748,-2.259773,-1.570271,1.241230,0.163104
133.396000,-3.226082,-3.237711,-1.407114,-4.001743,-2.269758,-1.570240,1.240396,0.163126
133.447000,-3.224129,-3.249531,-1.406990,-4.002211,-2.279416,-1.570292,1.243597,0.163302
133.499000,-3.222827,-3.257406,-1.406884,-4.002206,-2.289793,-1.570174,1.242459,0.163290
133.546000,-3.220872,-3.269219,-1.406708,-4.002140,-2.298567,-1.570227,1.246012,0.163519
133.597000,-3.219568,-3.277095,-1.406590,-4.002134,-2.308745,-1.570076,1.245035,0.163487
133.649000,-3.217609,-3.288909,-1.406416,-4.002105,-2.319676,-1.569953,1.246935,0.163538
133.695000,-3.216302,-3.296785,-1.406300,-4.002097,-2.328858,-1.569820,1.246739,0.163520
133.748000,-3.214340,-3.308599,-1.406127,-4.001851,-2.339713,-1.569818,1.248565,0.163691
133.796000,-3.213031,-3.316475,-1.406011,-4.001842,-2.349294,-1.569679,1.248063,0.163668
133.848000,-3.211065,-3.328293,-1.405856,-4.001713,-2.358947,-1.569432,1.250902,0.163576
133.896000,-3.209753,-3.336174,-1.405776,-4.001700,-2.368535,-1.569320,1.250402,0.163544
133.948000,-3.207783,-3.347998,-1.405670,-4.001197,-2.378740,-1.568821,1.252585,0.163151
133.998000,-3.206469,-3.355880,-1.405600,-4.001178,-2.388728,-1.568733,1.251776,0.163133
134.046000,-3.204497,-3.367703,-1.405494,-4.002221,-2.398656,-1.568353,1.255156,0.162859
134.099000,-3.203182,-3.375585,-1.405425,-4.002195,-2.409244,-1.568260,1.253889,0.162835
134.146000,-3.201208,-3.387409,-1.405330,-4.000704,-2.419280,-1.568317,1.255574,0.162988
134.197000,-3.199891,-3.395294,-1.405315,-4.000678,-2.429474,-1.568253,1.254619,0.162938
134.245000,-3.197916,-3.407122,-1.405348,-3.999834,-2.439636,-1.568440,1.256623,0.163093
134.245000,-3.195943,-3.418941,-1.405426,-3.999834,-2.439636,-1.568440,1.266996,0.163014
134.245000,-3.195943,-3.418941,-1.405426,-3.999834,-2.439636,-1.568440,1.266996,0.163014
134.304000,-3.194629,-3.426819,-1.405478,-3.999807,-2.451418,-1.568491,1.264800,0.163012
134.499000,-3.190028,-3.454410,-1.405657,-3.999825,-2.489022,-1.568151,1.260057,0.162494
134.549000,-3.188059,-3.466226,-1.405746,-4.000132,-2.498647,-1.567842,1.263199,0.162095
134.597000,-3.186747,-3.474104,-1.405806,-4.000104,-2.508230,-1.567914,1.262719,0.162107
134.645000,-3.184780,-3.485921,-1.405897,-4.000609,-2.518388,-1.567694,1.265581,0.161796
134.696000,-3.183470,-3.493799,-1.405971,-4.000577,-2.528570,-1.567776,1.264646,0.161805
134.747000,-3.181505,-3.505616,-1.406084,-3.999695,-2.540561,-1.568178,1.265215,0.162094
134.798000,-3.180196,-3.513494,-1.406175,-3.999669,-2.550742,-1.568280,1.264289,0.162105
134.845000,-3.178233,-3.525310,-1.406323,-3.999379,-2.561632,-1.568701,1.266079,0.162379
134.894000,-3.176926,-3.533188,-1.406422,-3.999359,-2.571414,-1.568823,1.265466,0.162401
134.949000,-3.174967,-3.545004,-1.406575,-3.999828,-2.581473,-1.568747,1.268379,0.162171
134.998000,-3.173662,-3.552882,-1.406679,-3.999808,-2.591255,-1.568874,1.267771,0.162195
135.049000,-3.171706,-3.564699,-1.406834,-3.999769,-2.598914,-1.568796,1.272175,0.161962
135.098000,-3.169752,-3.576517,-1.406987,-3.999750,-2.608696,-1.568922,1.274980,0.161936
135.145000,-3.168449,-3.584399,-1.407072,-3.999666,-2.617222,-1.568869,1.275286,0.161797
135.198000,-3.167148,-3.592281,-1.407155,-3.999646,-2.627806,-1.568981,1.274074,0.161826
135.249000,-3.165196,-3.604103,-1.407277,-3.999159,-2.638024,-1.569569,1.276245,0.162292
135.299000,-3.163896,-3.611984,-1.407363,-3.999146,-2.648008,-1.569672,1.275497,0.162309
135.347000,-3.161948,-3.623804,-1.407492,-3.999395,-2.658819,-1.569998,1.277699,0.162506
135.398000,-3.160650,-3.631684,-1.407578,-3.999387,-2.669001,-1.570107,1.276808,0.162530
135.447000,-3.158704,-3.643505,-1.407707,-3.999020,-2.680578,-1.570484,1.278030,0.162777
135.499000,-3.157407,-3.651388,-1.407788,-3.999017,-2.690964,-1.570595,1.276998,0.162806
135.546000,-3.155463,-3.663215,-1.407898,-3.999673,-2.700868,-1.570807,1.280157,0.162909
135.598000,-3.153518,-3.675052,-1.407960,-3.999674,-2.711264,-1.570892,1.282524,0.162932
135.646000,-3.152221,-3.682943,-1.407991,-3.999539,-2.719491,-1.570763,1.283038,0.162772
135.697000,-3.150925,-3.690835,-1.408021,-3.999539,-2.729688,-1.570802,1.282166,0.162781
135.745000,-3.148981,-3.702672,-1.408067,-3.986935,-2.737819,-1.574554,1.277930,0.166487
135.797000,-3.147686,-3.710564,-1.408096,-3.986974,-2.748216,-1.574594,1.276917,0.166498
135.848000,-3.145769,-3.722260,-1.408719,-3.980551,-2.751421,-1.575875,1.280387,0.167156
135.898000,-3.144506,-3.730005,-1.409524,-3.980599,-2.761232,-1.576590,1.279677,0.167066
135.948000,-3.142624,-3.741627,-1.410981,-3.977275,-2.769778,-1.577282,1.281067,0.166301
135.996000,-3.141383,-3.749350,-1.412089,-3.977337,-2.779165,-1.578507,1.280656,0.166417
136.047000,-3.139537,-3.760946,-1.413831,-3.974755,-2.787765,-1.579872,1.282447,0.166041
136.047000,-3.137717,-3.772518,-1.415656,-3.974755,-2.787765,-1.579872,1.292429,0.164216
136.101000,-3.137717,-3.772518,-1.415656,-3.974859,-2.798303,-1.581463,1.284484,0.165807
136.196000,-3.135322,-3.787951,-1.418090,-3.974984,-2.816676,-1.584234,1.283903,0.166144
136.248000,-3.133551,-3.799532,-1.419925,-3.967893,-2.824995,-1.585895,1.282906,0.165970
136.298000,-3.132387,-3.807221,-1.421304,-3.968041,-2.834716,-1.587479,1.282218,0.166174
136.347000,-3.130661,-3.818768,-1.423477,-3.964649,-2.845009,-1.588781,1.282086,0.165304
136.399000,-3.128959,-3.830325,-1.425650,-3.964835,-2.855131,-1.590667,1.284404,0.165017
136.449000,-3.127839,-3.838027,-1.427111,-3.968709,-2.859767,-1.590887,1.289983,0.163777
136.496000,-3.126727,-3.845750,-1.428537,-3.968898,-2.868933,-1.592598,1.289737,0.164061
136.547000,-3.125077,-3.857355,-1.430513,-3.970377,-2.875515,-1.592986,1.295586,0.162473
136.596000,-3.123987,-3.865109,-1.431734,-3.970594,-2.885104,-1.594554,1.295050,0.162821
136.644000,-3.122367,-3.876754,-1.433460,-3.968554,-2.895095,-1.595644,1.296028,0.162184
136.695000,-3.121298,-3.884521,-1.434599,-3.968806,-2.905087,-1.597099,1.295207,0.162500
136.746000,-3.119712,-3.896167,-1.436317,-3.960980,-2.915406,-1.600285,1.292140,0.163968
136.746000,-3.118158,-3.907738,-1.438334,-3.960980,-2.915406,-1.600285,1.301949,0.161951
136.800000,-3.117646,-3.911596,-1.439038,-3.961296,-2.925901,-1.601896,1.297436,0.162859
136.899000,-3.116124,-3.923172,-1.441149,-3.962889,-2.941295,-1.604816,1.296569,0.163666
136.945000,-3.114622,-3.934783,-1.443198,-3.964518,-2.942607,-1.606108,1.306421,0.162910
136.999000,-3.113630,-3.942557,-1.444407,-3.964897,-2.953178,-1.607877,1.305193,0.163469
137.047000,-3.112156,-3.954237,-1.446053,-3.958838,-2.959716,-1.609924,1.306117,0.163872
137.095000,-3.111189,-3.961981,-1.447251,-3.959206,-2.969074,-1.611249,1.305755,0.163997
137.149000,-3.109756,-3.973611,-1.449143,-3.962744,-2.971399,-1.612468,1.316061,0.163325
137.197000,-3.108808,-3.981401,-1.450294,-3.963141,-2.980808,-1.613950,1.315702,0.163655
137.245000,-3.107401,-3.993105,-1.451850,-3.966055,-2.985346,-1.614572,1.323958,0.162723
137.298000,-3.106472,-4.000910,-1.452866,-3.966514,-2.995751,-1.615924,1.322883,0.163058
137.347000,-3.105093,-4.012621,-1.454390,-3.964238,-3.005791,-1.617450,1.323569,0.163060
137.397000,-3.104184,-4.020428,-1.455407,-3.964699,-3.015606,-1.618721,1.322934,0.163314
137.448000,-3.102830,-4.032185,-1.456713,-3.963845,-3.021617,-1.619421,1.327627,0.162708
137.499000,-3.101489,-4.043949,-1.457836,-3.964337,-3.031668,-1.620432,1.330121,0.162597
137.547000,-3.100601,-4.051802,-1.458539,-3.963880,-3.037933,-1.621765,1.331609,0.163226
137.598000,-3.099718,-4.059655,-1.459219,-3.964396,-3.047996,-1.622654,1.330835,0.163436
137.647000,-3.098403,-4.071445,-1.460203,-3.963613,-3.055857,-1.623978,1.334169,0.163775
137.696000,-3.097533,-4.079305,-1.460859,-3.964130,-3.065531,-1.624781,1.333690,0.163922
137.747000,-3.096236,-4.091105,-1.461795,-3.965441,-3.070651,-1.625698,1.340464,0.163903
137.795000,-3.095377,-4.098975,-1.462406,-3.965964,-3.080137,-1.626432,1.340132,0.164026
137.849000,-3.094096,-4.110797,-1.463259,-3.967708,-3.087144,-1.627512,1.345758,0.164253
137.898000,-3.093243,-4.118714,-1.463641,-3.968265,-3.096882,-1.628127,1.345289,0.164486
137.945000,-3.091967,-4.130604,-1.464026,-3.967242,-3.103665,-1.629039,1.349337,0.165013
137.998000,-3.091118,-4.138526,-1.464250,-3.967857,-3.114204,-1.629349,1.348297,0.165099
138.048000,-3.089848,-4.150419,-1.464550,-3.968616,-3.119150,-1.630150,1.354898,0.165600
138.098000,-3.089002,-4.158357,-1.464708,-3.969209,-3.129111,-1.630381,1.354294,0.165672
138.146000,-3.087736,-4.170265,-1.464943,-3.969643,-3.134927,-1.630618,1.360031,0.165675
138.197000,-3.086893,-4.178204,-1.465100,-3.970252,-3.145087,-1.630819,1.359283,0.165718
138.246000,-3.085631,-4.190113,-1.465329,-3.969942,-3.152607,-1.630622,1.363240,0.165292
138.246000,-3.084369,-4.202040,-1.465465,-3.969942,-3.152607,-1.630622,1.373153,0.165156
138.246000,-3.084369,-4.202040,-1.465465,-3.969942,-3.152607,-1.630622,1.373153,0.165156
138.305000,-3.083529,-4.209992,-1.465554,-3.970649,-3.164381,-1.630817,1.371235,0.165263
138.496000,-3.080591,-4.237806,-1.465469,-3.971145,-3.200364,-1.631344,1.367250,0.165875
138.547000,-3.079331,-4.249720,-1.465353,-3.970405,-3.209179,-1.631869,1.369941,0.166516
138.597000,-3.078489,-4.257667,-1.465275,-3.971014,-3.219150,-1.631767,1.369350,0.166492
138.646000,-3.077226,-4.269589,-1.465161,-3.972689,-3.227356,-1.631786,1.374083,0.166625
138.697000,-3.076383,-4.277536,-1.465085,-3.973309,-3.237527,-1.631689,1.373353,0.166605
138.747000,-3.075117,-4.289457,-1.464970,-3.974628,-3.243573,-1.631497,1.379490,0.166527
138.799000,-3.073855,-4.301327,-1.464674,-3.975257,-3.253906,-1.631369,1.381889,0.166695
138.846000,-3.073012,-4.309230,-1.464363,-3.978028,-3.258562,-1.631088,1.386708,0.166725
138.896000,-3.072168,-4.317112,-1.463947,-3.978626,-3.268453,-1.630670,1.386127,0.166723
138.947000,-3.070897,-4.328926,-1.463192,-3.978946,-3.273460,-1.630527,1.392322,0.167335
138.997000,-3.070044,-4.336799,-1.462651,-3.979536,-3.283341,-1.629876,1.391743,0.167225
139.048000,-3.068757,-4.348604,-1.461807,-3.980721,-3.288398,-1.629656,1.398469,0.167849
139.095000,-3.067895,-4.356465,-1.461203,-3.981267,-3.297674,-1.628981,1.398316,0.167777
139.149000,-3.066592,-4.368253,-1.460278,-3.980640,-3.305578,-1.628579,1.401700,0.168300
139.199000,-3.065278,-4.380041,-1.459344,-3.981209,-3.315445,-1.627807,1.404384,0.168463
139.247000,-3.064396,-4.387903,-1.458721,-3.979891,-3.320096,-1.627371,1.406536,0.168650
139.297000,-3.063509,-4.395765,-1.458099,-3.980449,-3.329970,-1.626593,1.405951,0.168494
139.349000,-3.062169,-4.407557,-1.457165,-3.978183,-3.339430,-1.625999,1.407116,0.168834
139.399000,-3.061269,-4.415417,-1.456544,-3.978727,-3.349304,-1.625221,1.406529,0.168677
139.447000,-3.059906,-4.427255,-1.455830,-3.979044,-3.358231,-1.624523,1.409833,0.168693
139.497000,-3.058993,-4.435149,-1.455426,-3.979575,-3.368149,-1.623974,1.409241,0.168548
139.544000,-3.057618,-4.446984,-1.454837,-3.978662,-3.374737,-1.623154,1.413519,0.168318
139.599000,-3.056696,-4.454885,-1.454483,-3.979232,-3.385658,-1.622628,1.412204,0.168145
139.648000,-3.055308,-4.466737,-1.453971,-3.977304,-3.394711,-1.621826,1.413972,0.167855
139.695000,-3.053914,-4.478595,-1.453492,-3.977780,-3.404046,-1.621426,1.417105,0.167934
139.747000,-3.052980,-4.486513,-1.453215,-3.972665,-3.414470,-1.621876,1.412479,0.168661
139.797000,-3.052043,-4.494430,-1.452938,-3.973173,-3.424422,-1.621530,1.411877,0.168592
139.849000,-3.050634,-4.506319,-1.452727,-3.973974,-3.432134,-1.621033,1.416485,0.168306
139.898000,-3.049692,-4.514255,-1.452739,-3.974464,-3.441912,-1.620966,1.416023,0.168227
139.949000,-3.048280,-4.526165,-1.452780,-3.976993,-3.448074,-1.620077,1.422950,0.167296
139.949000,-3.046869,-4.538059,-1.452701,-3.976993,-3.448074,-1.620077,1.432898,0.167375
139.949000,-3.046869,-4.538059,-1.452701,-3.976993,-3.448074,-1.620077,1.432898,0.167375
140.004000,-3.045929,-4.545983,-1.452591,-3.977536,-3.459038,-1.620087,1.431552,0.167497
140.004000,-3.042635,-4.573633,-1.451725,-3.977536,-3.459038,-1.620087,1.454773,0.168362
140.164000,-3.041690,-4.581515,-1.451399,-3.982782,-3.482390,-1.619036,1.446972,0.167637
140.298000,-3.040269,-4.593337,-1.450909,-3.983993,-3.508002,-1.618192,1.438252,0.167283
140.348000,-3.038842,-4.605158,-1.450393,-3.984931,-3.517135,-1.617683,1.441832,0.167291
140.399000,-3.037888,-4.613029,-1.449937,-3.985405,-3.527233,-1.617197,1.441090,0.167260
140.448000,-3.036450,-4.624835,-1.449185,-3.984878,-3.535023,-1.616790,1.444717,0.167605
140.448000,-3.035001,-4.636654,-1.448463,-3.984878,-3.535023,-1.616790,1.454599,0.168327
140.448000,-3.035001,-4.636654,-1.448463,-3.984878,-3.535023,-1.616790,1.454599,0.168327
140.503000,-3.034030,-4.644533,-1.447992,-3.985376,-3.545928,-1.616101,1.453269,0.168109
140.699000,-3.030604,-4.672108,-1.446346,-3.985082,-3.577552,-1.614009,1.452267,0.167663
140.747000,-3.029121,-4.683926,-1.445647,-3.988428,-3.583905,-1.613412,1.459560,0.167765
140.798000,-3.028127,-4.691812,-1.445208,-3.988858,-3.594030,-1.612824,1.458811,0.167616
140.848000,-3.026632,-4.703619,-1.444457,-3.989798,-3.602236,-1.612666,1.463125,0.168208
140.897000,-3.025631,-4.711481,-1.443871,-3.990204,-3.611937,-1.612008,1.462669,0.168138
140.948000,-3.024121,-4.723275,-1.442921,-3.412575,-4.227139,-1.502414,0.630117,0.059492
140.997000,-3.023187,-4.730535,-1.442886,-3.411953,-4.236092,-1.501838,0.628978,0.058952
141.047000,-3.021793,-4.741377,-1.442882,-3.412179,-4.239435,-1.501780,0.635883,0.058898
141.099000,-3.020954,-4.747906,-1.443583,-3.411576,-4.248016,-1.501937,0.634410,0.058355
141.148000,-3.020015,-4.755338,-1.447018,-3.412205,-4.248208,-1.502760,0.641088,0.055741
141.195000,-3.019437,-4.760030,-1.449575,-3.411832,-4.253750,-1.505751,0.640541,0.056176
141.249000,-3.018593,-4.767071,-1.453411,-3.416363,-4.255333,-1.505408,0.648149,0.051997
141.298000,-3.018045,-4.771767,-1.455968,-3.415988,-4.261112,-1.508541,0.647400,0.052573
141.347000,-3.017432,-4.777191,-1.461435,-3.416398,-4.260122,-1.512677,0.653096,0.051242
141.398000,-3.017195,-4.779394,-1.466504,-3.416230,-4.262992,-1.518239,0.652610,0.051735
141.447000,-3.016869,-4.782629,-1.474180,-3.416741,-4.257409,-1.521272,0.660116,0.047092
141.497000,-3.016666,-4.784787,-1.479297,-3.416611,-4.260115,-1.527668,0.659725,0.048372
141.547000,-3.016400,-4.787802,-1.487196,-3.417875,-4.257550,-1.533655,0.665093,0.046459
141.597000,-3.016347,-4.788447,-1.493833,-3.417840,-4.258407,-1.540756,0.664935,0.046923
141.649000,-3.016346,-4.788460,-1.506229,-3.417413,-4.253243,-1.549743,0.668813,0.043514
141.649000,-3.016346,-4.788460,-1.521200,-3.417413,-4.253243,-1.549743,0.668813,0.028543
141.649000,-3.016346,-4.788460,-1.521200,-3.417413,-4.253243,-1.549743,0.668813,0.028543
141.705000,-3.016346,-4.788460,-1.531437,-3.417413,-4.253243,-1.562280,0.668813,0.030843
141.896000,-3.016346,-4.788460,-1.568082,-3.412211,-4.244866,-1.606398,0.672460,0.038316
141.947000,-3.016346,-4.788460,-1.587214,-3.409288,-4.241502,-1.621136,0.673473,0.033922
141.997000,-3.016346,-4.788460,-1.601531,-3.409288,-4.241502,-1.637858,0.673473,0.036327
142.049000,-3.016346,-4.788460,-1.625430,-3.406917,-4.238272,-1.653132,0.674723,0.027701
142.049000,-3.016346,-4.788460,-1.652226,-3.406917,-4.238272,-1.653132,0.674723,0.000906
142.049000,-3.016346,-4.788460,-1.652226,-3.406917,-4.238272,-1.653132,0.674723,0.000906
142.049000,-3.016346,-4.788460,-1.661776,-3.406917,-4.238272,-1.653132,0.674723,0.008645
142.103000,-3.016346,-4.788460,-1.680973,-3.406917,-4.238272,-1.675569,0.674723,0.005404
142.117000,-3.016346,-4.788460,-1.730678,-3.406917,-4.238272,-1.681596,0.674723,0.049082
142.398000,-3.016346,-4.788460,-1.800605,-3.402799,-4.226905,-1.817997,0.681681,0.017392
142.446000,-3.016346,-4.788460,-1.838968,-3.405396,-4.225684,-1.843094,0.684160,0.004126
142.496000,-3.016346,-4.788460,-1.864565,-3.405396,-4.225684,-1.875090,0.684160,0.010525
142.548000,-3.016346,-4.788460,-1.902961,-3.408955,-4.223196,-1.905559,0.688233,0.002598
142.597000,-3.016346,-4.788460,-1.928718,-3.408955,-4.223196,-1.936943,0.688233,0.008225
142.646000,-3.016346,-4.788460,-1.968985,-3.413939,-4.221798,-1.968698,0.692232,0.000287
142.699000,-3.016346,-4.788460,-1.995862,-3.413939,-4.221798,-2.004310,0.692232,0.008448
142.745000,-3.016346,-4.788460,-2.036177,-3.419319,-4.220628,-2.032606,0.696290,0.003571
142.797000,-3.016346,-4.788460,-2.063294,-3.419319,-4.220628,-2.067591,0.696290,0.004297
142.849000,-3.016346,-4.788460,-2.104570,-3.423975,-4.218564,-2.102304,0.700672,0.002266
142.899000,-3.016346,-4.788460,-2.132247,-3.423975,-4.218564,-2.136730,0.700672,0.004483
142.945000,-3.016346,-4.788460,-2.174482,-3.429339,-4.216802,-2.167257,0.705234,0.007225
142.997000,-3.016346,-4.788460,-2.202639,-3.429339,-4.216802,-2.203861,0.705234,0.001222
143.049000,-3.016346,-4.788460,-2.244875,-3.433473,-4.215119,-2.239599,0.709023,0.005276
143.099000,-3.016346,-4.788460,-2.273704,-3.433473,-4.215119,-2.274965,0.709023,0.001261
143.146000,-3.016346,-4.788460,-2.317859,-3.432141,-4.214381,-2.309020,0.708838,0.008839
143.198000,-3.016346,-4.788460,-2.347296,-3.432141,-4.214381,-2.347288,0.708838,0.000008
143.246000,-3.016346,-4.788460,-2.391452,-3.429096,-4.212665,-2.381083,0.708450,0.010369
143.296000,-3.016346,-4.788460,-2.421705,-3.429096,-4.212665,-2.418068,0.708450,0.003637
143.346000,-3.016346,-4.788460,-2.469301,-3.426773,-4.212640,-2.456314,0.707119,0.012988
143.397000,-3.016346,-4.788460,-2.501301,-3.426773,-4.212640,-2.497082,0.707119,0.004219
143.448000,-3.016346,-4.788460,-2.549301,-3.424007,-4.212456,-2.535372,0.705668,0.013929
143.499000,-3.016346,-4.788460,-2.597301,-3.424007,-4.212456,-2.576172,0.705668,0.021129
143.546000,-3.016346,-4.788460,-2.629301,-3.421516,-4.211946,-2.613991,0.704649,0.015311
143.596000,-3.016346,-4.788460,-2.661301,-3.421516,-4.211946,-2.653991,0.704649,0.007311
143.648000,-3.016346,-4.788460,-2.709301,-3.417448,-4.211020,-2.696336,0.703078,0.012965
143.698000,-3.016346,-4.788460,-2.741301,-3.417448,-4.211020,-2.736336,0.703078,0.004965
143.748000,-3.016346,-4.788460,-2.789301,-3.417169,-4.209271,-2.776123,0.704357,0.013179
143.796000,-3.016346,-4.788460,-2.821301,-3.417169,-4.209271,-2.814523,0.704357,0.006779
143.847000,-3.016346,-4.788460,-2.869301,-3.412669,-4.207331,-2.856522,0.703407,0.012780
143.897000,-3.016346,-4.788460,-2.901301,-3.412669,-4.207331,-2.896522,0.703407,0.004780
143.948000,-3.016346,-4.788460,-2.949301,-3.408086,-4.204937,-2.937826,0.702822,0.011476
143.997000,-3.016346,-4.788460,-2.981301,-3.408086,-4.204937,-2.977026,0.702822,0.004276
144.049000,-3.016346,-4.788460,-3.029301,-3.404041,-4.203386,-3.019860,0.701868,0.009441
144.097000,-3.016346,-4.788460,-3.061301,-3.404041,-4.203386,-3.058260,0.701868,0.003041
144.149000,-3.016346,-4.788460,-3.109301,-3.399385,-4.199558,-3.100946,0.702513,0.008355
144.197000,-3.016346,-4.788460,-3.141301,-3.399385,-4.199558,-3.139346,0.702513,0.001955
144.246000,-3.016346,-4.788460,3.093884,-3.393548,-4.196919,3.103306,0.701571,0.009422
144.298000,-3.016346,-4.788460,3.061884,-3.393548,-4.196919,3.061706,0.701571,0.000178
144.349000,-3.016577,-4.788432,3.014212,-3.388228,-4.194338,3.020122,0.700765,0.005910
144.397000,-3.017210,-4.788341,2.982852,-3.388994,-4.194237,2.982221,0.700844,0.000631
144.449000,-3.018446,-4.788109,2.936288,-3.383042,-4.190379,2.938812,0.700151,0.002524
144.497000,-3.020134,-4.787729,2.906672,-3.385081,-4.189937,2.902139,0.700387,0.004533
144.549000,-3.024093,-4.786685,2.864648,-3.383341,-4.186481,2.860668,0.699503,0.003980
144.595000,-3.027667,-4.785616,2.838232,-3.387478,-4.185241,2.829177,0.699939,0.009054
144.645000,-3.034394,-4.783364,2.801008,-3.389572,-4.182856,2.791508,0.697683,0.009500
144.699000,-3.039772,-4.781386,2.777708,-3.396729,-4.180169,2.758868,0.699200,0.018840
144.749000,-3.049140,-4.777626,2.743148,-3.404520,-4.175401,2.725021,0.699263,0.018127
144.799000,-3.056184,-4.774563,2.720108,-3.413266,-4.171466,2.696221,0.700881,0.023887
144.848000,-3.066842,-4.769562,2.685548,-3.416921,-4.162869,2.664453,0.700451,0.021094
144.896000,-3.073848,-4.766024,2.662508,-3.425258,-4.158486,2.636805,0.701848,0.025702
144.949000,-3.083547,-4.760781,2.629050,-3.428726,-4.154816,2.605175,0.697383,0.023875
144.997000,-3.089404,-4.757405,2.608330,-3.435662,-4.150617,2.579175,0.698632,0.029155
145.049000,-3.097887,-4.752230,2.579650,-3.440641,-4.145952,2.549661,0.696457,0.029989
145.097000,-3.103326,-4.748737,2.562130,-3.447047,-4.141581,2.527493,0.697698,0.034637
145.145000,-3.111222,-4.743432,2.538250,-3.451956,-4.138289,2.502081,0.694477,0.036169
145.199000,-3.116306,-4.739874,2.523930,-3.458658,-4.133241,2.481445,0.696569,0.042485
145.247000,-3.123699,-4.734513,2.504850,-3.464451,-4.127806,2.459426,0.695849,0.045425
145.298000,-3.128465,-4.730947,2.493730,-3.470322,-4.122987,2.444032,0.697482,0.049699
145.348000,-3.135428,-4.725596,2.479450,-3.477097,-4.118739,2.426055,0.696429,0.053396
145.348000,-3.142184,-4.720265,2.468050,-3.477097,-4.118739,2.426055,0.688477,0.041996
145.404000,-3.144397,-4.718493,2.464890,-3.483101,-4.113427,2.413711,0.693416,0.051180
145.496000,-3.151010,-4.713137,2.457330,-3.495198,-4.106293,2.395011,0.697657,0.062319
145.547000,-3.158618,-4.706897,2.452650,-3.504684,-4.101865,2.386179,0.697011,0.066471
145.598000,-3.164130,-4.702350,2.451130,-3.511287,-4.095617,2.383041,0.699030,0.068089
145.645000,-3.171932,-4.695902,2.451250,-3.518369,-4.091193,2.377003,0.696916,0.074247
145.698000,-3.176838,-4.691856,2.452930,-3.524464,-4.085330,2.377925,0.699084,0.075005
145.747000,-3.183926,-4.686049,2.457850,-3.530057,-4.082092,2.375984,0.696111,0.081866
145.796000,-3.188510,-4.682331,2.462730,-3.535269,-4.077076,2.380754,0.697550,0.081976
145.847000,-3.195384,-4.676834,2.471348,-3.543506,-4.072199,2.383305,0.697690,0.088043
145.898000,-3.199982,-4.673210,2.477152,-3.548934,-4.067075,2.390658,0.699405,0.086494
145.947000,-3.206619,-4.668065,2.487364,-3.555696,-4.063356,2.396327,0.698232,0.091037
145.996000,-3.211068,-4.664678,2.494404,-3.560740,-4.058721,2.404920,0.699610,0.089484
146.045000,-3.217786,-4.659656,2.504964,-3.567080,-4.054487,2.411629,0.698739,0.093335
146.099000,-3.222288,-4.656353,2.512077,-3.572708,-4.049471,2.421149,0.700785,0.090928
146.147000,-3.229006,-4.651521,2.524725,-3.579358,-4.046452,2.429869,0.699181,0.094855
146.196000,-3.233594,-4.648302,2.534757,-3.584560,-4.041975,2.440950,0.700577,0.093806
146.247000,-3.240568,-4.643544,2.551060,-3.591531,-4.038626,2.450658,0.699357,0.100402
146.298000,-3.245265,-4.640432,2.561984,-3.597081,-4.034066,2.464539,0.701038,0.097445
146.345000,-3.252398,-4.635850,2.579228,-3.604769,-4.029584,2.475803,0.701230,0.103425
146.397000,-3.257197,-4.632864,2.590748,-3.610563,-4.025066,2.490779,0.703055,0.099969
146.443000,-3.264459,-4.628489,2.608028,-3.619249,-4.021592,2.503601,0.702994,0.104427
146.497000,-3.269532,-4.625533,2.619920,-3.625608,-4.016910,2.519241,0.705132,0.100679
146.549000,-3.277790,-4.620893,2.639732,-3.633999,-4.012223,2.535273,0.705240,0.104459
146.599000,-3.283359,-4.617886,2.653172,-3.640517,-4.007739,2.552042,0.706995,0.101130
146.648000,-3.291787,-4.613516,2.673332,-3.648363,-4.003576,2.566481,0.706521,0.106851
146.698000,-3.297458,-4.610696,2.686784,-3.655022,-3.999295,2.583284,0.708281,0.103500
146.748000,-3.306583,-4.606356,2.708648,-3.663247,-3.995008,2.600620,0.707782,0.108028
146.799000,-3.312903,-4.603495,2.724564,-3.670839,-3.990477,2.619985,0.709866,0.104579
146.849000,-3.322466,-4.599395,2.748564,-3.679108,-3.986454,2.636363,0.709147,0.112201
146.898000,-3.328896,-4.596790,2.764564,-3.686562,-3.982374,2.655963,0.710937,0.108601
146.947000,-3.338720,-4.593037,2.788785,-3.697713,-3.977817,2.675509,0.712300,0.113276
146.995000,-3.345723,-4.590527,2.806172,-3.705697,-3.973837,2.695297,0.714064,0.110875
147.048000,-3.356374,-4.586973,2.833052,-3.717734,-3.970380,2.717549,0.714680,0.115503
147.099000,-3.363526,-4.584764,2.850972,-3.726451,-3.966496,2.740397,0.716918,0.110575
147.145000,-3.374345,-4.581687,2.877905,-3.738124,-3.962468,2.759848,0.718170,0.118057
147.199000,-3.381674,-4.579781,2.896436,-3.747622,-3.958706,2.784307,0.720869,0.112129
147.249000,-3.392789,-4.577164,2.924372,-3.760770,-3.955035,2.807265,0.722810,0.117107
147.298000,-3.402649,-4.575134,2.954396,-3.768915,-3.952237,2.830460,0.722601,0.123936
147.345000,-3.408227,-4.574138,2.976012,-3.777879,-3.950116,2.853549,0.725291,0.122463
147.398000,-3.413822,-4.573269,2.998908,-3.785083,-3.948020,2.882630,0.727166,0.116278
147.447000,-3.422339,-4.572202,3.035311,-3.797489,-3.945104,2.907799,0.730746,0.127513
147.497000,-3.428034,-4.571666,3.060430,-3.804454,-3.943492,2.938577,0.732322,0.121854
147.549000,-3.436684,-4.571132,3.099434,-3.821715,-3.941640,2.969772,0.737908,0.129662
147.598000,-3.442428,-4.570966,3.126190,-3.828658,-3.940480,3.001980,0.739382,0.124210
147.649000,-3.451043,-4.571007,-3.116586,-3.840769,-3.937403,3.035011,0.743869,0.131588
147.698000,-3.456782,-4.571228,-3.089646,-3.847770,-3.936707,3.068012,0.745311,0.125527
147.747000,-3.465391,-4.571851,-3.049127,-3.855388,-3.934330,3.100494,0.747349,0.133563
147.798000,-3.471209,-4.572473,-3.021020,-3.862839,-3.934071,3.135318,0.748953,0.126847
147.848000,-3.479712,-4.573689,-2.976458,-3.871366,-3.933658,-3.112787,0.750355,0.136329
147.898000,-3.484040,-4.574477,-2.945152,-3.876892,-3.933849,-3.074813,0.751490,0.129661
147.947000,-3.488147,-4.575385,-2.897225,-3.879781,-3.934326,-3.040260,0.751222,0.143035
147.995000,-3.489322,-4.575695,-2.865238,-3.881246,-3.934485,-3.001896,0.751501,0.136658
148.048000,-3.489437,-4.575728,-2.817243,-3.883686,-3.933262,-2.960175,0.753787,0.142932
148.099000,-3.489437,-4.575728,-2.785245,-3.883686,-3.933262,-2.919378,0.753787,0.134133
148.148000,-3.489437,-4.575728,-2.737248,-3.884589,-3.931624,-2.880372,0.755656,0.143124
148.148000,-3.489437,-4.575728,-2.689249,-3.884589,-3.931624,-2.880372,0.755656,0.191123
148.201000,-3.489437,-4.575728,-2.673249,-3.884589,-3.931624,-2.837974,0.755656,0.164725
148.295000,-3.489437,-4.575728,-2.625249,-3.886958,-3.930399,-2.761461,0.757939,0.136212
148.347000,-3.489437,-4.575728,-2.577249,-3.888258,-3.930280,-2.720190,0.758724,0.142941
148.397000,-3.489437,-4.575728,-2.545249,-3.888258,-3.930280,-2.680190,0.758724,0.134941
148.447000,-3.489437,-4.575728,-2.497249,-3.889931,-3.927886,-2.639096,0.761640,0.141847
148.496000,-3.489437,-4.575728,-2.465249,-3.889931,-3.927886,-2.599896,0.761640,0.134647
148.549000,-3.489437,-4.575728,-2.417249,-3.891315,-3.927177,-2.557365,0.762972,0.140116
148.594000,-3.489437,-4.575728,-2.385249,-3.891315,-3.927177,-2.521365,0.762972,0.136116
148.647000,-3.489437,-4.575728,-2.337249,-3.893450,-3.926068,-2.478345,0.765039,0.141096
148.698000,-3.489437,-4.575728,-2.305249,-3.893450,-3.926068,-2.437545,0.765039,0.132296
148.746000,-3.489437,-4.575728,-2.257249,-3.894644,-3.924177,-2.398835,0.767275,0.141586
148.799000,-3.489437,-4.575728,-2.225249,-3.894644,-3.924177,-2.356435,0.767275,0.131186
148.846000,-3.489437,-4.575728,-2.177249,-3.896663,-3.923284,-2.317838,0.769101,0.140589
148.895000,-3.489437,-4.575728,-2.145249,-3.896663,-3.923284,-2.278638,0.769101,0.133389
148.945000,-3.489437,-4.575728,-2.097249,-3.896716,-3.921690,-2.238330,0.770482,0.141081
148.998000,-3.489437,-4.575728,-2.065249,-3.896716,-3.921690,-2.195930,0.770482,0.130681
149.048000,-3.489437,-4.575728,-2.017249,-3.898124,-3.919587,-2.155006,0.773012,0.137757
149.098000,-3.489437,-4.575728,-1.985249,-3.898124,-3.919587,-2.115006,0.773012,0.129757
149.149000,-3.489437,-4.575728,-1.937249,-3.899101,-3.918598,-2.074359,0.774367,0.137110
149.194000,-3.489437,-4.575728,-1.905249,-3.899101,-3.918598,-2.038359,0.774367,0.133110
149.249000,-3.489437,-4.575728,-1.857249,-3.900694,-3.916032,-1.993335,0.777388,0.136087
149.296000,-3.489437,-4.575728,-1.825249,-3.900694,-3.916032,-1.955735,0.777388,0.130487
149.346000,-3.489437,-4.575728,-1.777249,-3.901954,-3.914792,-1.915306,0.779106,0.138057
149.394000,-3.489437,-4.575728,-1.745249,-3.901954,-3.914792,-1.876906,0.779106,0.131657
149.446000,-3.489437,-4.575728,-1.697249,-3.904182,-3.912304,-1.834464,0.782397,0.137216
149.499000,-3.489437,-4.575728,-1.665249,-3.904182,-3.912304,-1.792064,0.782397,0.126816
149.545000,-3.489437,-4.575728,-1.617249,-3.904984,-3.911475,-1.755128,0.783525,0.137879
149.596000,-3.489437,-4.575728,-1.585249,-3.904984,-3.911475,-1.714328,0.783525,0.129079
149.649000,-3.489437,-4.575728,-1.537249,-3.907021,-3.910199,-1.671027,0.785689,0.133778
149.694000,-3.489437,-4.575728,-1.505249,-3.907021,-3.910199,-1.635027,0.785689,0.129778
149.747000,-3.489437,-4.575728,-1.457249,-3.907985,-3.909579,-1.592538,0.786726,0.135289
149.795000,-3.489437,-4.575728,-1.425249,-3.907985,-3.909579,-1.554138,0.786726,0.128889
149.846000,-3.489437,-4.575728,-1.377249,-3.909348,-3.907698,-1.511967,0.789044,0.134718
149.846000,-3.489437,-4.575728,-1.329249,-3.909348,-3.907698,-1.511967,0.789044,0.182718
149.900000,-3.489437,-4.575728,-1.329249,-3.909348,-3.907698,-1.468767,0.789044,0.139518
149.900000,-3.489437,-4.575728,-1.249249,-3.909348,-3.907698,-1.468767,0.789044,0.219518
149.900000,-3.489437,-4.575728,-1.249249,-3.909348,-3.907698,-1.468767,0.789044,0.219518
150.002000,-3.489437,-4.575728,-1.217249,-3.910710,-3.906260,-1.386735,0.790986,0.169486
150.096000,-3.489437,-4.575728,-1.105249,-3.912373,-3.903434,-1.310662,0.794263,0.205414
150.247000,-3.489437,-4.575728,-1.057249,-3.422224,-4.482447,-1.051525,0.114974,0.005724
150.299000,-3.489437,-4.575728,-1.025249,-3.422224,-4.482447,-1.009925,0.114974,0.015324
150.347000,-3.489437,-4.575728,-0.977249,-3.423060,-4.480775,-0.971021,0.115853,0.006228
150.399000,-3.489437,-4.575728,-0.945249,-3.423060,-4.480775,-0.929421,0.115853,0.015828
150.447000,-3.489437,-4.575728,-0.897249,-3.425237,-4.478075,-0.890046,0.116866,0.007203
150.499000,-3.489437,-4.575728,-0.865249,-3.425237,-4.478075,-0.848446,0.116866,0.016803
150.548000,-3.489437,-4.575728,-0.817249,-3.426440,-4.475943,-0.809074,0.118007,0.008175
150.598000,-3.489437,-4.575728,-0.785249,-3.426440,-4.475943,-0.769074,0.118007,0.016175
150.647000,-3.489437,-4.575728,-0.737249,-3.428773,-4.473632,-0.728685,0.118759,0.008564
150.647000,-3.489437,-4.575728,-0.689249,-3.428773,-4.473632,-0.728685,0.118759,0.039436
150.700000,-3.489437,-4.575728,-0.673249,-3.428773,-4.473632,-0.686285,0.118759,0.013036
150.795000,-3.489437,-4.575728,-0.625249,-3.430602,-4.471023,-0.609934,0.120103,0.015314
150.845000,-3.489437,-4.575728,-0.577249,-3.432085,-4.467829,-0.569118,0.122194,0.008131
150.899000,-3.489437,-4.575728,-0.545249,-3.432085,-4.467829,-0.525918,0.122194,0.019331
150.947000,-3.489437,-4.575728,-0.497249,-3.433290,-4.466381,-0.487233,0.122920,0.010016
150.997000,-3.489437,-4.575728,-0.449249,-3.433290,-4.466381,-0.447233,0.122920,0.002016
151.049000,-3.489437,-4.575728,-0.417249,-3.434828,-4.463535,-0.404314,0.124778,0.012935
151.098000,-3.489437,-4.575728,-0.385249,-3.434828,-4.463535,-0.365114,0.124778,0.020135
151.147000,-3.489437,-4.575728,-0.337249,-3.435192,-4.461575,-0.326109,0.126386,0.011140
151.197000,-3.489437,-4.575728,-0.305249,-3.435192,-4.461575,-0.286109,0.126386,0.019140
151.248000,-3.489437,-4.575728,-0.257249,-3.437296,-4.458034,-0.243806,0.128726,0.013443
151.298000,-3.489437,-4.575728,-0.225249,-3.437296,-4.458034,-0.203806,0.128726,0.021443
151.346000,-3.489437,-4.575728,-0.177249,-3.438010,-4.454384,-0.164791,0.131792,0.012458
151.346000,-3.489437,-4.575728,-0.129249,-3.438010,-4.454384,-0.164791,0.131792,0.035542
151.401000,-3.489437,-4.575728,-0.113249,-3.438010,-4.454384,-0.120791,0.131792,0.007542
151.498000,-3.489437,-4.575728,-0.065249,-3.439228,-4.451201,-0.042274,0.134269,0.022975
151.544000,-3.489138,-4.575736,-0.017677,-3.438373,-4.449313,-0.005251,0.136235,0.012426
151.598000,-3.488085,-4.575737,0.012685,-3.437046,-4.449301,0.036988,0.136349,0.024303
151.649000,-3.485008,-4.575624,0.055908,-3.434481,-4.446839,0.077786,0.138342,0.021878
151.698000,-3.481962,-4.575410,0.083374,-3.430755,-4.446513,0.112344,0.138696,0.028970
151.747000,-3.476323,-4.574820,0.124549,-3.426978,-4.444278,0.150325,0.139557,0.025776
151.796000,-3.469938,-4.573885,0.164028,-3.422017,-4.443477,0.183763,0.138933,0.019735
151.848000,-3.464727,-4.572954,0.188694,-3.416107,-4.439618,0.219263,0.141923,0.030569
151.897000,-3.459014,-4.571793,0.212032,-3.409157,-4.438007,0.249059,0.142775,0.037027
151.949000,-3.450509,-4.569814,0.244951,-3.402926,-4.434932,0.284350,0.143029,0.039399
151.997000,-3.444854,-4.568335,0.266641,-3.396205,-4.432923,0.310405,0.143886,0.043764
152.046000,-3.436283,-4.565844,0.298328,-3.387838,-4.429696,0.339899,0.144511,0.041571
152.099000,-3.430289,-4.563935,0.317938,-3.380024,-4.426867,0.367146,0.145995,0.049208
152.148000,-3.421296,-4.560832,0.346633,-3.373264,-4.421227,0.393759,0.147637,0.047126
152.196000,-3.415326,-4.558611,0.365427,-3.366223,-4.418250,0.416650,0.148702,0.051223
152.248000,-3.406411,-4.555058,0.393162,-3.359480,-4.414369,0.443111,0.148310,0.049949
152.297000,-3.400342,-4.552477,0.410772,-3.352206,-4.410858,0.465501,0.149576,0.054729
152.349000,-3.390800,-4.548181,0.434763,-3.345511,-4.404679,0.490321,0.150479,0.055558
152.397000,-3.384371,-4.545138,0.449157,-3.338003,-4.400614,0.508690,0.151780,0.059533
152.449000,-3.374766,-4.540383,0.470172,-3.330786,-4.396132,0.532039,0.150807,0.061867
152.497000,-3.368397,-4.537091,0.483574,-3.323394,-4.391730,0.548760,0.152169,0.065186
152.547000,-3.358554,-4.531810,0.500797,-3.316228,-4.386895,0.566392,0.150970,0.065595
152.599000,-3.351928,-4.528140,0.510679,-3.307948,-4.381574,0.580485,0.153022,0.069806
152.648000,-3.341933,-4.522454,0.523182,-3.300426,-4.376594,0.596232,0.151651,0.073050
152.697000,-3.335218,-4.518550,0.529896,-3.292575,-4.371221,0.605652,0.153377,0.075756
152.746000,-3.325092,-4.512563,0.537663,-3.284692,-4.367115,0.618025,0.150954,0.080362
152.797000,-3.318291,-4.508490,0.541193,-3.276477,-4.361236,0.623845,0.153076,0.082653
152.849000,-3.308042,-4.502306,0.544080,-3.266210,-4.357118,0.631333,0.151095,0.087253
152.898000,-3.301238,-4.498188,0.544378,-3.258357,-4.351351,0.632872,0.152970,0.088495
152.944000,-3.291089,-4.492047,0.543850,-3.249343,-4.347158,0.637152,0.150783,0.093301
152.996000,-3.284360,-4.487981,0.543232,-3.241125,-4.341075,0.636559,0.153136,0.093327
153.045000,-3.274307,-4.481919,0.541958,-3.232693,-4.336744,0.637477,0.151021,0.095519
153.095000,-3.267627,-4.477902,0.540909,-3.224861,-4.330945,0.636315,0.153053,0.095406
153.148000,-3.257608,-4.471895,0.539273,-3.214947,-4.324833,0.635027,0.153124,0.095754
153.195000,-3.250923,-4.467899,0.538181,-3.207578,-4.319407,0.633745,0.154689,0.095563
153.249000,-3.240888,-4.461919,0.536545,-3.197156,-4.314072,0.631828,0.154179,0.095283
153.296000,-3.234233,-4.457967,0.535293,-3.189819,-4.308702,0.630517,0.155733,0.095225
153.349000,-3.224360,-4.452128,0.532664,-3.181502,-4.301953,0.628505,0.156171,0.095841
153.396000,-3.217795,-4.448267,0.530656,-3.174262,-4.296695,0.626297,0.157700,0.095641
153.448000,-3.207935,-4.442502,0.527626,-3.165627,-4.291514,0.624500,0.156803,0.096875
153.496000,-3.201395,-4.438700,0.525333,-3.158261,-4.286208,0.621994,0.158475,0.096661
153.548000,-3.191608,-4.433052,0.521532,-3.150145,-4.279700,0.618890,0.158859,0.097359
153.598000,-3.181845,-4.427468,0.517397,-3.142502,-4.274263,0.615623,0.158176,0.098227
153.649000,-3.175332,-4.423774,0.514565,-3.133270,-4.270541,0.611948,0.158901,0.097384
153.697000,-3.168809,-4.420098,0.511733,-3.125911,-4.265385,0.608550,0.160550,0.096817
153.747000,-3.159005,-4.414619,0.507484,-3.118082,-4.261145,0.604741,0.158837,0.097257
153.798000,-3.152458,-4.410990,0.504643,-3.110226,-4.255724,0.601128,0.160907,0.096486
153.847000,-3.142692,-4.405626,0.499979,-3.101610,-4.250636,0.596938,0.160342,0.096959
153.899000,-3.136197,-4.402091,0.496615,-3.093655,-4.245237,0.592741,0.162521,0.096126
153.949000,-3.126457,-4.396846,0.491338,-3.086638,-4.240245,0.588750,0.161585,0.097412
153.996000,-3.119965,-4.393387,0.487696,-3.079445,-4.235452,0.584556,0.163051,0.096860
154.048000,-3.110226,-4.388256,0.482062,-3.071779,-4.230651,0.579760,0.162227,0.097698
154.097000,-3.103730,-4.384873,0.478208,-3.064268,-4.225743,0.575110,0.163950,0.096901
154.146000,-3.093981,-4.379856,0.472290,-3.056508,-4.219180,0.570169,0.164988,0.097879
154.195000,-3.087489,-4.376556,0.468217,-3.048992,-4.214373,0.565282,0.166690,0.097066
154.248000,-3.077747,-4.371668,0.461926,-3.041014,-4.209598,0.559977,0.166181,0.098051
154.299000,-3.067994,-4.366852,0.455469,-3.033172,-4.204693,0.554576,0.165855,0.099107
154.347000,-3.061487,-4.363682,0.451081,-3.025796,-4.199988,0.549283,0.167540,0.098202
154.395000,-3.054976,-4.360546,0.446626,-3.018393,-4.195469,0.544001,0.169081,0.097374
154.446000,-3.045198,-4.355904,0.439825,-3.009612,-4.190957,0.537988,0.168742,0.098163
154.446000,-3.035404,-4.351336,0.432901,-3.009612,-4.190957,0.537988,0.162440,0.105087
154.446000,-3.035404,-4.351336,0.432901,-3.009612,-4.190957,0.537988,0.162440,0.105087
154.502000,-3.032136,-4.349831,0.430566,-3.000935,-4.185817,0.531598,0.166955,0.101031
154.699000,-3.002616,-4.336651,0.409123,-2.970386,-4.168917,0.507943,0.170802,0.098820
154.747000,-2.996032,-4.333815,0.404265,-2.961221,-4.166162,0.500963,0.171229,0.096698
154.797000,-2.989434,-4.331011,0.399407,-2.953355,-4.161869,0.494890,0.172947,0.095483
154.847000,-2.979511,-4.326865,0.392120,-2.944891,-4.157190,0.488544,0.173171,0.096424
154.899000,-2.972879,-4.324141,0.387262,-2.936656,-4.152826,0.482228,0.175103,0.094967
154.949000,-2.962907,-4.320117,0.379974,-2.927581,-4.147860,0.474943,0.175841,0.094969
154.996000,-2.956247,-4.317476,0.375080,-2.920090,-4.144021,0.469227,0.177183,0.094148
155.046000,-2.946272,-4.313592,0.367506,-2.912081,-4.139843,0.462810,0.177081,0.095305
155.099000,-2.936279,-4.309788,0.359771,-2.903622,-4.135637,0.456058,0.177187,0.096287
155.149000,-2.929602,-4.307297,0.354589,-2.896514,-4.131537,0.449564,0.178847,0.094975
155.197000,-2.922913,-4.304840,0.349408,-2.888806,-4.127832,0.443347,0.180264,0.093939
155.246000,-2.912855,-4.301219,0.341637,-2.881305,-4.123677,0.436370,0.180324,0.094734
155.297000,-2.906135,-4.298850,0.336451,-2.873065,-4.119850,0.429764,0.182029,0.093313
155.347000,-2.896054,-4.295368,0.328533,-2.863853,-4.117119,0.421842,0.181135,0.093309
155.399000,-2.889320,-4.293093,0.323220,-2.855417,-4.113348,0.414951,0.182914,0.091731
155.448000,-2.879196,-4.289746,0.315251,-2.845982,-4.109083,0.407662,0.183691,0.092411
155.498000,-2.872433,-4.287560,0.309938,-2.837820,-4.105572,0.401021,0.185251,0.091083
155.549000,-2.862266,-4.284349,0.301969,-2.828419,-4.102458,0.393139,0.185013,0.091170
155.597000,-2.855474,-4.282253,0.296657,-2.820535,-4.099202,0.386764,0.186355,0.090108
155.647000,-2.845253,-4.279173,0.288698,-2.811842,-4.096499,0.379170,0.185704,0.090472
155.699000,-2.838420,-4.277164,0.283396,-2.803236,-4.093085,0.372277,0.187411,0.088881
155.745000,-2.828144,-4.274215,0.275452,-2.795820,-4.090278,0.365577,0.186756,0.090126
155.798000,-2.821269,-4.272292,0.270170,-2.786982,-4.086911,0.358569,0.188525,0.088398
155.848000,-2.810938,-4.269475,0.262249,-2.779084,-4.083857,0.351537,0.188331,0.089289
155.897000,-2.804039,-4.267642,0.256968,-2.770870,-4.080859,0.345068,0.189706,0.088100
155.947000,-2.793664,-4.264960,0.249074,-2.762091,-4.079770,0.337725,0.187862,0.088650
155.994000,-2.786705,-4.263209,0.243922,-2.754130,-4.076991,0.331580,0.189045,0.087658
156.045000,-2.776242,-4.260647,0.236301,-2.744339,-4.074149,0.324081,0.189207,0.087780
156.099000,-2.769248,-4.258982,0.231266,-2.735135,-4.071072,0.317247,0.190981,0.085981
156.148000,-2.758738,-4.256548,0.223745,-2.725635,-4.068257,0.309956,0.191180,0.086211
156.148000,-2.748210,-4.254194,0.216224,-2.725635,-4.068257,0.309956,0.187303,0.093732
156.200000,-2.744696,-4.253427,0.213718,-2.716720,-4.065438,0.303438,0.190060,0.089721
156.296000,-2.734145,-4.251179,0.206200,-2.699762,-4.060887,0.290186,0.193373,0.083986
156.344000,-2.723530,-4.248999,0.198833,-2.691079,-4.057852,0.283153,0.193882,0.084320
156.344000,-2.712897,-4.246897,0.191495,-2.691079,-4.057852,0.283153,0.190300,0.091658
156.344000,-2.709348,-4.246214,0.189068,-2.691079,-4.057852,0.283153,0.189245,0.094085
156.404000,-2.705793,-4.245538,0.186661,-2.680662,-4.054860,0.275812,0.192327,0.089152
156.598000,-2.680832,-4.241039,0.170043,-2.645419,-4.044745,0.249830,0.199463,0.079788
156.648000,-2.670086,-4.239233,0.163060,-2.636913,-4.042595,0.242998,0.199416,0.079938
156.697000,-2.662905,-4.238068,0.158456,-2.628259,-4.040463,0.237319,0.200619,0.078863
156.745000,-2.652119,-4.236383,0.151572,-2.619612,-4.038260,0.230738,0.200771,0.079166
156.797000,-2.644922,-4.235300,0.146983,-2.610399,-4.036110,0.224772,0.202160,0.077790
156.848000,-2.634118,-4.233739,0.140099,-2.601991,-4.033213,0.218269,0.203083,0.078170
156.896000,-2.626897,-4.232737,0.135552,-2.593448,-4.031331,0.212771,0.204165,0.077220
156.948000,-2.616025,-4.231292,0.128908,-2.584510,-4.029377,0.206497,0.204359,0.077589
156.996000,-2.608762,-4.230366,0.124556,-2.575907,-4.027587,0.201222,0.205423,0.076667
157.047000,-2.597847,-4.229035,0.118112,-2.568294,-4.026168,0.194488,0.205008,0.076376
157.097000,-2.590550,-4.228185,0.113876,-2.559283,-4.024406,0.189148,0.206164,0.075272
157.147000,-2.579598,-4.226968,0.107526,-2.549547,-4.023214,0.182164,0.205958,0.074638
157.194000,-2.572292,-4.226195,0.103293,-2.541055,-4.021662,0.177190,0.206904,0.073897
157.246000,-2.561327,-4.225093,0.096948,-2.530445,-4.021385,0.170669,0.206035,0.073721
157.294000,-2.553962,-4.224392,0.092902,-2.521695,-4.019892,0.165642,0.207030,0.072740
157.348000,-2.542872,-4.223391,0.087160,-2.512275,-4.017724,0.159849,0.207931,0.072689
157.399000,-2.535469,-4.222758,0.083429,-2.502921,-4.016226,0.155027,0.209081,0.071597
157.446000,-2.524349,-4.221859,0.077918,-2.494711,-4.012817,0.149008,0.211133,0.071090
157.496000,-2.516934,-4.221294,0.074248,-2.485517,-4.011447,0.144427,0.212185,0.070179
157.546000,-2.505793,-4.220496,0.068715,-2.474884,-4.010577,0.138642,0.212183,0.069927
157.596000,-2.498343,-4.219997,0.065041,-2.465641,-4.009298,0.134034,0.213222,0.068992
157.648000,-2.487161,-4.219300,0.059541,-2.457143,-4.009548,0.128794,0.211889,0.069254
157.697000,-2.479702,-4.218869,0.055876,-2.448065,-4.008382,0.124303,0.212851,0.068427
157.747000,-2.468445,-4.218270,0.050495,-2.437893,-4.005861,0.118584,0.214594,0.068089
157.797000,-2.460936,-4.217904,0.046911,-2.428560,-4.004759,0.114114,0.215589,0.067203
157.847000,-2.449655,-4.217405,0.041506,-2.418972,-4.004164,0.108261,0.215437,0.066755
157.897000,-2.442112,-4.217105,0.037931,-2.409591,-4.003155,0.103764,0.216408,0.065833
157.947000,-2.430780,-4.216705,0.032605,-2.400177,-4.003295,0.098955,0.215594,0.066350
157.997000,-2.423200,-4.216471,0.029113,-2.390744,-4.002369,0.094536,0.216549,0.065423
158.048000,-2.411813,-4.216169,0.023935,-2.381651,-4.002332,0.089497,0.215954,0.065562
158.097000,-2.404198,-4.216000,0.020548,-2.372358,-4.001508,0.085292,0.216842,0.064744
158.148000,-2.392759,-4.215794,0.015533,-2.361115,-3.999510,0.079459,0.218587,0.063926
158.198000,-2.385132,-4.215688,0.012170,-2.351609,-3.998761,0.075278,0.219501,0.063108
158.248000,-2.373691,-4.215578,0.007121,-2.341810,-3.999014,0.070219,0.218897,0.063098
158.297000,-2.366064,-4.215536,0.003754,-2.332489,-3.998368,0.066095,0.219748,0.062341
158.349000,-2.354622,-4.215522,-0.001298,-2.323438,-3.997363,0.060945,0.220376,0.062242
158.399000,-2.346953,-4.215545,-0.004635,-2.313869,-3.996789,0.056743,0.221244,0.061378
158.448000,-2.335414,-4.215627,-0.009579,-2.304014,-3.995871,0.051866,0.221988,0.061445
158.498000,-2.327715,-4.215713,-0.012881,-2.294402,-3.995381,0.047748,0.222836,0.060629
158.549000,-2.316153,-4.215891,-0.017851,-2.285612,-3.994764,0.042501,0.223226,0.060352
158.595000,-2.308434,-4.216042,-0.021156,-2.276741,-3.994396,0.038691,0.223900,0.059847
158.646000,-2.296842,-4.216315,-0.026097,-2.266427,-3.994280,0.033800,0.224109,0.059896
158.699000,-2.289099,-4.216530,-0.029353,-2.256170,-3.993943,0.029448,0.225009,0.058801
158.748000,-2.277471,-4.216900,-0.034190,-2.247927,-3.993447,0.024982,0.225398,0.059172
158.798000,-2.269712,-4.217178,-0.037411,-2.238225,-3.993213,0.020955,0.226167,0.058366
158.849000,-2.258061,-4.217642,-0.042245,-2.227779,-3.991942,0.015431,0.227722,0.057676
158.897000,-2.250302,-4.217983,-0.045585,-2.218460,-3.991806,0.011529,0.228408,0.057114
158.946000,-2.238653,-4.218544,-0.050742,-2.208203,-3.992293,0.006204,0.228291,0.056946
158.997000,-2.230863,-4.218953,-0.054101,-2.198259,-3.992243,0.001830,0.229042,0.055931
159.046000,-2.219164,-4.219616,-0.059000,-2.190014,-3.991714,-0.002151,0.229758,0.056850
159.099000,-2.211361,-4.220089,-0.062243,-2.179657,-3.991746,-0.006458,0.230533,0.055785
159.147000,-2.199660,-4.220847,-0.067107,-2.168955,-3.991810,-0.012208,0.231086,0.054899
159.198000,-2.191862,-4.221384,-0.070350,-2.158989,-3.991941,-0.016343,0.231786,0.054008
159.245000,-2.180159,-4.222237,-0.075287,-2.150023,-3.992344,-0.021329,0.231860,0.053958
159.297000,-2.172287,-4.222844,-0.078427,-2.139769,-3.992577,-0.025602,0.232552,0.052825
159.347000,-2.160420,-4.223795,-0.081046,-2.130090,-3.992662,-0.029255,0.233114,0.051792
159.396000,-2.152525,-4.224438,-0.081259,-2.120392,-3.992965,-0.030649,0.233692,0.050610
159.447000,-2.140696,-4.225398,-0.080684,-2.110814,-3.994020,-0.034534,0.233300,0.046150
159.495000,-2.132834,-4.226032,-0.080147,-2.101355,-3.994346,-0.034000,0.233814,0.046147
159.549000,-2.121041,-4.226973,-0.079226,-2.093251,-3.994850,-0.034717,0.233781,0.044509
159.599000,-2.113184,-4.227595,-0.078566,-2.083405,-3.995191,-0.033926,0.234304,0.044640
159.648000,-2.101397,-4.228517,-0.077542,-2.074842,-3.996736,-0.033072,0.233297,0.044470
159.699000,-2.093545,-4.229124,-0.076824,-2.064807,-3.997066,-0.032187,0.233830,0.044636
159.747000,-2.081765,-4.230024,-0.075710,-2.056018,-3.998851,-0.030935,0.232602,0.044775
159.747000,-2.069996,-4.230910,-0.074528,-2.056018,-3.998851,-0.030935,0.232479,0.043593
159.747000,-2.069996,-4.230910,-0.074528,-2.056018,-3.998851,-0.030935,0.232479,0.043593
159.803000,-2.062148,-4.231493,-0.073717,-2.045009,-3.999187,-0.029877,0.232937,0.043840
159.999000,-2.034663,-4.233483,-0.070845,-2.005709,-4.001004,-0.025193,0.234275,0.045652
160.044000,-2.022879,-4.234312,-0.069582,-1.997448,-4.000331,-0.023970,0.235358,0.045613
160.097000,-2.015010,-4.234857,-0.068771,-1.987002,-4.000578,-0.022863,0.235947,0.045908
160.147000,-2.003203,-4.235663,-0.067607,-1.977449,-3.999822,-0.021875,0.237243,0.045732
160.198000,-1.995330,-4.236193,-0.066841,-1.967390,-4.000040,-0.020894,0.237801,0.045948
160.247000,-1.983519,-4.236977,-0.065693,-1.958328,-3.999413,-0.019560,0.238896,0.046133
160.296000,-1.975645,-4.237492,-0.064928,-1.948663,-3.999599,-0.018623,0.239418,0.046305
160.349000,-1.963824,-4.238254,-0.063811,-1.938247,-3.999269,-0.017477,0.240350,0.046334
160.398000,-1.955938,-4.238755,-0.063079,-1.928569,-3.999436,-0.016579,0.240879,0.046501
160.447000,-1.944110,-4.239496,-0.061982,-1.919502,-4.000549,-0.015142,0.240210,0.046840
160.499000,-1.936223,-4.239982,-0.061250,-1.909231,-4.000703,-0.014191,0.240797,0.047059
160.548000,-1.924357,-4.240704,-0.060344,-1.900143,-4.001193,-0.013055,0.240732,0.047289
160.596000,-1.916442,-4.241180,-0.059822,-1.890629,-4.001315,-0.012381,0.241250,0.047441
160.644000,-1.904567,-4.241887,-0.059073,-1.882086,-4.002510,-0.011009,0.240431,0.048064
160.698000,-1.896651,-4.242353,-0.058573,-1.871381,-4.002626,-0.010334,0.241056,0.048239
160.748000,-1.884775,-4.243045,-0.057824,-1.860782,-4.003723,-0.009330,0.240522,0.048494
160.799000,-1.876857,-4.243502,-0.057329,-1.850671,-4.003816,-0.008694,0.241112,0.048635
160.847000,-1.864988,-4.244178,-0.056569,-1.841170,-4.003517,-0.007724,0.241837,0.048845
160.898000,-1.853108,-4.244847,-0.055842,-1.831057,-4.003593,-0.007081,0.242259,0.048761
160.948000,-1.845186,-4.245288,-0.055379,-1.820669,-4.003345,-0.006077,0.243182,0.049302
160.997000,-1.837262,-4.245725,-0.054921,-1.810948,-4.003403,-0.005512,0.243747,0.049409
161.046000,-1.825375,-4.246375,-0.054241,-1.801710,-4.003427,-0.004801,0.244097,0.049439
161.098000,-1.817440,-4.246804,-0.053836,-1.791381,-4.003475,-0.004230,0.244720,0.049605
161.148000,-1.805534,-4.247442,-0.053277,-1.780999,-4.004155,-0.003288,0.244521,0.049989
161.199000,-1.797598,-4.247864,-0.052911,-1.770866,-4.004187,-0.002820,0.245138,0.050091
161.248000,-1.785693,-4.248491,-0.052365,-1.761284,-4.004429,-0.001880,0.245280,0.050485
161.298000,-1.777756,-4.248905,-0.052000,-1.751350,-4.004447,-0.001424,0.245881,0.050576
161.349000,-1.765844,-4.249522,-0.051483,-1.741786,-4.003778,-0.000540,0.246919,0.050943
161.396000,-1.757892,-4.249931,-0.051184,-1.732430,-4.003782,-0.000153,0.247462,0.051032
161.449000,-1.745961,-4.250540,-0.050790,-1.722851,-4.003458,0.000747,0.248160,0.051538
161.499000,-1.738005,-4.250943,-0.050537,-1.712894,-4.003450,0.001068,0.248764,0.051605
161.547000,-1.726070,-4.251544,-0.050166,-1.702085,-4.003040,0.001385,0.249659,0.051551
161.598000,-1.718102,-4.251944,-0.049973,-1.691914,-4.003025,0.001681,0.250293,0.051654
161.648000,-1.706148,-4.252540,-0.049735,-1.679504,-4.003150,0.000869,0.250809,0.050604
161.699000,-1.698177,-4.252936,-0.049580,-1.669329,-4.003141,0.001066,0.251456,0.050647
161.749000,-1.686222,-4.253528,-0.049349,-1.658853,-4.001863,0.000461,0.253149,0.049810
161.799000,-1.678252,-4.253921,-0.049194,-1.648878,-4.001858,0.000654,0.253769,0.049849
161.847000,-1.666303,-4.254508,-0.048952,-1.638895,-4.001763,0.000214,0.254227,0.049165
161.897000,-1.658338,-4.254898,-0.048788,-1.628927,-4.001760,0.000418,0.254840,0.049206
161.947000,-1.646374,-4.255481,-0.048594,-1.620072,-4.001267,0.000436,0.255570,0.049030
161.999000,-1.638398,-4.255868,-0.048472,-1.609691,-4.001262,0.000596,0.256219,0.049068
162.044000,-1.626433,-4.256447,-0.048288,-1.600750,-4.002069,0.001113,0.255671,0.049401
162.097000,-1.618456,-4.256832,-0.048166,-1.590169,-4.002057,0.001275,0.256341,0.049441
162.148000,-1.606489,-4.257408,-0.048013,-1.580268,-4.001768,0.001738,0.256982,0.049751
162.197000,-1.598507,-4.257791,-0.047937,-1.570478,-4.001750,0.001850,0.257571,0.049787
162.249000,-1.586532,-4.258365,-0.047846,-1.559948,-4.001252,0.002393,0.258484,0.050239
162.296000,-1.578542,-4.258748,-0.047815,-1.550549,-4.001229,0.002453,0.259035,0.050268
162.348000,-1.566556,-4.259321,-0.047800,-1.539503,-4.001455,0.002804,0.259282,0.050605
162.399000,-1.558566,-4.259703,-0.047796,-1.529304,-4.001426,0.002812,0.259930,0.050609
162.449000,-1.546580,-4.260277,-0.047790,-1.520239,-4.001960,0.002971,0.259656,0.050761
162.497000,-1.538590,-4.260659,-0.047787,-1.510639,-4.001932,0.002975,0.260232,0.050762
162.547000,-1.526609,-4.261232,-0.047767,-1.501037,-4.001672,0.002922,0.260817,0.050689
162.599000,-1.518623,-4.261613,-0.047753,-1.490642,-4.001641,0.002939,0.261473,0.050693
162.649000,-1.506643,-4.262186,-0.047733,-1.478669,-4.001575,0.002323,0.262108,0.050056
162.649000,-1.494662,-4.262758,-0.047707,-1.478669,-4.001575,0.002323,0.261672,0.050030
162.649000,-1.494662,-4.262758,-0.047707,-1.478669,-4.001575,0.002323,0.261672,0.050030
162.703000,-1.486675,-4.263139,-0.047685,-1.467874,-4.001550,0.002342,0.262264,0.050026
162.895000,-1.458720,-4.264472,-0.047607,-1.430492,-4.002829,0.002431,0.263161,0.050037
162.947000,-1.446739,-4.265043,-0.047573,-1.420001,-4.002122,0.002388,0.264277,0.049961
162.997000,-1.438752,-4.265423,-0.047551,-1.410005,-4.002098,0.002416,0.264890,0.049967
163.047000,-1.426778,-4.265992,-0.047486,-1.400134,-4.002546,0.002153,0.264790,0.049639
163.098000,-1.418800,-4.266371,-0.047415,-1.389950,-4.002524,0.002221,0.265419,0.049636
163.149000,-1.406832,-4.266938,-0.047288,-1.379475,-4.003051,0.002357,0.265302,0.049645
163.199000,-1.398858,-4.267315,-0.047184,-1.369496,-4.003027,0.002471,0.265914,0.049656
163.247000,-1.386896,-4.267879,-0.047016,-1.359930,-4.002987,0.002798,0.266261,0.049815
163.296000,-1.378920,-4.268254,-0.046909,-1.350148,-4.002959,0.002935,0.266851,0.049844
163.347000,-1.366953,-4.268815,-0.046759,-1.341030,-4.002952,0.002830,0.267124,0.049589
163.396000,-1.358976,-4.269188,-0.046662,-1.331248,-4.002924,0.002950,0.267704,0.049612
163.445000,-1.347011,-4.269746,-0.046515,-1.320918,-4.004206,0.003303,0.266819,0.049818
163.496000,-1.339033,-4.270116,-0.046417,-1.310736,-4.004172,0.003428,0.267446,0.049845
163.547000,-1.327068,-4.270671,-0.046271,-1.301315,-4.005195,0.003993,0.266723,0.050264
163.596000,-1.319104,-4.271040,-0.046122,-1.291549,-4.005156,0.004128,0.267308,0.050250
163.646000,-1.307160,-4.271589,-0.045846,-1.282458,-4.005066,0.005146,0.267666,0.050991
163.696000,-1.299191,-4.271954,-0.045667,-1.272488,-4.005014,0.005377,0.268273,0.051044
163.747000,-1.287238,-4.272499,-0.045400,-1.264182,-4.004686,0.006159,0.268803,0.051559
163.747000,-1.275284,-4.273040,-0.045146,-1.264182,-4.004686,0.006159,0.268583,0.051305
163.747000,-1.275284,-4.273040,-0.045146,-1.264182,-4.004686,0.006159,0.268583,0.051305
163.803000,-1.267314,-4.273400,-0.044977,-1.253014,-4.004616,0.006405,0.269164,0.051381
163.998000,-1.239410,-4.274648,-0.044422,-1.212120,-4.003707,0.007163,0.272312,0.051584
164.047000,-1.227438,-4.275178,-0.044239,-1.202310,-4.003468,0.007532,0.272870,0.051771
164.047000,-1.215454,-4.275709,-0.044207,-1.202310,-4.003468,0.007532,0.272557,0.051739
164.047000,-1.215454,-4.275709,-0.044207,-1.202310,-4.003468,0.007532,0.272557,0.051739
164.101000,-1.207466,-4.276062,-0.044221,-1.191513,-4.003385,0.007651,0.273143,0.051871
164.298000,-1.179528,-4.277301,-0.044419,-1.150355,-4.003785,0.006482,0.275068,0.050900
164.347000,-1.167552,-4.277834,-0.044478,-1.141097,-4.003403,0.005781,0.275703,0.050259
164.397000,-1.159565,-4.278189,-0.044462,-1.131103,-4.003346,0.005761,0.276313,0.050224
164.447000,-1.147583,-4.278722,-0.044423,-1.120883,-4.003552,0.005989,0.276462,0.050412
164.498000,-1.139596,-4.279077,-0.044392,-1.110690,-4.003491,0.006025,0.277097,0.050416
164.547000,-1.127614,-4.279609,-0.044344,-1.101176,-4.001790,0.006554,0.279074,0.050898
164.598000,-1.119635,-4.279963,-0.044374,-1.090992,-4.001722,0.006576,0.279711,0.050950
164.645000,-1.107668,-4.280495,-0.044449,-1.082621,-4.000726,0.006533,0.280888,0.050982
164.696000,-1.099689,-4.280850,-0.044506,-1.072439,-4.000659,0.006468,0.281513,0.050974
164.748000,-1.087736,-4.281383,-0.044692,-1.062461,-4.001189,0.005798,0.281332,0.050490
164.799000,-1.079761,-4.281740,-0.044820,-1.052283,-4.001131,0.005629,0.281952,0.050448
164.848000,-1.067796,-4.282278,-0.044990,-1.041342,-4.001779,0.005005,0.281744,0.049995
164.896000,-1.059819,-4.282638,-0.045101,-1.031761,-4.001731,0.004871,0.282304,0.049971
164.949000,-1.047854,-4.283179,-0.045266,-1.021215,-4.000724,0.004506,0.283708,0.049772
164.997000,-1.039878,-4.283540,-0.045377,-1.011634,-4.000681,0.004373,0.284266,0.049750
165.046000,-1.027906,-4.284085,-0.045522,-1.002193,-4.000181,0.004397,0.285066,0.049919
165.096000,-1.019921,-4.284449,-0.045607,-0.992201,-4.000137,0.004286,0.285660,0.049893
165.146000,-1.007951,-4.284996,-0.045744,-0.982475,-3.999922,0.004384,0.286210,0.050128
165.199000,-0.999980,-4.285361,-0.045868,-0.971902,-3.999876,0.004248,0.286863,0.050116
165.247000,-0.988024,-4.285911,-0.046075,-0.961886,-4.001368,0.004152,0.285741,0.050227
165.294000,-0.980040,-4.286280,-0.046169,-0.952494,-4.001330,0.004000,0.286278,0.050169
165.348000,-0.968062,-4.286834,-0.046256,-0.941868,-4.002202,0.003750,0.285835,0.050005
165.348000,-0.956079,-4.287389,-0.046269,-0.941868,-4.002202,0.003750,0.285541,0.050018
165.348000,-0.956079,-4.287389,-0.046269,-0.941868,-4.002202,0.003750,0.285541,0.050018
165.402000,-0.948091,-4.287759,-0.046256,-0.931071,-4.002162,0.003693,0.286103,0.049949
165.594000,-0.920156,-4.289053,-0.046421,-0.893116,-3.999860,0.003446,0.290455,0.049866
165.648000,-0.908194,-4.289610,-0.046583,-0.881971,-4.000489,0.003308,0.290308,0.049891
165.697000,-0.900214,-4.289982,-0.046678,-0.872185,-4.000457,0.003177,0.290879,0.049854
165.747000,-0.888242,-4.290542,-0.046796,-0.862541,-4.001749,0.003064,0.289935,0.049860
165.799000,-0.880262,-4.290916,-0.046872,-0.852155,-4.001717,0.002964,0.290562,0.049836
165.849000,-0.868290,-4.291479,-0.046985,-0.841290,-4.001916,0.003102,0.290818,0.050087
165.896000,-0.860309,-4.291854,-0.047061,-0.831902,-4.001887,0.003013,0.291355,0.050074
165.949000,-0.848332,-4.292419,-0.047137,-0.821804,-4.001162,0.003125,0.292463,0.050262
165.949000,-0.836351,-4.292984,-0.047159,-0.821804,-4.001162,0.003125,0.292185,0.050284
165.949000,-0.836351,-4.292984,-0.047159,-0.821804,-4.001162,0.003125,0.292185,0.050284
166.002000,-0.828363,-4.293361,-0.047175,-0.811208,-4.001129,0.003085,0.292735,0.050260
166.197000,-0.800422,-4.294682,-0.047337,-0.771172,-4.000593,0.002106,0.295541,0.049443
166.247000,-0.788447,-4.295250,-0.047415,-0.761900,-3.999811,0.002370,0.296629,0.049785
166.298000,-0.780464,-4.295629,-0.047467,-0.751710,-3.999787,0.002304,0.297236,0.049771
166.349000,-0.768490,-4.296198,-0.047546,-0.741522,-3.999709,0.002202,0.297713,0.049748
166.396000,-0.760512,-4.296578,-0.047620,-0.732137,-3.999689,0.002133,0.298242,0.049754
166.449000,-0.748544,-4.297149,-0.047747,-0.722155,-3.999760,0.002249,0.298557,0.049995
166.496000,-0.740566,-4.297531,-0.047833,-0.712769,-3.999740,0.002148,0.299086,0.049981
166.549000,-0.728598,-4.298105,-0.047962,-0.703103,-3.998833,0.002300,0.300355,0.050262
166.598000,-0.720628,-4.298488,-0.048078,-0.693329,-3.998810,0.002185,0.300918,0.050264
166.647000,-0.708673,-4.299064,-0.048285,-0.682446,-3.999142,0.001708,0.301066,0.049992
166.699000,-0.700698,-4.299450,-0.048410,-0.672067,-3.999125,0.001531,0.301687,0.049941
166.745000,-0.688735,-4.300030,-0.048578,-0.662828,-3.999521,0.001595,0.301624,0.050173
166.795000,-0.680757,-4.300419,-0.048673,-0.652843,-3.999506,0.001462,0.302205,0.050136
166.849000,-0.668788,-4.301002,-0.048799,-0.640881,-4.000464,0.001112,0.301832,0.049911
166.895000,-0.660799,-4.301393,-0.048844,-0.631683,-4.000454,0.001027,0.302344,0.049871
166.945000,-0.648814,-4.301979,-0.048868,-0.621989,-4.000685,0.001109,0.302486,0.049978
166.995000,-0.640825,-4.302370,-0.048869,-0.611990,-4.000674,0.001097,0.303071,0.049966
167.048000,-0.628841,-4.302956,-0.048867,-0.602277,-4.000432,0.001427,0.303688,0.050293
167.099000,-0.620851,-4.303346,-0.048865,-0.592078,-4.000417,0.001429,0.304293,0.050294
167.147000,-0.608868,-4.303932,-0.048863,-0.582340,-3.999383,0.001598,0.305703,0.050461
167.199000,-0.600878,-4.304323,-0.048859,-0.571941,-3.999366,0.001601,0.306327,0.050460
167.249000,-0.588894,-4.304909,-0.048853,-0.511363,-3.973163,0.023518,0.340686,0.072371
167.297000,-0.576912,-4.305495,-0.048859,-0.501769,-3.972937,0.023520,0.340942,0.072380
167.349000,-0.568925,-4.305886,-0.048864,-0.492658,-3.973551,0.023603,0.340973,0.072467
167.398000,-0.561287,-4.306264,-0.050368,-0.483293,-3.973311,0.023125,0.341966,0.073493
167.448000,-0.549827,-4.306860,-0.053559,-0.471569,-3.971809,0.020753,0.344069,0.074312
167.497000,-0.542188,-4.307278,-0.055783,-0.462198,-3.971621,0.018066,0.345057,0.073849
167.547000,-0.530730,-4.307937,-0.059121,-0.450232,-3.971894,0.015558,0.345550,0.074679
167.599000,-0.523093,-4.308397,-0.061346,-0.440286,-3.971745,0.012666,0.346686,0.074012
167.648000,-0.511625,-4.309121,-0.064697,-0.430466,-3.970702,0.008080,0.348015,0.072777
167.653000,-0.492422,-4.310416,-0.069921,-0.429508,-3.970693,0.007801,0.345500,0.077721
167.949000,-0.453952,-4.313308,-0.079924,-0.372423,-3.971521,-0.010978,0.351376,0.068946
167.995000,-0.446219,-4.313935,-0.081732,-0.363502,-3.971624,-0.013068,0.352163,0.068664
168.046000,-0.434622,-4.314901,-0.084444,-0.353009,-3.972314,-0.016420,0.352174,0.068024
168.096000,-0.426892,-4.315562,-0.086252,-0.343312,-3.972479,-0.018680,0.353117,0.067572
168.147000,-0.415235,-4.316585,-0.088614,-0.334181,-3.972353,-0.021750,0.353646,0.066865
168.197000,-0.407420,-4.317284,-0.089833,-0.324377,-3.972573,-0.023521,0.354572,0.066311
168.248000,-0.395684,-4.318351,-0.091425,-0.315419,-3.972908,-0.025769,0.354645,0.065656
168.294000,-0.387856,-4.319072,-0.092438,-0.306382,-3.973144,-0.026957,0.355393,0.065480
168.344000,-0.376112,-4.320170,-0.093926,-0.298530,-3.974196,-0.028747,0.354566,0.065179
168.397000,-0.368253,-4.320914,-0.094770,-0.288078,-3.974501,-0.030007,0.355570,0.064763
168.448000,-0.356460,-4.322042,-0.095959,-0.278863,-3.974840,-0.031029,0.355767,0.064930
168.498000,-0.348586,-4.322802,-0.096643,-0.268980,-3.975150,-0.031983,0.356650,0.064660
168.548000,-0.336772,-4.323954,-0.097632,-0.258427,-3.975909,-0.033085,0.356753,0.064547
168.597000,-0.328887,-4.324728,-0.098237,-0.248727,-3.976233,-0.033879,0.357596,0.064358
168.649000,-0.317038,-4.325901,-0.098969,-0.238987,-3.976563,-0.034815,0.357951,0.064154
168.697000,-0.309133,-4.326687,-0.099393,-0.229460,-3.976897,-0.035365,0.358750,0.064028
168.749000,-0.297267,-4.327874,-0.099952,-0.220043,-3.976647,-0.036231,0.359617,0.063721
168.799000,-0.289355,-4.328669,-0.100297,-0.210110,-3.977008,-0.036679,0.360479,0.063618
168.848000,-0.277481,-4.329867,-0.100778,-0.199636,-3.978082,-0.037451,0.360295,0.063327
168.898000,-0.269564,-4.330669,-0.101093,-0.189696,-3.978455,-0.037845,0.361156,0.063247
168.944000,-0.257675,-4.331877,-0.101511,-0.182262,-3.979211,-0.037713,0.360639,0.063798
168.997000,-0.249733,-4.332687,-0.101687,-0.171694,-3.979611,-0.038030,0.361597,0.063657
169.047000,-0.237820,-4.333904,-0.101924,-0.159754,-3.976065,-0.039991,0.366255,0.061933
169.097000,-0.229875,-4.334717,-0.102058,-0.149779,-3.976465,-0.040183,0.367097,0.061875
169.148000,-0.217984,-4.335936,-0.102291,-0.140496,-3.976205,-0.040743,0.367982,0.061547
169.196000,-0.210059,-4.336750,-0.102449,-0.130944,-3.976595,-0.040934,0.368743,0.061516
169.245000,-0.198172,-4.337974,-0.102687,-0.122438,-3.977267,-0.041187,0.368572,0.061500
169.299000,-0.190247,-4.338791,-0.102846,-0.111692,-3.977710,-0.041401,0.369527,0.061445
169.347000,-0.178341,-4.340022,-0.103092,-0.101769,-3.978313,-0.041849,0.369725,0.061243
169.399000,-0.170392,-4.340845,-0.103194,-0.091389,-3.978749,-0.042024,0.370614,0.061170
169.449000,-0.158467,-4.342080,-0.103344,-0.081423,-3.978330,-0.042594,0.371820,0.060750
169.497000,-0.150517,-4.342905,-0.103444,-0.071841,-3.978739,-0.042714,0.372569,0.060730
169.547000,-0.138592,-4.344144,-0.103587,-0.064345,-3.979624,-0.043233,0.372005,0.060353
169.597000,-0.130646,-4.344970,-0.103589,-0.054367,-3.980057,-0.043319,0.372800,0.060269
169.649000,-0.118733,-4.346208,-0.103489,-0.046134,-3.981836,-0.043191,0.371535,0.060298
169.697000,-0.110791,-4.347033,-0.103413,-0.036562,-3.982249,-0.043101,0.372259,0.060312
169.746000,-0.098879,-4.348268,-0.103299,-0.026743,-3.982718,-0.043314,0.372600,0.059985
169.796000,-0.090937,-4.349091,-0.103224,-0.016772,-3.983150,-0.043220,0.373381,0.060004
169.845000,-0.079048,-4.350322,-0.102990,-0.007418,-3.983663,-0.043266,0.373590,0.059724
169.897000,-0.071139,-4.351138,-0.102710,0.002910,-3.984110,-0.042986,0.374423,0.059723
169.948000,-0.059277,-4.352358,-0.102220,0.012432,-3.985838,-0.042630,0.373469,0.059591
169.999000,-0.051370,-4.353168,-0.101886,0.022557,-3.986269,-0.042205,0.374273,0.059681
170.047000,-0.039509,-4.354378,-0.101385,0.031957,-3.983111,-0.042376,0.378082,0.059009
170.099000,-0.031601,-4.355181,-0.101051,0.042281,-3.983548,-0.041942,0.378905,0.059109
170.147000,-0.019745,-4.356380,-0.100489,0.051893,-3.985983,-0.041256,0.377260,0.059233
170.195000,-0.011844,-4.357175,-0.100097,0.061414,-3.986375,-0.040789,0.377967,0.059308
170.245000,0.000004,-4.358361,-0.099471,0.071785,-3.986966,-0.040403,0.378268,0.059068
170.295000,0.007899,-4.359147,-0.099031,0.081695,-3.987366,-0.039871,0.379034,0.059160
170.346000,0.019741,-4.360319,-0.098348,0.092342,-3.987752,-0.039466,0.379575,0.058882
170.399000,0.027634,-4.361096,-0.097881,0.102843,-3.988166,-0.038857,0.380439,0.059024
170.449000,0.039473,-4.362255,-0.097167,0.112034,-3.987855,-0.038340,0.381366,0.058828
170.496000,0.047366,-4.363022,-0.096691,0.121346,-3.988211,-0.037780,0.382042,0.058911
170.549000,0.059211,-4.364167,-0.095989,0.130771,-3.988617,-0.037042,0.382307,0.058946
170.597000,0.067109,-4.364926,-0.095532,0.140286,-3.988968,-0.036489,0.383013,0.059043
170.648000,0.078958,-4.366057,-0.094847,0.149312,-3.986809,-0.036303,0.385718,0.058544
170.699000,0.086864,-4.366807,-0.094411,0.159430,-3.987175,-0.035726,0.386506,0.058685
170.746000,0.098741,-4.367929,-0.093881,0.168480,-3.984001,-0.035830,0.390210,0.058051
170.799000,0.106686,-4.368676,-0.093646,0.179044,-3.984377,-0.035409,0.391051,0.058237
170.849000,0.118605,-4.369794,-0.093405,0.189352,-3.985244,-0.035010,0.391003,0.058395
170.896000,0.126546,-4.370537,-0.093244,0.198717,-3.985572,-0.034828,0.391671,0.058416
170.950000,0.138453,-4.371649,-0.092974,0.208806,-3.986540,-0.034957,0.391482,0.058018
170.999000,0.146383,-4.372387,-0.092754,0.218555,-3.986881,-0.034720,0.392204,0.058035
171.047000,0.158273,-4.373491,-0.092375,0.227662,-3.986933,-0.034810,0.392736,0.057565
171.097000,0.166200,-4.374224,-0.092108,0.237606,-3.987279,-0.034484,0.393479,0.057624
171.149000,0.178090,-4.375320,-0.091707,0.248791,-3.986768,-0.034545,0.394932,0.057162
171.199000,0.186018,-4.376048,-0.091439,0.258735,-3.987111,-0.034211,0.395676,0.057229
171.245000,0.197908,-4.377136,-0.091036,0.266975,-3.986998,-0.033987,0.396204,0.057050
171.299000,0.205839,-4.377859,-0.090773,0.277719,-3.987362,-0.033625,0.397057,0.057148
171.346000,0.217734,-4.378939,-0.090380,0.287733,-3.989151,-0.033719,0.396024,0.056662
171.346000,0.229630,-4.380015,-0.089988,0.287733,-3.989151,-0.033719,0.395160,0.056269
171.346000,0.229630,-4.380015,-0.089988,0.287733,-3.989151,-0.033719,0.395160,0.056269
171.403000,0.237561,-4.380730,-0.089726,0.299074,-3.989531,-0.033346,0.396005,0.056380
171.598000,0.269174,-4.383551,-0.088102,0.336611,-3.992899,-0.031490,0.396430,0.056612
171.648000,0.277064,-4.384246,-0.087569,0.345892,-3.994831,-0.031056,0.395450,0.056514
171.698000,0.284940,-4.384935,-0.086976,0.355770,-3.995138,-0.030369,0.396180,0.056607
171.747000,0.296754,-4.385959,-0.086033,0.365537,-3.995896,-0.029586,0.396082,0.056447
171.797000,0.304630,-4.386636,-0.085404,0.375414,-3.996186,-0.028800,0.396814,0.056604
171.846000,0.316445,-4.387642,-0.084460,0.385390,-3.997492,-0.027823,0.396195,0.056637
171.899000,0.324322,-4.388307,-0.083829,0.395860,-3.997782,-0.026989,0.397023,0.056840
171.949000,0.336130,-4.389293,-0.082825,0.406531,-3.998896,-0.026357,0.396694,0.056469
171.996000,0.343993,-4.389943,-0.082100,0.415798,-3.999139,-0.025545,0.397346,0.056555
172.045000,0.355790,-4.390907,-0.080982,0.425345,-3.999661,-0.024522,0.397380,0.056460
172.098000,0.367589,-4.391858,-0.079862,0.435798,-3.999915,-0.023533,0.397833,0.056329
172.145000,0.375456,-4.392484,-0.079116,0.445098,-3.999769,-0.022779,0.398842,0.056337
172.196000,0.383323,-4.393105,-0.078369,0.455157,-3.999996,-0.021827,0.399618,0.056542
172.249000,0.395128,-4.394026,-0.077255,0.464752,-3.999567,-0.021176,0.400555,0.056080
172.298000,0.403010,-4.394633,-0.076567,0.474435,-3.999770,-0.020286,0.401271,0.056281
172.347000,0.414840,-4.395535,-0.075595,0.483579,-3.994931,-0.020329,0.406458,0.055266
172.397000,0.422767,-4.396133,-0.075077,0.493513,-3.995130,-0.019567,0.407196,0.055510
172.449000,0.434664,-4.397023,-0.074309,0.503602,-3.992927,-0.019076,0.409934,0.055233
172.499000,0.442595,-4.397612,-0.073858,0.513542,-3.993115,-0.018456,0.410672,0.055402
172.549000,0.454494,-4.398488,-0.073204,0.524097,-3.992924,-0.018115,0.411494,0.055089
172.598000,0.462426,-4.399068,-0.072768,0.533839,-3.993099,-0.017581,0.412202,0.055187
172.645000,0.474332,-4.399932,-0.072143,0.543938,-3.993878,-0.017263,0.411977,0.054880
172.697000,0.482291,-4.400506,-0.071908,0.554308,-3.994053,-0.016789,0.412784,0.055119
172.749000,0.494226,-4.401365,-0.071641,0.566066,-3.991560,-0.016773,0.416054,0.054868
172.799000,0.506194,-4.402223,-0.071539,0.576062,-3.991726,-0.016588,0.416400,0.054950
172.846000,0.514173,-4.402794,-0.071520,0.584273,-3.988612,-0.017099,0.420073,0.054421
172.898000,0.522129,-4.403365,-0.071597,0.594642,-3.988788,-0.017106,0.420871,0.054491
172.947000,0.534061,-4.404222,-0.071815,0.603501,-3.988937,-0.016939,0.421050,0.054877
172.997000,0.542017,-4.404795,-0.071976,0.613470,-3.989106,-0.017131,0.421785,0.054845
173.048000,0.553951,-4.405656,-0.072218,0.623161,-3.990869,-0.016861,0.420522,0.055357
173.099000,0.561907,-4.406233,-0.072380,0.633330,-3.991041,-0.017067,0.421290,0.055313
173.147000,0.573840,-4.407099,-0.072622,0.642091,-3.990515,-0.017336,0.422138,0.055286
173.199000,0.581804,-4.407679,-0.072759,0.652469,-3.990696,-0.017540,0.422929,0.055219
173.246000,0.593765,-4.408552,-0.072859,0.663320,-3.989905,-0.017726,0.424386,0.055133
173.298000,0.601733,-4.409134,-0.072923,0.673705,-3.990089,-0.017803,0.425180,0.055120
173.348000,0.613686,-4.410007,-0.073025,0.683009,-3.990642,-0.017810,0.425056,0.055215
173.398000,0.621654,-4.410591,-0.073093,0.692995,-3.990820,-0.017895,0.425789,0.055198
173.448000,0.633607,-4.411467,-0.073196,0.701946,-3.991935,-0.017803,0.425061,0.055393
173.496000,0.641576,-4.412051,-0.073264,0.711533,-3.992106,-0.017885,0.425733,0.055379
173.548000,0.653531,-4.412929,-0.073254,0.721999,-3.994185,-0.017704,0.424304,0.055550
173.596000,0.661483,-4.413512,-0.073143,0.731566,-3.994355,-0.017650,0.424975,0.055493
173.647000,0.673407,-4.414384,-0.072881,0.740575,-3.994353,-0.017365,0.425367,0.055516
173.699000,0.681358,-4.414964,-0.072690,0.750937,-3.994533,-0.017125,0.426149,0.055565
173.746000,0.693285,-4.415830,-0.072397,0.759587,-3.993741,-0.016955,0.427265,0.055442
173.797000,0.701243,-4.416407,-0.072228,0.769758,-3.993912,-0.016714,0.428014,0.055513
173.848000,0.713181,-4.417269,-0.072000,0.779973,-3.993905,-0.016420,0.428601,0.055581
173.898000,0.721141,-4.417843,-0.071857,0.789947,-3.994068,-0.016235,0.429324,0.055622
173.947000,0.733081,-4.418701,-0.071643,0.798459,-3.993097,-0.015955,0.430596,0.055687
173.995000,0.741041,-4.419272,-0.071502,0.808034,-3.993250,-0.015785,0.431257,0.055717
174.045000,0.752981,-4.420126,-0.071292,0.816249,-3.993304,-0.015648,0.431485,0.055643
174.045000,0.764921,-4.420977,-0.071081,0.816249,-3.993304,-0.015648,0.430742,0.055433
174.102000,0.768901,-4.421260,-0.071011,0.827619,-3.993481,-0.015448,0.431791,0.055563
174.198000,0.780852,-4.422109,-0.070849,0.847208,-3.993890,-0.015176,0.433330,0.055673
174.245000,0.792802,-4.422957,-0.070706,0.855887,-3.995152,-0.014987,0.432431,0.055718
174.295000,0.800769,-4.423520,-0.070611,0.865869,-3.995301,-0.014868,0.433140,0.055742
174.349000,0.812703,-4.424363,-0.070401,0.877256,-3.995255,-0.014736,0.433937,0.055665
174.399000,0.820659,-4.424924,-0.070239,0.887225,-3.995401,-0.014544,0.434650,0.055695
174.448000,0.832593,-4.425762,-0.069987,0.896098,-3.996301,-0.014382,0.434130,0.055605
174.497000,0.840542,-4.426318,-0.069792,0.905859,-3.996442,-0.014167,0.434810,0.055625
174.546000,0.852465,-4.427150,-0.069469,0.915919,-3.996633,-0.013989,0.435168,0.055480
174.598000,0.860412,-4.427702,-0.069243,0.926275,-3.996778,-0.013703,0.435928,0.055540
174.647000,0.872334,-4.428527,-0.068899,0.935923,-3.998405,-0.013088,0.434797,0.055812
174.696000,0.880282,-4.429074,-0.068669,0.945681,-3.998532,-0.012806,0.435481,0.055863
174.749000,0.892204,-4.429892,-0.068324,0.955815,-4.000294,-0.012385,0.434282,0.055940
174.799000,0.900152,-4.430435,-0.068095,0.965772,-4.000417,-0.012097,0.434996,0.055997
174.848000,0.912048,-4.431244,-0.067639,0.973955,-4.002485,-0.011689,0.433205,0.055950
174.848000,0.923908,-4.432043,-0.066957,0.973955,-4.002485,-0.011689,0.432464,0.055267
174.848000,0.923908,-4.432043,-0.066957,0.973955,-4.002485,-0.011689,0.432464,0.055267
174.902000,0.927861,-4.432308,-0.066706,0.984649,-4.002609,-0.011199,0.433435,0.055507
175.096000,0.959492,-4.434389,-0.064697,1.024028,-4.005744,-0.008823,0.433476,0.055873
175.147000,0.971339,-4.435152,-0.063873,1.034819,-4.004677,-0.008271,0.435130,0.055602
175.197000,0.979242,-4.435655,-0.063298,1.044716,-4.004757,-0.007557,0.435844,0.055741
175.246000,0.991101,-4.436402,-0.062468,1.053361,-4.002064,-0.006883,0.438778,0.055584
175.298000,0.999033,-4.436896,-0.062015,1.063690,-4.002132,-0.006201,0.439546,0.055814
175.345000,1.010938,-4.437632,-0.061459,1.072122,-4.001020,-0.005956,0.440878,0.055503
175.396000,1.018887,-4.438120,-0.061156,1.082274,-4.001079,-0.005514,0.441614,0.055642
175.449000,1.030812,-4.438848,-0.060760,1.091291,-3.997807,-0.005450,0.445168,0.055310
175.499000,1.038790,-4.439332,-0.060608,1.101281,-3.997859,-0.005160,0.445874,0.055449
175.545000,1.050761,-4.440058,-0.060512,1.110539,-3.997929,-0.004679,0.446152,0.055833
175.598000,1.058744,-4.440542,-0.060479,1.121136,-3.997978,-0.004613,0.446940,0.055866
175.648000,1.070718,-4.441267,-0.060446,1.129482,-4.000099,-0.003752,0.445064,0.056694
175.648000,1.082670,-4.441989,-0.060322,1.129482,-4.000099,-0.003752,0.444363,0.056570
175.701000,1.086653,-4.442230,-0.060270,1.140056,-4.000139,-0.003706,0.445304,0.056564
175.799000,1.098604,-4.442950,-0.060115,1.158761,-4.001635,-0.003091,0.445396,0.057024
175.847000,1.110556,-4.443668,-0.059959,1.167217,-4.003739,-0.002799,0.443564,0.057160
175.897000,1.118523,-4.444146,-0.059852,1.177194,-4.003766,-0.002669,0.444271,0.057183
175.947000,1.130434,-4.444858,-0.059500,1.187215,-4.001758,-0.002808,0.446723,0.056692
175.998000,1.138390,-4.445331,-0.059259,1.197376,-4.001786,-0.002482,0.447450,0.056778
176.045000,1.150326,-4.446037,-0.058916,1.207261,-4.001154,-0.002390,0.448511,0.056526
176.099000,1.158284,-4.446506,-0.058687,1.218023,-4.001179,-0.002081,0.449315,0.056606
176.147000,1.170220,-4.447205,-0.058344,1.227688,-3.999330,-0.001878,0.451547,0.056466
176.198000,1.178190,-4.447670,-0.058163,1.237867,-3.999348,-0.001598,0.452276,0.056566
176.245000,1.190167,-4.448366,-0.058067,1.247718,-3.997978,-0.001418,0.454051,0.056648
176.299000,1.198153,-4.448830,-0.058031,1.258516,-3.997993,-0.001358,0.454861,0.056673
176.348000,1.210127,-4.449526,-0.057993,1.267692,-4.000110,-0.001102,0.453088,0.056891
176.398000,1.218107,-4.449989,-0.057979,1.277684,-4.000121,-0.001081,0.453796,0.056898
176.446000,1.230078,-4.450684,-0.057928,1.286650,-3.997561,-0.001008,0.456640,0.056920
176.497000,1.238048,-4.451146,-0.057967,1.296829,-3.997570,-0.000983,0.457368,0.056983
176.544000,1.250001,-4.451840,-0.058115,1.305457,-3.997203,-0.001319,0.458007,0.056796
176.598000,1.257968,-4.452304,-0.058238,1.316231,-3.997217,-0.001468,0.458801,0.056771
176.648000,1.269919,-4.453002,-0.058428,1.325754,-3.996882,-0.001742,0.459525,0.056686
176.698000,1.277886,-4.453469,-0.058555,1.335730,-3.996900,-0.001901,0.460219,0.056654
176.746000,1.289836,-4.454170,-0.058746,1.345677,-3.996622,-0.002068,0.460943,0.056678
176.799000,1.301785,-4.454874,-0.058947,1.356251,-3.996644,-0.002237,0.461456,0.056710
176.847000,1.309751,-4.455345,-0.059088,1.366022,-3.993522,-0.003090,0.465239,0.055998
176.899000,1.317693,-4.455816,-0.059316,1.376367,-3.993553,-0.003302,0.465972,0.056015
176.944000,1.329604,-4.456525,-0.059694,1.385255,-3.992895,-0.003955,0.466958,0.055738
176.995000,1.337545,-4.457001,-0.059945,1.395398,-3.992936,-0.004276,0.467657,0.055669
177.045000,1.349456,-4.457718,-0.060323,1.404224,-3.990796,-0.005416,0.470123,0.054906
177.097000,1.357397,-4.458199,-0.060593,1.414566,-3.990853,-0.005749,0.470830,0.054843
177.144000,1.369308,-4.458924,-0.061004,1.423594,-3.989491,-0.006445,0.472562,0.054559
177.197000,1.377242,-4.459410,-0.061309,1.434127,-3.989559,-0.006815,0.473282,0.054494
177.247000,1.389131,-4.460142,-0.061821,1.444922,-3.989252,-0.007819,0.474184,0.054002
177.298000,1.397056,-4.460634,-0.062169,1.455045,-3.989332,-0.008255,0.474856,0.053914
177.348000,1.408942,-4.461378,-0.062774,1.465105,-3.991155,-0.007972,0.473565,0.054802
177.398000,1.416881,-4.461878,-0.063136,1.475048,-3.991236,-0.008467,0.474223,0.054669
177.449000,1.428794,-4.462634,-0.063606,1.485427,-3.995993,-0.008967,0.470065,0.054639
177.499000,1.436771,-4.463143,-0.063753,1.495418,-3.996086,-0.009297,0.470725,0.054456
177.548000,1.448737,-4.463907,-0.063770,1.504562,-4.000164,-0.009081,0.467091,0.054689
177.599000,1.456680,-4.464414,-0.063618,1.514710,-4.000258,-0.009030,0.467769,0.054589
177.648000,1.468590,-4.465170,-0.063229,1.523468,-4.004805,-0.008378,0.463624,0.054851
177.699000,1.476531,-4.465672,-0.062958,1.533611,-4.004890,-0.008033,0.464304,0.054924
177.747000,1.488442,-4.466421,-0.062550,1.541770,-4.008371,-0.007106,0.461144,0.055443
177.747000,1.500346,-4.467164,-0.062124,1.541770,-4.008371,-0.007106,0.460659,0.055018
177.747000,1.500346,-4.467164,-0.062124,1.541770,-4.008371,-0.007106,0.460659,0.055018
177.801000,1.504282,-4.467408,-0.061854,1.552503,-4.008445,-0.006740,0.461489,0.055114
177.995000,1.535769,-4.469308,-0.058504,1.590745,-4.009325,-0.003638,0.463257,0.054866
178.049000,1.547567,-4.469990,-0.057016,1.600989,-4.010098,-0.002583,0.462985,0.054434
178.099000,1.555427,-4.470435,-0.055976,1.610829,-4.010121,-0.001320,0.463636,0.054656
178.149000,1.567216,-4.471086,-0.054412,1.617314,-4.007557,-0.001198,0.466228,0.053214
178.196000,1.575076,-4.471510,-0.053369,1.626563,-4.007565,0.000028,0.466793,0.053397
178.246000,1.586868,-4.472131,-0.051801,1.636453,-4.006029,0.000837,0.468731,0.052638
178.297000,1.594730,-4.472534,-0.050735,1.646491,-4.006018,0.002178,0.469379,0.052914
178.347000,1.606537,-4.473124,-0.049165,1.656422,-4.005693,0.003562,0.470086,0.052727
178.397000,1.614465,-4.473511,-0.048369,1.666342,-4.005652,0.004781,0.470727,0.053151
178.448000,1.626368,-4.474081,-0.047400,1.675736,-4.006762,0.006089,0.469920,0.053489
178.498000,1.634291,-4.474455,-0.046745,1.685651,-4.006701,0.006884,0.470565,0.053629
178.547000,1.646176,-4.475005,-0.045760,1.695042,-4.009361,0.008534,0.468200,0.054294
178.594000,1.654085,-4.475364,-0.045007,1.704345,-4.009281,0.009324,0.468785,0.054331
178.646000,1.665922,-4.475888,-0.043464,1.713773,-4.010357,0.010658,0.467984,0.054122
178.696000,1.673814,-4.476227,-0.042400,1.723646,-4.010248,0.011982,0.468636,0.054382
178.748000,1.685646,-4.476720,-0.040702,1.731725,-4.013519,0.013761,0.465486,0.054463
178.797000,1.693473,-4.477032,-0.039082,1.741321,-4.013390,0.015310,0.466105,0.054392
178.847000,1.705215,-4.477474,-0.036038,1.750668,-4.013308,0.017186,0.466386,0.053224
178.898000,1.713044,-4.477748,-0.033861,1.760654,-4.013132,0.019872,0.467049,0.053732
178.944000,1.724787,-4.478126,-0.030590,1.768436,-4.010660,0.020983,0.469500,0.051574
178.998000,1.732617,-4.478357,-0.028410,1.779008,-4.010431,0.023927,0.470220,0.052337
179.045000,1.744364,-4.478672,-0.025134,1.787974,-4.014519,0.026635,0.466197,0.051769
179.097000,1.752198,-4.478860,-0.022916,1.798157,-4.014242,0.029488,0.466886,0.052404
179.149000,1.763974,-4.479111,-0.019753,1.807776,-4.013616,0.032235,0.467551,0.051988
179.197000,1.771801,-4.479257,-0.017414,1.817164,-4.013312,0.034765,0.468147,0.052179
179.246000,1.783539,-4.479436,-0.012939,1.827056,-4.013575,0.037767,0.467888,0.050706
179.298000,1.791366,-4.479525,-0.009811,1.837224,-4.013182,0.041765,0.468592,0.051576
179.345000,1.803103,-4.479612,-0.005072,1.847300,-4.014055,0.043881,0.467650,0.048953
179.394000,1.810885,-4.479637,-0.001177,1.856826,-4.013636,0.047973,0.468260,0.049150
179.449000,1.822557,-4.479613,0.005312,1.867990,-4.013740,0.052595,0.468083,0.047283
179.499000,1.830338,-4.479555,0.009638,1.877702,-4.013217,0.058002,0.468737,0.048364
179.548000,1.842009,-4.479405,0.016127,1.887287,-4.013570,0.062357,0.468030,0.046231
179.597000,1.849847,-4.479266,0.018949,1.896870,-4.012941,0.067151,0.468690,0.048202
179.647000,1.861532,-4.479032,0.020750,1.905639,-4.015961,0.071412,0.465167,0.050662
179.647000,1.873222,-4.478792,0.019812,1.905639,-4.015961,0.071412,0.463966,0.051600
179.647000,1.873222,-4.478792,0.019812,1.905639,-4.015961,0.071412,0.463966,0.051600
179.705000,1.881009,-4.478643,0.018636,1.916911,-4.015123,0.072174,0.464908,0.053538
179.896000,1.908160,-4.478201,0.013780,1.954617,-4.010986,0.073008,0.469519,0.059229
179.948000,1.919796,-4.478054,0.011547,1.964349,-4.008143,0.070851,0.472018,0.059303
179.948000,1.931414,-4.477933,0.009212,1.964349,-4.008143,0.070851,0.470943,0.061638
180.003000,1.935286,-4.477899,0.008428,1.974971,-4.007399,0.068776,0.472170,0.060348
180.149000,1.958506,-4.477759,0.003525,2.002133,-4.000979,0.062302,0.478772,0.058776
180.195000,1.966229,-4.477738,0.001726,2.010998,-4.000430,0.060304,0.479404,0.058577
180.248000,1.977821,-4.477734,-0.001018,2.020053,-3.995973,0.057256,0.483609,0.058274
180.299000,1.985524,-4.477749,-0.002934,2.029860,-3.995415,0.054894,0.484368,0.057828
180.349000,1.997083,-4.477800,-0.005880,2.039435,-3.996972,0.053080,0.482691,0.058960
180.398000,2.008677,-4.477885,-0.008705,2.048889,-3.996475,0.050693,0.483086,0.059398
180.444000,2.016409,-4.477960,-0.010552,2.057327,-3.995654,0.048483,0.484038,0.059035
180.498000,2.024142,-4.478048,-0.012399,2.067755,-3.995154,0.045989,0.484860,0.058388
180.547000,2.035740,-4.478208,-0.015170,2.076249,-3.992917,0.043224,0.486979,0.058394
180.598000,2.043473,-4.478333,-0.017009,2.086100,-3.992497,0.040871,0.487703,0.057880
180.648000,2.055086,-4.478546,-0.019666,2.095709,-3.992950,0.038770,0.487292,0.058436
180.648000,2.066722,-4.478789,-0.022187,2.095709,-3.992950,0.038770,0.486703,0.060957
180.648000,2.066722,-4.478789,-0.022187,2.095709,-3.992950,0.038770,0.486703,0.060957
180.701000,2.070603,-4.478877,-0.023004,2.105984,-3.992566,0.036462,0.487597,0.059466
180.898000,2.101764,-4.479688,-0.028837,2.144635,-3.993664,0.029267,0.487911,0.058104
180.946000,2.113471,-4.480037,-0.030836,2.153273,-3.991636,0.027212,0.490020,0.058048
180.998000,2.121266,-4.480283,-0.032181,2.163409,-3.991364,0.025483,0.490732,0.057664
181.047000,2.132966,-4.480671,-0.034195,2.172811,-3.990134,0.023277,0.492153,0.057472
181.098000,2.140764,-4.480943,-0.035534,2.182758,-3.989907,0.021569,0.492829,0.057103
181.145000,2.152463,-4.481371,-0.037541,2.192155,-3.994396,0.020563,0.488590,0.058104
181.197000,2.160261,-4.481669,-0.038879,2.202298,-3.994192,0.018824,0.489286,0.057702
181.246000,2.171958,-4.482136,-0.040885,2.210172,-3.993043,0.017146,0.490584,0.058031
181.246000,2.183702,-4.482628,-0.042728,2.210172,-3.993043,0.017146,0.490300,0.059874
181.300000,2.187630,-4.482797,-0.043247,2.220731,-3.992867,0.015352,0.491047,0.058600
181.398000,2.199415,-4.483316,-0.044798,2.239855,-3.997722,0.013329,0.487275,0.058127
181.447000,2.211198,-4.483853,-0.046348,2.248536,-4.001439,0.012063,0.483857,0.058411
181.496000,2.219053,-4.484222,-0.047381,2.258168,-4.001325,0.010797,0.484478,0.058178
181.546000,2.230941,-4.484793,-0.048463,2.267298,-4.005365,0.010127,0.480804,0.058589
181.598000,2.238927,-4.485181,-0.048718,2.277690,-4.005266,0.009470,0.481479,0.058187
181.648000,2.250905,-4.485766,-0.048792,2.286485,-4.007351,0.008827,0.479736,0.057620
181.698000,2.258871,-4.486155,-0.048708,2.296453,-4.007265,0.008832,0.480362,0.057540
181.747000,2.270817,-4.486736,-0.048492,2.306022,-4.004423,0.007852,0.483596,0.056344
181.797000,2.278781,-4.487122,-0.048349,2.315989,-4.004344,0.008031,0.484209,0.056380
181.849000,2.290727,-4.487698,-0.048133,2.325561,-4.001012,0.007574,0.487931,0.055706
181.896000,2.298692,-4.488081,-0.047984,2.334929,-4.000941,0.007744,0.488487,0.055727
181.949000,2.310638,-4.488655,-0.048047,2.344818,-4.001805,0.007775,0.488049,0.055823
181.997000,2.318609,-4.489039,-0.048170,2.354394,-4.001730,0.007664,0.488621,0.055834
182.048000,2.330567,-4.489617,-0.048366,2.364724,-4.002055,0.007733,0.488756,0.056099
182.097000,2.338540,-4.490003,-0.048490,2.374504,-4.001980,0.007574,0.489346,0.056064
182.149000,2.350502,-4.490585,-0.048667,2.385735,-4.002823,0.007461,0.489033,0.056129
182.196000,2.358483,-4.490974,-0.048757,2.395124,-4.002753,0.007332,0.489593,0.056088
182.246000,2.370456,-4.491558,-0.048857,2.404331,-4.003306,0.007384,0.489426,0.056242
182.296000,2.378443,-4.491949,-0.048902,2.414326,-4.003233,0.007310,0.490032,0.056212
182.346000,2.390423,-4.492536,-0.048950,2.424757,-4.001981,0.006948,0.491754,0.055897
182.395000,2.398400,-4.492927,-0.049012,2.434541,-4.001913,0.006901,0.492342,0.055913
182.447000,2.410364,-4.493514,-0.049142,2.445187,-4.001009,0.006669,0.493735,0.055811
182.499000,2.418334,-4.493907,-0.049262,2.455560,-4.000940,0.006542,0.494370,0.055804
182.546000,2.430287,-4.494497,-0.049470,2.465621,-3.998487,0.005877,0.497268,0.055347
182.599000,2.438256,-4.494893,-0.049612,2.476193,-3.998425,0.005690,0.497915,0.055302
182.645000,2.450194,-4.495487,-0.049867,2.485864,-4.001304,0.006501,0.495468,0.056367
182.698000,2.458144,-4.495884,-0.050065,2.496410,-4.001236,0.006251,0.496126,0.056316
182.748000,2.470088,-4.496484,-0.050345,2.506233,-4.006639,0.006434,0.491178,0.056779
182.748000,2.482027,-4.497086,-0.050274,2.506233,-4.006639,0.006434,0.491044,0.056708
182.748000,2.482027,-4.497086,-0.050274,2.506233,-4.006639,0.006434,0.491044,0.056708
182.802000,2.486006,-4.497286,-0.050205,2.516990,-4.006575,0.006257,0.491689,0.056462
182.998000,2.517840,-4.498877,-0.049654,2.552823,-4.001840,0.006489,0.498267,0.056143
183.049000,2.529802,-4.499470,-0.049541,2.559533,-4.000056,0.007008,0.500299,0.056549
183.098000,2.537762,-4.499865,-0.049649,2.569296,-3.999985,0.007001,0.500874,0.056650
183.149000,2.549698,-4.500460,-0.049934,2.578862,-3.998492,0.006811,0.502815,0.056745
183.198000,2.557644,-4.500858,-0.050192,2.588608,-3.998425,0.006548,0.503387,0.056740
183.246000,2.569562,-4.501460,-0.050633,2.597230,-3.996922,0.006556,0.505296,0.057189
183.297000,2.577508,-4.501863,-0.050934,2.607374,-3.996856,0.006175,0.505890,0.057109
183.345000,2.589426,-4.502474,-0.051385,2.618214,-3.996594,0.005725,0.506698,0.057110
183.398000,2.597371,-4.502884,-0.051686,2.628756,-3.996535,0.005327,0.507321,0.057012
183.448000,2.609279,-4.503502,-0.052178,2.639122,-3.994149,0.004715,0.510226,0.056893
183.499000,2.617212,-4.503918,-0.052538,2.649250,-3.994102,0.004273,0.510821,0.056811
183.547000,2.629102,-4.504547,-0.053124,2.659386,-3.997402,0.004428,0.508048,0.057552
183.598000,2.637045,-4.504971,-0.053509,2.669527,-3.997358,0.003915,0.508651,0.057424
183.646000,2.648965,-4.505612,-0.053993,2.676905,-3.995367,0.003874,0.511009,0.057866
183.699000,2.656894,-4.506042,-0.054352,2.687428,-3.995327,0.003441,0.511627,0.057793
183.748000,2.668787,-4.506692,-0.054917,2.698127,-3.994988,0.002950,0.512545,0.057867
183.748000,2.680679,-4.507349,-0.055482,2.698127,-3.994988,0.002950,0.512658,0.058433
183.803000,2.684643,-4.507570,-0.055671,2.709045,-3.994959,0.002432,0.513192,0.058103
183.897000,2.696534,-4.508236,-0.056236,2.726818,-3.994989,0.001538,0.514140,0.057774
183.948000,2.708426,-4.508909,-0.056802,2.737075,-3.994372,0.000851,0.515333,0.057652
183.998000,2.716356,-4.509361,-0.057194,2.747004,-3.994365,0.000373,0.515908,0.057567
184.047000,2.728256,-4.510046,-0.057763,2.756992,-4.001051,0.000453,0.509805,0.058216
184.098000,2.736230,-4.510508,-0.057952,2.767174,-4.001050,0.000033,0.510397,0.057985
184.148000,2.748196,-4.511203,-0.057960,2.777659,-4.001558,-0.000356,0.510495,0.057604
184.199000,2.756167,-4.511665,-0.057890,2.787840,-4.001562,-0.000319,0.511085,0.057570
184.245000,2.768123,-4.512357,-0.057767,2.797848,-4.003207,-0.000423,0.510017,0.057344
184.296000,2.780079,-4.513048,-0.057644,2.808027,-4.003211,-0.000319,0.510602,0.057326
184.348000,2.788050,-4.513507,-0.057562,2.818560,-4.004817,-0.000169,0.509604,0.057393
184.397000,2.796014,-4.513966,-0.057453,2.828333,-4.004819,-0.000064,0.510171,0.057389
184.449000,2.807929,-4.514649,-0.057097,2.839184,-4.009426,0.001156,0.506189,0.058253
184.498000,2.815836,-4.515100,-0.056685,2.848886,-4.009416,0.001523,0.506762,0.058208
184.549000,2.827696,-4.515769,-0.056001,2.858036,-4.010341,0.002187,0.506337,0.058188
184.549000,2.839557,-4.516429,-0.055316,2.858036,-4.010341,0.002187,0.506426,0.057503
184.600000,2.843510,-4.516648,-0.055087,2.868133,-4.010315,0.002769,0.506931,0.057857
184.698000,2.855371,-4.517298,-0.054358,2.887773,-4.010721,0.003797,0.507612,0.058155
184.745000,2.867230,-4.517938,-0.053544,2.896940,-4.010898,0.004363,0.507910,0.057907
184.797000,2.875137,-4.518360,-0.053001,2.907234,-4.010851,0.005069,0.508523,0.058070
184.844000,2.886997,-4.518984,-0.052186,2.914367,-4.009455,0.005925,0.510264,0.058111
184.898000,2.894905,-4.519395,-0.051641,2.925057,-4.009390,0.006659,0.510896,0.058300
184.948000,2.906805,-4.520006,-0.050961,2.934792,-4.011136,0.007726,0.509639,0.058687
184.997000,2.914728,-4.520408,-0.050524,2.944510,-4.011059,0.008259,0.510219,0.058783
185.047000,2.926612,-4.521005,-0.049867,2.953356,-4.015182,0.009605,0.506529,0.059472
185.097000,2.934523,-4.521398,-0.049382,2.963256,-4.015087,0.010163,0.507126,0.059546
185.149000,2.946371,-4.521979,-0.048496,2.974341,-4.016465,0.010462,0.506287,0.058958
185.198000,2.954271,-4.522360,-0.047888,2.984030,-4.016362,0.011202,0.506872,0.059090
185.248000,2.966123,-4.522922,-0.046976,2.994292,-4.012627,0.011372,0.511072,0.058348
185.295000,2.974024,-4.523291,-0.046368,3.003585,-4.012519,0.012086,0.511627,0.058454
185.348000,2.985883,-4.523836,-0.045461,3.013934,-4.013871,0.013313,0.510736,0.058774
185.398000,2.993809,-4.524195,-0.044950,3.023850,-4.013736,0.014036,0.511342,0.058986
185.449000,3.005704,-4.524725,-0.044266,3.032169,-4.008857,0.014500,0.516546,0.058766
185.498000,3.013679,-4.525077,-0.043988,3.041946,-4.008712,0.014998,0.517138,0.058986
185.548000,3.025650,-4.525603,-0.043778,3.052011,-4.008478,0.016019,0.517797,0.059797
185.597000,3.033638,-4.525953,-0.043707,3.061804,-4.008320,0.016152,0.518398,0.059860
185.647000,3.045623,-4.526476,-0.043656,3.072669,-4.009626,0.016541,0.517558,0.060197
185.685000,3.053603,-4.526825,-0.043602,3.080255,-4.009500,0.016573,0.518011,0.060175
185.685000,3.069564,-4.527520,-0.043476,3.080255,-4.009500,0.016573,0.518130,0.060048
185.685000,3.085525,-4.528214,-0.043349,3.080255,-4.009500,0.016573,0.518740,0.059922
185.685000,3.105477,-4.529077,-0.043191,3.080255,-4.009500,0.016573,0.520189,0.059763
185.685000,3.121442,-4.529766,-0.043047,3.080255,-4.009500,0.016573,0.521894,0.059619
186.015000,3.141399,-4.530624,-0.042867,3.146718,-4.004581,0.016437,0.526070,0.059304
186.241000,3.177315,-4.532159,-0.042576,3.191631,-4.006395,0.016584,0.525959,0.059160
186.349000,3.185267,-4.532498,-0.042708,3.212692,-4.004570,0.016653,0.528640,0.059362
186.398000,3.193219,-4.532838,-0.042852,3.222441,-4.004408,0.016487,0.529237,0.059339
186.449000,3.205151,-4.533352,-0.043107,3.231606,-4.003793,0.017209,0.530219,0.060316
186.497000,3.213100,-4.533695,-0.043361,3.241152,-4.003628,0.016966,0.530809,0.060327
186.545000,3.225022,-4.534215,-0.043800,3.249356,-4.001858,0.016943,0.532913,0.060742
186.595000,3.232955,-4.534564,-0.044159,3.259281,-4.001690,0.016554,0.533524,0.060713
186.647000,3.244852,-4.535093,-0.044724,3.268729,-3.999030,0.016049,0.536595,0.060773
186.696000,3.252784,-4.535450,-0.045101,3.278454,-3.998875,0.015587,0.537189,0.060688
186.749000,3.264681,-4.535990,-0.045667,3.289418,-3.997136,0.014763,0.539421,0.060429
186.799000,3.272598,-4.536354,-0.046101,3.299324,-3.996990,0.014276,0.540025,0.060377
186.847000,3.284445,-4.536905,-0.046930,3.308432,-4.000318,0.014074,0.537123,0.061004
186.896000,3.292343,-4.537278,-0.047485,3.318116,-4.000183,0.013394,0.537713,0.060879
186.947000,3.304189,-4.537846,-0.048318,3.327255,-4.001030,0.013158,0.537311,0.061476
186.996000,3.312086,-4.538230,-0.048880,3.336939,-4.000904,0.012477,0.537901,0.061357
187.045000,3.323995,-4.538817,-0.049554,3.346828,-4.004631,0.012643,0.534674,0.062197
187.100000,3.335955,-4.539412,-0.049898,3.357799,-4.004495,0.012121,0.535363,0.062019
187.149000,3.343930,-4.539811,-0.050033,3.366735,-4.004562,0.011677,0.535735,0.061710
187.195000,3.351908,-4.540211,-0.050136,3.375921,-4.004456,0.011532,0.536293,0.061668
187.249000,3.363875,-4.540812,-0.050270,3.386151,-4.004259,0.010831,0.537015,0.061101
187.299000,3.371855,-4.541214,-0.050350,3.396137,-4.004151,0.010724,0.537611,0.061074
187.349000,3.383823,-4.541818,-0.050467,3.406676,-4.004086,0.009683,0.538217,0.060150
187.398000,3.391801,-4.542221,-0.050545,3.416462,-4.003992,0.009588,0.538794,0.060132
187.447000,3.403769,-4.542827,-0.050662,3.426813,-4.005235,0.009114,0.538086,0.059776
187.496000,3.411747,-4.543232,-0.050739,3.436599,-4.005146,0.009019,0.538660,0.059758
187.547000,3.423720,-4.543841,-0.050827,3.446308,-4.004979,0.008586,0.539336,0.059413
187.597000,3.431703,-4.544247,-0.050818,3.456300,-4.004894,0.008544,0.539914,0.059361
187.644000,3.443679,-4.544856,-0.050771,3.466892,-4.010193,0.010235,0.535167,0.061005
187.696000,3.451624,-4.545259,-0.050602,3.477237,-4.010089,0.010319,0.535783,0.060921
187.749000,3.463541,-4.545860,-0.050190,3.486854,-4.013265,0.011622,0.533105,0.061811
187.798000,3.471464,-4.546257,-0.049811,3.496570,-4.013152,0.011999,0.533695,0.061809
187.847000,3.483347,-4.546845,-0.049200,3.506641,-4.014874,0.012271,0.532481,0.061471
187.895000,3.491270,-4.547234,-0.048788,3.516160,-4.014756,0.012761,0.533059,0.061549
187.948000,3.503136,-4.547809,-0.048016,3.526188,-4.016601,0.012889,0.531707,0.060905
187.997000,3.511027,-4.548186,-0.047378,3.535865,-4.016476,0.013578,0.532289,0.060956
188.045000,3.522863,-4.548741,-0.046309,3.544908,-4.017535,0.014210,0.531663,0.060519
188.099000,3.534686,-4.549282,-0.045119,3.555560,-4.017382,0.015203,0.532309,0.060322
188.149000,3.542569,-4.549634,-0.044286,3.565783,-4.018257,0.016756,0.531884,0.061042
188.199000,3.550446,-4.549980,-0.043411,3.575637,-4.018090,0.017811,0.532486,0.061222
188.249000,3.562264,-4.550485,-0.042051,3.583575,-4.015150,0.018932,0.535759,0.060984
188.297000,3.570176,-4.550815,-0.041258,3.593075,-4.014967,0.019987,0.536337,0.061245
188.349000,3.582050,-4.551299,-0.040215,3.602722,-4.011005,0.020339,0.540689,0.060554
188.399000,3.590006,-4.551617,-0.039719,3.612672,-4.010798,0.021133,0.541293,0.060851
188.449000,3.601951,-4.552088,-0.039205,3.621199,-4.010431,0.021714,0.541999,0.060919
188.497000,3.609918,-4.552400,-0.038926,3.630764,-4.010222,0.022089,0.542578,0.061015
188.546000,3.621870,-4.552863,-0.038547,3.640393,-4.008140,0.022193,0.545038,0.060740
188.596000,3.629861,-4.553170,-0.038408,3.650385,-4.007916,0.022471,0.545641,0.060880
188.648000,3.641851,-4.553631,-0.038336,3.660181,-4.009357,0.023246,0.544582,0.061582
188.696000,3.649826,-4.553936,-0.038226,3.669756,-4.009135,0.023312,0.545165,0.061538
188.745000,3.661788,-4.554392,-0.037957,3.677703,-4.007119,0.023614,0.547504,0.061571
188.798000,3.669775,-4.554695,-0.037896,3.688289,-4.006866,0.023823,0.548141,0.061719
188.847000,3.681754,-4.555149,-0.037953,3.700235,-4.004543,0.022714,0.550916,0.060667
188.898000,3.689740,-4.555453,-0.038003,3.710421,-4.004312,0.022652,0.551529,0.060655
188.950000,3.701686,-4.555909,-0.038355,3.720440,-4.004811,0.022770,0.551417,0.061125
188.998000,3.709654,-4.556216,-0.038688,3.748110,-4.081158,0.013216,0.476612,0.051904
189.045000,3.721607,-4.556681,-0.039186,3.757337,-4.080180,0.013339,0.477839,0.052525
189.045000,3.733559,-4.557153,-0.039684,3.757337,-4.080180,0.013339,0.477565,0.053023
189.045000,3.733559,-4.557153,-0.039684,3.757337,-4.080180,0.013339,0.477565,0.053023
189.104000,3.741368,-4.557464,-0.039972,3.769098,-4.080026,0.012849,0.478243,0.052821
189.299000,3.763955,-4.558309,-0.032118,3.802004,-4.081043,0.017199,0.478781,0.049317
189.348000,3.773406,-4.558576,-0.023952,3.809824,-4.081830,0.018610,0.478136,0.042562
189.397000,3.779639,-4.558705,-0.016952,3.817461,-4.081686,0.026071,0.478515,0.043023
189.448000,3.788986,-4.558811,-0.005930,3.826122,-4.086622,0.032089,0.473647,0.038019
189.496000,3.795218,-4.558826,0.001418,3.833596,-4.086366,0.040907,0.474016,0.039488
189.546000,3.804558,-4.558761,0.012536,3.839790,-4.082154,0.048719,0.477908,0.036183
189.546000,3.813630,-4.558589,0.025742,3.839790,-4.082154,0.048719,0.477154,0.022977
189.546000,3.813630,-4.558589,0.025742,3.839790,-4.082154,0.048719,0.477154,0.022977
189.603000,3.819655,-4.558404,0.035642,3.848377,-4.081708,0.059742,0.477561,0.024100
189.795000,3.840716,-4.557288,0.070393,3.877329,-4.079457,0.102087,0.479231,0.031694
189.848000,3.847901,-4.556725,0.087343,3.881127,-4.079487,0.115983,0.478394,0.028639
189.898000,3.851097,-4.556426,0.100243,3.885143,-4.079016,0.130892,0.478623,0.030648
189.947000,3.853489,-4.556165,0.121993,3.887984,-4.076788,0.142301,0.480617,0.020308
189.998000,3.853648,-4.556145,0.138093,3.888241,-4.076754,0.161621,0.480638,0.023528
190.048000,3.853648,-4.556145,0.164643,3.888053,-4.082164,0.177963,0.475229,0.013320
190.097000,3.853648,-4.556145,0.183943,3.888053,-4.082164,0.200438,0.475229,0.016495
190.148000,3.853648,-4.556145,0.215293,3.884241,-4.086501,0.222946,0.470640,0.007653
190.199000,3.853648,-4.556145,0.248378,3.884241,-4.086501,0.250300,0.470640,0.001921
190.249000,3.853648,-4.556145,0.270475,3.884635,-4.090110,0.273498,0.467064,0.003023
190.299000,3.853648,-4.556145,0.293130,3.884635,-4.090110,0.301313,0.467064,0.008182
190.347000,3.853648,-4.556145,0.327192,3.884919,-4.091939,0.326813,0.465258,0.000379
190.399000,3.853648,-4.556145,0.349900,3.884919,-4.091939,0.356334,0.465258,0.006433
190.448000,3.853648,-4.556145,0.384243,3.886074,-4.090938,0.381782,0.466335,0.002462
190.499000,3.853648,-4.556145,0.408439,3.886074,-4.090938,0.411504,0.466335,0.003065
190.548000,3.853648,-4.556145,0.447133,3.886391,-4.088441,0.439214,0.468849,0.007919
190.599000,3.853648,-4.556145,0.474529,3.886391,-4.088441,0.472936,0.468849,0.001593
190.647000,3.853648,-4.556145,0.518023,3.885844,-4.088685,0.502169,0.468567,0.015854
190.698000,3.853648,-4.556145,0.548619,3.885844,-4.088685,0.539955,0.468567,0.008664
190.749000,3.853648,-4.556145,0.596391,3.885323,-4.087411,0.574998,0.469803,0.021393
190.749000,3.853648,-4.556145,0.644391,3.885323,-4.087411,0.574998,0.469803,0.069393
190.800000,3.853648,-4.556145,0.644391,3.885323,-4.087411,0.615793,0.469803,0.028599
190.897000,3.853658,-4.556136,0.708358,3.885528,-4.086358,0.690345,0.470858,0.018013
190.949000,3.854407,-4.555457,0.755166,3.887212,-4.084725,0.730888,0.471874,0.024278
190.998000,3.855068,-4.554815,0.786339,3.888046,-4.083964,0.769075,0.472004,0.017264
191.048000,3.856022,-4.553814,0.833098,3.889009,-4.081633,0.808425,0.473332,0.024673
191.097000,3.856670,-4.553077,0.864031,3.889831,-4.080755,0.846561,0.473484,0.017470
191.149000,3.858402,-4.550944,0.908022,3.892086,-4.077893,0.885932,0.474248,0.022090
191.198000,3.860112,-4.548686,0.936075,3.894255,-4.075186,0.921140,0.474729,0.014935
191.248000,3.863383,-4.544034,0.978034,3.897116,-4.070793,0.959986,0.474441,0.018048
191.297000,3.865852,-4.540257,1.004503,3.900235,-4.066238,0.993797,0.475264,0.010706
191.349000,3.870150,-4.533195,1.041790,3.903535,-4.058970,1.029453,0.475399,0.012337
191.396000,3.873256,-4.527736,1.065043,3.907290,-4.052600,1.057884,0.476354,0.007159
191.449000,3.877772,-4.519253,1.097498,3.909640,-4.044573,1.092844,0.475748,0.004655
191.449000,3.882133,-4.510411,1.127090,3.909640,-4.044573,1.092844,0.466650,0.034246
191.449000,3.883548,-4.507398,1.136308,3.909640,-4.044573,1.092844,0.463560,0.043464
191.501000,3.884944,-4.504355,1.145206,3.913447,-4.036889,1.120087,0.468334,0.025119
191.695000,3.894163,-4.482381,1.200391,3.926141,-4.013642,1.212876,0.469829,0.012485
191.748000,3.897802,-4.472688,1.222431,3.923856,-4.011157,1.239484,0.462265,0.017053
191.798000,3.900198,-4.465952,1.235412,3.926712,-4.002695,1.257051,0.464015,0.021640
191.848000,3.903674,-4.455691,1.252475,3.927259,-3.991373,1.274481,0.464916,0.022006
191.895000,3.905923,-4.448747,1.262256,3.929723,-3.983157,1.287114,0.466198,0.024859
191.946000,3.909191,-4.438253,1.275463,3.931120,-3.973196,1.303333,0.465574,0.027870
191.997000,3.911294,-4.431233,1.284236,3.933566,-3.964178,1.314519,0.467585,0.030283
192.047000,3.914331,-4.420669,1.297395,3.935100,-3.956575,1.327302,0.464558,0.029907
192.097000,3.916281,-4.413597,1.305928,3.937283,-3.947670,1.338223,0.466401,0.032295
192.147000,3.919164,-4.402734,1.316319,3.938309,-3.939033,1.348084,0.464096,0.031765
192.197000,3.921042,-4.395432,1.321668,3.940359,-3.929835,1.355980,0.465998,0.034312
192.250000,3.923803,-4.384438,1.327547,3.940941,-3.922020,1.365912,0.462736,0.038365
192.294000,3.925611,-4.377097,1.331200,3.942624,-3.913876,1.369956,0.463534,0.038756
192.346000,3.928272,-4.366074,1.336679,3.940953,-3.905041,1.377728,0.461207,0.041049
192.398000,3.930012,-4.358717,1.340332,3.942828,-3.895394,1.382477,0.463500,0.042145
192.447000,3.932587,-4.347627,1.344932,3.943200,-3.885260,1.386490,0.462488,0.041559
192.499000,3.934276,-4.340224,1.347944,3.945001,-3.875554,1.390407,0.464793,0.042463
192.546000,3.936793,-4.329016,1.351744,3.943645,-3.866557,1.394686,0.462510,0.042942
192.595000,3.938459,-4.321494,1.353893,3.945289,-3.857264,1.397550,0.464280,0.043657
192.648000,3.940929,-4.310202,1.356921,3.942350,-3.849620,1.401677,0.460584,0.044756
192.698000,3.942566,-4.302631,1.358763,3.943972,-3.840075,1.404130,0.462558,0.045368
192.745000,3.944997,-4.291262,1.361448,3.939265,-3.832456,1.406707,0.458842,0.045260
192.799000,3.946601,-4.283679,1.363238,3.940969,-3.822132,1.409124,0.461581,0.045886
192.847000,3.948982,-4.272300,1.365923,3.940090,-3.813032,1.411358,0.459354,0.045436
192.899000,3.950557,-4.264685,1.367568,3.941688,-3.803051,1.413647,0.461719,0.046079
192.947000,3.952910,-4.253201,1.369876,3.943311,-3.793187,1.415849,0.460114,0.045973
192.999000,3.954464,-4.245542,1.371414,3.944875,-3.783149,1.417848,0.462492,0.046435
193.045000,3.956773,-4.234048,1.373721,3.946904,-3.773539,1.419853,0.460615,0.046132
193.096000,3.958295,-4.226394,1.375158,3.948394,-3.763700,1.421783,0.462800,0.046625
193.149000,3.960554,-4.214932,1.377293,3.948566,-3.753320,1.423733,0.461767,0.046440
193.193000,3.962048,-4.207281,1.378700,3.949818,-3.744836,1.425297,0.462606,0.046597
193.249000,3.964267,-4.195806,1.380808,3.949744,-3.735851,1.427372,0.460185,0.046564
193.296000,3.965735,-4.188144,1.382185,3.951050,-3.726777,1.429018,0.461600,0.046832
193.346000,3.967917,-4.176647,1.384237,3.952320,-3.717760,1.430755,0.459152,0.046518
193.399000,3.969359,-4.168981,1.385604,3.953759,-3.707525,1.432568,0.461720,0.046963
193.445000,3.971498,-4.157494,1.387703,3.955157,-3.698692,1.434184,0.459093,0.046480
193.499000,3.972910,-4.149840,1.389143,3.956585,-3.688281,1.436095,0.461848,0.046952
193.548000,3.975005,-4.138359,1.391349,3.957671,-3.679357,1.437786,0.459329,0.046437
193.596000,3.976388,-4.130706,1.392843,3.958905,-3.670106,1.439563,0.460931,0.046720
193.649000,3.978439,-4.119225,1.395111,3.960735,-3.660204,1.441500,0.459362,0.046388
193.695000,3.979791,-4.111576,1.396652,3.961883,-3.651346,1.443252,0.460579,0.046600
193.748000,3.981797,-4.100099,1.398965,3.963209,-3.641463,1.445213,0.459013,0.046248
193.795000,3.983118,-4.092449,1.400539,3.964348,-3.632412,1.447034,0.460420,0.046494
193.849000,3.985076,-4.080975,1.402941,3.962958,-3.623257,1.449131,0.458252,0.046190
193.896000,3.986367,-4.073323,1.404543,3.964060,-3.614206,1.451013,0.459659,0.046470
193.947000,3.988279,-4.061841,1.406945,3.963922,-3.605016,1.452951,0.457474,0.046006
193.999000,3.989539,-4.054185,1.408550,3.965104,-3.594998,1.455034,0.459836,0.046484
194.047000,3.991413,-4.042655,1.410823,3.966865,-3.585305,1.456786,0.458008,0.045963
194.047000,3.993261,-4.031118,1.413068,3.966865,-3.585305,1.456786,0.446594,0.043719
194.100000,3.993261,-4.031118,1.413068,3.968028,-3.575050,1.458771,0.456766,0.045703
194.196000,3.995685,-4.015730,1.416060,3.970034,-3.555741,1.462453,0.460704,0.046394
194.246000,3.997471,-4.004196,1.418303,3.971467,-3.545734,1.464334,0.459199,0.046031
194.299000,3.998646,-3.996512,1.419819,3.972558,-3.535491,1.466323,0.461758,0.046504
194.349000,4.000386,-3.984982,1.422103,3.975606,-3.525224,1.468155,0.460425,0.046052
194.396000,4.001532,-3.977294,1.423626,3.976538,-3.516138,1.469944,0.461833,0.046318
194.448000,4.003224,-3.965787,1.426041,3.975029,-3.506928,1.471884,0.459725,0.045843
194.498000,4.004339,-3.958093,1.427624,3.975983,-3.497257,1.473903,0.461707,0.046280
194.549000,4.005990,-3.946546,1.429930,3.975639,-3.487976,1.475812,0.459574,0.045882
194.598000,4.007077,-3.938835,1.431416,3.976539,-3.478479,1.477674,0.461368,0.046258
194.648000,4.008688,-3.927265,1.433595,3.977554,-3.469189,1.479707,0.459133,0.046112
194.648000,4.010273,-3.915690,1.435757,3.977554,-3.469189,1.479707,0.447699,0.043950
194.701000,4.010796,-3.911831,1.436477,3.978481,-3.458911,1.481625,0.454072,0.045148
194.798000,4.012348,-3.900253,1.438636,3.980286,-3.440214,1.485137,0.461155,0.046501
194.849000,4.013875,-3.888671,1.440796,3.981485,-3.430634,1.486991,0.459181,0.046196
194.898000,4.014878,-3.880950,1.442244,3.982280,-3.421130,1.488757,0.460975,0.046514
194.948000,4.016363,-3.869365,1.444419,3.982818,-3.412037,1.490566,0.458557,0.046147
194.998000,4.017339,-3.861637,1.445859,3.983594,-3.402331,1.492376,0.460544,0.046516
195.047000,4.018783,-3.850040,1.448001,3.986104,-3.392802,1.494107,0.458404,0.046106
195.098000,4.019730,-3.842322,1.449471,3.986860,-3.382915,1.495940,0.460581,0.046469
195.145000,4.021129,-3.830740,1.451721,3.988391,-3.373341,1.498020,0.458569,0.046299
195.196000,4.022047,-3.823021,1.453242,3.989107,-3.363455,1.499941,0.460744,0.046699
195.248000,4.023401,-3.811437,1.455531,3.992770,-3.353754,1.502361,0.458706,0.046829
195.299000,4.024287,-3.803733,1.457127,3.993443,-3.343890,1.504328,0.460876,0.047201
195.347000,4.025592,-3.792173,1.459587,3.995424,-3.335538,1.506079,0.457630,0.046492
195.396000,4.026445,-3.784475,1.461270,3.996033,-3.326069,1.508105,0.459413,0.046835
195.448000,4.027701,-3.772919,1.463814,3.997334,-3.316175,1.509816,0.457753,0.046002
195.499000,4.028522,-3.765218,1.465523,3.997932,-3.306318,1.511982,0.459918,0.046459
195.548000,4.029728,-3.753656,1.468078,4.000520,-3.296171,1.514019,0.458416,0.045941
195.598000,4.030515,-3.745961,1.469819,4.001065,-3.286517,1.516158,0.460387,0.046339
195.647000,4.031670,-3.734414,1.472450,4.001433,-3.278019,1.518546,0.457395,0.046096
195.697000,4.032422,-3.726714,1.474203,4.001933,-3.268362,1.520738,0.459365,0.046534
195.748000,4.033526,-3.715163,1.476834,4.000715,-3.258230,1.522410,0.458109,0.045576
195.797000,4.034247,-3.707443,1.478553,4.001169,-3.248743,1.524552,0.459891,0.046000
195.848000,4.035308,-3.695825,1.480924,3.999753,-3.238644,1.526084,0.458562,0.045160
195.898000,4.036002,-3.688060,1.482386,4.000183,-3.228908,1.528002,0.460547,0.045616
195.948000,4.037022,-3.676404,1.484499,3.996985,-3.220730,1.529282,0.457430,0.044783
195.999000,4.037689,-3.668632,1.485906,3.997394,-3.210793,1.531075,0.459609,0.045169
196.049000,4.038673,-3.656936,1.487850,3.998887,-3.200757,1.534211,0.457910,0.046360
196.097000,4.039318,-3.649120,1.488989,3.999227,-3.191352,1.535668,0.459520,0.046680
196.144000,4.040270,-3.637389,1.490612,4.000566,-3.181629,1.537587,0.457487,0.046974
196.197000,4.040894,-3.629571,1.491684,4.000907,-3.171242,1.539009,0.460071,0.047325
196.248000,4.041815,-3.617838,1.493278,4.000596,-3.164822,1.538837,0.454888,0.045560
196.296000,4.042419,-3.610014,1.494327,4.000893,-3.155408,1.540106,0.456498,0.045779
196.345000,4.043309,-3.598271,1.495874,3.996289,-3.148198,1.539572,0.452523,0.043698
196.399000,4.043896,-3.590405,1.496770,3.996617,-3.137558,1.540919,0.455308,0.044148
196.446000,4.044765,-3.578596,1.497941,3.993913,-3.130326,1.540324,0.451144,0.042383
196.495000,4.045338,-3.570702,1.498630,3.994205,-3.120636,1.541239,0.452961,0.042609
196.548000,4.046188,-3.558858,1.499657,3.994828,-3.110068,1.542350,0.451719,0.042693
196.598000,4.046748,-3.550962,1.500342,3.995108,-3.100177,1.543206,0.453733,0.042864
196.647000,4.047578,-3.539117,1.501352,3.995576,-3.090519,1.543954,0.451602,0.042602
196.699000,4.048125,-3.531219,1.501958,3.995850,-3.080230,1.544799,0.454008,0.042841
196.745000,4.048937,-3.519368,1.502822,3.996754,-3.071374,1.545403,0.451023,0.042580
196.799000,4.049738,-3.507525,1.503700,3.997024,-3.060694,1.546178,0.449930,0.042479
196.849000,4.050266,-3.499628,1.504289,3.997518,-3.053026,1.547197,0.449706,0.042908
196.898000,4.050790,-3.491730,1.504880,3.997746,-3.043333,1.547920,0.451524,0.043040
196.947000,4.051567,-3.479882,1.505758,3.998202,-3.034689,1.548694,0.448380,0.042935
196.997000,4.052079,-3.471983,1.506343,3.998419,-3.024797,1.549424,0.450395,0.043081
197.047000,4.052838,-3.460133,1.507213,3.998316,-3.016506,1.549606,0.446965,0.042393
197.097000,4.053339,-3.452230,1.507785,3.998524,-3.006610,1.550328,0.448979,0.042543
197.147000,4.054082,-3.440374,1.508626,3.997400,-2.997131,1.549975,0.446853,0.041349
197.198000,4.054573,-3.432461,1.509154,3.997609,-2.987025,1.550678,0.449064,0.041524
197.243000,4.055301,-3.420589,1.509903,3.994863,-2.979055,1.550178,0.445651,0.040275
197.298000,4.055783,-3.412653,1.510317,3.995086,-2.968128,1.550833,0.448650,0.040516
197.349000,4.056501,-3.400744,1.510842,3.993268,-2.959079,1.550996,0.446168,0.040153
197.399000,4.056976,-3.392804,1.511178,3.993464,-2.949139,1.551422,0.448188,0.040243
197.448000,4.057685,-3.380887,1.511645,3.989840,-2.942346,1.550972,0.443758,0.039327
197.498000,4.058157,-3.372905,1.511768,3.990035,-2.932354,1.551282,0.445787,0.039515
197.546000,4.058864,-3.360929,1.511808,3.989986,-2.924044,1.551099,0.442282,0.039290
197.596000,4.059336,-3.352944,1.511807,3.990183,-2.914047,1.551113,0.444312,0.039306
197.645000,4.060043,-3.340966,1.511806,3.989012,-2.905624,1.550425,0.441099,0.038619
197.696000,4.060515,-3.332981,1.511808,3.989220,-2.895428,1.550426,0.443324,0.038618
197.747000,4.061222,-3.321006,1.511802,3.987201,-2.886616,1.549646,0.440652,0.037845
197.797000,4.061693,-3.313040,1.511723,3.987412,-2.876642,1.549614,0.442675,0.037891
197.847000,4.062401,-3.301088,1.511550,3.986055,-2.866923,1.549417,0.440827,0.037867
197.898000,4.062873,-3.293132,1.511396,3.986272,-2.856763,1.549254,0.443042,0.037858
197.947000,4.063584,-3.281199,1.511163,3.984886,-2.847355,1.548913,0.440924,0.037750
197.998000,4.064060,-3.273243,1.511007,3.985109,-2.837196,1.548715,0.443137,0.037708
198.047000,4.064776,-3.261309,1.510765,3.985411,-2.832713,1.547681,0.435882,0.036916
198.098000,4.065255,-3.253352,1.510582,3.985646,-2.822551,1.547465,0.438094,0.036883
198.149000,4.065976,-3.241410,1.510314,3.983275,-2.820141,1.546205,0.429310,0.035891
198.196000,4.066458,-3.233465,1.510087,3.983505,-2.810791,1.545984,0.430737,0.035897
198.246000,4.067185,-3.221547,1.509723,3.982844,-2.808978,1.544826,0.421102,0.035103
198.296000,4.067672,-3.213601,1.509476,3.983103,-2.799031,1.544522,0.423108,0.035045
198.349000,4.068406,-3.201676,1.509105,3.981905,-2.796354,1.543416,0.414450,0.034312
198.396000,4.068898,-3.193726,1.508859,3.982161,-2.786998,1.543127,0.415874,0.034268
198.449000,4.069640,-3.181801,1.508490,3.982507,-2.782819,1.541844,0.408385,0.033354
198.499000,4.070137,-3.173851,1.508244,3.982796,-2.772866,1.541536,0.410386,0.033292
198.549000,4.070887,-3.161918,1.507898,3.980941,-2.768896,1.540024,0.403183,0.032126
198.598000,4.071388,-3.153967,1.507681,3.981242,-2.759141,1.539757,0.404986,0.032076
198.648000,4.072144,-3.142036,1.507360,3.979377,-2.755766,1.538637,0.397253,0.031277
198.699000,4.072650,-3.134080,1.507154,3.979704,-2.745607,1.538369,0.399437,0.031216
198.748000,4.073413,-3.122146,1.506844,3.978121,-2.742707,1.537157,0.391222,0.030313
198.798000,4.073923,-3.114191,1.506637,3.978457,-2.732748,1.536899,0.393208,0.030261
198.847000,4.074691,-3.102269,1.506292,3.976724,-2.730989,1.535797,0.383987,0.029505
198.900000,4.075204,-3.094338,1.505983,3.977092,-2.720464,1.535452,0.386533,0.029470
198.947000,4.075980,-3.082440,1.505496,3.976179,-2.718916,1.534223,0.376974,0.028727
198.996000,4.076500,-3.074508,1.505169,3.976536,-2.709185,1.533825,0.378752,0.028657
199.049000,4.077285,-3.062606,1.504671,3.975414,-2.705404,1.532518,0.371444,0.027847
199.099000,4.078076,-3.050703,1.504173,3.975795,-2.695471,1.532104,0.369664,0.027930
199.147000,4.078607,-3.042769,1.503842,3.975804,-2.691323,1.530836,0.366172,0.026994
199.196000,4.079140,-3.034833,1.503517,3.976194,-2.681588,1.530431,0.367940,0.026913
199.247000,4.079946,-3.022909,1.503118,3.974190,-2.677348,1.529382,0.361382,0.026264
199.247000,4.080756,-3.011004,1.502686,3.974190,-2.677348,1.529382,0.350261,0.026695
199.247000,4.081027,-3.007034,1.502540,3.974190,-2.677348,1.529382,0.346565,0.026842
199.307000,4.081570,-2.999098,1.502241,3.974685,-2.665427,1.528984,0.350373,0.026744
199.499000,4.083216,-2.975295,1.501272,3.973362,-2.642061,1.526259,0.350875,0.024987
199.547000,4.084049,-2.963385,1.500828,3.972256,-2.639035,1.525171,0.343075,0.024342
199.599000,4.084606,-2.955449,1.500530,3.972729,-2.628704,1.524791,0.345368,0.024261
199.647000,4.085447,-2.943537,1.500103,3.971746,-2.625096,1.523496,0.338131,0.023393
199.699000,4.086010,-2.935599,1.499820,3.972236,-2.614762,1.523131,0.340413,0.023311
199.749000,4.086859,-2.923687,1.499406,3.970575,-2.610101,1.521914,0.334452,0.022508
199.797000,4.087428,-2.915745,1.499130,3.971043,-2.600558,1.521583,0.335989,0.022453
199.847000,4.088286,-2.903832,1.498731,3.968710,-2.597283,1.520595,0.329046,0.021865
199.895000,4.088860,-2.895891,1.498466,3.969190,-2.587740,1.520277,0.330572,0.021810
199.949000,4.089726,-2.883983,1.498055,3.966968,-2.583748,1.519201,0.324362,0.021145
199.949000,4.090594,-2.872112,1.497463,3.966968,-2.583748,1.519201,0.313746,0.021738
199.949000,4.090594,-2.872112,1.497463,3.966968,-2.583748,1.519201,0.313746,0.021738
200.010000,4.091177,-2.864196,1.497048,3.967592,-2.571666,1.518721,0.317564,0.021673
200.247000,4.094142,-2.824627,1.494916,3.963181,-2.540139,1.513821,0.313183,0.018905
200.294000,4.094745,-2.816725,1.494421,3.963712,-2.530843,1.513267,0.314480,0.018846
200.348000,4.095657,-2.804866,1.493678,3.962949,-2.523652,1.511817,0.310954,0.018139
200.399000,4.096578,-2.793007,1.492937,3.963547,-2.513560,1.511185,0.309496,0.018249
200.449000,4.097197,-2.785092,1.492479,3.962236,-2.508961,1.510251,0.307348,0.017773
200.498000,4.097820,-2.777177,1.492022,3.962826,-2.499253,1.509691,0.308974,0.017669
200.549000,4.098761,-2.765302,1.491358,3.961518,-2.494812,1.508602,0.303315,0.017245
200.599000,4.099393,-2.757384,1.490926,3.962137,-2.484903,1.508059,0.305099,0.017133
200.649000,4.100348,-2.745508,1.490279,3.960455,-2.480426,1.506993,0.299731,0.016714
200.696000,4.100989,-2.737590,1.489848,3.961051,-2.471112,1.506486,0.300987,0.016638
200.748000,4.101954,-2.725744,1.489098,3.959997,-2.464876,1.505196,0.296992,0.016098
200.798000,4.102602,-2.717854,1.488545,3.960647,-2.455001,1.504526,0.298736,0.015981
200.848000,4.103582,-2.706022,1.487700,3.958301,-2.450100,1.503289,0.294283,0.015589
200.899000,4.104240,-2.698161,1.486973,3.958979,-2.440065,1.502510,0.296166,0.015537
200.948000,4.105238,-2.686373,1.485721,3.957934,-2.434172,1.500988,0.292068,0.015268
200.995000,4.105911,-2.678524,1.484809,3.958581,-2.424938,1.499975,0.293278,0.015167
201.048000,4.106934,-2.666749,1.483378,3.957423,-2.419686,1.498863,0.288780,0.015484
201.048000,4.107973,-2.654994,1.481824,3.957423,-2.419686,1.498863,0.279348,0.017039
201.101000,4.108324,-2.651076,1.481293,3.958174,-2.409288,1.497569,0.284616,0.016277
201.198000,4.109388,-2.639323,1.479699,3.959367,-2.394973,1.495544,0.286729,0.015845
201.246000,4.110471,-2.627571,1.478105,3.958744,-2.389721,1.494886,0.282124,0.016781
201.299000,4.111204,-2.619737,1.477041,3.959537,-2.379327,1.493478,0.284253,0.016437
201.347000,4.112318,-2.607986,1.475428,3.959050,-2.372809,1.492657,0.280713,0.017228
201.396000,4.113072,-2.600151,1.474352,3.959806,-2.363196,1.491339,0.282202,0.016987
201.446000,4.114218,-2.588418,1.472524,3.960606,-2.355255,1.490354,0.279215,0.017830
201.497000,4.114994,-2.580594,1.471230,3.961415,-2.345264,1.488750,0.281010,0.017521
201.548000,4.116178,-2.568855,1.469258,3.960107,-2.336992,1.487968,0.279497,0.018710
201.597000,4.117383,-2.557155,1.467014,3.960904,-2.327420,1.486310,0.277965,0.019297
201.649000,4.118202,-2.549355,1.465419,3.958302,-2.319813,1.485347,0.279746,0.019928
201.698000,4.119030,-2.541599,1.463554,3.959118,-2.310293,1.483306,0.281201,0.019752
201.748000,4.120300,-2.529967,1.460442,3.957233,-2.304184,1.482683,0.278512,0.022241
201.799000,4.121164,-2.522250,1.458087,3.958107,-2.294320,1.479920,0.280249,0.021832
201.848000,4.122496,-2.510677,1.454326,3.956308,-2.286295,1.479495,0.279223,0.025169
201.899000,4.123408,-2.502964,1.451816,3.957218,-2.276434,1.476295,0.280954,0.024479
201.946000,4.124810,-2.491431,1.447648,3.956690,-2.265364,1.476302,0.281729,0.028654
201.998000,4.125772,-2.483760,1.444629,3.957646,-2.255358,1.472489,0.283608,0.027860
202.049000,4.127255,-2.472272,1.439986,3.957777,-2.240938,1.472333,0.286772,0.032347
202.097000,4.128269,-2.464682,1.435982,3.958678,-2.231794,1.468307,0.288094,0.032325
202.149000,4.129852,-2.453299,1.429176,3.959824,-2.216991,1.467586,0.291121,0.038409
202.197000,4.130948,-2.445743,1.424087,3.960774,-2.207879,1.461899,0.292471,0.037813
202.245000,4.132670,-2.434407,1.415934,3.957801,-2.192714,1.461753,0.298320,0.045818
202.298000,4.133853,-2.426982,1.409523,3.958891,-2.182798,1.454204,0.300395,0.044681
202.349000,4.135728,-2.415858,1.397819,3.961294,-2.178805,1.445301,0.294316,0.047482
202.397000,4.137064,-2.408390,1.390006,3.962459,-2.169775,1.435731,0.295675,0.045725
202.445000,4.139182,-2.397157,1.378919,3.964169,-2.164727,1.427301,0.290953,0.048383
202.499000,4.140672,-2.389630,1.371978,3.965676,-2.154484,1.417520,0.293116,0.045542
202.547000,4.143009,-2.378320,1.362180,3.969419,-2.146321,1.407538,0.289753,0.045358
202.597000,4.144614,-2.370845,1.356324,3.970998,-2.136893,1.399603,0.291335,0.043280
202.646000,4.147023,-2.359969,1.349854,3.973530,-2.129914,1.390968,0.288141,0.041114
202.699000,4.148649,-2.352779,1.347115,3.975304,-2.120305,1.386017,0.289987,0.038902
202.746000,4.151102,-2.342049,1.345407,3.974591,-2.110027,1.379936,0.291531,0.034528
202.799000,4.152737,-2.334916,1.345869,3.976447,-2.100510,1.379283,0.293299,0.033414
202.850000,4.155167,-2.324233,1.348865,3.978025,-2.087553,1.379931,0.295629,0.031066
202.896000,4.156765,-2.317107,1.351390,3.979614,-2.079307,1.382646,0.296533,0.031256
202.948000,4.159129,-2.306412,1.355178,3.979160,-2.073337,1.382258,0.294470,0.027080
202.998000,4.160682,-2.299277,1.357704,3.980864,-2.064370,1.385415,0.295830,0.027711
203.048000,4.162976,-2.288563,1.362504,3.977872,-2.063092,1.384743,0.291720,0.022239
203.098000,4.164477,-2.281392,1.366315,3.979560,-2.054091,1.389215,0.293019,0.022900
203.148000,4.166681,-2.270610,1.372034,3.978975,-2.043576,1.393609,0.294581,0.021575
203.148000,4.168832,-2.259772,1.377693,3.978975,-2.043576,1.393609,0.287726,0.015916
203.148000,4.168832,-2.259772,1.377693,3.978975,-2.043576,1.393609,0.287726,0.015916
203.203000,4.170233,-2.252534,1.381449,3.980734,-2.033596,1.398840,0.289558,0.017391
203.398000,4.174923,-2.227161,1.394597,3.986139,-1.999445,1.417233,0.295793,0.022636
203.449000,4.176832,-2.216261,1.400224,3.987538,-1.999183,1.418416,0.288019,0.018192
203.449000,4.178680,-2.205350,1.405851,3.987538,-1.999183,1.418416,0.281140,0.012564
203.449000,4.178680,-2.205350,1.405851,3.987538,-1.999183,1.418416,0.281140,0.012564
203.501000,4.179878,-2.198070,1.409603,3.988968,-1.989699,1.423293,0.282603,0.013690
203.699000,4.183893,-2.172335,1.422327,3.994811,-1.958517,1.440320,0.285429,0.017992
203.745000,4.185516,-2.161279,1.427709,3.992785,-1.951105,1.444754,0.285164,0.017044
203.799000,4.186571,-2.153867,1.431168,3.994043,-1.941080,1.449547,0.286958,0.018380
203.848000,4.188108,-2.142724,1.436173,3.994513,-1.934824,1.452921,0.284080,0.016748
203.894000,4.189104,-2.135281,1.439429,3.995519,-1.926247,1.456719,0.284904,0.017290
203.949000,4.190554,-2.124097,1.444215,3.996260,-1.916362,1.461275,0.284436,0.017060
203.996000,4.191493,-2.116624,1.447336,3.997219,-1.907564,1.464992,0.285392,0.017656
204.049000,4.192861,-2.105395,1.451920,3.997222,-1.911157,1.464442,0.275686,0.012522
204.097000,4.193743,-2.097909,1.454954,3.998175,-1.902161,1.468091,0.276702,0.013137
204.148000,4.195026,-2.086667,1.459485,3.995903,-1.892954,1.473043,0.277803,0.013558
204.195000,4.195852,-2.079169,1.462506,3.996760,-1.884132,1.476592,0.278707,0.014087
204.246000,4.197050,-2.067918,1.467036,3.996765,-1.876425,1.480034,0.277098,0.012998
204.296000,4.197820,-2.060413,1.470052,3.997610,-1.867033,1.483809,0.278352,0.013758
204.346000,4.198933,-2.049147,1.474557,3.998553,-1.857608,1.488145,0.277199,0.013587
204.399000,4.199649,-2.041607,1.477486,3.999372,-1.847609,1.492109,0.278831,0.014623
204.448000,4.200695,-2.030189,1.481321,3.998625,-1.840170,1.494947,0.277380,0.013627
204.499000,4.201371,-2.022554,1.483673,3.999357,-1.830427,1.498085,0.278788,0.014412
204.544000,4.202353,-2.011088,1.487043,4.000326,-1.820895,1.502160,0.277468,0.015117
204.599000,4.202988,-2.003431,1.489216,4.001042,-1.810357,1.505209,0.279392,0.015993
204.649000,4.203909,-1.991934,1.492389,3.999218,-1.811501,1.503823,0.272863,0.011434
204.699000,4.204796,-1.980417,1.495458,3.999856,-1.801898,1.506439,0.271789,0.010981
204.747000,4.205369,-1.972731,1.497455,3.998178,-1.806386,1.504070,0.265704,0.006614
204.747000,4.206199,-1.961193,1.500394,3.998178,-1.806386,1.504070,0.259303,0.003676
204.747000,4.206199,-1.961193,1.500394,3.998178,-1.806386,1.504070,0.259303,0.003676
204.808000,4.206734,-1.953497,1.502338,3.998946,-1.794649,1.507100,0.261550,0.004763
204.996000,4.208490,-1.926553,1.509140,4.000186,-1.761800,1.517584,0.265583,0.008445
205.048000,4.209190,-1.914950,1.511830,4.000676,-1.752856,1.519568,0.264108,0.007738
205.098000,4.209641,-1.907205,1.513512,4.001167,-1.743170,1.521738,0.265271,0.008226
205.147000,4.210293,-1.895579,1.515978,4.003319,-1.732459,1.524948,0.263527,0.008970
205.195000,4.210712,-1.887828,1.517621,4.003741,-1.723153,1.526920,0.264490,0.009299
205.247000,4.211317,-1.876200,1.520085,4.001245,-1.723302,1.525900,0.259822,0.005815
205.247000,4.211893,-1.864570,1.522536,4.001245,-1.723302,1.525900,0.253631,0.003364
205.247000,4.211893,-1.864570,1.522536,4.001245,-1.723302,1.525900,0.253631,0.003364
205.304000,4.212262,-1.856793,1.524089,4.001738,-1.712252,1.528241,0.255368,0.004152
205.497000,4.213462,-1.829564,1.529356,4.001232,-1.702602,1.527443,0.247307,0.001913
205.547000,4.213933,-1.817889,1.531520,4.000731,-1.707592,1.525100,0.240043,0.006421
205.598000,4.214379,-1.806220,1.533696,4.001180,-1.697676,1.526937,0.239239,0.006760
205.648000,4.214662,-1.798436,1.535140,3.999201,-1.703364,1.524554,0.235505,0.010586
205.698000,4.214935,-1.790646,1.536558,3.999647,-1.693631,1.526351,0.236137,0.010207
205.747000,4.215323,-1.778953,1.538633,3.999822,-1.698493,1.524040,0.230032,0.014593
205.793000,4.215568,-1.771169,1.540041,4.000237,-1.689546,1.525632,0.230282,0.014409
205.849000,4.215915,-1.759488,1.542172,3.998617,-1.691615,1.524049,0.227651,0.018124
205.897000,4.216132,-1.751699,1.543593,3.999051,-1.682276,1.525754,0.227913,0.017839
205.949000,4.216438,-1.740009,1.545700,3.997787,-1.687430,1.523739,0.224884,0.021960
205.998000,4.216629,-1.732206,1.547056,3.998233,-1.677880,1.525437,0.225052,0.021619
206.046000,4.216895,-1.720497,1.549043,3.996909,-1.684164,1.523250,0.222966,0.025793
206.098000,4.217060,-1.712688,1.550346,3.997388,-1.674021,1.524960,0.223049,0.025386
206.148000,4.217288,-1.700970,1.552269,3.996797,-1.679989,1.522856,0.221487,0.029413
206.197000,4.217428,-1.693161,1.553554,3.997252,-1.670433,1.524424,0.221346,0.029130
206.248000,4.217619,-1.681447,1.555485,3.996586,-1.675135,1.522402,0.221122,0.033083
206.248000,4.217787,-1.669731,1.557415,3.996586,-1.675135,1.522402,0.221266,0.035013
206.248000,4.217787,-1.669731,1.557415,3.996586,-1.675135,1.522402,0.221266,0.035013
206.302000,4.217886,-1.661919,1.558696,3.997087,-1.664601,1.524140,0.220816,0.034555
206.498000,4.218156,-1.634571,1.563159,3.995762,-1.653990,1.523606,0.223240,0.039553
206.547000,4.218235,-1.622837,1.565000,3.994914,-1.658191,1.521470,0.226102,0.043530
206.599000,4.218275,-1.615016,1.566220,3.995412,-1.648036,1.523058,0.225296,0.043162
206.647000,4.218318,-1.603283,1.568047,3.993839,-1.653421,1.521012,0.230010,0.047035
206.698000,4.218335,-1.595460,1.569264,3.994332,-1.643460,1.522565,0.229088,0.046700
206.746000,4.218342,-1.583718,1.571055,3.993419,-1.648954,1.520462,0.234193,0.050593
206.795000,4.218336,-1.575888,1.572224,3.993898,-1.639375,1.521907,0.233244,0.050316
206.846000,4.218309,-1.564140,1.573959,3.994100,-1.644289,1.519643,0.238104,0.054316
206.894000,4.218279,-1.556319,1.575149,3.994577,-1.634916,1.521037,0.237108,0.054111
206.948000,4.218218,-1.544587,1.576965,4.037403,-1.514840,1.531459,0.183245,0.045506
206.999000,4.218165,-1.537092,1.578769,4.037785,-1.505279,1.533183,0.183164,0.045586
207.047000,4.218052,-1.525869,1.583263,4.037232,-1.509353,1.532495,0.181572,0.050768
207.047000,4.217884,-1.514640,1.588188,4.037232,-1.509353,1.532495,0.180729,0.055693
207.100000,4.217816,-1.510892,1.589831,4.037591,-1.499439,1.536687,0.180588,0.053144
207.199000,4.217574,-1.499624,1.594670,4.034654,-1.495881,1.538470,0.182959,0.056200
207.249000,4.217278,-1.488327,1.599336,4.028993,-1.489397,1.543073,0.188287,0.056263
207.297000,4.217050,-1.480730,1.602186,4.029235,-1.480279,1.546711,0.187815,0.055475
207.345000,4.216668,-1.469304,1.606122,4.026128,-1.478158,1.548614,0.190745,0.057509
207.397000,4.216388,-1.461655,1.608580,4.026340,-1.468213,1.551939,0.190162,0.056641
207.445000,4.215933,-1.450180,1.612256,4.022958,-1.459225,1.555777,0.193187,0.056479
207.496000,4.215607,-1.442531,1.614707,4.023097,-1.449464,1.558902,0.192635,0.055805
207.549000,4.215082,-1.431058,1.618372,4.023200,-1.440835,1.561979,0.192131,0.056393
207.594000,4.214706,-1.423337,1.620465,4.023266,-1.432136,1.564639,0.191642,0.055827
207.648000,4.214112,-1.411715,1.623131,4.022049,-1.432514,1.563447,0.193185,0.059684
207.698000,4.213699,-1.403961,1.624780,4.022115,-1.422809,1.565588,0.192509,0.059192
207.747000,4.213056,-1.392324,1.627183,4.022834,-1.425502,1.563722,0.193094,0.063461
207.798000,4.212612,-1.384567,1.628784,4.022899,-1.415595,1.565763,0.192234,0.063020
207.849000,4.211923,-1.372932,1.631185,4.024922,-1.411311,1.566085,0.190899,0.065100
207.898000,4.211448,-1.365173,1.632761,4.024962,-1.401788,1.568042,0.190046,0.064719
207.948000,4.210713,-1.353558,1.635160,4.026345,-1.393343,1.570099,0.188612,0.065061
207.997000,4.210208,-1.345818,1.636790,4.026348,-1.383842,1.572074,0.187751,0.064716
208.046000,4.209426,-1.334198,1.639209,4.025094,-1.375915,1.573745,0.188994,0.065464
208.095000,4.208888,-1.326448,1.640804,4.025060,-1.366399,1.575708,0.188119,0.065096
208.149000,4.208059,-1.314826,1.643197,4.025267,-1.356775,1.578379,0.187544,0.064819
208.198000,4.207491,-1.307078,1.644793,4.025191,-1.347259,1.580333,0.186676,0.064460
208.248000,4.206614,-1.295433,1.647096,4.023130,-1.348308,1.579053,0.190951,0.068043
208.298000,4.206013,-1.287631,1.648411,4.023042,-1.338528,1.580867,0.189917,0.067544
208.348000,4.205091,-1.275916,1.650200,4.021762,-1.342961,1.578674,0.195204,0.071527
208.399000,4.204465,-1.268104,1.651337,4.021680,-1.332970,1.580158,0.193953,0.071179
208.448000,4.203508,-1.256377,1.652979,4.020347,-1.338037,1.577670,0.200541,0.075309
208.498000,4.202860,-1.248559,1.654047,4.020276,-1.328231,1.579022,0.199210,0.075025
208.547000,4.201872,-1.236831,1.655643,4.018612,-1.333416,1.576826,0.207154,0.078817
208.597000,4.201203,-1.229011,1.656701,4.018550,-1.323606,1.578155,0.205694,0.078546
208.648000,4.200182,-1.217264,1.658219,4.017583,-1.326356,1.576034,0.212705,0.082184
208.696000,4.199492,-1.209433,1.659229,4.017531,-1.316923,1.577247,0.211338,0.081982
208.748000,4.198441,-1.197679,1.660663,4.016408,-1.320311,1.575290,0.219487,0.085373
208.798000,4.197731,-1.189841,1.661571,4.016360,-1.310473,1.576451,0.217824,0.085119
208.849000,4.196653,-1.178076,1.662883,4.014462,-1.311521,1.574876,0.225834,0.088006
208.895000,4.195924,-1.170224,1.663705,4.014423,-1.302452,1.575861,0.224560,0.087844
208.948000,4.194819,-1.158440,1.664870,4.014287,-1.304643,1.573949,0.232309,0.090922
208.997000,4.194075,-1.150582,1.665629,4.014254,-1.294974,1.574887,0.230618,0.090742
209.045000,4.192947,-1.138798,1.666773,4.012337,-1.299934,1.573144,0.242043,0.093629
209.096000,4.192187,-1.130938,1.667517,4.012311,-1.289866,1.574114,0.240029,0.093403
209.148000,4.191036,-1.119141,1.668564,4.010507,-1.293476,1.572426,0.250965,0.096138
209.197000,4.190262,-1.111268,1.669213,4.010489,-1.283786,1.573259,0.249160,0.095954
209.248000,4.189090,-1.099454,1.670131,4.009073,-1.287238,1.571404,0.260132,0.098727
209.297000,4.188302,-1.091578,1.670738,4.009065,-1.277542,1.572148,0.258280,0.098590
209.349000,4.187112,-1.079765,1.671648,4.007806,-1.280290,1.570453,0.268999,0.101195
209.398000,4.186313,-1.071890,1.672255,4.007808,-1.270594,1.571196,0.267108,0.101059
209.447000,4.185104,-1.060063,1.673088,4.007245,-1.271855,1.569739,0.276568,0.103349
209.495000,4.184292,-1.052175,1.673594,4.007254,-1.262340,1.570374,0.274794,0.103220
209.548000,4.183067,-1.040341,1.674323,4.007104,-1.263021,1.568811,0.283812,0.105511
209.596000,4.182246,-1.032458,1.674818,4.007122,-1.253510,1.569394,0.282015,0.105424
209.647000,4.181007,-1.020633,1.675568,4.005691,-1.256619,1.568086,0.293981,0.107482
209.697000,4.180176,-1.012750,1.676068,4.005716,-1.246710,1.568710,0.291845,0.107358
209.745000,4.178921,-1.000910,1.676759,4.004648,-1.249068,1.567071,0.303238,0.109688
209.798000,4.177657,-0.989066,1.677395,4.004686,-1.238547,1.567661,0.303579,0.109733
209.846000,4.176810,-0.981168,1.677800,4.004504,-1.240957,1.566024,0.311737,0.111776
209.899000,4.175961,-0.973276,1.678218,4.004553,-1.230440,1.566566,0.309053,0.111653
209.949000,4.174681,-0.961437,1.678855,4.004673,-1.230190,1.564642,0.318011,0.114213
209.994000,4.173824,-0.953554,1.679311,4.004727,-1.221269,1.565127,0.316647,0.114184
210.046000,4.172531,-0.941728,1.680022,4.003009,-1.222562,1.563628,0.328033,0.116394
210.099000,4.171664,-0.933836,1.680470,4.003083,-1.212043,1.564248,0.325298,0.116221
210.147000,4.170356,-0.921996,1.681099,4.001323,-1.214055,1.562607,0.337448,0.118492
210.198000,4.169479,-0.914094,1.681477,4.001404,-1.203920,1.563125,0.335034,0.118353
210.248000,4.168159,-0.902240,1.682000,4.001036,-1.206157,1.561793,0.346837,0.120207
210.297000,4.167275,-0.894340,1.682346,4.001122,-1.196420,1.562215,0.344760,0.120131
210.346000,4.165945,-0.882489,1.682865,4.000006,-1.198132,1.560743,0.356604,0.122122
210.395000,4.165054,-0.874585,1.683197,4.000103,-1.188389,1.561162,0.354516,0.122035
210.447000,4.163713,-0.862728,1.683677,3.999557,-1.187494,1.559419,0.363895,0.124258
210.498000,4.162366,-0.850876,1.684166,3.999671,-1.177355,1.559827,0.364772,0.124339
210.546000,4.161465,-0.842974,1.684493,3.998345,-1.176964,1.558078,0.371695,0.126415
210.596000,4.160561,-0.835069,1.684810,3.998471,-1.167019,1.558484,0.369411,0.126326
210.646000,4.159200,-0.823212,1.685284,3.996060,-1.168046,1.557099,0.381478,0.128185
210.698000,4.158289,-0.815299,1.685571,3.996200,-1.157694,1.557504,0.378823,0.128067
210.748000,4.156918,-0.803417,1.685892,3.994368,-1.160529,1.556215,0.392366,0.129676
210.798000,4.156000,-0.795486,1.686045,3.994513,-1.150550,1.556454,0.390063,0.129590
210.846000,4.154622,-0.783589,1.686227,3.993427,-1.152633,1.555067,0.402712,0.131160
210.897000,4.153702,-0.775657,1.686345,3.993587,-1.142453,1.555218,0.400220,0.131127
210.946000,4.152320,-0.763760,1.686523,3.993282,-1.143818,1.553684,0.411992,0.132839
210.998000,4.151397,-0.755829,1.686642,3.993459,-1.133440,1.553839,0.409309,0.132803
211.048000,4.150012,-0.743932,1.686802,3.991406,-1.132561,1.552381,0.419748,0.134421
211.097000,4.149086,-0.735992,1.686877,3.991586,-1.122770,1.552498,0.417617,0.134378
211.148000,4.147697,-0.724083,1.686957,3.990242,-1.121473,1.550822,0.427447,0.136135
211.198000,4.146770,-0.716139,1.686990,3.990442,-1.111478,1.550881,0.425125,0.136109
211.248000,4.145379,-0.704224,1.687029,3.988416,-1.112311,1.549716,0.437232,0.137313
211.297000,4.144452,-0.696281,1.687054,3.988622,-1.102517,1.549747,0.435098,0.137307
211.348000,4.143061,-0.684371,1.687054,3.987718,-1.103364,1.548460,0.446863,0.138594
211.398000,4.142134,-0.676435,1.687006,3.987941,-1.093379,1.548431,0.444542,0.138575
211.448000,4.140745,-0.664528,1.686923,3.986086,-1.095637,1.547263,0.458011,0.139660
211.496000,4.139820,-0.656601,1.686828,3.986311,-1.086062,1.547185,0.456073,0.139644
211.549000,4.138435,-0.644707,1.686655,3.986404,-1.085309,1.545663,0.466094,0.140993
211.595000,4.137512,-0.636770,1.686564,3.986636,-1.076123,1.545536,0.464537,0.141028
211.647000,4.136127,-0.624861,1.686469,3.984264,-1.075573,1.544264,0.475610,0.142205
211.696000,4.135207,-0.616935,1.686367,3.984522,-1.065803,1.544180,0.473484,0.142187
211.747000,4.133828,-0.605045,1.686170,3.984449,-1.062315,1.542370,0.481051,0.143800
211.798000,4.132909,-0.597111,1.686060,3.984739,-1.052136,1.542208,0.478541,0.143852
211.847000,4.131531,-0.585204,1.685941,3.983036,-1.050486,1.541187,0.488404,0.144754
211.897000,4.130614,-0.577275,1.685839,3.983331,-1.040514,1.541086,0.486089,0.144753
211.946000,4.129241,-0.565380,1.685667,3.982549,-1.040748,1.539891,0.497488,0.145776
211.999000,4.128326,-0.557450,1.685547,3.982876,-1.030177,1.539737,0.494597,0.145810
212.048000,4.126956,-0.545552,1.685378,3.981865,-1.030327,1.538492,0.506023,0.146886
212.096000,4.126043,-0.537618,1.685267,3.982175,-1.020750,1.538359,0.504097,0.146908
212.149000,4.124676,-0.525718,1.685101,3.980561,-1.019306,1.537036,0.514196,0.148066
212.199000,4.123766,-0.517785,1.684991,3.980898,-1.009330,1.536897,0.511886,0.148093
212.246000,4.122403,-0.505891,1.684804,3.978933,-1.008010,1.535359,0.522213,0.149445
212.298000,4.121497,-0.497973,1.684634,3.979300,-0.997655,1.535180,0.519521,0.149455
212.349000,4.120140,-0.486090,1.684358,3.978494,-0.994632,1.533691,0.527900,0.150667
212.349000,4.118786,-0.474207,1.684083,3.978494,-0.994632,1.533691,0.539004,0.150391
212.349000,4.118786,-0.474207,1.684083,3.978494,-0.994632,1.533691,0.539004,0.150391
212.401000,4.118336,-0.470244,1.683997,3.978880,-0.984274,1.533452,0.532611,0.150545
212.595000,4.114747,-0.438570,1.683189,3.976297,-0.963941,1.530801,0.543307,0.152388
212.648000,4.113409,-0.426698,1.682826,3.975762,-0.963399,1.529609,0.554072,0.153217
212.698000,4.112520,-0.418783,1.682583,3.976172,-0.953452,1.529306,0.551780,0.153277
212.749000,4.111188,-0.406902,1.682249,3.975041,-0.953105,1.528355,0.562916,0.153894
212.798000,4.110303,-0.398985,1.682028,3.975455,-0.943356,1.528090,0.560824,0.153937
212.847000,4.108978,-0.387103,1.681707,3.974464,-0.941076,1.526647,0.570070,0.155059
212.898000,4.108097,-0.379183,1.681494,3.974913,-0.930926,1.526379,0.567589,0.155115
212.947000,4.106777,-0.367296,1.681198,3.973274,-0.926843,1.524925,0.575253,0.156273
212.999000,4.105900,-0.359379,1.680984,3.973749,-0.916497,1.524668,0.572578,0.156317
213.046000,4.104587,-0.347495,1.680667,3.971237,-0.916089,1.523441,0.584022,0.157226
213.099000,4.103716,-0.339589,1.680406,3.971736,-0.905560,1.523148,0.581157,0.157258
213.149000,4.102413,-0.327721,1.679984,3.969555,-0.906035,1.522309,0.593378,0.157674
213.199000,4.101117,-0.315874,1.679472,3.970036,-0.896116,1.521942,0.594864,0.157530
213.246000,4.100257,-0.307974,1.679115,3.967723,-0.897373,1.520808,0.604116,0.158308
213.298000,4.099399,-0.300073,1.678759,3.968241,-0.887055,1.520344,0.601457,0.158414
213.349000,4.098117,-0.288221,1.678224,3.966329,-0.886690,1.519656,0.612808,0.158568
213.395000,4.097267,-0.280319,1.677870,3.966798,-0.877562,1.519246,0.611328,0.158623
213.447000,4.095999,-0.268486,1.677241,3.965342,-0.876213,1.517988,0.621613,0.159253
213.496000,4.095158,-0.260605,1.676764,3.965855,-0.866518,1.517446,0.619556,0.159318
213.547000,4.093904,-0.248774,1.676046,3.965802,-0.861830,1.516021,0.626298,0.160025
213.597000,4.093072,-0.240880,1.675597,3.966347,-0.851923,1.515436,0.624046,0.160161
213.649000,4.091829,-0.229026,1.674989,3.965703,-0.849324,1.514784,0.632990,0.160205
213.698000,4.091004,-0.221126,1.674597,3.966249,-0.839609,1.514301,0.630940,0.160296
213.746000,4.089772,-0.209266,1.674046,3.964689,-0.838526,1.513651,0.641572,0.160395
213.798000,4.088955,-0.201368,1.673660,3.965279,-0.828221,1.513174,0.638937,0.160485
213.846000,4.087735,-0.189512,1.673083,3.964522,-0.826837,1.512322,0.649127,0.160761
213.896000,4.086925,-0.181609,1.672701,3.965103,-0.816924,1.511847,0.646889,0.160854
213.947000,4.085716,-0.169749,1.672141,3.964086,-0.815174,1.510557,0.656786,0.161584
213.998000,4.084913,-0.161842,1.671768,3.964697,-0.805059,1.510081,0.654355,0.161687
214.046000,4.083715,-0.149980,1.671208,3.963084,-0.802265,1.508714,0.663346,0.162494
214.099000,4.082919,-0.142070,1.670848,3.963739,-0.791751,1.508222,0.660523,0.162626
214.149000,4.081731,-0.130197,1.670356,3.962262,-0.787215,1.507016,0.667791,0.163340
214.199000,4.080942,-0.122289,1.670013,3.962896,-0.777301,1.506607,0.665564,0.163407
214.246000,4.079763,-0.110417,1.669515,3.961582,-0.775650,1.505609,0.675650,0.163906
214.292000,4.078981,-0.102508,1.669177,3.962179,-0.766531,1.505231,0.674217,0.163947
214.346000,4.077814,-0.090647,1.668668,3.961861,-0.764368,1.504090,0.683626,0.164578
214.399000,4.077038,-0.082731,1.668336,3.962565,-0.753854,1.503642,0.680815,0.164695
214.448000,4.075877,-0.070845,1.667887,3.961728,-0.752467,1.502770,0.691114,0.165116
214.495000,4.075107,-0.062921,1.667589,3.962365,-0.743133,1.502420,0.689493,0.165169
214.548000,4.073955,-0.051034,1.667142,3.961470,-0.741793,1.501197,0.699858,0.165944
214.598000,4.073191,-0.043108,1.666844,3.962163,-0.731865,1.500825,0.697648,0.166019
214.648000,4.072048,-0.031220,1.666396,3.961547,-0.729095,1.499644,0.706569,0.166752
214.698000,4.071289,-0.023290,1.666127,3.962256,-0.719163,1.499281,0.704362,0.166847
214.749000,4.070151,-0.011373,1.665845,3.961281,-0.714623,1.497850,0.711627,0.167995
214.796000,4.069394,-0.003427,1.665671,3.961965,-0.705269,1.497645,0.710016,0.168027
214.847000,4.068261,0.008494,1.665431,3.961380,-0.702923,1.496747,0.719401,0.168684
214.898000,4.067507,0.016444,1.665315,3.962134,-0.692769,1.496564,0.716999,0.168751
214.946000,4.066377,0.028373,1.665154,3.960513,-0.693487,1.495670,0.729581,0.169485
214.999000,4.065625,0.036326,1.665054,3.961308,-0.682931,1.495529,0.726783,0.169525
215.045000,4.064497,0.048259,1.664939,3.960571,-0.683145,1.494336,0.738751,0.170602
215.095000,4.063747,0.056214,1.664871,3.961334,-0.673186,1.494247,0.736555,0.170623
215.149000,4.062620,0.068156,1.664809,3.960607,-0.672691,1.493020,0.747838,0.171789
215.197000,4.061870,0.076117,1.664783,3.961352,-0.663125,1.492982,0.746044,0.171801
215.247000,4.060744,0.088060,1.664780,3.959865,-0.661015,1.491575,0.755837,0.173206
215.297000,4.059994,0.096020,1.664773,3.960656,-0.651052,1.491578,0.753648,0.173195
215.344000,4.058868,0.107962,1.664782,3.960297,-0.648388,1.489810,0.762747,0.174973
215.396000,4.058118,0.115919,1.664821,3.961137,-0.638033,1.489833,0.760163,0.174987
215.445000,4.056993,0.127843,1.664940,3.959317,-0.636834,1.488971,0.770890,0.175969
215.497000,4.056241,0.135804,1.665000,3.960166,-0.626475,1.489077,0.768309,0.175924
215.547000,4.055113,0.147736,1.665090,3.958978,-0.626965,1.488061,0.780643,0.177029
215.597000,4.054360,0.155696,1.665140,3.959804,-0.617005,1.488137,0.778465,0.177004
215.648000,4.053231,0.167626,1.665232,3.959451,-0.618940,1.487225,0.792137,0.178007
215.697000,4.052477,0.175579,1.665309,3.960267,-0.609188,1.487310,0.790166,0.177999
215.748000,4.051346,0.187498,1.665466,3.960230,-0.609858,1.486029,0.802545,0.179437
215.796000,4.050591,0.195443,1.665576,3.961041,-0.600315,1.486161,0.800781,0.179415
215.847000,4.049457,0.207361,1.665741,3.961315,-0.599786,1.484610,0.811945,0.181131
215.897000,4.048700,0.215305,1.665851,3.962174,-0.589847,1.484747,0.809788,0.181104
215.949000,4.047565,0.227201,1.666109,3.962848,-0.587024,1.483361,0.818620,0.182748
215.997000,4.046808,0.235104,1.666439,3.963681,-0.577533,1.483639,0.816878,0.182799
216.048000,4.045668,0.246949,1.667065,3.962562,-0.576198,1.482317,0.827332,0.184748
216.099000,4.044904,0.254849,1.667504,3.963455,-0.566118,1.482870,0.824998,0.184634
216.147000,4.043751,0.266691,1.668189,3.961220,-0.568417,1.481708,0.839176,0.186481
216.199000,4.042978,0.274583,1.668658,3.962136,-0.558149,1.482312,0.836647,0.186347
216.247000,4.041811,0.286425,1.669351,3.960549,-0.561400,1.481108,0.851710,0.188242
216.297000,4.041027,0.294336,1.669738,3.961437,-0.551503,1.481657,0.849575,0.188080
216.346000,4.039847,0.306194,1.670308,3.959042,-0.555724,1.480367,0.865697,0.189941
216.398000,4.039055,0.314114,1.670641,3.959974,-0.545420,1.480848,0.863164,0.189792
216.447000,4.037863,0.325985,1.671115,3.956845,-0.549037,1.479457,0.878764,0.191658
216.499000,4.037063,0.333919,1.671359,3.957789,-0.538714,1.479846,0.876227,0.191513
216.549000,4.035861,0.345813,1.671683,3.955084,-0.540312,1.478241,0.889799,0.193442
216.597000,4.035056,0.353758,1.671840,3.955969,-0.530770,1.478481,0.888057,0.193359
216.645000,4.033847,0.365666,1.672047,3.955157,-0.530996,1.476952,0.900109,0.195094
216.699000,4.033040,0.373605,1.672189,3.956166,-0.520271,1.477143,0.897176,0.195047
216.749000,4.031828,0.385501,1.672449,3.953695,-0.522433,1.475989,0.911289,0.196460
216.798000,4.031017,0.393447,1.672583,3.954620,-0.512692,1.476197,0.909354,0.196386
216.848000,4.029799,0.405362,1.672753,3.952563,-0.516022,1.475119,0.924616,0.197634
216.899000,4.028986,0.413306,1.672867,3.953536,-0.505888,1.475264,0.922285,0.197603
216.946000,4.027765,0.425220,1.673038,3.951923,-0.508653,1.473947,0.936948,0.199091
216.998000,4.026950,0.433162,1.673154,3.952927,-0.498323,1.474095,0.934422,0.199058
217.049000,4.025724,0.445082,1.673299,3.951721,-0.499060,1.472819,0.947038,0.200480
217.098000,4.024906,0.453029,1.673391,3.952678,-0.489321,1.472933,0.945113,0.200458
217.147000,4.023678,0.464954,1.673503,3.952356,-0.488842,1.471261,0.956459,0.202242
217.199000,4.022859,0.472901,1.673571,3.953388,-0.478507,1.471347,0.953941,0.202224
217.249000,4.021628,0.484822,1.673683,3.952364,-0.479106,1.470126,0.966413,0.203557
217.297000,4.020807,0.492772,1.673747,3.953328,-0.469563,1.470213,0.964698,0.203534
217.346000,4.019575,0.504698,1.673830,3.952047,-0.470710,1.468931,0.977743,0.204899
217.399000,4.018752,0.512654,1.673863,3.953125,-0.460168,1.468995,0.975033,0.204868
217.448000,4.017517,0.524588,1.673902,3.951526,-0.461058,1.467850,0.987853,0.206053
217.497000,4.016694,0.532544,1.673927,3.952533,-0.451312,1.467882,0.985946,0.206046
217.545000,4.015460,0.544468,1.673882,3.950286,-0.453065,1.466765,0.999660,0.207118
217.597000,4.014639,0.552403,1.673769,3.951362,-0.442750,1.466690,0.997162,0.207079
217.647000,4.013411,0.564303,1.673519,3.950553,-0.443085,1.465377,1.009347,0.208142
217.699000,4.012594,0.572235,1.673328,3.951644,-0.432777,1.465146,1.006858,0.208182
217.745000,4.011372,0.584134,1.673025,3.950251,-0.432385,1.463783,1.018355,0.209243
217.797000,4.010560,0.592058,1.672787,3.951357,-0.422088,1.463508,1.015872,0.209280
217.850000,4.009346,0.603945,1.672387,3.950458,-0.420695,1.462447,1.026331,0.209940
217.899000,4.008137,0.615823,1.671925,3.951513,-0.411002,1.462106,1.028385,0.209819
217.947000,4.007335,0.623743,1.671596,3.950193,-0.411841,1.460997,1.037159,0.210599
217.996000,4.006536,0.631655,1.671229,3.951261,-0.402158,1.460583,1.035289,0.210646
218.049000,4.005344,0.643523,1.670636,3.948754,-0.402775,1.459624,1.047827,0.211012
218.098000,4.004555,0.651415,1.670137,3.949832,-0.393120,1.459102,1.045967,0.211035
218.149000,4.003380,0.663252,1.669273,3.949781,-0.391393,1.457818,1.056006,0.211456
218.199000,4.002603,0.671146,1.668682,3.950901,-0.381540,1.457084,1.053955,0.211599
218.249000,4.001445,0.682992,1.667798,3.950186,-0.378478,1.455634,1.062707,0.212165
218.297000,4.000297,0.694839,1.666915,3.951282,-0.369019,1.454927,1.064987,0.211988
218.348000,3.999538,0.702736,1.666318,3.951784,-0.363708,1.453299,1.067513,0.213020
218.396000,3.998784,0.710634,1.665702,3.952902,-0.354253,1.452576,1.065875,0.213126
218.448000,3.997662,0.722485,1.664774,3.951836,-0.351439,1.451618,1.074902,0.213155
218.497000,3.996921,0.730373,1.664084,3.952991,-0.341803,1.450837,1.073075,0.213247
218.548000,3.995820,0.742207,1.662969,3.952359,-0.340317,1.450044,1.083396,0.212925
218.594000,3.995095,0.750089,1.662169,3.953457,-0.331280,1.449167,1.082171,0.213001
218.647000,3.994018,0.761917,1.660920,3.952303,-0.328212,1.448417,1.090926,0.212503
218.699000,3.993309,0.769803,1.660084,3.953562,-0.317996,1.447331,1.088525,0.212753
218.746000,3.992257,0.781633,1.658830,3.953101,-0.314606,1.446451,1.096938,0.212379
218.797000,3.991565,0.789520,1.657993,3.954356,-0.304589,1.445385,1.094742,0.212609
218.849000,3.990541,0.801322,1.656491,3.956191,-0.297807,1.444044,1.099666,0.212448
218.898000,3.989869,0.809204,1.655434,3.957419,-0.288195,1.442746,1.097878,0.212687
218.949000,3.988874,0.821034,1.653894,3.956046,-0.280953,1.441810,1.102476,0.212084
218.994000,3.988225,0.828890,1.652666,3.957186,-0.272161,1.440604,1.101487,0.212062
219.048000,3.987270,0.840674,1.650563,3.956818,-0.267447,1.439789,1.108539,0.210774
219.096000,3.986647,0.848532,1.649120,3.958057,-0.258069,1.438074,1.106970,0.211046
219.147000,3.985735,0.860317,1.646936,3.957879,-0.253752,1.437339,1.114417,0.209597
219.198000,3.985144,0.868153,1.645228,3.959214,-0.243820,1.435398,1.112276,0.209830
219.247000,3.984284,0.879913,1.642435,3.958880,-0.237865,1.434519,1.118066,0.207917
219.298000,3.983730,0.887735,1.640358,3.960241,-0.227959,1.432057,1.115941,0.208301
219.346000,3.982932,0.899469,1.637155,3.960075,-0.219720,1.431232,1.119422,0.205923
219.396000,3.982420,0.907294,1.635000,3.961445,-0.210014,1.428559,1.117505,0.206441
219.446000,3.981690,0.919002,1.631122,3.961496,-0.201147,1.427076,1.120331,0.204046
219.496000,3.981232,0.926781,1.628029,3.962894,-0.191505,1.423609,1.118437,0.204420
219.544000,3.980591,0.938454,1.623222,3.962748,-0.180929,1.422342,1.119525,0.200880
219.598000,3.980195,0.946238,1.619934,3.964313,-0.170524,1.417999,1.116875,0.201936
219.646000,3.979659,0.957860,1.613652,3.963918,-0.162990,1.416169,1.120960,0.197483
219.694000,3.979348,0.965565,1.608493,3.965348,-0.153846,1.410729,1.119499,0.197764
219.749000,3.978959,0.977127,1.600446,3.969142,-0.148871,1.403903,1.126041,0.196543
219.799000,3.978751,0.984836,1.595081,3.970757,-0.139367,1.397197,1.124232,0.197884
219.849000,3.978516,0.996402,1.587034,3.973193,-0.129175,1.392961,1.125590,0.194073
219.899000,3.978384,1.007112,1.579226,3.974852,-0.120016,1.386210,1.127133,0.193016
219.949000,3.978344,1.013548,1.574894,3.976518,-0.115572,1.379661,1.129122,0.195234
219.996000,3.978331,1.019953,1.570568,3.977956,-0.108186,1.374573,1.128139,0.195995
220.049000,3.978350,1.026824,1.565634,3.980172,-0.106510,1.367098,1.133335,0.198537
220.096000,3.978370,1.030077,1.563943,3.980951,-0.102794,1.363985,1.132874,0.199958
220.146000,3.978408,1.034932,1.562250,3.981607,-0.100262,1.359424,1.135198,0.202825
220.196000,3.978437,1.038169,1.561121,3.982457,-0.096306,1.358013,1.134482,0.203108
220.247000,3.978487,1.042912,1.559450,3.982743,-0.091975,1.356769,1.134895,0.202681
220.295000,3.978517,1.045508,1.558898,3.983409,-0.088925,1.355627,1.134443,0.203271
220.348000,3.978562,1.049147,1.558274,3.982889,-0.085717,1.356354,1.134872,0.201920
220.396000,3.978575,1.050224,1.558953,3.983167,-0.084455,1.356225,1.134688,0.202727
220.446000,3.978576,1.050276,1.562371,3.981593,-0.085646,1.358039,1.135925,0.204333
220.498000,3.978576,1.050276,1.566250,3.981593,-0.085645,1.361857,1.135925,0.204393
220.549000,3.978576,1.050276,1.574469,3.980376,-0.088279,1.364104,1.138556,0.210365
220.596000,3.978576,1.050276,1.581548,3.980376,-0.088279,1.371278,1.138556,0.210270
220.649000,3.978576,1.050276,1.594566,3.980387,-0.093813,1.375113,1.144090,0.219454
220.697000,3.978576,1.050276,1.604845,3.980387,-0.093813,1.386311,1.144090,0.218534
220.746000,3.978576,1.050276,1.622664,3.981305,-0.097070,1.394401,1.147349,0.228263
220.799000,3.978576,1.050276,1.636143,3.981305,-0.097070,1.410997,1.147349,0.225146
220.848000,3.978576,1.050276,1.658762,3.980448,-0.107532,1.420860,1.157809,0.237901
220.898000,3.978576,1.050276,1.675441,3.980448,-0.107532,1.440565,1.157809,0.234875
220.948000,3.978576,1.050276,1.702750,3.980566,-0.108400,1.457434,1.158677,0.245317
220.948000,3.978576,1.050276,1.730817,3.980566,-0.108400,1.457434,1.158677,0.273383
220.948000,3.978576,1.050276,1.730817,3.980566,-0.108400,1.457434,1.158677,0.273383
221.001000,3.978576,1.050276,1.750064,3.980566,-0.108400,1.482015,1.158677,0.268049
221.001000,3.978576,1.050276,1.839692,3.980566,-0.108400,1.482015,1.158677,0.357677
221.001000,3.978576,1.050276,1.852336,3.980566,-0.108400,1.482015,1.158677,0.370321
221.208000,3.978576,1.050276,1.878583,3.978649,-0.110233,1.582849,1.160509,0.295734
221.396000,3.978576,1.050276,1.964908,3.978494,-0.110750,1.700405,1.161026,0.264503
221.447000,3.978576,1.050276,2.010254,3.979582,-0.109509,1.734597,1.159785,0.275657
221.499000,3.978576,1.050276,2.040961,3.979582,-0.109509,1.774027,1.159785,0.266935
221.548000,3.978576,1.050276,2.088789,3.979538,-0.108889,1.811258,1.159166,0.277530
221.595000,3.978576,1.050276,2.120789,3.979538,-0.108889,1.848858,1.159166,0.271931
221.648000,3.978576,1.050276,2.168789,3.979906,-0.110201,1.888577,1.160478,0.280212
221.696000,3.978576,1.050276,2.200789,3.979906,-0.110201,1.926977,1.160478,0.273812
221.749000,3.978576,1.050276,2.248789,3.979428,-0.109828,1.969396,1.160104,0.279393
221.797000,3.978576,1.050276,2.280789,3.979428,-0.109828,2.007796,1.160104,0.272993
221.848000,3.978576,1.050276,2.328789,3.979270,-0.109823,2.049060,1.160099,0.279729
221.896000,3.978576,1.050276,2.360789,3.979270,-0.109823,2.087460,1.160099,0.273329
221.949000,3.978576,1.050276,2.408789,3.980498,-0.111957,2.129157,1.162234,0.279632
221.998000,3.978576,1.050276,2.440789,3.980498,-0.111957,2.168357,1.162234,0.272432
222.045000,3.977971,1.050753,2.487783,3.978352,-0.107128,2.207857,1.157881,0.279926
222.096000,3.976758,1.051651,2.517844,3.977223,-0.105643,2.247212,1.157295,0.270632
222.147000,3.973651,1.053778,2.560678,3.977650,-0.107402,2.284821,1.161187,0.275858
222.196000,3.970690,1.055663,2.587614,3.974813,-0.104197,2.319062,1.159868,0.268552
222.248000,3.965086,1.058975,2.627441,3.970572,-0.102433,2.356527,1.161421,0.270915
222.295000,3.961164,1.061122,2.653993,3.966825,-0.098750,2.387725,1.159885,0.266268
222.349000,3.955177,1.064145,2.693820,3.964362,-0.098453,2.422937,1.162634,0.270884
222.398000,3.950867,1.066145,2.719540,3.959947,-0.094659,2.455230,1.160840,0.264310
222.445000,3.943155,1.069437,2.755623,3.954543,-0.091253,2.485293,1.160746,0.270330
222.497000,3.937737,1.071568,2.778079,3.948513,-0.086694,2.515787,1.158312,0.262291
222.546000,3.929392,1.074591,2.809346,3.941170,-0.080852,2.547466,1.155503,0.261881
222.598000,3.923693,1.076495,2.828602,3.934668,-0.076531,2.573747,1.153079,0.254855
222.644000,3.914964,1.079191,2.855101,3.930585,-0.075425,2.598070,1.154721,0.257032
222.699000,3.909009,1.080892,2.871157,3.923277,-0.071077,2.621490,1.152058,0.249667
222.744000,3.899932,1.083301,2.892856,3.917526,-0.068150,2.642872,1.151585,0.249984
222.795000,3.893783,1.084820,2.905728,3.910415,-0.064334,2.660514,1.149274,0.245214
222.849000,3.884456,1.086976,2.922611,3.905902,-0.061517,2.680362,1.148693,0.242249
222.896000,3.878159,1.088345,2.932267,3.899103,-0.058179,2.692851,1.146716,0.239416
222.947000,3.868646,1.090301,2.945089,3.893114,-0.056772,2.707726,1.147334,0.237364
222.999000,3.862240,1.091549,2.953409,3.885409,-0.053225,2.718694,1.145009,0.234715
223.044000,3.852580,1.093327,2.965688,3.877827,-0.047285,2.731456,1.140891,0.234232
223.099000,3.846126,1.094447,2.973822,3.869558,-0.043714,2.742672,1.138402,0.231150
223.144000,3.836428,1.096029,2.986021,3.863453,-0.042428,2.751416,1.138778,0.234605
223.199000,3.829919,1.097023,2.994075,3.855076,-0.039008,2.762576,1.136309,0.231499
223.248000,3.820092,1.098423,3.005959,3.850119,-0.043536,2.769973,1.142354,0.235986
223.296000,3.813529,1.099293,3.013862,3.842709,-0.040669,2.779459,1.140335,0.234402
223.349000,3.803672,1.100499,3.025715,3.837498,-0.040968,2.787715,1.141968,0.238000
223.395000,3.797092,1.101239,3.033618,3.830349,-0.038347,2.796803,1.140071,0.236815
223.448000,3.787041,1.102270,3.044961,3.824901,-0.037910,2.804961,1.140808,0.240000
223.499000,3.780270,1.102901,3.052187,3.816712,-0.035066,2.814372,1.138550,0.237815
223.547000,3.770106,1.103757,3.063022,3.805582,-0.030090,2.825699,1.134402,0.237322
223.595000,3.763325,1.104266,3.070244,3.797820,-0.027573,2.834367,1.132365,0.235878
223.648000,3.753142,1.104939,3.081038,3.788631,-0.023844,2.844626,1.129341,0.236412
223.698000,3.746299,1.105329,3.087985,3.780433,-0.021356,2.853526,1.127203,0.234459
223.749000,3.735998,1.105830,3.098140,3.771786,-0.019289,2.862541,1.125688,0.235600
223.799000,3.729106,1.106106,3.104786,3.763494,-0.016931,2.870936,1.123563,0.233850
223.848000,3.718741,1.106437,3.114611,3.758342,-0.018793,2.878658,1.125926,0.235953
223.899000,3.711820,1.106601,3.121117,3.749816,-0.016514,2.886978,1.123758,0.234139
223.946000,3.701438,1.106763,3.130876,3.744186,-0.016058,2.893983,1.123634,0.236892
224.000000,3.694516,1.106815,3.137382,3.735122,-0.013784,2.902766,1.121334,0.234615
224.049000,3.684069,1.106808,-3.136226,3.728761,-0.011697,2.910020,1.119397,0.236940
224.099000,3.677025,1.106749,-3.130212,3.720186,-0.009694,2.917827,1.117276,0.235147
224.148000,3.666432,1.106582,-3.121462,3.712815,-0.007095,2.925409,1.114642,0.236314
224.196000,3.659360,1.106419,-3.115732,3.704520,-0.005289,2.932351,1.112625,0.235102
224.248000,3.648731,1.106099,-3.107258,3.696964,-0.003573,2.939855,1.110719,0.236073
224.299000,3.638073,1.105688,-3.098944,3.688083,-0.001772,2.947013,1.108588,0.237228
224.349000,3.630952,1.105365,-3.093494,3.679859,-0.000326,2.953871,1.106772,0.235820
224.396000,3.623820,1.105002,-3.088116,3.671612,0.001226,2.960253,1.104811,0.234817
224.446000,3.613101,1.104386,-3.080182,3.662632,-0.000592,2.967554,1.106087,0.235449
224.498000,3.605913,1.103925,-3.075037,3.653410,0.001014,2.974359,1.103934,0.233790
224.548000,3.595133,1.103165,-3.067323,3.643898,0.002958,2.981704,1.101287,0.234159
224.596000,3.587949,1.102612,-3.062180,3.635361,0.004321,2.987875,1.099313,0.233130
224.649000,3.577177,1.101713,-3.054495,3.626059,0.006962,2.995304,1.095842,0.233386
224.697000,3.569945,1.101063,-3.049638,3.617435,0.008216,3.001355,1.093878,0.232193
224.748000,3.559071,1.100022,-3.042663,3.607373,0.010099,3.008552,1.090993,0.231971
224.798000,3.551812,1.099285,-3.038134,3.598332,0.011296,3.014296,1.088983,0.230755
224.848000,3.540906,1.098116,-3.031490,3.589042,0.013863,3.021136,1.085321,0.230559
224.899000,3.533632,1.097295,-3.027130,3.579775,0.014973,3.026742,1.083306,0.229313
224.945000,3.522704,1.096003,-3.020700,3.497444,0.297467,3.073415,0.798936,0.189070
224.996000,3.515697,1.095137,-3.016345,3.488442,0.298071,3.078862,0.797532,0.187978
225.046000,3.507015,1.094009,-3.007694,3.480297,0.296145,3.086586,0.798311,0.188906
225.099000,3.501129,1.093194,-3.000326,3.472458,0.296575,3.095100,0.797136,0.187759
225.149000,3.491928,1.091824,-2.986905,3.463323,0.297198,3.102800,0.795141,0.193481
225.197000,3.485597,1.090804,-2.976369,3.455632,0.297489,3.114300,0.793880,0.192516
225.248000,3.475650,1.089053,-2.958179,3.446615,0.297640,3.124408,0.791946,0.200598
225.297000,3.468743,1.087723,-2.944488,3.438002,0.297769,3.140049,0.790552,0.198649
225.349000,3.457764,1.085401,-2.921851,3.428288,0.297568,-3.129249,0.788384,0.207399
225.399000,3.450378,1.083695,-2.907231,3.418813,0.297403,-3.110317,0.786925,0.203086
225.449000,3.441316,1.081438,-2.887409,3.410317,0.297600,-3.094647,0.784451,0.207237
225.494000,3.435569,1.079905,-2.874472,3.403636,0.297258,-3.080041,0.783299,0.205568
225.546000,3.427153,1.077516,-2.855947,3.396814,0.296449,-3.061071,0.781657,0.205124
225.597000,3.421536,1.075831,-2.844290,3.389370,0.295818,-3.045840,0.780676,0.201550
225.644000,3.413149,1.073181,-2.826805,3.381890,0.295019,-3.030288,0.778790,0.203484
225.697000,3.407584,1.071333,-2.815148,3.374172,0.294128,-3.014843,0.777923,0.199695
225.748000,3.399242,1.068428,-2.798126,3.365429,0.293660,-2.999155,0.775506,0.201029
225.795000,3.393681,1.066405,-2.787109,3.358550,0.292648,-2.986061,0.774554,0.198952
225.847000,3.385170,1.063176,-2.771448,3.350906,0.292390,-2.970875,0.771547,0.199427
225.898000,3.379257,1.060850,-2.762607,3.342939,0.290980,-2.958350,0.770727,0.195743
225.947000,3.370331,1.057235,-2.751020,3.334842,0.289058,-2.945023,0.768997,0.194003
225.947000,3.361330,1.053470,-2.739951,3.334842,0.289058,-2.945023,0.764871,0.205072
225.947000,3.361330,1.053470,-2.739951,3.334842,0.289058,-2.945023,0.764871,0.205072
226.003000,3.355328,1.050895,-2.732679,3.325911,0.287226,-2.934392,0.764235,0.201713
226.196000,3.331422,1.040119,-2.703846,3.296478,0.278427,-2.897148,0.762493,0.193302
226.246000,3.325272,1.037216,-2.697350,3.288220,0.276462,-2.888340,0.761656,0.190990
226.299000,3.316005,1.032753,-2.688168,3.279447,0.274171,-2.879840,0.759462,0.191672
226.344000,3.309802,1.029707,-2.682308,3.270872,0.272288,-2.871200,0.758420,0.188892
226.399000,3.303579,1.026607,-2.676631,3.261670,0.269718,-2.863200,0.758049,0.186568
226.446000,3.294206,1.021857,-2.668463,3.255611,0.264816,-2.855954,0.758024,0.187491
226.498000,3.287917,1.018617,-2.663278,3.246796,0.262210,-2.849005,0.757524,0.185727
226.549000,3.278500,1.013689,-2.655593,3.237892,0.259810,-2.841377,0.754972,0.185783
226.598000,3.272243,1.010363,-2.650470,3.229603,0.257231,-2.835101,0.754338,0.184631
226.645000,3.262889,1.005314,-2.642785,3.220219,0.254780,-2.828459,0.751746,0.185674
226.696000,3.256675,1.001908,-2.637661,3.211628,0.251983,-2.821927,0.751277,0.184265
226.746000,3.247383,0.996737,-2.629998,3.202188,0.249101,-2.814837,0.749001,0.184839
226.799000,3.241055,0.993165,-2.625450,3.193090,0.245996,-2.808240,0.748707,0.182790
226.847000,3.231377,0.987636,-2.619894,3.183141,0.242289,-2.802117,0.746907,0.182223
226.896000,3.224893,0.983895,-2.616640,3.174500,0.239223,-2.797825,0.746375,0.181186
226.947000,3.215132,0.978212,-2.612215,3.163719,0.235873,-2.791109,0.744118,0.178894
226.998000,3.208591,0.974374,-2.609552,3.154643,0.232543,-2.787492,0.743789,0.177940
227.048000,3.198744,0.968553,-2.605942,3.144950,0.228484,-2.782459,0.742021,0.176517
227.097000,3.192147,0.964627,-2.603802,3.136150,0.225171,-2.779641,0.741574,0.175839
227.148000,3.182212,0.958682,-2.600986,3.129955,0.221195,-2.776937,0.739336,0.175951
227.197000,3.175562,0.954683,-2.599351,3.121077,0.217799,-2.774760,0.738896,0.175410
227.247000,3.165552,0.948637,-2.597242,3.112653,0.214643,-2.772177,0.735898,0.174936
227.295000,3.158852,0.944576,-2.596062,3.103889,0.211243,-2.770592,0.735390,0.174530
227.348000,3.148773,0.938448,-2.594584,3.093814,0.207963,-2.767883,0.732550,0.173300
227.399000,3.142055,0.934352,-2.593629,3.084475,0.204298,-2.766664,0.732321,0.173035
227.448000,3.131950,0.928176,-2.592362,3.077659,0.200929,-2.765740,0.729270,0.173378
227.496000,3.125154,0.924014,-2.591940,3.068765,0.197413,-2.764902,0.728786,0.172962
227.547000,3.114935,0.917752,-2.591735,3.060963,0.194170,-2.764674,0.725591,0.172939
227.596000,3.108139,0.913587,-2.591813,3.051885,0.190575,-2.764613,0.725197,0.172800
227.646000,3.097981,0.907364,-2.592210,3.049504,0.186511,-2.765823,0.722481,0.173613
227.699000,3.091230,0.903233,-2.592656,3.039748,0.182661,-2.766267,0.722409,0.173611
227.748000,3.081136,0.897065,-2.593598,3.037377,0.179136,-2.768028,0.719261,0.174430
227.796000,3.074421,0.892970,-2.594382,3.028589,0.175692,-2.768861,0.718740,0.174479
227.846000,3.064372,0.886857,-2.595783,3.025069,0.171283,-2.770599,0.716653,0.174816
227.895000,3.057692,0.882805,-2.596886,3.016148,0.167814,-2.771822,0.716197,0.174936
227.946000,3.047693,0.876759,-2.598778,3.010339,0.162772,-2.773403,0.714964,0.174625
227.998000,3.041030,0.872746,-2.600108,3.000903,0.159135,-2.775097,0.714738,0.174988
228.047000,3.031026,0.866742,-2.602104,2.994033,0.153553,-2.776263,0.714148,0.174159
228.047000,3.021009,0.860759,-2.604099,2.994033,0.153553,-2.776263,0.707720,0.172164
228.047000,3.021009,0.860759,-2.604099,2.994033,0.153553,-2.776263,0.707720,0.172164
228.106000,3.014379,0.856813,-2.605653,2.983313,0.149464,-2.778226,0.708031,0.172572
228.106000,2.988166,0.841402,-2.615090,2.983313,0.149464,-2.778226,0.691955,0.163136
228.106000,2.988166,0.841402,-2.615090,2.983313,0.149464,-2.778226,0.691955,0.163136
228.303000,2.981619,0.837609,-2.617760,2.950576,0.132864,-2.785626,0.705428,0.167866
228.496000,2.958628,0.824470,-2.627117,2.914874,0.113397,-2.792956,0.712419,0.165839
228.549000,2.948885,0.818992,-2.631833,2.903249,0.104805,-2.793727,0.715644,0.161894
228.598000,2.942457,0.815414,-2.635540,2.894775,0.101736,-2.797877,0.715269,0.162337
228.646000,2.932804,0.810102,-2.641508,2.883733,0.092552,-2.798138,0.719226,0.156630
228.699000,2.926419,0.806631,-2.645811,2.874658,0.089315,-2.803552,0.719181,0.157740
228.748000,2.916821,0.801481,-2.652562,2.872997,0.088897,-2.811593,0.713931,0.159030
228.797000,2.910376,0.798071,-2.657044,2.864543,0.086014,-2.817124,0.713530,0.160080
228.847000,2.900677,0.793006,-2.663732,2.852586,0.081341,-2.819542,0.713289,0.155810
228.896000,2.894193,0.789666,-2.668184,2.844106,0.078524,-2.825003,0.712904,0.156819
228.947000,2.884478,0.784731,-2.674980,2.840447,0.077819,-2.833231,0.708282,0.158251
228.994000,2.874691,0.779843,-2.681704,2.832279,0.075232,-2.838562,0.705886,0.156858
229.048000,2.868146,0.776619,-2.686139,2.818967,0.070263,-2.842163,0.708066,0.156024
229.097000,2.861610,0.773436,-2.690644,2.810455,0.067646,-2.847618,0.707641,0.156974
229.147000,2.851780,0.768717,-2.697478,2.804710,0.065744,-2.854644,0.704548,0.157166
229.198000,2.845196,0.765603,-2.702009,2.795800,0.063127,-2.860451,0.704210,0.158441
229.247000,2.835288,0.760984,-2.708756,2.785735,0.059172,-2.864660,0.703559,0.155904
229.299000,2.828680,0.757949,-2.713288,2.776638,0.056598,-2.870513,0.703279,0.157225
229.349000,2.818739,0.753451,-2.720120,2.769942,0.054726,-2.876916,0.700428,0.156796
229.398000,2.812094,0.750490,-2.724677,2.761338,0.052405,-2.882497,0.699928,0.157821
229.446000,2.802091,0.746101,-2.731472,2.754352,0.049214,-2.888378,0.698520,0.156906
229.497000,2.795399,0.743209,-2.735964,2.745351,0.046899,-2.894130,0.698107,0.158166
229.547000,2.785331,0.738925,-2.742669,2.735771,0.046081,-2.899351,0.694615,0.156682
229.598000,2.778600,0.736106,-2.747128,2.726736,0.043861,-2.905042,0.694185,0.157914
229.649000,2.768481,0.731933,-2.753816,2.719882,0.042471,-2.911426,0.691173,0.157610
229.698000,2.761720,0.729189,-2.758275,2.711177,0.040442,-2.916888,0.690599,0.158613
229.746000,2.751538,0.725123,-2.764910,2.701490,0.039209,-2.921610,0.687737,0.156700
229.796000,2.744698,0.722434,-2.769159,2.692523,0.037219,-2.927065,0.687199,0.157907
229.849000,2.734406,0.718450,-2.775387,2.684430,0.035619,-2.933499,0.684657,0.158113
229.899000,2.727518,0.715825,-2.779464,2.675414,0.033727,-2.938651,0.684085,0.159188
229.946000,2.717157,0.711935,-2.785492,2.665375,0.031936,-2.942917,0.681968,0.157426
229.998000,2.710236,0.709377,-2.789503,2.655969,0.030054,-2.948133,0.681487,0.158630
230.047000,2.699830,0.705589,-2.795493,2.648938,0.029189,-2.953969,0.678311,0.158476
230.096000,2.692859,0.703091,-2.799392,2.640024,0.027509,-2.958826,0.677644,0.159434
230.149000,2.682372,0.699389,-2.805116,2.630955,0.026318,-2.963990,0.675032,0.158874
230.197000,2.675357,0.696950,-2.808865,2.622182,0.024753,-2.968537,0.674297,0.159672
230.248000,2.664812,0.693339,-2.814432,2.611456,0.022139,-2.972504,0.673317,0.158073
230.297000,2.654246,0.689786,-2.819997,2.602480,0.020617,-2.977049,0.671168,0.157052
230.347000,2.647191,0.687450,-2.823707,2.594783,0.019427,-2.982625,0.670076,0.158919
230.395000,2.640127,0.685140,-2.827410,2.585975,0.018025,-2.987076,0.669309,0.159666
230.444000,2.629480,0.681712,-2.832804,2.575949,0.016674,-2.990987,0.667189,0.158183
230.495000,2.622366,0.679457,-2.836329,2.566540,0.015259,-2.995531,0.666540,0.159202
230.548000,2.611670,0.676117,-2.841539,2.558176,0.013080,-3.000682,0.665191,0.159143
230.599000,2.604525,0.673920,-2.844978,2.548740,0.011750,-3.005090,0.664515,0.160112
230.645000,2.593784,0.670667,-2.850080,2.539494,0.010347,-3.008261,0.662548,0.158181
230.645000,2.583021,0.667467,-2.855132,2.539494,0.010347,-3.008261,0.658560,0.153130
230.702000,2.579427,0.666412,-2.856801,2.528917,0.008955,-3.013090,0.659394,0.156289
230.796000,2.568616,0.663276,-2.861730,2.512231,0.007456,-3.021443,0.658239,0.159713
230.847000,2.557772,0.660187,-2.866538,2.502320,0.005834,-3.025381,0.656699,0.158843
230.898000,2.550533,0.658157,-2.869733,2.492798,0.004731,-3.029455,0.655972,0.159723
230.945000,2.539657,0.655153,-2.874506,2.483322,0.003365,-3.032784,0.654219,0.158278
230.997000,2.532387,0.653176,-2.877672,2.473586,0.002311,-3.036909,0.653516,0.159237
231.045000,2.521458,0.650251,-2.882428,2.465518,0.002673,-3.041118,0.649990,0.158690
231.096000,2.514143,0.648324,-2.885554,2.455921,0.001715,-3.045148,0.649224,0.159594
231.148000,2.503145,0.645472,-2.890192,2.445990,0.001051,-3.049322,0.646951,0.159130
231.197000,2.492133,0.642671,-2.894824,2.436748,0.000204,-3.053105,0.644850,0.158281
231.248000,2.484784,0.640832,-2.897912,2.426036,0.000018,-3.055444,0.643501,0.157531
231.297000,2.477429,0.639015,-2.901001,2.416789,-0.000772,-3.059227,0.642655,0.158226
231.349000,2.466345,0.636323,-2.905614,2.405129,-0.002311,-3.062338,0.641562,0.156724
231.396000,2.458943,0.634555,-2.908745,2.396214,-0.003012,-3.065967,0.640646,0.157222
231.447000,2.447819,0.631945,-2.913504,2.389696,-0.002907,-3.071027,0.637507,0.157523
231.495000,2.440395,0.630234,-2.916683,2.380576,-0.003542,-3.074840,0.636593,0.158158
231.547000,2.429222,0.627706,-2.921369,2.370735,-0.004044,-3.078601,0.634452,0.157232
231.597000,2.421743,0.626044,-2.924438,2.361178,-0.004638,-3.082463,0.633583,0.158025
231.647000,2.410502,0.623591,-2.929025,2.350693,-0.004346,-3.085773,0.630779,0.156749
231.696000,2.402987,0.621981,-2.932050,2.341292,-0.004862,-3.089509,0.629872,0.157459
231.748000,2.391690,0.619605,-2.936549,2.334654,-0.005275,-3.094945,0.627477,0.158396
231.797000,2.384137,0.618046,-2.939490,2.325216,-0.005706,-3.098600,0.626529,0.159110
231.849000,2.372784,0.615745,-2.943828,2.314511,-0.006697,-3.101123,0.625164,0.157295
231.899000,2.365216,0.614240,-2.946763,2.304874,-0.007080,-3.104750,0.624244,0.157987
231.944000,2.353858,0.612025,-2.951175,2.295724,-0.007297,-3.107003,0.622044,0.155828
231.944000,2.342490,0.609859,-2.955586,2.295724,-0.007297,-3.107003,0.618926,0.151417
231.944000,2.342490,0.609859,-2.955586,2.295724,-0.007297,-3.107003,0.618926,0.151417
232.001000,2.338698,0.609149,-2.957057,2.284736,-0.007653,-3.111194,0.619158,0.154137
232.198000,2.308176,0.603641,-2.969064,2.250502,-0.008202,-3.127125,0.614555,0.158061
232.247000,2.296669,0.601662,-2.973484,2.239549,-0.008519,-3.129815,0.612849,0.156331
232.299000,2.288994,0.600371,-2.976489,2.229431,-0.008631,-3.133661,0.611908,0.157172
232.348000,2.277462,0.598477,-2.981082,2.219437,-0.008853,-3.136554,0.610096,0.155473
232.395000,2.269768,0.597244,-2.984228,2.210282,-0.008891,-3.140181,0.609047,0.155954
232.448000,2.258209,0.595438,-2.989039,2.200576,-0.008217,3.139125,0.606400,0.155021
232.498000,2.250494,0.594265,-2.992263,2.190822,-0.008184,3.135103,0.605397,0.155820
232.549000,2.238915,0.592551,-2.997098,2.181535,-0.005955,3.131225,0.601250,0.154862
232.599000,2.231191,0.591440,-3.000322,2.171782,-0.005845,3.127196,0.600233,0.155668
232.648000,2.219551,0.589813,-3.004964,2.162541,-0.005954,3.123560,0.598488,0.154661
232.697000,2.211710,0.588745,-3.007261,2.152850,-0.005762,3.120074,0.597413,0.155850
232.747000,2.199924,0.587169,-3.009978,2.144374,-0.006205,3.116271,0.595968,0.156936
232.799000,2.192064,0.586132,-3.010624,2.134070,-0.005924,3.114388,0.594890,0.158172
232.849000,2.180277,0.584580,-3.010775,2.124520,-0.004879,3.111579,0.592090,0.160832
232.897000,2.172419,0.583547,-3.010875,2.115013,-0.004594,3.111459,0.590936,0.160852
232.945000,2.160631,0.581998,-3.011025,2.105595,-0.004074,3.109807,0.588650,0.162353
232.998000,2.152788,0.580968,-3.010920,2.095117,-0.003737,3.109724,0.587542,0.162541
233.046000,2.141064,0.579423,-3.010153,2.088519,-0.003856,3.109381,0.585641,0.163652
233.046000,2.129343,0.577868,-3.009179,2.088519,-0.003856,3.109381,0.583154,0.164626
233.100000,2.129343,0.577868,-3.009179,2.077883,-0.003516,3.110165,0.583657,0.163842
233.196000,2.113715,0.575775,-3.007840,2.063246,-0.002211,3.110154,0.580185,0.165191
233.249000,2.102011,0.574194,-3.006752,2.054743,-0.001938,3.110670,0.578067,0.165763
233.299000,2.094209,0.573133,-3.006017,2.044906,-0.001635,3.111587,0.576879,0.165581
233.346000,2.082507,0.571530,-3.004886,2.036180,-0.001473,3.112622,0.574872,0.165678
233.399000,2.074701,0.570453,-3.004116,2.025745,-0.001173,3.113636,0.573718,0.165433
233.448000,2.062995,0.568826,-3.002961,2.016994,-0.000811,3.114523,0.571492,0.165701
233.496000,2.055191,0.567735,-3.002191,2.007542,-0.000557,3.115448,0.570286,0.165547
233.548000,2.043487,0.566086,-3.001035,1.997293,-0.000324,3.116354,0.568290,0.165796
233.598000,2.035678,0.564978,-3.000261,1.987437,-0.000077,3.117319,0.567110,0.165605
233.644000,2.023963,0.563304,-2.999111,1.980991,0.000035,3.117477,0.564905,0.166598
233.698000,2.016154,0.562181,-2.998348,1.970343,0.000290,3.118509,0.563755,0.166328
233.748000,2.004439,0.560484,-2.997217,1.963060,-0.000032,3.119134,0.562041,0.166834
233.748000,1.992717,0.558773,-2.996130,1.963060,-0.000032,3.119134,0.559591,0.167921
233.748000,1.992717,0.558773,-2.996130,1.963060,-0.000032,3.119134,0.559591,0.167921
233.800000,1.988809,0.558200,-2.995777,1.952795,0.000193,3.120104,0.559168,0.167304
233.998000,1.957513,0.553562,-2.993192,1.916474,-0.000456,3.123394,0.555535,0.166599
234.048000,1.945773,0.551801,-2.992269,1.907616,-0.000641,3.123946,0.553758,0.166970
234.098000,1.937937,0.550620,-2.991712,1.897712,-0.000469,3.124692,0.552555,0.166782
234.147000,1.926181,0.548840,-2.990926,1.888889,-0.000407,3.125116,0.550512,0.167143
234.196000,1.918343,0.547648,-2.990421,1.879178,-0.000249,3.125747,0.549295,0.167017
234.245000,1.906585,0.545852,-2.989680,1.873225,0.000185,3.125405,0.546686,0.168100
234.297000,1.898752,0.544651,-2.989174,1.862924,0.000350,3.126048,0.545479,0.167963
234.348000,1.887002,0.542842,-2.988403,1.857948,0.000605,3.125247,0.543014,0.169535
234.396000,1.879175,0.541631,-2.987868,1.848445,0.000759,3.125869,0.541744,0.169448
234.447000,1.867435,0.539807,-2.987052,1.842270,0.001611,3.125323,0.538784,0.170810
234.499000,1.859618,0.538587,-2.986473,1.831986,0.001777,3.126042,0.537520,0.170670
234.546000,1.847892,0.536748,-2.985575,1.822555,0.001117,3.127222,0.536230,0.170389
234.598000,1.840065,0.535514,-2.985011,1.812256,0.001262,3.127990,0.534975,0.170184
234.646000,1.828325,0.533656,-2.984183,1.803465,0.000414,3.128456,0.533822,0.170546
234.699000,1.820498,0.532411,-2.983637,1.792965,0.000550,3.129187,0.532574,0.170361
234.746000,1.808741,0.530534,-2.982924,1.783905,-0.000211,3.129930,0.531326,0.170331
234.797000,1.800892,0.529277,-2.982520,1.773772,-0.000095,3.130501,0.530066,0.170164
234.846000,1.789119,0.527385,-2.981972,1.767250,-0.000104,3.130179,0.527941,0.171034
234.899000,1.781271,0.526120,-2.981616,1.756719,0.000016,3.130654,0.526677,0.170915
234.949000,1.769499,0.524217,-2.981088,1.751192,0.000423,3.129914,0.524114,0.172183
234.995000,1.761659,0.522946,-2.980714,1.742058,0.000529,3.130324,0.522785,0.172147
235.046000,1.749898,0.521034,-2.980133,1.735220,0.001516,3.129759,0.519726,0.173293
235.098000,1.742069,0.519757,-2.979705,1.724908,0.001637,3.130276,0.518404,0.173204
235.147000,1.730325,0.517835,-2.979023,1.716004,0.001701,3.130628,0.516333,0.173534
235.195000,1.722496,0.516549,-2.978566,1.706483,0.001804,3.131176,0.514994,0.173443
235.246000,1.710751,0.514613,-2.977891,1.697250,0.001015,3.131781,0.513776,0.173513
235.298000,1.702912,0.513317,-2.977478,1.686923,0.001114,3.132352,0.512452,0.173355
235.347000,1.691152,0.511366,-2.976906,1.677475,0.000521,3.133040,0.511028,0.173239
235.399000,1.683304,0.510060,-2.976567,1.667133,0.000608,3.133517,0.509709,0.173101
235.448000,1.671532,0.508097,-2.976074,1.660749,0.000467,3.133254,0.507745,0.173858
235.499000,1.663684,0.506784,-2.975758,1.650604,0.000550,3.133669,0.506403,0.173758
235.548000,1.651911,0.504811,-2.975314,1.644714,0.000652,3.133009,0.504211,0.174863
235.599000,1.644061,0.503493,-2.975022,1.634567,0.000738,3.133383,0.502844,0.174780
235.648000,1.632289,0.501511,-2.974586,1.628405,0.000960,3.132824,0.500565,0.175775
235.696000,1.624440,0.500187,-2.974295,1.618855,0.001043,3.133174,0.499175,0.175717
235.747000,1.612671,0.498196,-2.973852,1.611257,0.001806,3.132523,0.496392,0.176811
235.799000,1.604839,0.496869,-2.973502,1.600931,0.001900,3.132927,0.494984,0.176757
235.849000,1.593094,0.494872,-2.972927,1.592832,0.002465,3.132646,0.492407,0.177612
235.899000,1.585264,0.493537,-2.972541,1.582904,0.002553,3.133128,0.490990,0.177516
235.949000,1.573526,0.491530,-2.971924,1.572627,0.001733,3.133770,0.489798,0.177491
235.998000,1.565692,0.490187,-2.971531,1.562891,0.001808,3.134279,0.488387,0.177375
236.047000,1.553940,0.488165,-2.970987,1.560261,-0.000508,3.133700,0.488714,0.178499
236.095000,1.546088,0.486811,-2.970699,1.550701,-0.000434,3.134110,0.487268,0.178377
236.147000,1.534308,0.484776,-2.970347,1.550156,-0.001375,3.133174,0.486410,0.179664
236.199000,1.526451,0.483416,-2.970146,1.539790,-0.001289,3.133461,0.484889,0.179579
236.245000,1.514665,0.481374,-2.969868,1.540884,-0.001380,3.132541,0.483466,0.180776
236.295000,1.506811,0.480011,-2.969678,1.530920,-0.001291,3.132771,0.481905,0.180736
236.347000,1.495030,0.477964,-2.969383,1.528459,-0.001505,3.131973,0.480633,0.181830
236.396000,1.487179,0.476597,-2.969179,1.518696,-0.001412,3.132216,0.479047,0.181790
236.448000,1.475401,0.474545,-2.968868,1.513660,-0.000789,3.131541,0.476871,0.182777
236.498000,1.467558,0.473175,-2.968629,1.503709,-0.000689,3.131810,0.475242,0.182746
236.546000,1.455795,0.471118,-2.968240,1.494912,-0.000292,3.132137,0.473030,0.182808
236.598000,1.447955,0.469744,-2.967967,1.484565,-0.000195,3.132481,0.471363,0.182737
236.647000,1.436195,0.467679,-2.967552,1.481372,-0.000363,3.132103,0.470217,0.183531
236.700000,1.428355,0.466299,-2.967274,1.470826,-0.000264,3.132470,0.468492,0.183441
236.748000,1.416597,0.464226,-2.966857,1.471076,-0.000055,3.131681,0.467467,0.184647
236.798000,1.408759,0.462841,-2.966579,1.461127,0.000042,3.132029,0.465752,0.184578
236.847000,1.397002,0.460760,-2.966162,1.461770,-0.000605,3.130885,0.465889,0.186138
236.847000,1.385251,0.458674,-2.965722,1.461770,-0.000605,3.130885,0.465610,0.186578
236.900000,1.381333,0.457978,-2.965574,1.451228,-0.000493,3.131258,0.463768,0.186353
236.996000,1.369583,0.455885,-2.965128,1.442835,-0.001676,3.130487,0.463387,0.187570
237.046000,1.357833,0.453787,-2.964682,1.442786,-0.001089,3.129018,0.462741,0.189485
237.098000,1.350000,0.452386,-2.964385,1.432442,-0.000960,3.129405,0.460780,0.189396
237.149000,1.338254,0.450279,-2.963941,1.429370,-0.002259,3.128021,0.461620,0.191224
237.199000,1.326514,0.448169,-2.963492,1.419430,-0.002125,3.128394,0.459780,0.191299
237.247000,1.318687,0.446759,-2.963192,1.420025,-0.003280,3.127378,0.461307,0.192615
237.298000,1.310861,0.445346,-2.962892,1.409887,-0.003137,3.127760,0.459286,0.192533
237.348000,1.299108,0.443221,-2.962475,1.410967,-0.003650,3.126783,0.460658,0.193927
237.398000,1.291270,0.441801,-2.962223,1.401011,-0.003503,3.127113,0.458627,0.193850
237.443000,1.279514,0.439667,-2.961845,1.403913,-0.004326,3.125996,0.461091,0.195344
237.499000,1.271676,0.438241,-2.961603,1.392761,-0.004153,3.126345,0.458666,0.195237
237.546000,1.259917,0.436100,-2.961261,1.395241,-0.005529,3.125277,0.461896,0.196647
237.598000,1.248148,0.433952,-2.960974,1.384875,-0.005361,3.125561,0.460098,0.196651
237.648000,1.240302,0.432519,-2.960799,1.386171,-0.005811,3.124118,0.461964,0.198269
237.700000,1.228537,0.430367,-2.960527,1.375807,-0.005630,3.124347,0.460198,0.198312
237.746000,1.220695,0.428930,-2.960339,1.374833,-0.007517,3.122901,0.462866,0.199945
237.798000,1.212843,0.427491,-2.960185,1.364458,-0.007324,3.123135,0.460490,0.199865
237.848000,1.201066,0.425329,-2.959989,1.364431,-0.008091,3.122050,0.463186,0.201146
237.899000,1.193213,0.423887,-2.959872,1.354253,-0.007893,3.122210,0.460833,0.201104
237.945000,1.181435,0.421722,-2.959700,1.356314,-0.008436,3.120946,0.464347,0.202538
237.998000,1.173584,0.420277,-2.959583,1.345739,-0.008218,3.121099,0.461785,0.202503
238.048000,1.161810,0.418109,-2.959396,1.346641,-0.008400,3.119919,0.464836,0.203871
238.097000,1.153961,0.416662,-2.959268,1.336867,-0.008188,3.120074,0.462550,0.203844
238.147000,1.142188,0.414491,-2.959075,1.336884,-0.008522,3.118696,0.465667,0.205414
238.195000,1.134340,0.413042,-2.958947,1.327310,-0.008303,3.118850,0.463431,0.205388
238.244000,1.122571,0.410867,-2.958745,1.325666,-0.008304,3.117343,0.465781,0.207097
238.299000,1.110804,0.408689,-2.958537,1.314700,-0.008039,3.117533,0.463935,0.207115
238.346000,1.102968,0.407238,-2.958364,1.312375,-0.008023,3.116045,0.465074,0.208777
238.399000,1.095145,0.405787,-2.958113,1.301835,-0.007753,3.116300,0.462317,0.208772
238.448000,1.083412,0.403608,-2.957676,1.301852,-0.007346,3.115324,0.465402,0.210186
238.499000,1.075600,0.402153,-2.957341,1.291723,-0.007081,3.115714,0.462797,0.210130
238.547000,1.063882,0.399966,-2.956800,1.293208,-0.007965,3.114625,0.467972,0.211760
238.598000,1.056069,0.398504,-2.956442,1.283076,-0.007693,3.115087,0.465326,0.211656
238.646000,1.044349,0.396306,-2.955909,1.285921,-0.008303,3.114011,0.471238,0.213265
238.699000,1.036537,0.394837,-2.955555,1.275393,-0.008013,3.114481,0.468338,0.213149
238.749000,1.024819,0.392628,-2.955022,1.276572,-0.008009,3.113248,0.473170,0.214915
238.799000,1.017008,0.391152,-2.954668,1.266640,-0.007729,3.113691,0.470555,0.214827
238.845000,1.005293,0.388933,-2.954136,1.268160,-0.007747,3.112270,0.475872,0.216780
238.898000,0.997486,0.387451,-2.953776,1.257635,-0.007439,3.112740,0.472880,0.216669
238.948000,0.985791,0.385225,-2.953161,1.256994,-0.007066,3.111220,0.476910,0.218805
238.994000,0.977996,0.383737,-2.952744,1.247872,-0.006790,3.111698,0.474704,0.218743
239.046000,0.966312,0.381500,-2.952079,1.248087,-0.005945,3.110455,0.479072,0.220651
239.099000,0.958530,0.380005,-2.951599,1.237591,-0.005619,3.111069,0.476005,0.220517
239.148000,0.946861,0.377756,-2.950863,1.239365,-0.005835,3.109822,0.482391,0.222500
239.198000,0.939096,0.376255,-2.950292,1.229485,-0.005521,3.110470,0.479665,0.222423
239.249000,0.927452,0.373994,-2.949433,1.232110,-0.005039,3.109155,0.486295,0.224598
239.299000,0.919694,0.372483,-2.948822,1.222235,-0.004719,3.109883,0.483542,0.224481
239.347000,0.908068,0.370208,-2.947860,1.225705,-0.003927,3.108492,0.490785,0.226834
239.398000,0.900318,0.368685,-2.947199,1.215641,-0.003595,3.109314,0.487873,0.226672
239.448000,0.888714,0.366393,-2.946080,1.217750,-0.002981,3.107918,0.494674,0.229187
239.497000,0.880991,0.364860,-2.945263,1.208110,-0.002658,3.108866,0.492013,0.229056
239.545000,0.869407,0.362549,-2.943986,1.210489,-0.002772,3.107329,0.499796,0.231870
239.596000,0.861693,0.361001,-2.943112,1.200462,-0.002430,3.108425,0.496837,0.231649
239.648000,0.850123,0.358666,-2.941798,1.201277,-0.002802,3.107291,0.503952,0.234096
239.697000,0.842412,0.357101,-2.940912,1.191643,-0.002474,3.108366,0.501255,0.233907
239.746000,0.830845,0.354740,-2.939575,1.194996,-0.002015,3.106926,0.509784,0.236684
239.796000,0.823145,0.353159,-2.938651,1.185175,-0.001677,3.108050,0.506927,0.236485
239.849000,0.811596,0.350774,-2.937235,1.188657,-0.001346,3.106643,0.515910,0.239307
239.899000,0.803908,0.349177,-2.936256,1.178847,-0.001005,3.107837,0.513037,0.239093
239.945000,0.792377,0.346766,-2.934764,1.184966,-0.000189,3.106040,0.523932,0.242381
239.997000,0.784691,0.345150,-2.933769,1.174763,0.000170,3.107333,0.520736,0.242083
240.049000,0.773166,0.342710,-2.932277,1.178874,-0.000212,3.105953,0.531220,0.244955
240.049000,0.761650,0.340255,-2.930768,1.178874,-0.000212,3.105953,0.538510,0.246465
240.049000,0.757817,0.339434,-2.930251,1.178874,-0.000212,3.105953,0.540970,0.246982
240.108000,0.750152,0.337785,-2.929216,1.167303,0.000193,3.107421,0.536640,0.246548
240.297000,0.727167,0.332792,-2.926106,1.156559,-0.000100,3.107464,0.543318,0.249615
240.348000,0.715678,0.330267,-2.924512,1.160540,-0.001256,3.106305,0.554806,0.252369
240.398000,0.708020,0.328574,-2.923448,1.150743,-0.000913,3.107635,0.551874,0.252103
240.446000,0.696537,0.326019,-2.921852,1.156424,-0.001241,3.106365,0.564442,0.254968
240.499000,0.688883,0.324305,-2.920790,1.146038,-0.000878,3.107775,0.561012,0.254621
240.546000,0.677392,0.321716,-2.919243,1.150156,0.000050,3.106147,0.571818,0.257795
240.599000,0.669747,0.319984,-2.918180,1.139776,0.000415,3.107516,0.568375,0.257489
240.649000,0.658282,0.317369,-2.916547,1.144461,0.000772,3.106402,0.580176,0.260236
240.696000,0.646832,0.314738,-2.914860,1.135264,0.001093,3.107691,0.580465,0.260634
240.748000,0.639198,0.312972,-2.913730,1.139816,0.000707,3.106405,0.590024,0.263050
240.797000,0.631569,0.311198,-2.912593,1.130228,0.001042,3.107791,0.587245,0.262801
240.849000,0.620125,0.308521,-2.910895,1.131976,0.001431,3.106666,0.596905,0.265624
240.896000,0.612506,0.306726,-2.909741,1.122785,0.001749,3.108000,0.594471,0.265444
240.945000,0.601078,0.304018,-2.907996,1.127246,0.002151,3.106805,0.606611,0.268384
240.996000,0.593470,0.302203,-2.906806,1.117279,0.002494,3.108295,0.603491,0.268085
241.046000,0.582057,0.299462,-2.905007,1.123009,0.003632,3.106783,0.616558,0.271396
241.099000,0.574468,0.297627,-2.903753,1.112668,0.003989,3.108389,0.613093,0.271044
241.149000,0.563084,0.294856,-2.901831,1.116120,0.003896,3.107085,0.624905,0.274270
241.197000,0.555502,0.292997,-2.900530,1.106758,0.004216,3.108629,0.622316,0.274026
241.248000,0.544133,0.290190,-2.898571,1.110661,0.007491,3.107120,0.633145,0.277494
241.298000,0.536556,0.288306,-2.897266,1.100907,0.007824,3.108752,0.630209,0.277167
241.349000,0.525237,0.285472,-2.895134,1.099100,0.010964,3.109382,0.636140,0.278669
241.395000,0.517720,0.283575,-2.893569,1.090189,0.011248,3.111077,0.633943,0.278539
241.447000,0.506443,0.280704,-2.891130,1.090301,0.012990,3.110511,0.642308,0.281545
241.498000,0.498927,0.278775,-2.889501,1.080412,0.013293,3.112588,0.639222,0.281097
241.547000,0.487666,0.275860,-2.887040,1.084668,0.014446,3.111203,0.651727,0.284942
241.599000,0.480188,0.273907,-2.885281,1.074624,0.014748,3.113383,0.648473,0.284522
241.645000,0.468968,0.270950,-2.882606,1.078283,0.015825,3.111994,0.660571,0.288585
241.699000,0.461507,0.268966,-2.880773,1.067863,0.016129,3.114417,0.656959,0.287995
241.749000,0.450312,0.265962,-2.878010,1.061477,0.016201,3.117243,0.660229,0.287932
241.749000,0.439105,0.262921,-2.875333,1.061477,0.016201,3.117243,0.669490,0.290609
241.801000,0.435368,0.261900,-2.874463,1.051413,0.016432,3.119618,0.663148,0.289105
241.899000,0.424135,0.258811,-2.871984,1.037844,0.014447,3.123611,0.660569,0.287590
241.947000,0.412883,0.255688,-2.869714,1.030865,0.014297,3.125758,0.663454,0.287713
241.996000,0.405375,0.253589,-2.868280,1.021317,0.014443,3.127573,0.660738,0.287333
242.046000,0.394108,0.250418,-2.866221,1.021678,0.012832,3.126963,0.671037,0.290001
242.097000,0.386588,0.248288,-2.864915,1.011715,0.012973,3.128681,0.667949,0.289589
242.149000,0.375306,0.245072,-2.863035,1.014772,0.012561,3.127449,0.680425,0.292702
242.197000,0.367787,0.242917,-2.861789,1.005387,0.012690,3.128944,0.677892,0.292452
242.248000,0.356513,0.239666,-2.859921,1.005727,0.015492,3.128194,0.686828,0.295071
242.298000,0.349001,0.237487,-2.858675,0.995950,0.015619,3.129751,0.683936,0.294759
242.348000,0.337758,0.234207,-2.856766,0.996596,0.018319,3.129382,0.693308,0.297038
242.397000,0.330273,0.232010,-2.855476,0.987041,0.018432,3.130959,0.690623,0.296750
242.446000,0.319050,0.228697,-2.853543,0.983932,0.020735,3.131392,0.696647,0.298250
242.498000,0.311572,0.226476,-2.852253,0.973791,0.020835,3.133068,0.693414,0.297864
242.547000,0.300386,0.223134,-2.850158,0.965209,0.022525,3.135760,0.694430,0.297268
242.599000,0.292948,0.220896,-2.848635,0.955111,0.022581,3.137659,0.691223,0.296891
242.648000,0.281787,0.217516,-2.846335,0.956435,0.021760,3.137261,0.702474,0.299589
242.648000,0.270622,0.214106,-2.844089,0.956435,0.021760,3.137261,0.712275,0.301835
242.648000,0.270622,0.214106,-2.844089,0.956435,0.021760,3.137261,0.712275,0.301835
242.704000,0.266899,0.212963,-2.843358,0.945538,0.021795,3.139393,0.705051,0.300435
242.898000,0.237139,0.203721,-2.837610,0.935567,0.023135,3.140374,0.721396,0.305201
242.944000,0.225986,0.200209,-2.835482,0.938925,0.025918,3.139768,0.733934,0.307936
242.998000,0.218555,0.197854,-2.834063,0.928402,0.025933,-3.141502,0.730369,0.307439
243.046000,0.207437,0.194310,-2.831873,0.926098,0.027153,-3.140649,0.737845,0.308776
243.099000,0.200051,0.191940,-2.830296,0.915819,0.027141,-3.138654,0.734495,0.308358
243.145000,0.188968,0.188359,-2.827901,0.908795,0.026793,-3.136626,0.737736,0.308725
243.199000,0.181572,0.185954,-2.826352,0.898297,0.026735,-3.134490,0.734197,0.308138
243.246000,0.170472,0.182320,-2.824116,0.901544,0.026483,-3.135278,0.747497,0.311162
243.297000,0.163075,0.179884,-2.822637,0.891615,0.026416,-3.133388,0.744528,0.310752
243.349000,0.151987,0.176208,-2.820417,0.897340,0.026069,-3.134537,0.760325,0.314120
243.397000,0.144599,0.173744,-2.818938,0.887995,0.025999,-3.132762,0.757935,0.313824
243.449000,0.133516,0.170025,-2.816771,0.892865,0.026910,-3.134543,0.772718,0.317772
243.496000,0.126138,0.167535,-2.815344,0.883716,0.026842,-3.132866,0.770532,0.317522
243.545000,0.115068,0.163776,-2.813222,0.890502,0.028036,-3.134763,0.787225,0.321541
243.598000,0.107709,0.161263,-2.811762,0.880197,0.027962,-3.132879,0.783905,0.321117
243.648000,0.096667,0.157469,-2.809552,0.886626,0.028310,-3.134517,0.800449,0.324965
243.698000,0.089320,0.154930,-2.808051,0.876909,0.028237,-3.132670,0.797715,0.324618
243.748000,0.078294,0.151096,-2.805812,0.880081,0.030321,-3.133587,0.810832,0.327775
243.798000,0.067306,0.147246,-2.803471,0.870380,0.030240,-3.131708,0.811553,0.328237
243.847000,0.059978,0.144663,-2.801902,0.874693,0.029677,-3.132676,0.822789,0.330774
243.899000,0.052654,0.142069,-2.800340,0.864593,0.029582,-3.130639,0.819693,0.330299
243.949000,0.041674,0.138155,-2.798002,0.871275,0.029290,-3.132489,0.836713,0.334487
243.997000,0.034359,0.135531,-2.796443,0.861950,0.029201,-3.130619,0.834394,0.334175
244.046000,0.023394,0.131574,-2.794105,0.868823,0.029360,-3.132313,0.851586,0.338207
244.095000,0.016086,0.128921,-2.792556,0.859300,0.029266,-3.130405,0.849082,0.337849
244.148000,0.005130,0.124919,-2.790244,0.865310,0.030390,-3.132185,0.865359,0.341941
244.197000,-0.002161,0.122240,-2.788688,0.855795,0.030296,-3.130293,0.862869,0.341605
244.247000,-0.013099,0.118197,-2.786364,0.860761,0.031783,-3.132082,0.878122,0.345719
244.299000,-0.020367,0.115494,-2.784766,0.850680,0.031684,-3.130059,0.875069,0.345294
244.349000,-0.031271,0.111414,-2.782344,0.854413,0.034248,-3.131481,0.889039,0.349136
244.398000,-0.038509,0.108689,-2.780646,0.844939,0.034150,-3.129481,0.886587,0.348835
244.448000,-0.049370,0.104573,-2.778046,0.847808,0.033810,-3.130618,0.899964,0.352572
244.496000,-0.056602,0.101814,-2.776308,0.838520,0.033703,-3.128539,0.897710,0.352230
244.549000,-0.067457,0.097647,-2.773749,0.845143,0.034734,-3.130134,0.914766,0.356385
244.597000,-0.074672,0.094859,-2.772014,0.835861,0.034624,-3.128086,0.912524,0.356072
244.645000,-0.085500,0.090649,-2.769412,0.843785,0.034117,-3.130000,0.931002,0.360588
244.698000,-0.096314,0.086411,-2.766820,0.833527,0.033993,-3.127709,0.931318,0.360889
244.748000,-0.103528,0.083566,-2.765131,0.841992,0.034862,-3.129841,0.946774,0.364711
244.798000,-0.110720,0.080716,-2.763401,0.832322,0.034745,-3.127716,0.944162,0.364315
244.848000,-0.121511,0.076412,-2.760805,0.840503,0.034582,-3.129802,0.962923,0.368997
244.896000,-0.128693,0.073530,-2.759063,0.831218,0.034468,-3.127727,0.960705,0.368664
244.947000,-0.139470,0.069177,-2.756483,0.839788,0.035243,-3.129769,0.979846,0.373286
244.999000,-0.146653,0.066259,-2.754784,0.829710,0.035119,-3.127549,0.976859,0.372765
245.046000,-0.157418,0.061858,-2.752236,0.835086,0.034759,-3.129036,0.992874,0.376800
245.095000,-0.164589,0.058908,-2.750537,0.825589,0.034635,-3.126955,0.990475,0.376418
245.148000,-0.175326,0.054465,-2.747965,0.832636,0.033333,-3.128618,1.008184,0.380653
245.198000,-0.182485,0.051485,-2.746279,0.822944,0.033202,-3.126478,1.005595,0.380199
245.248000,-0.193229,0.046986,-2.743839,0.830610,0.033523,-3.128705,1.023927,0.384866
245.295000,-0.200374,0.043978,-2.742203,0.821501,0.033401,-3.126802,1.021930,0.384600
245.349000,-0.211091,0.039439,-2.739745,0.828665,0.034464,-3.128785,1.039767,0.389040
245.399000,-0.218229,0.036398,-2.738106,0.818967,0.034336,-3.126737,1.037198,0.388630
245.447000,-0.228927,0.031816,-2.735649,0.827191,0.034019,-3.128830,1.056120,0.393181
245.499000,-0.236054,0.028745,-2.734015,0.817104,0.033886,-3.126701,1.053170,0.392686
245.547000,-0.246727,0.024121,-2.731542,0.825746,0.034878,-3.129059,1.072528,0.397517
245.597000,-0.253823,0.021030,-2.729846,0.816071,0.034753,-3.126989,1.069982,0.397142
245.648000,-0.264469,0.016364,-2.727288,0.822311,0.033105,-3.128359,1.086909,0.401071
245.699000,-0.271567,0.013236,-2.725621,0.812422,0.032969,-3.126203,1.084169,0.400582
245.748000,-0.282220,0.008514,-2.723212,0.819891,0.032703,-3.128397,1.102377,0.405185
245.748000,-0.292855,0.003771,-2.720819,0.819891,0.032703,-3.128397,1.113122,0.407578
245.748000,-0.292855,0.003771,-2.720819,0.819891,0.032703,-3.128397,1.113122,0.407578
245.807000,-0.299942,0.000592,-2.719231,0.808443,0.032539,-3.126046,1.108846,0.406815
245.997000,-0.324709,-0.010621,-2.713675,0.806579,0.032420,-3.126612,1.132107,0.412937
246.049000,-0.335308,-0.015470,-2.711324,0.815359,0.031836,-3.128559,1.151639,0.417235
246.099000,-0.345895,-0.020344,-2.708991,0.805649,0.031705,-3.126610,1.152720,0.417619
246.149000,-0.352956,-0.023611,-2.707471,0.192763,0.396968,-3.021491,0.688982,0.314021
246.196000,-0.359230,-0.026527,-2.705399,0.184713,0.396001,-3.019565,0.688770,0.314166
246.245000,-0.366381,-0.029881,-2.699946,0.194801,0.395868,-3.020189,0.704405,0.320243
246.294000,-0.370519,-0.031849,-2.695244,0.189211,0.395184,-3.015105,0.704027,0.319861
246.349000,-0.376521,-0.034747,-2.688111,0.198694,0.395856,-3.016720,0.718535,0.328610
246.395000,-0.379544,-0.036230,-2.682404,0.194890,0.395379,-3.010960,0.718513,0.328556
246.449000,-0.383974,-0.038446,-2.673424,0.197915,0.393965,-3.004627,0.724965,0.331204
246.495000,-0.385591,-0.039269,-2.666844,0.195903,0.393688,-2.997597,0.724974,0.330753
246.545000,-0.386099,-0.039531,-2.654575,0.201691,0.395849,-2.990738,0.731474,0.336163
246.545000,-0.386099,-0.039531,-2.640019,0.201691,0.395849,-2.990738,0.731474,0.350719
246.602000,-0.386099,-0.039531,-2.635106,0.201701,0.395851,-2.978175,0.731482,0.343069
246.699000,-0.386099,-0.039531,-2.612971,0.204310,0.397360,-2.957630,0.734477,0.344659
246.746000,-0.386099,-0.039531,-2.600109,0.206126,0.396474,-2.946212,0.735412,0.346103
246.746000,-0.386099,-0.039531,-2.578432,0.206126,0.396474,-2.946212,0.735412,0.367779
246.746000,-0.386099,-0.039531,-2.578432,0.206126,0.396474,-2.946212,0.735412,0.367779
246.806000,-0.386099,-0.039531,-2.562857,0.206126,0.396474,-2.926403,0.735412,0.363546
246.997000,-0.386099,-0.039531,-2.508302,0.207500,0.400242,-2.859925,0.738756,0.351623
247.049000,-0.386099,-0.039531,-2.484130,0.207590,0.401026,-2.839806,0.739295,0.355676
247.098000,-0.386099,-0.039531,-2.467819,0.207590,0.401026,-2.819910,0.739295,0.352091
247.149000,-0.386376,-0.039762,-2.441342,0.210406,0.401706,-2.800186,0.742323,0.358844
247.196000,-0.387132,-0.040413,-2.422091,0.209290,0.401303,-2.778662,0.742180,0.356571
247.248000,-0.388993,-0.042099,-2.390814,0.206533,0.401213,-2.756181,0.742413,0.365367
247.298000,-0.390603,-0.043636,-2.368363,0.203970,0.400158,-2.729301,0.741937,0.360938
247.346000,-0.393631,-0.046704,-2.332287,0.200524,0.399735,-2.706378,0.743187,0.374091
247.398000,-0.395982,-0.049235,-2.306636,0.196494,0.397831,-2.674280,0.742223,0.367644
247.447000,-0.400019,-0.053883,-2.266228,0.192792,0.396146,-2.646850,0.744280,0.380621
247.498000,-0.402729,-0.057221,-2.239113,0.187991,0.393508,-2.612290,0.743039,0.373177
247.546000,-0.406622,-0.062363,-2.198440,0.183902,0.391258,-2.582645,0.744641,0.384204
247.598000,-0.409099,-0.065878,-2.171325,0.179187,0.388257,-2.547395,0.743181,0.376070
247.648000,-0.412635,-0.071272,-2.130652,0.175203,0.384841,-2.513770,0.744037,0.383117
247.696000,-0.414869,-0.074946,-2.103537,0.171052,0.381777,-2.481232,0.742898,0.377694
247.745000,-0.418031,-0.080567,-2.062865,0.167472,0.379242,-2.448287,0.744472,0.385422
247.796000,-0.420010,-0.084383,-2.035749,0.163286,0.375703,-2.413715,0.742909,0.377965
247.848000,-0.422784,-0.090206,-1.995077,0.159489,0.370624,-2.378126,0.742567,0.383049
247.895000,-0.424501,-0.094148,-1.967961,0.155869,0.367100,-2.346266,0.741336,0.378304
247.948000,-0.426874,-0.100145,-1.927289,0.151983,0.361372,-2.309828,0.740319,0.382539
247.999000,-0.429002,-0.106233,-1.886616,0.148320,0.357293,-2.275256,0.740376,0.388640
248.048000,-0.430282,-0.110338,-1.859501,0.144199,0.353022,-2.241736,0.738059,0.382235
248.097000,-0.431450,-0.114476,-1.832386,0.140956,0.348871,-2.208520,0.736437,0.376135
248.148000,-0.432991,-0.120739,-1.791713,0.137281,0.343531,-2.173386,0.735362,0.381673
248.196000,-0.433876,-0.124946,-1.764598,0.134391,0.339257,-2.140848,0.733766,0.376250
248.247000,-0.434989,-0.131299,-1.723925,0.130851,0.334200,-2.105797,0.732711,0.381872
248.298000,-0.435587,-0.135557,-1.696810,0.128093,0.329463,-2.071225,0.730738,0.374415
248.348000,-0.436268,-0.141970,-1.656137,0.123896,0.324459,-2.036596,0.728931,0.380458
248.398000,-0.436576,-0.146259,-1.629022,0.121519,0.319639,-2.002702,0.727001,0.373680
248.449000,-0.436820,-0.152704,-1.588349,0.118461,0.313777,-1.967417,0.725218,0.379067
248.499000,-0.436837,-0.157003,-1.561234,0.116420,0.308804,-1.933523,0.723236,0.372289
248.548000,-0.436645,-0.163450,-1.520561,0.113757,0.303838,-1.899851,0.722011,0.379290
248.599000,-0.436371,-0.167741,-1.493446,0.112023,0.298637,-1.865279,0.719892,0.371833
248.649000,-0.435742,-0.174159,-1.452773,0.110081,0.292072,-1.830711,0.717840,0.377937
248.698000,-0.435177,-0.178422,-1.425658,0.108765,0.286972,-1.797495,0.715866,0.371836
248.747000,-0.434115,-0.184783,-1.384986,0.107504,0.281180,-1.763824,0.714474,0.378838
248.798000,-0.433264,-0.188998,-1.357870,0.106495,0.275792,-1.729252,0.712298,0.371381
248.848000,-0.431773,-0.195273,-1.317198,0.104415,0.269130,-1.694964,0.709343,0.377766
248.898000,-0.430028,-0.201481,-1.276525,0.103790,0.263792,-1.661070,0.708125,0.384545
248.948000,-0.428725,-0.205579,-1.249410,0.103346,0.257235,-1.626581,0.705193,0.377171
248.999000,-0.427312,-0.209640,-1.222295,0.103081,0.251759,-1.592009,0.702998,0.369715
249.045000,-0.424987,-0.215656,-1.181622,0.102234,0.245460,-1.560154,0.700421,0.378532
249.045000,-0.422419,-0.221572,-1.140949,0.102234,0.245460,-1.560154,0.702410,0.419205
249.102000,-0.421510,-0.223520,-1.127392,0.102418,0.239336,-1.521515,0.699096,0.394123
249.199000,-0.417611,-0.231184,-1.073161,0.103086,0.227790,-1.455179,0.694106,0.382018
249.246000,-0.415508,-0.234934,-1.046046,0.102757,0.221528,-1.422944,0.690620,0.376898
249.297000,-0.413303,-0.238626,-1.018931,0.103609,0.216113,-1.388372,0.688466,0.369441
249.344000,-0.409811,-0.244048,-0.978258,0.104196,0.209740,-1.355802,0.685658,0.377544
249.397000,-0.407362,-0.247582,-0.951143,0.105459,0.204185,-1.319875,0.683431,0.368732
249.447000,-0.403510,-0.252755,-0.910470,0.106920,0.196960,-1.285309,0.680281,0.374839
249.498000,-0.400827,-0.256115,-0.883355,0.108505,0.191712,-1.250737,0.678209,0.367382
249.547000,-0.396634,-0.261015,-0.842682,0.109465,0.185632,-1.216841,0.675004,0.374159
249.598000,-0.393730,-0.264185,-0.815567,0.111405,0.180505,-1.182269,0.672986,0.366702
249.645000,-0.389214,-0.268790,-0.774894,0.112981,0.175374,-1.149934,0.670434,0.375040
249.695000,-0.386102,-0.271757,-0.747779,0.115220,0.170488,-1.116041,0.668509,0.368261
249.749000,-0.381285,-0.276045,-0.707107,0.115974,0.163808,-1.078628,0.663880,0.371521
249.800000,-0.377978,-0.278794,-0.679991,0.118598,0.158994,-1.044056,0.662002,0.364065
249.846000,-0.372882,-0.282747,-0.639319,0.119820,0.153935,-1.012652,0.658366,0.373334
249.895000,-0.369397,-0.285265,-0.612203,0.122648,0.149491,-0.979436,0.656598,0.367233
249.946000,-0.364045,-0.288863,-0.571531,0.124751,0.142929,-0.944153,0.652200,0.372622
249.999000,-0.360397,-0.291140,-0.544416,0.128127,0.138340,-0.908225,0.650468,0.363809
250.048000,-0.354813,-0.294367,-0.503743,0.128305,0.133249,-0.874283,0.645181,0.370540
250.096000,-0.351020,-0.296391,-0.476628,0.131647,0.129318,-0.841745,0.643580,0.365117
250.148000,-0.345230,-0.299233,-0.435955,0.133725,0.123257,-0.805779,0.638667,0.369824
250.197000,-0.341308,-0.300996,-0.408840,0.137402,0.119486,-0.772563,0.637157,0.363724
250.249000,-0.335340,-0.303439,-0.368167,0.140542,0.113551,-0.736791,0.632727,0.368624
250.298000,-0.331307,-0.304932,-0.341052,0.144469,0.110041,-0.703575,0.631321,0.362523
250.346000,-0.325187,-0.306965,-0.300379,0.147702,0.105640,-0.670228,0.627588,0.369849
250.400000,-0.318989,-0.308748,-0.259706,0.152278,0.102069,-0.633623,0.625190,0.373916
250.445000,-0.314819,-0.309795,-0.232591,0.154650,0.096999,-0.602328,0.621194,0.369737
250.495000,-0.310622,-0.310730,-0.205476,0.159106,0.093993,-0.568434,0.620036,0.362958
250.547000,-0.304282,-0.311917,-0.164803,0.163480,0.089633,-0.532446,0.616477,0.367643
250.598000,-0.300032,-0.312565,-0.137688,0.168225,0.086887,-0.497874,0.615488,0.360186
250.648000,-0.293627,-0.313320,-0.097015,0.172563,0.083242,-0.463627,0.612041,0.366611
250.697000,-0.289342,-0.313678,-0.069900,0.177293,0.080924,-0.430411,0.611112,0.360511
250.749000,-0.282900,-0.313998,-0.029228,0.182766,0.076828,-0.394007,0.607939,0.364779
250.799000,-0.278601,-0.314065,-0.002112,0.187743,0.074800,-0.360113,0.607201,0.358000
250.847000,-0.272153,-0.313948,0.038560,0.192121,0.071191,-0.326712,0.603226,0.365272
250.898000,-0.267859,-0.313724,0.065676,0.197327,0.069471,-0.292140,0.602691,0.357816
250.948000,-0.261433,-0.313170,0.106348,0.203801,0.066999,-0.257676,0.600809,0.364025
250.996000,-0.257165,-0.312655,0.133463,0.208801,0.065725,-0.225138,0.600246,0.358602
251.047000,-0.250791,-0.311667,0.174136,0.213536,0.063087,-0.189959,0.596691,0.364096
251.097000,-0.246567,-0.310865,0.201251,0.218822,0.062114,-0.156065,0.596406,0.357317
251.146000,-0.240275,-0.309447,0.241924,0.224170,0.059513,-0.122190,0.593163,0.364114
251.196000,-0.236115,-0.308361,0.269039,0.229510,0.058903,-0.088296,0.593035,0.357336
251.247000,-0.229934,-0.306520,0.309712,0.236211,0.056924,-0.052995,0.591086,0.362707
251.297000,-0.225857,-0.305155,0.336827,0.241580,0.056682,-0.019101,0.591120,0.355928
251.346000,-0.219815,-0.302900,0.377500,0.247769,0.054515,0.014890,0.588540,0.362609
