[0.000000] (-) TimerEvent: {}
[0.000787] (gt_publisher) JobQueued: {'identifier': 'gt_publisher', 'dependencies': OrderedDict()}
[0.000834] (rover_control) JobQueued: {'identifier': 'rover_control', 'dependencies': OrderedDict()}
[0.000863] (rover_description) JobQueued: {'identifier': 'rover_description', 'dependencies': OrderedDict()}
[0.000889] (slam_launch) JobQueued: {'identifier': 'slam_launch', 'dependencies': OrderedDict()}
[0.000914] (traj_exporter) JobQueued: {'identifier': 'traj_exporter', 'dependencies': OrderedDict()}
[0.000938] (rover_sim) JobQueued: {'identifier': 'rover_sim', 'dependencies': OrderedDict({'rover_description': '/home/zaminanwar/thesis/ros2_ws/install/rover_description'})}
[0.000966] (experiment_runner) JobQueued: {'identifier': 'experiment_runner', 'dependencies': OrderedDict({'gt_publisher': '/home/zaminanwar/thesis/ros2_ws/install/gt_publisher', 'rover_control': '/home/zaminanwar/thesis/ros2_ws/install/rover_control', 'rover_description': '/home/zaminanwar/thesis/ros2_ws/install/rover_description', 'slam_launch': '/home/zaminanwar/thesis/ros2_ws/install/slam_launch', 'traj_exporter': '/home/zaminanwar/thesis/ros2_ws/install/traj_exporter', 'rover_sim': '/home/zaminanwar/thesis/ros2_ws/install/rover_sim'})}
[0.001006] (rover_description) JobStarted: {'identifier': 'rover_description'}
[0.067955] (gt_publisher) JobStarted: {'identifier': 'gt_publisher'}
[0.098833] (rover_control) JobStarted: {'identifier': 'rover_control'}
[0.099778] (-) TimerEvent: {}
[0.104040] (slam_launch) JobStarted: {'identifier': 'slam_launch'}
[0.107710] (traj_exporter) JobStarted: {'identifier': 'traj_exporter'}
[0.120415] (rover_description) JobProgress: {'identifier': 'rover_description', 'progress': 'cmake'}
[0.122770] (rover_description) Command: {'cmd': ['/usr/bin/cmake', '/home/zaminanwar/thesis/ros2_ws/src/slam_thesis/rover_description', '-DCMAKE_INSTALL_PREFIX=/home/zaminanwar/thesis/ros2_ws/install/rover_description'], 'cwd': '/home/zaminanwar/thesis/ros2_ws/build/rover_description', 'env': OrderedDict({'LESSOPEN': '| /usr/bin/lesspipe %s', 'GZ_SIM_RESOURCE_PATH': '/opt/ros/jazzy/share', 'USER': 'zaminanwar', 'GZ_CONFIG_PATH': '/opt/ros/jazzy/opt/gz_sim_vendor/share/gz:/opt/ros/jazzy/opt/sdformat_vendor/share/gz:/opt/ros/jazzy/opt/gz_gui_vendor/share/gz:/opt/ros/jazzy/opt/gz_transport_vendor/share/gz:/opt/ros/jazzy/opt/gz_rendering_vendor/share/gz:/opt/ros/jazzy/opt/gz_plugin_vendor/share/gz:/opt/ros/jazzy/opt/gz_fuel_tools_vendor/share/gz:/opt/ros/jazzy/opt/gz_msgs_vendor/share/gz:/opt/ros/jazzy/opt/gz_common_vendor/share/gz', 'GIT_ASKPASS': '/home/zaminanwar/.cursor-server/bin/dc8361355d709f306d5159635a677a571b277bc0/extensions/git/dist/askpass.sh', 'SHLVL': '1', 'LD_LIBRARY_PATH': '/opt/ros/jazzy/opt/gz_sim_vendor/lib:/opt/ros/jazzy/opt/gz_sensors_vendor/lib:/opt/ros/jazzy/opt/gz_physics_vendor/lib:/opt/ros/jazzy/opt/sdformat_vendor/lib:/opt/ros/jazzy/opt/rviz_ogre_vendor/lib:/opt/ros/jazzy/lib/x86_64-linux-gnu:/opt/ros/jazzy/opt/gz_gui_vendor/lib:/opt/ros/jazzy/opt/gz_transport_vendor/lib:/opt/ros/jazzy/opt/gz_rendering_vendor/lib:/opt/ros/jazzy/opt/gz_plugin_vendor/lib:/opt/ros/jazzy/opt/gz_fuel_tools_vendor/lib:/opt/ros/jazzy/opt/gz_msgs_vendor/lib:/opt/ros/jazzy/opt/gz_common_vendor/lib:/opt/ros/jazzy/opt/gz_math_vendor/lib:/opt/ros/jazzy/opt/gz_utils_vendor/lib:/opt/ros/jazzy/opt/gz_tools_vendor/lib:/opt/ros/jazzy/opt/gz_ogre_next_vendor/lib:/opt/ros/jazzy/opt/gz_dartsim_vendor/lib:/opt/ros/jazzy/opt/gz_cmake_vendor/lib:/opt/ros/jazzy/lib', 'HOME': '/home/zaminanwar', 'OLDPWD': '/home/zaminanwar', 'TERM_PROGRAM_VERSION': '2.4.21', 'NVM_BIN': '/home/zaminanwar/.nvm/versions/node/v20.20.0/bin', 'VSCODE_IPC_HOOK_CLI': '/run/user/1000/vscode-ipc-6281d6db-524d-4d0d-889e-3d6d5e5ac318.sock', 'NVM_INC': '/home/zaminanwar/.nvm/versions/node/v20.20.0/include/node', 'ROS_PYTHON_VERSION': '3', 'VSCODE_GIT_ASKPASS_MAIN': '/home/zaminanwar/.cursor-server/bin/dc8361355d709f306d5159635a677a571b277bc0/extensions/git/dist/askpass-main.js', 'VSCODE_GIT_ASKPASS_NODE': '/home/zaminanwar/.cursor-server/bin/dc8361355d709f306d5159635a677a571b277bc0/node', 'DBUS_SESSION_BUS_ADDRESS': 'unix:path=/run/user/1000/bus', 'COLORTERM': 'truecolor', 'WSL_DISTRO_NAME': 'Ubuntu', 'NVM_DIR': '/home/zaminanwar/.nvm', 'WAYLAND_DISPLAY': 'wayland-0', 'ROS_DISTRO': 'jazzy', 'LOGNAME': 'zaminanwar', 'NAME': 'DESKTOP-AFDN506', 'WSL_INTEROP': '/run/WSL/13636_interop', 'PULSE_SERVER': 'unix:/mnt/wslg/PulseServer', '_': '/usr/bin/colcon', 'ROS_VERSION': '2', 'CLAUDE_CODE_SSE_PORT': '52395', 'TERM': 'xterm-256color', 'PATH': '/opt/ros/jazzy/opt/gz_msgs_vendor/bin:/opt/ros/jazzy/opt/gz_tools_vendor/bin:/opt/ros/jazzy/opt/gz_ogre_next_vendor/bin:/opt/ros/jazzy/bin:/home/zaminanwar/.nvm/versions/node/v20.20.0/bin:/home/zaminanwar/.cursor-server/bin/dc8361355d709f306d5159635a677a571b277bc0/bin/remote-cli:/home/zaminanwar/.cursor-server/bin/dc8361355d709f306d5159635a677a571b277bc0/bin/remote-cli:/usr/local/sbin:/usr/local/bin:/usr/sbin:/usr/bin:/sbin:/bin:/usr/games:/usr/local/games:/usr/lib/wsl/lib:/mnt/c/Windows/system32:/mnt/c/Windows:/mnt/c/Windows/System32/Wbem:/mnt/c/Windows/System32/WindowsPowerShell/v1.0/:/mnt/c/Windows/System32/OpenSSH/:/mnt/c/Program Files/Git/cmd:/mnt/c/Program Files/nodejs/:/mnt/c/Users/zamin/AppData/Local/Microsoft/WindowsApps:/mnt/c/Users/zamin/AppData/Local/Programs/cursor/resources/app/bin:/mnt/c/Users/zamin/.local/bin:/mnt/c/Users/zamin/AppData/Roaming/npm:/mnt/c/Users/zamin/AppData/Local/Python/bin', 'XDG_RUNTIME_DIR': '/run/user/1000/', 'DISPLAY': ':0', 'LANG': 'C.UTF-8', 'LS_COLORS': 'rs=0:di=01;34:ln=01;36:mh=00:pi=40;33:so=01;35:do=01;35:bd=40;33;01:cd=40;33;01:or=40;31;01:mi=00:su=37;41:sg=30;43:ca=00:tw=30;42:ow=34;42:st=37;44:ex=01;32:*.tar=01;31:*.tgz=01;31:*.arc=01;31:*.arj=01;31:*.taz=01;31:*.lha=01;31:*.lz4=01;31:*.lzh=01;31:*.lzma=01;31:*.tlz=01;31:*.txz=01;31:*.tzo=01;31:*.t7z=01;31:*.zip=01;31:*.z=01;31:*.dz=01;31:*.gz=01;31:*.lrz=01;31:*.lz=01;31:*.lzo=01;31:*.xz=01;31:*.zst=01;31:*.tzst=01;31:*.bz2=01;31:*.bz=01;31:*.tbz=01;31:*.tbz2=01;31:*.tz=01;31:*.deb=01;31:*.rpm=01;31:*.jar=01;31:*.war=01;31:*.ear=01;31:*.sar=01;31:*.rar=01;31:*.alz=01;31:*.ace=01;31:*.zoo=01;31:*.cpio=01;31:*.7z=01;31:*.rz=01;31:*.cab=01;31:*.wim=01;31:*.swm=01;31:*.dwm=01;31:*.esd=01;31:*.avif=01;35:*.jpg=01;35:*.jpeg=01;35:*.mjpg=01;35:*.mjpeg=01;35:*.gif=01;35:*.bmp=01;35:*.pbm=01;35:*.pgm=01;35:*.ppm=01;35:*.tga=01;35:*.xbm=01;35:*.xpm=01;35:*.tif=01;35:*.tiff=01;35:*.png=01;35:*.svg=01;35:*.svgz=01;35:*.mng=01;35:*.pcx=01;35:*.mov=01;35:*.mpg=01;35:*.mpeg=01;35:*.m2v=01;35:*.mkv=01;35:*.webm=01;35:*.webp=01;35:*.ogm=01;35:*.mp4=01;35:*.m4v=01;35:*.mp4v=01;35:*.vob=01;35:*.qt=01;35:*.nuv=01;35:*.wmv=01;35:*.asf=01;35:*.rm=01;35:*.rmvb=01;35:*.flc=01;35:*.avi=01;35:*.fli=01;35:*.flv=01;35:*.gl=01;35:*.dl=01;35:*.xcf=01;35:*.xwd=01;35:*.yuv=01;35:*.cgm=01;35:*.emf=01;35:*.ogv=01;35:*.ogx=01;35:*.aac=00;36:*.au=00;36:*.flac=00;36:*.m4a=00;36:*.mid=00;36:*.midi=00;36:*.mka=00;36:*.mp3=00;36:*.mpc=00;36:*.ogg=00;36:*.ra=00;36:*.wav=00;36:*.oga=00;36:*.opus=00;36:*.spx=00;36:*.xspf=00;36:*~=00;90:*#=00;90:*.bak=00;90:*.crdownload=00;90:*.dpkg-dist=00;90:*.dpkg-new=00;90:*.dpkg-old=00;90:*.dpkg-tmp=00;90:*.old=00;90:*.orig=00;90:*.part=00;90:*.rej=00;90:*.rpmnew=00;90:*.rpmorig=00;90:*.rpmsave=00;90:*.swp=00;90:*.tmp=00;90:*.ucf-dist=00;90:*.ucf-new=00;90:*.ucf-old=00;90:', 'VSCODE_GIT_IPC_HANDLE': '/run/user/1000/vscode-git-525ec52e36.sock', 'TERM_PROGRAM': 'vscode', 'AMENT_PREFIX_PATH': '/opt/ros/jazzy', 'SHELL': '/bin/bash', 'LESSCLOSE': '/usr/bin/lesspipe %s %s', 'VSCODE_GIT_IPC_AUTH_TOKEN': 'ff5cdd16ccca21bfa4fa154a181b5b6a76b4b4dad36c27d0b6b3e444c3556546', 'ROS_AUTOMATIC_DISCOVERY_RANGE': 'SUBNET', 'VSCODE_GIT_ASKPASS_EXTRA_ARGS': '', 'PWD': '/home/zaminanwar/thesis/ros2_ws/build/rover_description', 'NVM_CD_FLAGS': '', 'PYTHONPATH': '/opt/ros/jazzy/lib/python3.12/site-packages', 'COLCON': '1', 'WSL2_GUI_APPS_ENABLED': '1', 'HOSTTYPE': 'x86_64', 'CMAKE_PREFIX_PATH': '/opt/ros/jazzy/opt/gz_sim_vendor:/opt/ros/jazzy/opt/gz_sensors_vendor:/opt/ros/jazzy/opt/gz_physics_vendor:/opt/ros/jazzy/opt/sdformat_vendor:/opt/ros/jazzy/opt/gz_gui_vendor:/opt/ros/jazzy/opt/gz_transport_vendor:/opt/ros/jazzy/opt/gz_rendering_vendor:/opt/ros/jazzy/opt/gz_plugin_vendor:/opt/ros/jazzy/opt/gz_fuel_tools_vendor:/opt/ros/jazzy/opt/gz_msgs_vendor:/opt/ros/jazzy/opt/gz_common_vendor:/opt/ros/jazzy/opt/gz_math_vendor:/opt/ros/jazzy/opt/gz_utils_vendor:/opt/ros/jazzy/opt/gz_tools_vendor:/opt/ros/jazzy/opt/gz_ogre_next_vendor:/opt/ros/jazzy/opt/gz_dartsim_vendor:/opt/ros/jazzy/opt/gz_cmake_vendor:/opt/ros/jazzy', 'WSLENV': ''}), 'shell': False}
[0.202119] (-) TimerEvent: {}
[0.310783] (-) TimerEvent: {}
[0.419748] (-) TimerEvent: {}
[0.528478] (-) TimerEvent: {}
[0.630341] (-) TimerEvent: {}
[0.739055] (-) TimerEvent: {}
[0.847767] (-) TimerEvent: {}
[0.872052] (slam_launch) JobProgress: {'identifier': 'slam_launch', 'progress': 'cmake'}
[0.874642] (slam_launch) Command: {'cmd': ['/usr/bin/cmake', '/home/zaminanwar/thesis/ros2_ws/src/slam_thesis/slam_launch', '-DCMAKE_INSTALL_PREFIX=/home/zaminanwar/thesis/ros2_ws/install/slam_launch'], 'cwd': '/home/zaminanwar/thesis/ros2_ws/build/slam_launch', 'env': OrderedDict({'LESSOPEN': '| /usr/bin/lesspipe %s', 'GZ_SIM_RESOURCE_PATH': '/opt/ros/jazzy/share', 'USER': 'zaminanwar', 'GZ_CONFIG_PATH': '/opt/ros/jazzy/opt/gz_sim_vendor/share/gz:/opt/ros/jazzy/opt/sdformat_vendor/share/gz:/opt/ros/jazzy/opt/gz_gui_vendor/share/gz:/opt/ros/jazzy/opt/gz_transport_vendor/share/gz:/opt/ros/jazzy/opt/gz_rendering_vendor/share/gz:/opt/ros/jazzy/opt/gz_plugin_vendor/share/gz:/opt/ros/jazzy/opt/gz_fuel_tools_vendor/share/gz:/opt/ros/jazzy/opt/gz_msgs_vendor/share/gz:/opt/ros/jazzy/opt/gz_common_vendor/share/gz', 'GIT_ASKPASS': '/home/zaminanwar/.cursor-server/bin/dc8361355d709f306d5159635a677a571b277bc0/extensions/git/dist/askpass.sh', 'SHLVL': '1', 'LD_LIBRARY_PATH': '/opt/ros/jazzy/opt/gz_sim_vendor/lib:/opt/ros/jazzy/opt/gz_sensors_vendor/lib:/opt/ros/jazzy/opt/gz_physics_vendor/lib:/opt/ros/jazzy/opt/sdformat_vendor/lib:/opt/ros/jazzy/opt/rviz_ogre_vendor/lib:/opt/ros/jazzy/lib/x86_64-linux-gnu:/opt/ros/jazzy/opt/gz_gui_vendor/lib:/opt/ros/jazzy/opt/gz_transport_vendor/lib:/opt/ros/jazzy/opt/gz_rendering_vendor/lib:/opt/ros/jazzy/opt/gz_plugin_vendor/lib:/opt/ros/jazzy/opt/gz_fuel_tools_vendor/lib:/opt/ros/jazzy/opt/gz_msgs_vendor/lib:/opt/ros/jazzy/opt/gz_common_vendor/lib:/opt/ros/jazzy/opt/gz_math_vendor/lib:/opt/ros/jazzy/opt/gz_utils_vendor/lib:/opt/ros/jazzy/opt/gz_tools_vendor/lib:/opt/ros/jazzy/opt/gz_ogre_next_vendor/lib:/opt/ros/jazzy/opt/gz_dartsim_vendor/lib:/opt/ros/jazzy/opt/gz_cmake_vendor/lib:/opt/ros/jazzy/lib', 'HOME': '/home/zaminanwar', 'OLDPWD': '/home/zaminanwar', 'TERM_PROGRAM_VERSION': '2.4.21', 'NVM_BIN': '/home/zaminanwar/.nvm/versions/node/v20.20.0/bin', 'VSCODE_IPC_HOOK_CLI': '/run/user/1000/vscode-ipc-6281d6db-524d-4d0d-889e-3d6d5e5ac318.sock', 'NVM_INC': '/home/zaminanwar/.nvm/versions/node/v20.20.0/include/node', 'ROS_PYTHON_VERSION': '3', 'VSCODE_GIT_ASKPASS_MAIN': '/home/zaminanwar/.cursor-server/bin/dc8361355d709f306d5159635a677a571b277bc0/extensions/git/dist/askpass-main.js', 'VSCODE_GIT_ASKPASS_NODE': '/home/zaminanwar/.cursor-server/bin/dc8361355d709f306d5159635a677a571b277bc0/node', 'DBUS_SESSION_BUS_ADDRESS': 'unix:path=/run/user/1000/bus', 'COLORTERM': 'truecolor', 'WSL_DISTRO_NAME': 'Ubuntu', 'NVM_DIR': '/home/zaminanwar/.nvm', 'WAYLAND_DISPLAY': 'wayland-0', 'ROS_DISTRO': 'jazzy', 'LOGNAME': 'zaminanwar', 'NAME': 'DESKTOP-AFDN506', 'WSL_INTEROP': '/run/WSL/13636_interop', 'PULSE_SERVER': 'unix:/mnt/wslg/PulseServer', '_': '/usr/bin/colcon', 'ROS_VERSION': '2', 'CLAUDE_CODE_SSE_PORT': '52395', 'TERM': 'xterm-256color', 'PATH': '/opt/ros/jazzy/opt/gz_msgs_vendor/bin:/opt/ros/jazzy/opt/gz_tools_vendor/bin:/opt/ros/jazzy/opt/gz_ogre_next_vendor/bin:/opt/ros/jazzy/bin:/home/zaminanwar/.nvm/versions/node/v20.20.0/bin:/home/zaminanwar/.cursor-server/bin/dc8361355d709f306d5159635a677a571b277bc0/bin/remote-cli:/home/zaminanwar/.cursor-server/bin/dc8361355d709f306d5159635a677a571b277bc0/bin/remote-cli:/usr/local/sbin:/usr/local/bin:/usr/sbin:/usr/bin:/sbin:/bin:/usr/games:/usr/local/games:/usr/lib/wsl/lib:/mnt/c/Windows/system32:/mnt/c/Windows:/mnt/c/Windows/System32/Wbem:/mnt/c/Windows/System32/WindowsPowerShell/v1.0/:/mnt/c/Windows/System32/OpenSSH/:/mnt/c/Program Files/Git/cmd:/mnt/c/Program Files/nodejs/:/mnt/c/Users/zamin/AppData/Local/Microsoft/WindowsApps:/mnt/c/Users/zamin/AppData/Local/Programs/cursor/resources/app/bin:/mnt/c/Users/zamin/.local/bin:/mnt/c/Users/zamin/AppData/Roaming/npm:/mnt/c/Users/zamin/AppData/Local/Python/bin', 'XDG_RUNTIME_DIR': '/run/user/1000/', 'DISPLAY': ':0', 'LANG': 'C.UTF-8', 'LS_COLORS': 'rs=0:di=01;34:ln=01;36:mh=00:pi=40;33:so=01;35:do=01;35:bd=40;33;01:cd=40;33;01:or=40;31;01:mi=00:su=37;41:sg=30;43:ca=00:tw=30;42:ow=34;42:st=37;44:ex=01;32:*.tar=01;31:*.tgz=01;31:*.arc=01;31:*.arj=01;31:*.taz=01;31:*.lha=01;31:*.lz4=01;31:*.lzh=01;31:*.lzma=01;31:*.tlz=01;31:*.txz=01;31:*.tzo=01;31:*.t7z=01;31:*.zip=01;31:*.z=01;31:*.dz=01;31:*.gz=01;31:*.lrz=01;31:*.lz=01;31:*.lzo=01;31:*.xz=01;31:*.zst=01;31:*.tzst=01;31:*.bz2=01;31:*.bz=01;31:*.tbz=01;31:*.tbz2=01;31:*.tz=01;31:*.deb=01;31:*.rpm=01;31:*.jar=01;31:*.war=01;31:*.ear=01;31:*.sar=01;31:*.rar=01;31:*.alz=01;31:*.ace=01;31:*.zoo=01;31:*.cpio=01;31:*.7z=01;31:*.rz=01;31:*.cab=01;31:*.wim=01;31:*.swm=01;31:*.dwm=01;31:*.esd=01;31:*.avif=01;35:*.jpg=01;35:*.jpeg=01;35:*.mjpg=01;35:*.mjpeg=01;35:*.gif=01;35:*.bmp=01;35:*.pbm=01;35:*.pgm=01;35:*.ppm=01;35:*.tga=01;35:*.xbm=01;35:*.xpm=01;35:*.tif=01;35:*.tiff=01;35:*.png=01;35:*.svg=01;35:*.svgz=01;35:*.mng=01;35:*.pcx=01;35:*.mov=01;35:*.mpg=01;35:*.mpeg=01;35:*.m2v=01;35:*.mkv=01;35:*.webm=01;35:*.webp=01;35:*.ogm=01;35:*.mp4=01;35:*.m4v=01;35:*.mp4v=01;35:*.vob=01;35:*.qt=01;35:*.nuv=01;35:*.wmv=01;35:*.asf=01;35:*.rm=01;35:*.rmvb=01;35:*.flc=01;35:*.avi=01;35:*.fli=01;35:*.flv=01;35:*.gl=01;35:*.dl=01;35:*.xcf=01;35:*.xwd=01;35:*.yuv=01;35:*.cgm=01;35:*.emf=01;35:*.ogv=01;35:*.ogx=01;35:*.aac=00;36:*.au=00;36:*.flac=00;36:*.m4a=00;36:*.mid=00;36:*.midi=00;36:*.mka=00;36:*.mp3=00;36:*.mpc=00;36:*.ogg=00;36:*.ra=00;36:*.wav=00;36:*.oga=00;36:*.opus=00;36:*.spx=00;36:*.xspf=00;36:*~=00;90:*#=00;90:*.bak=00;90:*.crdownload=00;90:*.dpkg-dist=00;90:*.dpkg-new=00;90:*.dpkg-old=00;90:*.dpkg-tmp=00;90:*.old=00;90:*.orig=00;90:*.part=00;90:*.rej=00;90:*.rpmnew=00;90:*.rpmorig=00;90:*.rpmsave=00;90:*.swp=00;90:*.tmp=00;90:*.ucf-dist=00;90:*.ucf-new=00;90:*.ucf-old=00;90:', 'VSCODE_GIT_IPC_HANDLE': '/run/user/1000/vscode-git-525ec52e36.sock', 'TERM_PROGRAM': 'vscode', 'AMENT_PREFIX_PATH': '/opt/ros/jazzy', 'SHELL': '/bin/bash', 'LESSCLOSE': '/usr/bin/lesspipe %s %s', 'VSCODE_GIT_IPC_AUTH_TOKEN': 'ff5cdd16ccca21bfa4fa154a181b5b6a76b4b4dad36c27d0b6b3e444c3556546', 'ROS_AUTOMATIC_DISCOVERY_RANGE': 'SUBNET', 'VSCODE_GIT_ASKPASS_EXTRA_ARGS': '', 'PWD': '/home/zaminanwar/thesis/ros2_ws/build/slam_launch', 'NVM_CD_FLAGS': '', 'PYTHONPATH': '/opt/ros/jazzy/lib/python3.12/site-packages', 'COLCON': '1', 'WSL2_GUI_APPS_ENABLED': '1', 'HOSTTYPE': 'x86_64', 'CMAKE_PREFIX_PATH': '/opt/ros/jazzy/opt/gz_sim_vendor:/opt/ros/jazzy/opt/gz_sensors_vendor:/opt/ros/jazzy/opt/gz_physics_vendor:/opt/ros/jazzy/opt/sdformat_vendor:/opt/ros/jazzy/opt/gz_gui_vendor:/opt/ros/jazzy/opt/gz_transport_vendor:/opt/ros/jazzy/opt/gz_rendering_vendor:/opt/ros/jazzy/opt/gz_plugin_vendor:/opt/ros/jazzy/opt/gz_fuel_tools_vendor:/opt/ros/jazzy/opt/gz_msgs_vendor:/opt/ros/jazzy/opt/gz_common_vendor:/opt/ros/jazzy/opt/gz_math_vendor:/opt/ros/jazzy/opt/gz_utils_vendor:/opt/ros/jazzy/opt/gz_tools_vendor:/opt/ros/jazzy/opt/gz_ogre_next_vendor:/opt/ros/jazzy/opt/gz_dartsim_vendor:/opt/ros/jazzy/opt/gz_cmake_vendor:/opt/ros/jazzy', 'WSLENV': ''}), 'shell': False}
[0.953883] (-) TimerEvent: {}
[1.059962] (-) TimerEvent: {}
[1.168584] (-) TimerEvent: {}
[1.277226] (-) TimerEvent: {}
[1.377574] (-) TimerEvent: {}
[1.480918] (-) TimerEvent: {}
[1.584120] (-) TimerEvent: {}
[1.687407] (-) TimerEvent: {}
[1.789428] (-) TimerEvent: {}
[1.891597] (-) TimerEvent: {}
[1.995054] (-) TimerEvent: {}
[2.097563] (-) TimerEvent: {}
[2.197953] (-) TimerEvent: {}
[2.299735] (-) TimerEvent: {}
[2.402972] (-) TimerEvent: {}
[2.505131] (-) TimerEvent: {}
[2.608421] (-) TimerEvent: {}
[2.711135] (-) TimerEvent: {}
[2.811885] (-) TimerEvent: {}
[2.913246] (-) TimerEvent: {}
[3.015386] (-) TimerEvent: {}
[3.117733] (-) TimerEvent: {}
[3.218172] (-) TimerEvent: {}
[3.320599] (-) TimerEvent: {}
[3.423136] (-) TimerEvent: {}
[3.526511] (-) TimerEvent: {}
[3.628135] (-) TimerEvent: {}
[3.730856] (-) TimerEvent: {}
[3.833954] (-) TimerEvent: {}
[3.936648] (-) TimerEvent: {}
[4.039739] (-) TimerEvent: {}
[4.142919] (-) TimerEvent: {}
[4.244914] (-) TimerEvent: {}
[4.346908] (-) TimerEvent: {}
[4.450222] (-) TimerEvent: {}
[4.553469] (-) TimerEvent: {}
[4.655649] (-) TimerEvent: {}
[4.758868] (-) TimerEvent: {}
[4.862155] (-) TimerEvent: {}
[4.964627] (-) TimerEvent: {}
[5.066706] (-) TimerEvent: {}
[5.168956] (-) TimerEvent: {}
[5.269388] (-) TimerEvent: {}
[5.371587] (-) TimerEvent: {}
[5.474882] (-) TimerEvent: {}
[5.578182] (-) TimerEvent: {}
[5.680568] (-) TimerEvent: {}
[5.783074] (-) TimerEvent: {}
[5.885429] (-) TimerEvent: {}
[5.988731] (-) TimerEvent: {}
[6.090466] (-) TimerEvent: {}
[6.192237] (-) TimerEvent: {}
[6.293915] (-) TimerEvent: {}
[6.396758] (-) TimerEvent: {}
[6.499718] (-) TimerEvent: {}
[6.602881] (-) TimerEvent: {}
[6.706057] (-) TimerEvent: {}
[6.809352] (-) TimerEvent: {}
[6.912561] (-) TimerEvent: {}
[7.014698] (-) TimerEvent: {}
[7.116486] (-) TimerEvent: {}
[7.217171] (-) TimerEvent: {}
[7.317872] (-) TimerEvent: {}
[7.421174] (-) TimerEvent: {}
[7.523356] (-) TimerEvent: {}
[7.625728] (-) TimerEvent: {}
[7.721234] (rover_description) StdoutLine: {'line': b'-- The C compiler identification is GNU 13.3.0\n'}
[7.721595] (slam_launch) StdoutLine: {'line': b'-- The C compiler identification is GNU 13.3.0\n'}
[7.725848] (-) TimerEvent: {}
[7.826224] (-) TimerEvent: {}
[7.926625] (-) TimerEvent: {}
[8.031789] (-) TimerEvent: {}
[8.132796] (-) TimerEvent: {}
[8.233515] (-) TimerEvent: {}
[8.333904] (-) TimerEvent: {}
[8.434286] (-) TimerEvent: {}
[8.534717] (-) TimerEvent: {}
[8.635171] (-) TimerEvent: {}
[8.736378] (-) TimerEvent: {}
[8.837034] (-) TimerEvent: {}
[8.940130] (-) TimerEvent: {}
[9.040752] (-) TimerEvent: {}
[9.141432] (-) TimerEvent: {}
[9.252932] (-) TimerEvent: {}
[9.361819] (-) TimerEvent: {}
[9.470540] (-) TimerEvent: {}
[9.579282] (-) TimerEvent: {}
[9.688134] (-) TimerEvent: {}
[9.796916] (-) TimerEvent: {}
[9.905677] (-) TimerEvent: {}
[10.014351] (-) TimerEvent: {}
[10.117344] (-) TimerEvent: {}
[10.226131] (-) TimerEvent: {}
[10.334584] (-) TimerEvent: {}
[10.443290] (-) TimerEvent: {}
[10.552010] (-) TimerEvent: {}
[10.660775] (-) TimerEvent: {}
[10.769543] (-) TimerEvent: {}
[10.878239] (-) TimerEvent: {}
[10.986931] (-) TimerEvent: {}
[11.087954] (-) TimerEvent: {}
[11.196694] (-) TimerEvent: {}
[11.300071] (-) TimerEvent: {}
[11.408813] (-) TimerEvent: {}
[11.517527] (-) TimerEvent: {}
[11.626249] (-) TimerEvent: {}
[11.734993] (-) TimerEvent: {}
[11.843715] (-) TimerEvent: {}
[11.952472] (-) TimerEvent: {}
[12.061191] (-) TimerEvent: {}
[12.168465] (-) TimerEvent: {}
[12.272435] (-) TimerEvent: {}
[12.380751] (-) TimerEvent: {}
[12.489459] (-) TimerEvent: {}
[12.598181] (-) TimerEvent: {}
[12.706886] (-) TimerEvent: {}
[12.787644] (slam_launch) StdoutLine: {'line': b'-- The CXX compiler identification is GNU 13.3.0\n'}
[12.788007] (rover_description) StdoutLine: {'line': b'-- The CXX compiler identification is GNU 13.3.0\n'}
[12.808570] (-) TimerEvent: {}
[12.909192] (-) TimerEvent: {}
[13.009865] (-) TimerEvent: {}
[13.112870] (-) TimerEvent: {}
[13.213569] (-) TimerEvent: {}
[13.314671] (-) TimerEvent: {}
[13.423525] (-) TimerEvent: {}
[13.524124] (-) TimerEvent: {}
[13.630751] (-) TimerEvent: {}
[13.648594] (slam_launch) StdoutLine: {'line': b'-- Detecting C compiler ABI info\n'}
[13.648877] (rover_description) StdoutLine: {'line': b'-- Detecting C compiler ABI info\n'}
[13.730987] (-) TimerEvent: {}
[13.833019] (-) TimerEvent: {}
[13.941752] (-) TimerEvent: {}
[14.042175] (-) TimerEvent: {}
[14.146608] (-) TimerEvent: {}
[14.255347] (-) TimerEvent: {}
[14.356856] (-) TimerEvent: {}
[14.463212] (-) TimerEvent: {}
[14.571886] (-) TimerEvent: {}
[14.680582] (-) TimerEvent: {}
[14.783068] (-) TimerEvent: {}
[14.883564] (-) TimerEvent: {}
[14.907416] (rover_description) StdoutLine: {'line': b'-- Detecting C compiler ABI info - done\n'}
[14.907627] (slam_launch) StdoutLine: {'line': b'-- Detecting C compiler ABI info - done\n'}
[14.914433] (rover_description) StdoutLine: {'line': b'-- Check for working C compiler: /usr/bin/cc - skipped\n'}
[14.914843] (slam_launch) StdoutLine: {'line': b'-- Check for working C compiler: /usr/bin/cc - skipped\n'}
[14.915263] (rover_description) StdoutLine: {'line': b'-- Detecting C compile features\n'}
[14.915471] (slam_launch) StdoutLine: {'line': b'-- Detecting C compile features\n'}
[14.920953] (rover_description) StdoutLine: {'line': b'-- Detecting C compile features - done\n'}
[14.921141] (slam_launch) StdoutLine: {'line': b'-- Detecting C compile features - done\n'}
[14.985865] (-) TimerEvent: {}
[15.078504] (slam_launch) StdoutLine: {'line': b'-- Detecting CXX compiler ABI info\n'}
[15.078722] (rover_description) StdoutLine: {'line': b'-- Detecting CXX compiler ABI info\n'}
[15.085990] (-) TimerEvent: {}
[15.186303] (-) TimerEvent: {}
[15.286747] (-) TimerEvent: {}
[15.355774] (slam_launch) StdoutLine: {'line': b'-- Detecting CXX compiler ABI info - done\n'}
[15.357461] (rover_description) StdoutLine: {'line': b'-- Detecting CXX compiler ABI info - done\n'}
[15.363267] (slam_launch) StdoutLine: {'line': b'-- Check for working CXX compiler: /usr/bin/c++ - skipped\n'}
[15.363545] (slam_launch) StdoutLine: {'line': b'-- Detecting CXX compile features\n'}
[15.363930] (slam_launch) StdoutLine: {'line': b'-- Detecting CXX compile features - done\n'}
[15.365146] (rover_description) StdoutLine: {'line': b'-- Check for working CXX compiler: /usr/bin/c++ - skipped\n'}
[15.365435] (rover_description) StdoutLine: {'line': b'-- Detecting CXX compile features\n'}
[15.365830] (rover_description) StdoutLine: {'line': b'-- Detecting CXX compile features - done\n'}
[15.386947] (-) TimerEvent: {}
[15.492249] (-) TimerEvent: {}
[15.600912] (-) TimerEvent: {}
[15.709621] (-) TimerEvent: {}
[15.818300] (-) TimerEvent: {}
[15.918760] (-) TimerEvent: {}
[16.020821] (-) TimerEvent: {}
[16.122167] (-) TimerEvent: {}
[16.222962] (-) TimerEvent: {}
[16.323803] (-) TimerEvent: {}
[16.424345] (-) TimerEvent: {}
[16.479819] (slam_launch) StdoutLine: {'line': b'-- Found ament_cmake: 2.5.4 (/opt/ros/jazzy/share/ament_cmake/cmake)\n'}
[16.480007] (rover_description) StdoutLine: {'line': b'-- Found ament_cmake: 2.5.4 (/opt/ros/jazzy/share/ament_cmake/cmake)\n'}
[16.524799] (-) TimerEvent: {}
[16.625446] (-) TimerEvent: {}
[16.726460] (-) TimerEvent: {}
[16.826898] (-) TimerEvent: {}
[16.884367] (slam_launch) StdoutLine: {'line': b'-- Found Python3: /usr/bin/python3 (found version "3.12.3") found components: Interpreter \n'}
[16.884864] (rover_description) StdoutLine: {'line': b'-- Found Python3: /usr/bin/python3 (found version "3.12.3") found components: Interpreter \n'}
[16.927167] (-) TimerEvent: {}
[16.967755] (gt_publisher) Command: {'cmd': ['/usr/bin/python3', '-W', 'ignore:setup.py install is deprecated', '-W', 'ignore:easy_install command is deprecated', 'setup.py', 'egg_info', '--egg-base', '../../../build/gt_publisher', 'build', '--build-base', '/home/zaminanwar/thesis/ros2_ws/build/gt_publisher/build', 'install', '--record', '/home/zaminanwar/thesis/ros2_ws/build/gt_publisher/install.log', '--single-version-externally-managed', 'install_data'], 'cwd': '/home/zaminanwar/thesis/ros2_ws/src/slam_thesis/gt_publisher', 'env': {'LESSOPEN': '| /usr/bin/lesspipe %s', 'GZ_SIM_RESOURCE_PATH': '/opt/ros/jazzy/share', 'USER': 'zaminanwar', 'GZ_CONFIG_PATH': '/opt/ros/jazzy/opt/gz_sim_vendor/share/gz:/opt/ros/jazzy/opt/sdformat_vendor/share/gz:/opt/ros/jazzy/opt/gz_gui_vendor/share/gz:/opt/ros/jazzy/opt/gz_transport_vendor/share/gz:/opt/ros/jazzy/opt/gz_rendering_vendor/share/gz:/opt/ros/jazzy/opt/gz_plugin_vendor/share/gz:/opt/ros/jazzy/opt/gz_fuel_tools_vendor/share/gz:/opt/ros/jazzy/opt/gz_msgs_vendor/share/gz:/opt/ros/jazzy/opt/gz_common_vendor/share/gz', 'GIT_ASKPASS': '/home/zaminanwar/.cursor-server/bin/dc8361355d709f306d5159635a677a571b277bc0/extensions/git/dist/askpass.sh', 'SHLVL': '1', 'LD_LIBRARY_PATH': '/opt/ros/jazzy/opt/gz_sim_vendor/lib:/opt/ros/jazzy/opt/gz_sensors_vendor/lib:/opt/ros/jazzy/opt/gz_physics_vendor/lib:/opt/ros/jazzy/opt/sdformat_vendor/lib:/opt/ros/jazzy/opt/rviz_ogre_vendor/lib:/opt/ros/jazzy/lib/x86_64-linux-gnu:/opt/ros/jazzy/opt/gz_gui_vendor/lib:/opt/ros/jazzy/opt/gz_transport_vendor/lib:/opt/ros/jazzy/opt/gz_rendering_vendor/lib:/opt/ros/jazzy/opt/gz_plugin_vendor/lib:/opt/ros/jazzy/opt/gz_fuel_tools_vendor/lib:/opt/ros/jazzy/opt/gz_msgs_vendor/lib:/opt/ros/jazzy/opt/gz_common_vendor/lib:/opt/ros/jazzy/opt/gz_math_vendor/lib:/opt/ros/jazzy/opt/gz_utils_vendor/lib:/opt/ros/jazzy/opt/gz_tools_vendor/lib:/opt/ros/jazzy/opt/gz_ogre_next_vendor/lib:/opt/ros/jazzy/opt/gz_dartsim_vendor/lib:/opt/ros/jazzy/opt/gz_cmake_vendor/lib:/opt/ros/jazzy/lib', 'HOME': '/home/zaminanwar', 'OLDPWD': '/home/zaminanwar', 'TERM_PROGRAM_VERSION': '2.4.21', 'NVM_BIN': '/home/zaminanwar/.nvm/versions/node/v20.20.0/bin', 'VSCODE_IPC_HOOK_CLI': '/run/user/1000/vscode-ipc-6281d6db-524d-4d0d-889e-3d6d5e5ac318.sock', 'NVM_INC': '/home/zaminanwar/.nvm/versions/node/v20.20.0/include/node', 'ROS_PYTHON_VERSION': '3', 'VSCODE_GIT_ASKPASS_MAIN': '/home/zaminanwar/.cursor-server/bin/dc8361355d709f306d5159635a677a571b277bc0/extensions/git/dist/askpass-main.js', 'VSCODE_GIT_ASKPASS_NODE': '/home/zaminanwar/.cursor-server/bin/dc8361355d709f306d5159635a677a571b277bc0/node', 'DBUS_SESSION_BUS_ADDRESS': 'unix:path=/run/user/1000/bus', 'COLORTERM': 'truecolor', 'WSL_DISTRO_NAME': 'Ubuntu', 'NVM_DIR': '/home/zaminanwar/.nvm', 'WAYLAND_DISPLAY': 'wayland-0', 'ROS_DISTRO': 'jazzy', 'LOGNAME': 'zaminanwar', 'NAME': 'DESKTOP-AFDN506', 'WSL_INTEROP': '/run/WSL/13636_interop', 'PULSE_SERVER': 'unix:/mnt/wslg/PulseServer', '_': '/usr/bin/colcon', 'ROS_VERSION': '2', 'CLAUDE_CODE_SSE_PORT': '52395', 'TERM': 'xterm-256color', 'PATH': '/opt/ros/jazzy/opt/gz_msgs_vendor/bin:/opt/ros/jazzy/opt/gz_tools_vendor/bin:/opt/ros/jazzy/opt/gz_ogre_next_vendor/bin:/opt/ros/jazzy/bin:/home/zaminanwar/.nvm/versions/node/v20.20.0/bin:/home/zaminanwar/.cursor-server/bin/dc8361355d709f306d5159635a677a571b277bc0/bin/remote-cli:/home/zaminanwar/.cursor-server/bin/dc8361355d709f306d5159635a677a571b277bc0/bin/remote-cli:/usr/local/sbin:/usr/local/bin:/usr/sbin:/usr/bin:/sbin:/bin:/usr/games:/usr/local/games:/usr/lib/wsl/lib:/mnt/c/Windows/system32:/mnt/c/Windows:/mnt/c/Windows/System32/Wbem:/mnt/c/Windows/System32/WindowsPowerShell/v1.0/:/mnt/c/Windows/System32/OpenSSH/:/mnt/c/Program Files/Git/cmd:/mnt/c/Program Files/nodejs/:/mnt/c/Users/zamin/AppData/Local/Microsoft/WindowsApps:/mnt/c/Users/zamin/AppData/Local/Programs/cursor/resources/app/bin:/mnt/c/Users/zamin/.local/bin:/mnt/c/Users/zamin/AppData/Roaming/npm:/mnt/c/Users/zamin/AppData/Local/Python/bin', 'XDG_RUNTIME_DIR': '/run/user/1000/', 'DISPLAY': ':0', 'LANG': 'C.UTF-8', 'LS_COLORS': 'rs=0:di=01;34:ln=01;36:mh=00:pi=40;33:so=01;35:do=01;35:bd=40;33;01:cd=40;33;01:or=40;31;01:mi=00:su=37;41:sg=30;43:ca=00:tw=30;42:ow=34;42:st=37;44:ex=01;32:*.tar=01;31:*.tgz=01;31:*.arc=01;31:*.arj=01;31:*.taz=01;31:*.lha=01;31:*.lz4=01;31:*.lzh=01;31:*.lzma=01;31:*.tlz=01;31:*.txz=01;31:*.tzo=01;31:*.t7z=01;31:*.zip=01;31:*.z=01;31:*.dz=01;31:*.gz=01;31:*.lrz=01;31:*.lz=01;31:*.lzo=01;31:*.xz=01;31:*.zst=01;31:*.tzst=01;31:*.bz2=01;31:*.bz=01;31:*.tbz=01;31:*.tbz2=01;31:*.tz=01;31:*.deb=01;31:*.rpm=01;31:*.jar=01;31:*.war=01;31:*.ear=01;31:*.sar=01;31:*.rar=01;31:*.alz=01;31:*.ace=01;31:*.zoo=01;31:*.cpio=01;31:*.7z=01;31:*.rz=01;31:*.cab=01;31:*.wim=01;31:*.swm=01;31:*.dwm=01;31:*.esd=01;31:*.avif=01;35:*.jpg=01;35:*.jpeg=01;35:*.mjpg=01;35:*.mjpeg=01;35:*.gif=01;35:*.bmp=01;35:*.pbm=01;35:*.pgm=01;35:*.ppm=01;35:*.tga=01;35:*.xbm=01;35:*.xpm=01;35:*.tif=01;35:*.tiff=01;35:*.png=01;35:*.svg=01;35:*.svgz=01;35:*.mng=01;35:*.pcx=01;35:*.mov=01;35:*.mpg=01;35:*.mpeg=01;35:*.m2v=01;35:*.mkv=01;35:*.webm=01;35:*.webp=01;35:*.ogm=01;35:*.mp4=01;35:*.m4v=01;35:*.mp4v=01;35:*.vob=01;35:*.qt=01;35:*.nuv=01;35:*.wmv=01;35:*.asf=01;35:*.rm=01;35:*.rmvb=01;35:*.flc=01;35:*.avi=01;35:*.fli=01;35:*.flv=01;35:*.gl=01;35:*.dl=01;35:*.xcf=01;35:*.xwd=01;35:*.yuv=01;35:*.cgm=01;35:*.emf=01;35:*.ogv=01;35:*.ogx=01;35:*.aac=00;36:*.au=00;36:*.flac=00;36:*.m4a=00;36:*.mid=00;36:*.midi=00;36:*.mka=00;36:*.mp3=00;36:*.mpc=00;36:*.ogg=00;36:*.ra=00;36:*.wav=00;36:*.oga=00;36:*.opus=00;36:*.spx=00;36:*.xspf=00;36:*~=00;90:*#=00;90:*.bak=00;90:*.crdownload=00;90:*.dpkg-dist=00;90:*.dpkg-new=00;90:*.dpkg-old=00;90:*.dpkg-tmp=00;90:*.old=00;90:*.orig=00;90:*.part=00;90:*.rej=00;90:*.rpmnew=00;90:*.rpmorig=00;90:*.rpmsave=00;90:*.swp=00;90:*.tmp=00;90:*.ucf-dist=00;90:*.ucf-new=00;90:*.ucf-old=00;90:', 'VSCODE_GIT_IPC_HANDLE': '/run/user/1000/vscode-git-525ec52e36.sock', 'TERM_PROGRAM': 'vscode', 'AMENT_PREFIX_PATH': '/opt/ros/jazzy', 'SHELL': '/bin/bash', 'LESSCLOSE': '/usr/bin/lesspipe %s %s', 'VSCODE_GIT_IPC_AUTH_TOKEN': 'ff5cdd16ccca21bfa4fa154a181b5b6a76b4b4dad36c27d0b6b3e444c3556546', 'ROS_AUTOMATIC_DISCOVERY_RANGE': 'SUBNET', 'VSCODE_GIT_ASKPASS_EXTRA_ARGS': '', 'PWD': '/home/zaminanwar/thesis/ros2_ws/build/gt_publisher', 'NVM_CD_FLAGS': '', 'PYTHONPATH': '/home/zaminanwar/thesis/ros2_ws/build/gt_publisher/prefix_override:/usr/lib/python3/dist-packages/colcon_core/task/python/colcon_distutils_commands:/home/zaminanwar/thesis/ros2_ws/install/gt_publisher/lib/python3.12/site-packages:/opt/ros/jazzy/lib/python3.12/site-packages', 'COLCON': '1', 'WSL2_GUI_APPS_ENABLED': '1', 'HOSTTYPE': 'x86_64', 'CMAKE_PREFIX_PATH': '/opt/ros/jazzy/opt/gz_sim_vendor:/opt/ros/jazzy/opt/gz_sensors_vendor:/opt/ros/jazzy/opt/gz_physics_vendor:/opt/ros/jazzy/opt/sdformat_vendor:/opt/ros/jazzy/opt/gz_gui_vendor:/opt/ros/jazzy/opt/gz_transport_vendor:/opt/ros/jazzy/opt/gz_rendering_vendor:/opt/ros/jazzy/opt/gz_plugin_vendor:/opt/ros/jazzy/opt/gz_fuel_tools_vendor:/opt/ros/jazzy/opt/gz_msgs_vendor:/opt/ros/jazzy/opt/gz_common_vendor:/opt/ros/jazzy/opt/gz_math_vendor:/opt/ros/jazzy/opt/gz_utils_vendor:/opt/ros/jazzy/opt/gz_tools_vendor:/opt/ros/jazzy/opt/gz_ogre_next_vendor:/opt/ros/jazzy/opt/gz_dartsim_vendor:/opt/ros/jazzy/opt/gz_cmake_vendor', 'WSLENV': ''}, 'shell': False}
[16.969712] (traj_exporter) Command: {'cmd': ['/usr/bin/python3', '-W', 'ignore:setup.py install is deprecated', '-W', 'ignore:easy_install command is deprecated', 'setup.py', 'egg_info', '--egg-base', '../../../build/traj_exporter', 'build', '--build-base', '/home/zaminanwar/thesis/ros2_ws/build/traj_exporter/build', 'install', '--record', '/home/zaminanwar/thesis/ros2_ws/build/traj_exporter/install.log', '--single-version-externally-managed', 'install_data'], 'cwd': '/home/zaminanwar/thesis/ros2_ws/src/slam_thesis/traj_exporter', 'env': {'LESSOPEN': '| /usr/bin/lesspipe %s', 'GZ_SIM_RESOURCE_PATH': '/opt/ros/jazzy/share', 'USER': 'zaminanwar', 'GZ_CONFIG_PATH': '/opt/ros/jazzy/opt/gz_sim_vendor/share/gz:/opt/ros/jazzy/opt/sdformat_vendor/share/gz:/opt/ros/jazzy/opt/gz_gui_vendor/share/gz:/opt/ros/jazzy/opt/gz_transport_vendor/share/gz:/opt/ros/jazzy/opt/gz_rendering_vendor/share/gz:/opt/ros/jazzy/opt/gz_plugin_vendor/share/gz:/opt/ros/jazzy/opt/gz_fuel_tools_vendor/share/gz:/opt/ros/jazzy/opt/gz_msgs_vendor/share/gz:/opt/ros/jazzy/opt/gz_common_vendor/share/gz', 'GIT_ASKPASS': '/home/zaminanwar/.cursor-server/bin/dc8361355d709f306d5159635a677a571b277bc0/extensions/git/dist/askpass.sh', 'SHLVL': '1', 'LD_LIBRARY_PATH': '/opt/ros/jazzy/opt/gz_sim_vendor/lib:/opt/ros/jazzy/opt/gz_sensors_vendor/lib:/opt/ros/jazzy/opt/gz_physics_vendor/lib:/opt/ros/jazzy/opt/sdformat_vendor/lib:/opt/ros/jazzy/opt/rviz_ogre_vendor/lib:/opt/ros/jazzy/lib/x86_64-linux-gnu:/opt/ros/jazzy/opt/gz_gui_vendor/lib:/opt/ros/jazzy/opt/gz_transport_vendor/lib:/opt/ros/jazzy/opt/gz_rendering_vendor/lib:/opt/ros/jazzy/opt/gz_plugin_vendor/lib:/opt/ros/jazzy/opt/gz_fuel_tools_vendor/lib:/opt/ros/jazzy/opt/gz_msgs_vendor/lib:/opt/ros/jazzy/opt/gz_common_vendor/lib:/opt/ros/jazzy/opt/gz_math_vendor/lib:/opt/ros/jazzy/opt/gz_utils_vendor/lib:/opt/ros/jazzy/opt/gz_tools_vendor/lib:/opt/ros/jazzy/opt/gz_ogre_next_vendor/lib:/opt/ros/jazzy/opt/gz_dartsim_vendor/lib:/opt/ros/jazzy/opt/gz_cmake_vendor/lib:/opt/ros/jazzy/lib', 'HOME': '/home/zaminanwar', 'OLDPWD': '/home/zaminanwar', 'TERM_PROGRAM_VERSION': '2.4.21', 'NVM_BIN': '/home/zaminanwar/.nvm/versions/node/v20.20.0/bin', 'VSCODE_IPC_HOOK_CLI': '/run/user/1000/vscode-ipc-6281d6db-524d-4d0d-889e-3d6d5e5ac318.sock', 'NVM_INC': '/home/zaminanwar/.nvm/versions/node/v20.20.0/include/node', 'ROS_PYTHON_VERSION': '3', 'VSCODE_GIT_ASKPASS_MAIN': '/home/zaminanwar/.cursor-server/bin/dc8361355d709f306d5159635a677a571b277bc0/extensions/git/dist/askpass-main.js', 'VSCODE_GIT_ASKPASS_NODE': '/home/zaminanwar/.cursor-server/bin/dc8361355d709f306d5159635a677a571b277bc0/node', 'DBUS_SESSION_BUS_ADDRESS': 'unix:path=/run/user/1000/bus', 'COLORTERM': 'truecolor', 'WSL_DISTRO_NAME': 'Ubuntu', 'NVM_DIR': '/home/zaminanwar/.nvm', 'WAYLAND_DISPLAY': 'wayland-0', 'ROS_DISTRO': 'jazzy', 'LOGNAME': 'zaminanwar', 'NAME': 'DESKTOP-AFDN506', 'WSL_INTEROP': '/run/WSL/13636_interop', 'PULSE_SERVER': 'unix:/mnt/wslg/PulseServer', '_': '/usr/bin/colcon', 'ROS_VERSION': '2', 'CLAUDE_CODE_SSE_PORT': '52395', 'TERM': 'xterm-256color', 'PATH': '/opt/ros/jazzy/opt/gz_msgs_vendor/bin:/opt/ros/jazzy/opt/gz_tools_vendor/bin:/opt/ros/jazzy/opt/gz_ogre_next_vendor/bin:/opt/ros/jazzy/bin:/home/zaminanwar/.nvm/versions/node/v20.20.0/bin:/home/zaminanwar/.cursor-server/bin/dc8361355d709f306d5159635a677a571b277bc0/bin/remote-cli:/home/zaminanwar/.cursor-server/bin/dc8361355d709f306d5159635a677a571b277bc0/bin/remote-cli:/usr/local/sbin:/usr/local/bin:/usr/sbin:/usr/bin:/sbin:/bin:/usr/games:/usr/local/games:/usr/lib/wsl/lib:/mnt/c/Windows/system32:/mnt/c/Windows:/mnt/c/Windows/System32/Wbem:/mnt/c/Windows/System32/WindowsPowerShell/v1.0/:/mnt/c/Windows/System32/OpenSSH/:/mnt/c/Program Files/Git/cmd:/mnt/c/Program Files/nodejs/:/mnt/c/Users/zamin/AppData/Local/Microsoft/WindowsApps:/mnt/c/Users/zamin/AppData/Local/Programs/cursor/resources/app/bin:/mnt/c/Users/zamin/.local/bin:/mnt/c/Users/zamin/AppData/Roaming/npm:/mnt/c/Users/zamin/AppData/Local/Python/bin', 'XDG_RUNTIME_DIR': '/run/user/1000/', 'DISPLAY': ':0', 'LANG': 'C.UTF-8', 'LS_COLORS': 'rs=0:di=01;34:ln=01;36:mh=00:pi=40;33:so=01;35:do=01;35:bd=40;33;01:cd=40;33;01:or=40;31;01:mi=00:su=37;41:sg=30;43:ca=00:tw=30;42:ow=34;42:st=37;44:ex=01;32:*.tar=01;31:*.tgz=01;31:*.arc=01;31:*.arj=01;31:*.taz=01;31:*.lha=01;31:*.lz4=01;31:*.lzh=01;31:*.lzma=01;31:*.tlz=01;31:*.txz=01;31:*.tzo=01;31:*.t7z=01;31:*.zip=01;31:*.z=01;31:*.dz=01;31:*.gz=01;31:*.lrz=01;31:*.lz=01;31:*.lzo=01;31:*.xz=01;31:*.zst=01;31:*.tzst=01;31:*.bz2=01;31:*.bz=01;31:*.tbz=01;31:*.tbz2=01;31:*.tz=01;31:*.deb=01;31:*.rpm=01;31:*.jar=01;31:*.war=01;31:*.ear=01;31:*.sar=01;31:*.rar=01;31:*.alz=01;31:*.ace=01;31:*.zoo=01;31:*.cpio=01;31:*.7z=01;31:*.rz=01;31:*.cab=01;31:*.wim=01;31:*.swm=01;31:*.dwm=01;31:*.esd=01;31:*.avif=01;35:*.jpg=01;35:*.jpeg=01;35:*.mjpg=01;35:*.mjpeg=01;35:*.gif=01;35:*.bmp=01;35:*.pbm=01;35:*.pgm=01;35:*.ppm=01;35:*.tga=01;35:*.xbm=01;35:*.xpm=01;35:*.tif=01;35:*.tiff=01;35:*.png=01;35:*.svg=01;35:*.svgz=01;35:*.mng=01;35:*.pcx=01;35:*.mov=01;35:*.mpg=01;35:*.mpeg=01;35:*.m2v=01;35:*.mkv=01;35:*.webm=01;35:*.webp=01;35:*.ogm=01;35:*.mp4=01;35:*.m4v=01;35:*.mp4v=01;35:*.vob=01;35:*.qt=01;35:*.nuv=01;35:*.wmv=01;35:*.asf=01;35:*.rm=01;35:*.rmvb=01;35:*.flc=01;35:*.avi=01;35:*.fli=01;35:*.flv=01;35:*.gl=01;35:*.dl=01;35:*.xcf=01;35:*.xwd=01;35:*.yuv=01;35:*.cgm=01;35:*.emf=01;35:*.ogv=01;35:*.ogx=01;35:*.aac=00;36:*.au=00;36:*.flac=00;36:*.m4a=00;36:*.mid=00;36:*.midi=00;36:*.mka=00;36:*.mp3=00;36:*.mpc=00;36:*.ogg=00;36:*.ra=00;36:*.wav=00;36:*.oga=00;36:*.opus=00;36:*.spx=00;36:*.xspf=00;36:*~=00;90:*#=00;90:*.bak=00;90:*.crdownload=00;90:*.dpkg-dist=00;90:*.dpkg-new=00;90:*.dpkg-old=00;90:*.dpkg-tmp=00;90:*.old=00;90:*.orig=00;90:*.part=00;90:*.rej=00;90:*.rpmnew=00;90:*.rpmorig=00;90:*.rpmsave=00;90:*.swp=00;90:*.tmp=00;90:*.ucf-dist=00;90:*.ucf-new=00;90:*.ucf-old=00;90:', 'VSCODE_GIT_IPC_HANDLE': '/run/user/1000/vscode-git-525ec52e36.sock', 'TERM_PROGRAM': 'vscode', 'AMENT_PREFIX_PATH': '/opt/ros/jazzy', 'SHELL': '/bin/bash', 'LESSCLOSE': '/usr/bin/lesspipe %s %s', 'VSCODE_GIT_IPC_AUTH_TOKEN': 'ff5cdd16ccca21bfa4fa154a181b5b6a76b4b4dad36c27d0b6b3e444c3556546', 'ROS_AUTOMATIC_DISCOVERY_RANGE': 'SUBNET', 'VSCODE_GIT_ASKPASS_EXTRA_ARGS': '', 'PWD': '/home/zaminanwar/thesis/ros2_ws/build/traj_exporter', 'NVM_CD_FLAGS': '', 'PYTHONPATH': '/home/zaminanwar/thesis/ros2_ws/build/traj_exporter/prefix_override:/usr/lib/python3/dist-packages/colcon_core/task/python/colcon_distutils_commands:/home/zaminanwar/thesis/ros2_ws/install/traj_exporter/lib/python3.12/site-packages:/opt/ros/jazzy/lib/python3.12/site-packages', 'COLCON': '1', 'WSL2_GUI_APPS_ENABLED': '1', 'HOSTTYPE': 'x86_64', 'CMAKE_PREFIX_PATH': '/opt/ros/jazzy/opt/gz_sim_vendor:/opt/ros/jazzy/opt/gz_sensors_vendor:/opt/ros/jazzy/opt/gz_physics_vendor:/opt/ros/jazzy/opt/sdformat_vendor:/opt/ros/jazzy/opt/gz_gui_vendor:/opt/ros/jazzy/opt/gz_transport_vendor:/opt/ros/jazzy/opt/gz_rendering_vendor:/opt/ros/jazzy/opt/gz_plugin_vendor:/opt/ros/jazzy/opt/gz_fuel_tools_vendor:/opt/ros/jazzy/opt/gz_msgs_vendor:/opt/ros/jazzy/opt/gz_common_vendor:/opt/ros/jazzy/opt/gz_math_vendor:/opt/ros/jazzy/opt/gz_utils_vendor:/opt/ros/jazzy/opt/gz_tools_vendor:/opt/ros/jazzy/opt/gz_ogre_next_vendor:/opt/ros/jazzy/opt/gz_dartsim_vendor:/opt/ros/jazzy/opt/gz_cmake_vendor', 'WSLENV': ''}, 'shell': False}
[16.972484] (rover_control) Command: {'cmd': ['/usr/bin/python3', '-W', 'ignore:setup.py install is deprecated', '-W', 'ignore:easy_install command is deprecated', 'setup.py', 'egg_info', '--egg-base', '../../../build/rover_control', 'build', '--build-base', '/home/zaminanwar/thesis/ros2_ws/build/rover_control/build', 'install', '--record', '/home/zaminanwar/thesis/ros2_ws/build/rover_control/install.log', '--single-version-externally-managed', 'install_data'], 'cwd': '/home/zaminanwar/thesis/ros2_ws/src/slam_thesis/rover_control', 'env': {'LESSOPEN': '| /usr/bin/lesspipe %s', 'GZ_SIM_RESOURCE_PATH': '/opt/ros/jazzy/share', 'USER': 'zaminanwar', 'GZ_CONFIG_PATH': '/opt/ros/jazzy/opt/gz_sim_vendor/share/gz:/opt/ros/jazzy/opt/sdformat_vendor/share/gz:/opt/ros/jazzy/opt/gz_gui_vendor/share/gz:/opt/ros/jazzy/opt/gz_transport_vendor/share/gz:/opt/ros/jazzy/opt/gz_rendering_vendor/share/gz:/opt/ros/jazzy/opt/gz_plugin_vendor/share/gz:/opt/ros/jazzy/opt/gz_fuel_tools_vendor/share/gz:/opt/ros/jazzy/opt/gz_msgs_vendor/share/gz:/opt/ros/jazzy/opt/gz_common_vendor/share/gz', 'GIT_ASKPASS': '/home/zaminanwar/.cursor-server/bin/dc8361355d709f306d5159635a677a571b277bc0/extensions/git/dist/askpass.sh', 'SHLVL': '1', 'LD_LIBRARY_PATH': '/opt/ros/jazzy/opt/gz_sim_vendor/lib:/opt/ros/jazzy/opt/gz_sensors_vendor/lib:/opt/ros/jazzy/opt/gz_physics_vendor/lib:/opt/ros/jazzy/opt/sdformat_vendor/lib:/opt/ros/jazzy/opt/rviz_ogre_vendor/lib:/opt/ros/jazzy/lib/x86_64-linux-gnu:/opt/ros/jazzy/opt/gz_gui_vendor/lib:/opt/ros/jazzy/opt/gz_transport_vendor/lib:/opt/ros/jazzy/opt/gz_rendering_vendor/lib:/opt/ros/jazzy/opt/gz_plugin_vendor/lib:/opt/ros/jazzy/opt/gz_fuel_tools_vendor/lib:/opt/ros/jazzy/opt/gz_msgs_vendor/lib:/opt/ros/jazzy/opt/gz_common_vendor/lib:/opt/ros/jazzy/opt/gz_math_vendor/lib:/opt/ros/jazzy/opt/gz_utils_vendor/lib:/opt/ros/jazzy/opt/gz_tools_vendor/lib:/opt/ros/jazzy/opt/gz_ogre_next_vendor/lib:/opt/ros/jazzy/opt/gz_dartsim_vendor/lib:/opt/ros/jazzy/opt/gz_cmake_vendor/lib:/opt/ros/jazzy/lib', 'HOME': '/home/zaminanwar', 'OLDPWD': '/home/zaminanwar', 'TERM_PROGRAM_VERSION': '2.4.21', 'NVM_BIN': '/home/zaminanwar/.nvm/versions/node/v20.20.0/bin', 'VSCODE_IPC_HOOK_CLI': '/run/user/1000/vscode-ipc-6281d6db-524d-4d0d-889e-3d6d5e5ac318.sock', 'NVM_INC': '/home/zaminanwar/.nvm/versions/node/v20.20.0/include/node', 'ROS_PYTHON_VERSION': '3', 'VSCODE_GIT_ASKPASS_MAIN': '/home/zaminanwar/.cursor-server/bin/dc8361355d709f306d5159635a677a571b277bc0/extensions/git/dist/askpass-main.js', 'VSCODE_GIT_ASKPASS_NODE': '/home/zaminanwar/.cursor-server/bin/dc8361355d709f306d5159635a677a571b277bc0/node', 'DBUS_SESSION_BUS_ADDRESS': 'unix:path=/run/user/1000/bus', 'COLORTERM': 'truecolor', 'WSL_DISTRO_NAME': 'Ubuntu', 'NVM_DIR': '/home/zaminanwar/.nvm', 'WAYLAND_DISPLAY': 'wayland-0', 'ROS_DISTRO': 'jazzy', 'LOGNAME': 'zaminanwar', 'NAME': 'DESKTOP-AFDN506', 'WSL_INTEROP': '/run/WSL/13636_interop', 'PULSE_SERVER': 'unix:/mnt/wslg/PulseServer', '_': '/usr/bin/colcon', 'ROS_VERSION': '2', 'CLAUDE_CODE_SSE_PORT': '52395', 'TERM': 'xterm-256color', 'PATH': '/opt/ros/jazzy/opt/gz_msgs_vendor/bin:/opt/ros/jazzy/opt/gz_tools_vendor/bin:/opt/ros/jazzy/opt/gz_ogre_next_vendor/bin:/opt/ros/jazzy/bin:/home/zaminanwar/.nvm/versions/node/v20.20.0/bin:/home/zaminanwar/.cursor-server/bin/dc8361355d709f306d5159635a677a571b277bc0/bin/remote-cli:/home/zaminanwar/.cursor-server/bin/dc8361355d709f306d5159635a677a571b277bc0/bin/remote-cli:/usr/local/sbin:/usr/local/bin:/usr/sbin:/usr/bin:/sbin:/bin:/usr/games:/usr/local/games:/usr/lib/wsl/lib:/mnt/c/Windows/system32:/mnt/c/Windows:/mnt/c/Windows/System32/Wbem:/mnt/c/Windows/System32/WindowsPowerShell/v1.0/:/mnt/c/Windows/System32/OpenSSH/:/mnt/c/Program Files/Git/cmd:/mnt/c/Program Files/nodejs/:/mnt/c/Users/zamin/AppData/Local/Microsoft/WindowsApps:/mnt/c/Users/zamin/AppData/Local/Programs/cursor/resources/app/bin:/mnt/c/Users/zamin/.local/bin:/mnt/c/Users/zamin/AppData/Roaming/npm:/mnt/c/Users/zamin/AppData/Local/Python/bin', 'XDG_RUNTIME_DIR': '/run/user/1000/', 'DISPLAY': ':0', 'LANG': 'C.UTF-8', 'LS_COLORS': 'rs=0:di=01;34:ln=01;36:mh=00:pi=40;33:so=01;35:do=01;35:bd=40;33;01:cd=40;33;01:or=40;31;01:mi=00:su=37;41:sg=30;43:ca=00:tw=30;42:ow=34;42:st=37;44:ex=01;32:*.tar=01;31:*.tgz=01;31:*.arc=01;31:*.arj=01;31:*.taz=01;31:*.lha=01;31:*.lz4=01;31:*.lzh=01;31:*.lzma=01;31:*.tlz=01;31:*.txz=01;31:*.tzo=01;31:*.t7z=01;31:*.zip=01;31:*.z=01;31:*.dz=01;31:*.gz=01;31:*.lrz=01;31:*.lz=01;31:*.lzo=01;31:*.xz=01;31:*.zst=01;31:*.tzst=01;31:*.bz2=01;31:*.bz=01;31:*.tbz=01;31:*.tbz2=01;31:*.tz=01;31:*.deb=01;31:*.rpm=01;31:*.jar=01;31:*.war=01;31:*.ear=01;31:*.sar=01;31:*.rar=01;31:*.alz=01;31:*.ace=01;31:*.zoo=01;31:*.cpio=01;31:*.7z=01;31:*.rz=01;31:*.cab=01;31:*.wim=01;31:*.swm=01;31:*.dwm=01;31:*.esd=01;31:*.avif=01;35:*.jpg=01;35:*.jpeg=01;35:*.mjpg=01;35:*.mjpeg=01;35:*.gif=01;35:*.bmp=01;35:*.pbm=01;35:*.pgm=01;35:*.ppm=01;35:*.tga=01;35:*.xbm=01;35:*.xpm=01;35:*.tif=01;35:*.tiff=01;35:*.png=01;35:*.svg=01;35:*.svgz=01;35:*.mng=01;35:*.pcx=01;35:*.mov=01;35:*.mpg=01;35:*.mpeg=01;35:*.m2v=01;35:*.mkv=01;35:*.webm=01;35:*.webp=01;35:*.ogm=01;35:*.mp4=01;35:*.m4v=01;35:*.mp4v=01;35:*.vob=01;35:*.qt=01;35:*.nuv=01;35:*.wmv=01;35:*.asf=01;35:*.rm=01;35:*.rmvb=01;35:*.flc=01;35:*.avi=01;35:*.fli=01;35:*.flv=01;35:*.gl=01;35:*.dl=01;35:*.xcf=01;35:*.xwd=01;35:*.yuv=01;35:*.cgm=01;35:*.emf=01;35:*.ogv=01;35:*.ogx=01;35:*.aac=00;36:*.au=00;36:*.flac=00;36:*.m4a=00;36:*.mid=00;36:*.midi=00;36:*.mka=00;36:*.mp3=00;36:*.mpc=00;36:*.ogg=00;36:*.ra=00;36:*.wav=00;36:*.oga=00;36:*.opus=00;36:*.spx=00;36:*.xspf=00;36:*~=00;90:*#=00;90:*.bak=00;90:*.crdownload=00;90:*.dpkg-dist=00;90:*.dpkg-new=00;90:*.dpkg-old=00;90:*.dpkg-tmp=00;90:*.old=00;90:*.orig=00;90:*.part=00;90:*.rej=00;90:*.rpmnew=00;90:*.rpmorig=00;90:*.rpmsave=00;90:*.swp=00;90:*.tmp=00;90:*.ucf-dist=00;90:*.ucf-new=00;90:*.ucf-old=00;90:', 'VSCODE_GIT_IPC_HANDLE': '/run/user/1000/vscode-git-525ec52e36.sock', 'TERM_PROGRAM': 'vscode', 'AMENT_PREFIX_PATH': '/opt/ros/jazzy', 'SHELL': '/bin/bash', 'LESSCLOSE': '/usr/bin/lesspipe %s %s', 'VSCODE_GIT_IPC_AUTH_TOKEN': 'ff5cdd16ccca21bfa4fa154a181b5b6a76b4b4dad36c27d0b6b3e444c3556546', 'ROS_AUTOMATIC_DISCOVERY_RANGE': 'SUBNET', 'VSCODE_GIT_ASKPASS_EXTRA_ARGS': '', 'PWD': '/home/zaminanwar/thesis/ros2_ws/build/rover_control', 'NVM_CD_FLAGS': '', 'PYTHONPATH': '/home/zaminanwar/thesis/ros2_ws/build/rover_control/prefix_override:/usr/lib/python3/dist-packages/colcon_core/task/python/colcon_distutils_commands:/home/zaminanwar/thesis/ros2_ws/install/rover_control/lib/python3.12/site-packages:/opt/ros/jazzy/lib/python3.12/site-packages', 'COLCON': '1', 'WSL2_GUI_APPS_ENABLED': '1', 'HOSTTYPE': 'x86_64', 'CMAKE_PREFIX_PATH': '/opt/ros/jazzy/opt/gz_sim_vendor:/opt/ros/jazzy/opt/gz_sensors_vendor:/opt/ros/jazzy/opt/gz_physics_vendor:/opt/ros/jazzy/opt/sdformat_vendor:/opt/ros/jazzy/opt/gz_gui_vendor:/opt/ros/jazzy/opt/gz_transport_vendor:/opt/ros/jazzy/opt/gz_rendering_vendor:/opt/ros/jazzy/opt/gz_plugin_vendor:/opt/ros/jazzy/opt/gz_fuel_tools_vendor:/opt/ros/jazzy/opt/gz_msgs_vendor:/opt/ros/jazzy/opt/gz_common_vendor:/opt/ros/jazzy/opt/gz_math_vendor:/opt/ros/jazzy/opt/gz_utils_vendor:/opt/ros/jazzy/opt/gz_tools_vendor:/opt/ros/jazzy/opt/gz_ogre_next_vendor:/opt/ros/jazzy/opt/gz_dartsim_vendor:/opt/ros/jazzy/opt/gz_cmake_vendor', 'WSLENV': ''}, 'shell': False}
[17.031138] (-) TimerEvent: {}
[17.131612] (-) TimerEvent: {}
[17.203417] (traj_exporter) StdoutLine: {'line': b'running egg_info\n'}
[17.203766] (traj_exporter) StdoutLine: {'line': b'creating ../../../build/traj_exporter/traj_exporter.egg-info\n'}
[17.204514] (gt_publisher) StdoutLine: {'line': b'running egg_info\n'}
[17.204826] (gt_publisher) StdoutLine: {'line': b'creating ../../../build/gt_publisher/gt_publisher.egg-info\n'}
[17.206918] (rover_control) StdoutLine: {'line': b'running egg_info\n'}
[17.207242] (rover_control) StdoutLine: {'line': b'creating ../../../build/rover_control/rover_control.egg-info\n'}
[17.221169] (traj_exporter) StdoutLine: {'line': b'writing ../../../build/traj_exporter/traj_exporter.egg-info/PKG-INFO\n'}
[17.221434] (traj_exporter) StdoutLine: {'line': b'writing dependency_links to ../../../build/traj_exporter/traj_exporter.egg-info/dependency_links.txt\n'}
[17.221628] (traj_exporter) StdoutLine: {'line': b'writing entry points to ../../../build/traj_exporter/traj_exporter.egg-info/entry_points.txt\n'}
[17.221782] (traj_exporter) StdoutLine: {'line': b'writing requirements to ../../../build/traj_exporter/traj_exporter.egg-info/requires.txt\n'}
[17.221935] (traj_exporter) StdoutLine: {'line': b'writing top-level names to ../../../build/traj_exporter/traj_exporter.egg-info/top_level.txt\n'}
[17.222102] (traj_exporter) StdoutLine: {'line': b"writing manifest file '../../../build/traj_exporter/traj_exporter.egg-info/SOURCES.txt'\n"}
[17.223154] (gt_publisher) StdoutLine: {'line': b'writing ../../../build/gt_publisher/gt_publisher.egg-info/PKG-INFO\n'}
[17.223398] (gt_publisher) StdoutLine: {'line': b'writing dependency_links to ../../../build/gt_publisher/gt_publisher.egg-info/dependency_links.txt\n'}
[17.223568] (gt_publisher) StdoutLine: {'line': b'writing entry points to ../../../build/gt_publisher/gt_publisher.egg-info/entry_points.txt\n'}
[17.223714] (gt_publisher) StdoutLine: {'line': b'writing requirements to ../../../build/gt_publisher/gt_publisher.egg-info/requires.txt\n'}
[17.223857] (gt_publisher) StdoutLine: {'line': b'writing top-level names to ../../../build/gt_publisher/gt_publisher.egg-info/top_level.txt\n'}
[17.223971] (gt_publisher) StdoutLine: {'line': b"writing manifest file '../../../build/gt_publisher/gt_publisher.egg-info/SOURCES.txt'\n"}
[17.224152] (rover_control) StdoutLine: {'line': b'writing ../../../build/rover_control/rover_control.egg-info/PKG-INFO\n'}
[17.224402] (rover_control) StdoutLine: {'line': b'writing dependency_links to ../../../build/rover_control/rover_control.egg-info/dependency_links.txt\n'}
[17.224566] (rover_control) StdoutLine: {'line': b'writing entry points to ../../../build/rover_control/rover_control.egg-info/entry_points.txt\n'}
[17.224713] (rover_control) StdoutLine: {'line': b'writing requirements to ../../../build/rover_control/rover_control.egg-info/requires.txt\n'}
[17.224850] (rover_control) StdoutLine: {'line': b'writing top-level names to ../../../build/rover_control/rover_control.egg-info/top_level.txt\n'}
[17.224998] (rover_control) StdoutLine: {'line': b"writing manifest file '../../../build/rover_control/rover_control.egg-info/SOURCES.txt'\n"}
[17.232244] (-) TimerEvent: {}
[17.256966] (traj_exporter) StdoutLine: {'line': b"reading manifest file '../../../build/traj_exporter/traj_exporter.egg-info/SOURCES.txt'\n"}
[17.257370] (gt_publisher) StdoutLine: {'line': b"reading manifest file '../../../build/gt_publisher/gt_publisher.egg-info/SOURCES.txt'\n"}
[17.257652] (traj_exporter) StdoutLine: {'line': b"writing manifest file '../../../build/traj_exporter/traj_exporter.egg-info/SOURCES.txt'\n"}
[17.257811] (rover_control) StdoutLine: {'line': b"reading manifest file '../../../build/rover_control/rover_control.egg-info/SOURCES.txt'\n"}
[17.257970] (gt_publisher) StdoutLine: {'line': b"writing manifest file '../../../build/gt_publisher/gt_publisher.egg-info/SOURCES.txt'\n"}
[17.258114] (gt_publisher) StdoutLine: {'line': b'running build\n'}
[17.258248] (gt_publisher) StdoutLine: {'line': b'running build_py\n'}
[17.258485] (rover_control) StdoutLine: {'line': b"writing manifest file '../../../build/rover_control/rover_control.egg-info/SOURCES.txt'\n"}
[17.258606] (rover_control) StdoutLine: {'line': b'running build\n'}
[17.258722] (rover_control) StdoutLine: {'line': b'running build_py\n'}
[17.258840] (gt_publisher) StdoutLine: {'line': b'creating /home/zaminanwar/thesis/ros2_ws/build/gt_publisher/build\n'}
[17.259015] (gt_publisher) StdoutLine: {'line': b'creating /home/zaminanwar/thesis/ros2_ws/build/gt_publisher/build/lib\n'}
[17.259196] (rover_control) StdoutLine: {'line': b'creating /home/zaminanwar/thesis/ros2_ws/build/rover_control/build\n'}
[17.259346] (rover_control) StdoutLine: {'line': b'creating /home/zaminanwar/thesis/ros2_ws/build/rover_control/build/lib\n'}
[17.259468] (rover_control) StdoutLine: {'line': b'creating /home/zaminanwar/thesis/ros2_ws/build/rover_control/build/lib/rover_control\n'}
[17.259651] (gt_publisher) StdoutLine: {'line': b'creating /home/zaminanwar/thesis/ros2_ws/build/gt_publisher/build/lib/gt_publisher\n'}
[17.276207] (traj_exporter) StdoutLine: {'line': b'running build\n'}
[17.276369] (traj_exporter) StdoutLine: {'line': b'running build_py\n'}
[17.276529] (traj_exporter) StdoutLine: {'line': b'creating /home/zaminanwar/thesis/ros2_ws/build/traj_exporter/build\n'}
[17.297498] (traj_exporter) StdoutLine: {'line': b'creating /home/zaminanwar/thesis/ros2_ws/build/traj_exporter/build/lib\n'}
[17.297711] (gt_publisher) StdoutLine: {'line': b'copying gt_publisher/__init__.py -> /home/zaminanwar/thesis/ros2_ws/build/gt_publisher/build/lib/gt_publisher\n'}
[17.297927] (rover_control) StdoutLine: {'line': b'copying rover_control/__init__.py -> /home/zaminanwar/thesis/ros2_ws/build/rover_control/build/lib/rover_control\n'}
[17.298144] (traj_exporter) StdoutLine: {'line': b'creating /home/zaminanwar/thesis/ros2_ws/build/traj_exporter/build/lib/traj_exporter\n'}
[17.298362] (traj_exporter) StdoutLine: {'line': b'copying traj_exporter/traj_exporter_node.py -> /home/zaminanwar/thesis/ros2_ws/build/traj_exporter/build/lib/traj_exporter\n'}
[17.306184] (gt_publisher) StdoutLine: {'line': b'copying gt_publisher/gt_publisher_node.py -> /home/zaminanwar/thesis/ros2_ws/build/gt_publisher/build/lib/gt_publisher\n'}
[17.307099] (gt_publisher) StdoutLine: {'line': b'running install\n'}
[17.312138] (gt_publisher) StdoutLine: {'line': b'running install_lib\n'}
[17.329239] (gt_publisher) StdoutLine: {'line': b'creating /home/zaminanwar/thesis/ros2_ws/install/gt_publisher/lib/python3.12/site-packages/gt_publisher\n'}
[17.329745] (gt_publisher) StdoutLine: {'line': b'copying /home/zaminanwar/thesis/ros2_ws/build/gt_publisher/build/lib/gt_publisher/__init__.py -> /home/zaminanwar/thesis/ros2_ws/install/gt_publisher/lib/python3.12/site-packages/gt_publisher\n'}
[17.329957] (gt_publisher) StdoutLine: {'line': b'copying /home/zaminanwar/thesis/ros2_ws/build/gt_publisher/build/lib/gt_publisher/gt_publisher_node.py -> /home/zaminanwar/thesis/ros2_ws/install/gt_publisher/lib/python3.12/site-packages/gt_publisher\n'}
[17.330424] (gt_publisher) StdoutLine: {'line': b'byte-compiling /home/zaminanwar/thesis/ros2_ws/install/gt_publisher/lib/python3.12/site-packages/gt_publisher/__init__.py to __init__.cpython-312.pyc\n'}
[17.330993] (gt_publisher) StdoutLine: {'line': b'byte-compiling /home/zaminanwar/thesis/ros2_ws/install/gt_publisher/lib/python3.12/site-packages/gt_publisher/gt_publisher_node.py to gt_publisher_node.cpython-312.pyc\n'}
[17.331268] (gt_publisher) StdoutLine: {'line': b'running install_data\n'}
[17.331387] (gt_publisher) StdoutLine: {'line': b'creating /home/zaminanwar/thesis/ros2_ws/install/gt_publisher/share/ament_index\n'}
[17.331763] (gt_publisher) StdoutLine: {'line': b'creating /home/zaminanwar/thesis/ros2_ws/install/gt_publisher/share/ament_index/resource_index\n'}
[17.332136] (gt_publisher) StdoutLine: {'line': b'creating /home/zaminanwar/thesis/ros2_ws/install/gt_publisher/share/ament_index/resource_index/packages\n'}
[17.332336] (-) TimerEvent: {}
[17.332576] (gt_publisher) StdoutLine: {'line': b'copying resource/gt_publisher -> /home/zaminanwar/thesis/ros2_ws/install/gt_publisher/share/ament_index/resource_index/packages\n'}
[17.332809] (gt_publisher) StdoutLine: {'line': b'copying package.xml -> /home/zaminanwar/thesis/ros2_ws/install/gt_publisher/share/gt_publisher\n'}
[17.332977] (gt_publisher) StdoutLine: {'line': b'creating /home/zaminanwar/thesis/ros2_ws/install/gt_publisher/share/gt_publisher/launch\n'}
[17.333412] (gt_publisher) StdoutLine: {'line': b'creating /home/zaminanwar/thesis/ros2_ws/install/gt_publisher/share/gt_publisher/config\n'}
[17.333809] (gt_publisher) StdoutLine: {'line': b'running install_egg_info\n'}
[17.348341] (traj_exporter) StdoutLine: {'line': b'copying traj_exporter/__init__.py -> /home/zaminanwar/thesis/ros2_ws/build/traj_exporter/build/lib/traj_exporter\n'}
[17.351135] (gt_publisher) StdoutLine: {'line': b'Copying ../../../build/gt_publisher/gt_publisher.egg-info to /home/zaminanwar/thesis/ros2_ws/install/gt_publisher/lib/python3.12/site-packages/gt_publisher-0.1.0-py3.12.egg-info\n'}
[17.352644] (gt_publisher) StdoutLine: {'line': b'running install_scripts\n'}
[17.359269] (traj_exporter) StdoutLine: {'line': b'running install\n'}
[17.364265] (traj_exporter) StdoutLine: {'line': b'running install_lib\n'}
[17.371878] (rover_control) StdoutLine: {'line': b'copying rover_control/trajectory_follower.py -> /home/zaminanwar/thesis/ros2_ws/build/rover_control/build/lib/rover_control\n'}
[17.379345] (rover_control) StdoutLine: {'line': b'running install\n'}
[17.381204] (traj_exporter) StdoutLine: {'line': b'creating /home/zaminanwar/thesis/ros2_ws/install/traj_exporter/lib/python3.12/site-packages/traj_exporter\n'}
[17.381696] (traj_exporter) StdoutLine: {'line': b'copying /home/zaminanwar/thesis/ros2_ws/build/traj_exporter/build/lib/traj_exporter/traj_exporter_node.py -> /home/zaminanwar/thesis/ros2_ws/install/traj_exporter/lib/python3.12/site-packages/traj_exporter\n'}
[17.381865] (traj_exporter) StdoutLine: {'line': b'copying /home/zaminanwar/thesis/ros2_ws/build/traj_exporter/build/lib/traj_exporter/__init__.py -> /home/zaminanwar/thesis/ros2_ws/install/traj_exporter/lib/python3.12/site-packages/traj_exporter\n'}
[17.382356] (traj_exporter) StdoutLine: {'line': b'byte-compiling /home/zaminanwar/thesis/ros2_ws/install/traj_exporter/lib/python3.12/site-packages/traj_exporter/traj_exporter_node.py to traj_exporter_node.cpython-312.pyc\n'}
[17.383001] (traj_exporter) StdoutLine: {'line': b'byte-compiling /home/zaminanwar/thesis/ros2_ws/install/traj_exporter/lib/python3.12/site-packages/traj_exporter/__init__.py to __init__.cpython-312.pyc\n'}
[17.383188] (traj_exporter) StdoutLine: {'line': b'running install_data\n'}
[17.383312] (traj_exporter) StdoutLine: {'line': b'creating /home/zaminanwar/thesis/ros2_ws/install/traj_exporter/share/ament_index\n'}
[17.383685] (traj_exporter) StdoutLine: {'line': b'creating /home/zaminanwar/thesis/ros2_ws/install/traj_exporter/share/ament_index/resource_index\n'}
[17.384057] (traj_exporter) StdoutLine: {'line': b'creating /home/zaminanwar/thesis/ros2_ws/install/traj_exporter/share/ament_index/resource_index/packages\n'}
[17.384184] (rover_control) StdoutLine: {'line': b'running install_lib\n'}
[17.384466] (traj_exporter) StdoutLine: {'line': b'copying resource/traj_exporter -> /home/zaminanwar/thesis/ros2_ws/install/traj_exporter/share/ament_index/resource_index/packages\n'}
[17.384629] (traj_exporter) StdoutLine: {'line': b'copying package.xml -> /home/zaminanwar/thesis/ros2_ws/install/traj_exporter/share/traj_exporter\n'}
[17.384822] (traj_exporter) StdoutLine: {'line': b'creating /home/zaminanwar/thesis/ros2_ws/install/traj_exporter/share/traj_exporter/launch\n'}
[17.385183] (traj_exporter) StdoutLine: {'line': b'creating /home/zaminanwar/thesis/ros2_ws/install/traj_exporter/share/traj_exporter/config\n'}
[17.385595] (traj_exporter) StdoutLine: {'line': b'running install_egg_info\n'}
[17.403097] (rover_control) StdoutLine: {'line': b'creating /home/zaminanwar/thesis/ros2_ws/install/rover_control/lib/python3.12/site-packages/rover_control\n'}
[17.403646] (rover_control) StdoutLine: {'line': b'copying /home/zaminanwar/thesis/ros2_ws/build/rover_control/build/lib/rover_control/__init__.py -> /home/zaminanwar/thesis/ros2_ws/install/rover_control/lib/python3.12/site-packages/rover_control\n'}
[17.403827] (rover_control) StdoutLine: {'line': b'copying /home/zaminanwar/thesis/ros2_ws/build/rover_control/build/lib/rover_control/trajectory_follower.py -> /home/zaminanwar/thesis/ros2_ws/install/rover_control/lib/python3.12/site-packages/rover_control\n'}
[17.404357] (rover_control) StdoutLine: {'line': b'byte-compiling /home/zaminanwar/thesis/ros2_ws/install/rover_control/lib/python3.12/site-packages/rover_control/__init__.py to __init__.cpython-312.pyc\n'}
[17.404915] (rover_control) StdoutLine: {'line': b'byte-compiling /home/zaminanwar/thesis/ros2_ws/install/rover_control/lib/python3.12/site-packages/rover_control/trajectory_follower.py to trajectory_follower.cpython-312.pyc\n'}
[17.405193] (rover_control) StdoutLine: {'line': b'running install_data\n'}
[17.405341] (rover_control) StdoutLine: {'line': b'creating /home/zaminanwar/thesis/ros2_ws/install/rover_control/share/ament_index\n'}
[17.405747] (rover_control) StdoutLine: {'line': b'creating /home/zaminanwar/thesis/ros2_ws/install/rover_control/share/ament_index/resource_index\n'}
[17.405980] (traj_exporter) StdoutLine: {'line': b'Copying ../../../build/traj_exporter/traj_exporter.egg-info to /home/zaminanwar/thesis/ros2_ws/install/traj_exporter/lib/python3.12/site-packages/traj_exporter-0.1.0-py3.12.egg-info\n'}
[17.406145] (rover_control) StdoutLine: {'line': b'creating /home/zaminanwar/thesis/ros2_ws/install/rover_control/share/ament_index/resource_index/packages\n'}
[17.406581] (rover_control) StdoutLine: {'line': b'copying resource/rover_control -> /home/zaminanwar/thesis/ros2_ws/install/rover_control/share/ament_index/resource_index/packages\n'}
[17.406830] (rover_control) StdoutLine: {'line': b'copying package.xml -> /home/zaminanwar/thesis/ros2_ws/install/rover_control/share/rover_control\n'}
[17.418574] (rover_control) StdoutLine: {'line': b'creating /home/zaminanwar/thesis/ros2_ws/install/rover_control/share/rover_control/launch\n'}
[17.419086] (traj_exporter) StdoutLine: {'line': b'running install_scripts\n'}
[17.419357] (rover_control) StdoutLine: {'line': b'creating /home/zaminanwar/thesis/ros2_ws/install/rover_control/share/rover_control/config\n'}
[17.419527] (rover_control) StdoutLine: {'line': b'running install_egg_info\n'}
[17.433523] (-) TimerEvent: {}
[17.437845] (rover_control) StdoutLine: {'line': b'Copying ../../../build/rover_control/rover_control.egg-info to /home/zaminanwar/thesis/ros2_ws/install/rover_control/lib/python3.12/site-packages/rover_control-0.1.0-py3.12.egg-info\n'}
[17.439305] (rover_control) StdoutLine: {'line': b'running install_scripts\n'}
[17.467713] (slam_launch) StdoutLine: {'line': b'-- Configuring done (15.2s)\n'}
[17.468071] (rover_description) StdoutLine: {'line': b'-- Configuring done (15.2s)\n'}
[17.474840] (slam_launch) StdoutLine: {'line': b'-- Generating done (0.0s)\n'}
[17.475090] (rover_description) StdoutLine: {'line': b'-- Generating done (0.0s)\n'}
[17.478172] (gt_publisher) StdoutLine: {'line': b'Installing gt_publisher script to /home/zaminanwar/thesis/ros2_ws/install/gt_publisher/lib/gt_publisher\n'}
[17.478801] (gt_publisher) StdoutLine: {'line': b"writing list of installed files to '/home/zaminanwar/thesis/ros2_ws/build/gt_publisher/install.log'\n"}
[17.493545] (slam_launch) StdoutLine: {'line': b'-- Build files have been written to: /home/zaminanwar/thesis/ros2_ws/build/slam_launch\n'}
[17.493730] (rover_description) StdoutLine: {'line': b'-- Build files have been written to: /home/zaminanwar/thesis/ros2_ws/build/rover_description\n'}
[17.499427] (slam_launch) CommandEnded: {'returncode': 0}
[17.499975] (slam_launch) JobProgress: {'identifier': 'slam_launch', 'progress': 'build'}
[17.500852] (slam_launch) Command: {'cmd': ['/usr/bin/cmake', '--build', '/home/zaminanwar/thesis/ros2_ws/build/slam_launch', '--', '-j12', '-l12'], 'cwd': '/home/zaminanwar/thesis/ros2_ws/build/slam_launch', 'env': OrderedDict({'LESSOPEN': '| /usr/bin/lesspipe %s', 'GZ_SIM_RESOURCE_PATH': '/opt/ros/jazzy/share', 'USER': 'zaminanwar', 'GZ_CONFIG_PATH': '/opt/ros/jazzy/opt/gz_sim_vendor/share/gz:/opt/ros/jazzy/opt/sdformat_vendor/share/gz:/opt/ros/jazzy/opt/gz_gui_vendor/share/gz:/opt/ros/jazzy/opt/gz_transport_vendor/share/gz:/opt/ros/jazzy/opt/gz_rendering_vendor/share/gz:/opt/ros/jazzy/opt/gz_plugin_vendor/share/gz:/opt/ros/jazzy/opt/gz_fuel_tools_vendor/share/gz:/opt/ros/jazzy/opt/gz_msgs_vendor/share/gz:/opt/ros/jazzy/opt/gz_common_vendor/share/gz', 'GIT_ASKPASS': '/home/zaminanwar/.cursor-server/bin/dc8361355d709f306d5159635a677a571b277bc0/extensions/git/dist/askpass.sh', 'SHLVL': '1', 'LD_LIBRARY_PATH': '/opt/ros/jazzy/opt/gz_sim_vendor/lib:/opt/ros/jazzy/opt/gz_sensors_vendor/lib:/opt/ros/jazzy/opt/gz_physics_vendor/lib:/opt/ros/jazzy/opt/sdformat_vendor/lib:/opt/ros/jazzy/opt/rviz_ogre_vendor/lib:/opt/ros/jazzy/lib/x86_64-linux-gnu:/opt/ros/jazzy/opt/gz_gui_vendor/lib:/opt/ros/jazzy/opt/gz_transport_vendor/lib:/opt/ros/jazzy/opt/gz_rendering_vendor/lib:/opt/ros/jazzy/opt/gz_plugin_vendor/lib:/opt/ros/jazzy/opt/gz_fuel_tools_vendor/lib:/opt/ros/jazzy/opt/gz_msgs_vendor/lib:/opt/ros/jazzy/opt/gz_common_vendor/lib:/opt/ros/jazzy/opt/gz_math_vendor/lib:/opt/ros/jazzy/opt/gz_utils_vendor/lib:/opt/ros/jazzy/opt/gz_tools_vendor/lib:/opt/ros/jazzy/opt/gz_ogre_next_vendor/lib:/opt/ros/jazzy/opt/gz_dartsim_vendor/lib:/opt/ros/jazzy/opt/gz_cmake_vendor/lib:/opt/ros/jazzy/lib', 'HOME': '/home/zaminanwar', 'OLDPWD': '/home/zaminanwar', 'TERM_PROGRAM_VERSION': '2.4.21', 'NVM_BIN': '/home/zaminanwar/.nvm/versions/node/v20.20.0/bin', 'VSCODE_IPC_HOOK_CLI': '/run/user/1000/vscode-ipc-6281d6db-524d-4d0d-889e-3d6d5e5ac318.sock', 'NVM_INC': '/home/zaminanwar/.nvm/versions/node/v20.20.0/include/node', 'ROS_PYTHON_VERSION': '3', 'VSCODE_GIT_ASKPASS_MAIN': '/home/zaminanwar/.cursor-server/bin/dc8361355d709f306d5159635a677a571b277bc0/extensions/git/dist/askpass-main.js', 'VSCODE_GIT_ASKPASS_NODE': '/home/zaminanwar/.cursor-server/bin/dc8361355d709f306d5159635a677a571b277bc0/node', 'DBUS_SESSION_BUS_ADDRESS': 'unix:path=/run/user/1000/bus', 'COLORTERM': 'truecolor', 'WSL_DISTRO_NAME': 'Ubuntu', 'NVM_DIR': '/home/zaminanwar/.nvm', 'WAYLAND_DISPLAY': 'wayland-0', 'ROS_DISTRO': 'jazzy', 'LOGNAME': 'zaminanwar', 'NAME': 'DESKTOP-AFDN506', 'WSL_INTEROP': '/run/WSL/13636_interop', 'PULSE_SERVER': 'unix:/mnt/wslg/PulseServer', '_': '/usr/bin/colcon', 'ROS_VERSION': '2', 'CLAUDE_CODE_SSE_PORT': '52395', 'TERM': 'xterm-256color', 'PATH': '/opt/ros/jazzy/opt/gz_msgs_vendor/bin:/opt/ros/jazzy/opt/gz_tools_vendor/bin:/opt/ros/jazzy/opt/gz_ogre_next_vendor/bin:/opt/ros/jazzy/bin:/home/zaminanwar/.nvm/versions/node/v20.20.0/bin:/home/zaminanwar/.cursor-server/bin/dc8361355d709f306d5159635a677a571b277bc0/bin/remote-cli:/home/zaminanwar/.cursor-server/bin/dc8361355d709f306d5159635a677a571b277bc0/bin/remote-cli:/usr/local/sbin:/usr/local/bin:/usr/sbin:/usr/bin:/sbin:/bin:/usr/games:/usr/local/games:/usr/lib/wsl/lib:/mnt/c/Windows/system32:/mnt/c/Windows:/mnt/c/Windows/System32/Wbem:/mnt/c/Windows/System32/WindowsPowerShell/v1.0/:/mnt/c/Windows/System32/OpenSSH/:/mnt/c/Program Files/Git/cmd:/mnt/c/Program Files/nodejs/:/mnt/c/Users/zamin/AppData/Local/Microsoft/WindowsApps:/mnt/c/Users/zamin/AppData/Local/Programs/cursor/resources/app/bin:/mnt/c/Users/zamin/.local/bin:/mnt/c/Users/zamin/AppData/Roaming/npm:/mnt/c/Users/zamin/AppData/Local/Python/bin', 'XDG_RUNTIME_DIR': '/run/user/1000/', 'DISPLAY': ':0', 'LANG': 'C.UTF-8', 'LS_COLORS': 'rs=0:di=01;34:ln=01;36:mh=00:pi=40;33:so=01;35:do=01;35:bd=40;33;01:cd=40;33;01:or=40;31;01:mi=00:su=37;41:sg=30;43:ca=00:tw=30;42:ow=34;42:st=37;44:ex=01;32:*.tar=01;31:*.tgz=01;31:*.arc=01;31:*.arj=01;31:*.taz=01;31:*.lha=01;31:*.lz4=01;31:*.lzh=01;31:*.lzma=01;31:*.tlz=01;31:*.txz=01;31:*.tzo=01;31:*.t7z=01;31:*.zip=01;31:*.z=01;31:*.dz=01;31:*.gz=01;31:*.lrz=01;31:*.lz=01;31:*.lzo=01;31:*.xz=01;31:*.zst=01;31:*.tzst=01;31:*.bz2=01;31:*.bz=01;31:*.tbz=01;31:*.tbz2=01;31:*.tz=01;31:*.deb=01;31:*.rpm=01;31:*.jar=01;31:*.war=01;31:*.ear=01;31:*.sar=01;31:*.rar=01;31:*.alz=01;31:*.ace=01;31:*.zoo=01;31:*.cpio=01;31:*.7z=01;31:*.rz=01;31:*.cab=01;31:*.wim=01;31:*.swm=01;31:*.dwm=01;31:*.esd=01;31:*.avif=01;35:*.jpg=01;35:*.jpeg=01;35:*.mjpg=01;35:*.mjpeg=01;35:*.gif=01;35:*.bmp=01;35:*.pbm=01;35:*.pgm=01;35:*.ppm=01;35:*.tga=01;35:*.xbm=01;35:*.xpm=01;35:*.tif=01;35:*.tiff=01;35:*.png=01;35:*.svg=01;35:*.svgz=01;35:*.mng=01;35:*.pcx=01;35:*.mov=01;35:*.mpg=01;35:*.mpeg=01;35:*.m2v=01;35:*.mkv=01;35:*.webm=01;35:*.webp=01;35:*.ogm=01;35:*.mp4=01;35:*.m4v=01;35:*.mp4v=01;35:*.vob=01;35:*.qt=01;35:*.nuv=01;35:*.wmv=01;35:*.asf=01;35:*.rm=01;35:*.rmvb=01;35:*.flc=01;35:*.avi=01;35:*.fli=01;35:*.flv=01;35:*.gl=01;35:*.dl=01;35:*.xcf=01;35:*.xwd=01;35:*.yuv=01;35:*.cgm=01;35:*.emf=01;35:*.ogv=01;35:*.ogx=01;35:*.aac=00;36:*.au=00;36:*.flac=00;36:*.m4a=00;36:*.mid=00;36:*.midi=00;36:*.mka=00;36:*.mp3=00;36:*.mpc=00;36:*.ogg=00;36:*.ra=00;36:*.wav=00;36:*.oga=00;36:*.opus=00;36:*.spx=00;36:*.xspf=00;36:*~=00;90:*#=00;90:*.bak=00;90:*.crdownload=00;90:*.dpkg-dist=00;90:*.dpkg-new=00;90:*.dpkg-old=00;90:*.dpkg-tmp=00;90:*.old=00;90:*.orig=00;90:*.part=00;90:*.rej=00;90:*.rpmnew=00;90:*.rpmorig=00;90:*.rpmsave=00;90:*.swp=00;90:*.tmp=00;90:*.ucf-dist=00;90:*.ucf-new=00;90:*.ucf-old=00;90:', 'VSCODE_GIT_IPC_HANDLE': '/run/user/1000/vscode-git-525ec52e36.sock', 'TERM_PROGRAM': 'vscode', 'AMENT_PREFIX_PATH': '/opt/ros/jazzy', 'SHELL': '/bin/bash', 'LESSCLOSE': '/usr/bin/lesspipe %s %s', 'VSCODE_GIT_IPC_AUTH_TOKEN': 'ff5cdd16ccca21bfa4fa154a181b5b6a76b4b4dad36c27d0b6b3e444c3556546', 'ROS_AUTOMATIC_DISCOVERY_RANGE': 'SUBNET', 'VSCODE_GIT_ASKPASS_EXTRA_ARGS': '', 'PWD': '/home/zaminanwar/thesis/ros2_ws/build/slam_launch', 'NVM_CD_FLAGS': '', 'PYTHONPATH': '/opt/ros/jazzy/lib/python3.12/site-packages', 'COLCON': '1', 'WSL2_GUI_APPS_ENABLED': '1', 'HOSTTYPE': 'x86_64', 'CMAKE_PREFIX_PATH': '/opt/ros/jazzy/opt/gz_sim_vendor:/opt/ros/jazzy/opt/gz_sensors_vendor:/opt/ros/jazzy/opt/gz_physics_vendor:/opt/ros/jazzy/opt/sdformat_vendor:/opt/ros/jazzy/opt/gz_gui_vendor:/opt/ros/jazzy/opt/gz_transport_vendor:/opt/ros/jazzy/opt/gz_rendering_vendor:/opt/ros/jazzy/opt/gz_plugin_vendor:/opt/ros/jazzy/opt/gz_fuel_tools_vendor:/opt/ros/jazzy/opt/gz_msgs_vendor:/opt/ros/jazzy/opt/gz_common_vendor:/opt/ros/jazzy/opt/gz_math_vendor:/opt/ros/jazzy/opt/gz_utils_vendor:/opt/ros/jazzy/opt/gz_tools_vendor:/opt/ros/jazzy/opt/gz_ogre_next_vendor:/opt/ros/jazzy/opt/gz_dartsim_vendor:/opt/ros/jazzy/opt/gz_cmake_vendor:/opt/ros/jazzy', 'WSLENV': ''}), 'shell': False}
[17.502472] (rover_description) CommandEnded: {'returncode': 0}
[17.503014] (rover_description) JobProgress: {'identifier': 'rover_description', 'progress': 'build'}
[17.503443] (rover_description) Command: {'cmd': ['/usr/bin/cmake', '--build', '/home/zaminanwar/thesis/ros2_ws/build/rover_description', '--', '-j12', '-l12'], 'cwd': '/home/zaminanwar/thesis/ros2_ws/build/rover_description', 'env': OrderedDict({'LESSOPEN': '| /usr/bin/lesspipe %s', 'GZ_SIM_RESOURCE_PATH': '/opt/ros/jazzy/share', 'USER': 'zaminanwar', 'GZ_CONFIG_PATH': '/opt/ros/jazzy/opt/gz_sim_vendor/share/gz:/opt/ros/jazzy/opt/sdformat_vendor/share/gz:/opt/ros/jazzy/opt/gz_gui_vendor/share/gz:/opt/ros/jazzy/opt/gz_transport_vendor/share/gz:/opt/ros/jazzy/opt/gz_rendering_vendor/share/gz:/opt/ros/jazzy/opt/gz_plugin_vendor/share/gz:/opt/ros/jazzy/opt/gz_fuel_tools_vendor/share/gz:/opt/ros/jazzy/opt/gz_msgs_vendor/share/gz:/opt/ros/jazzy/opt/gz_common_vendor/share/gz', 'GIT_ASKPASS': '/home/zaminanwar/.cursor-server/bin/dc8361355d709f306d5159635a677a571b277bc0/extensions/git/dist/askpass.sh', 'SHLVL': '1', 'LD_LIBRARY_PATH': '/opt/ros/jazzy/opt/gz_sim_vendor/lib:/opt/ros/jazzy/opt/gz_sensors_vendor/lib:/opt/ros/jazzy/opt/gz_physics_vendor/lib:/opt/ros/jazzy/opt/sdformat_vendor/lib:/opt/ros/jazzy/opt/rviz_ogre_vendor/lib:/opt/ros/jazzy/lib/x86_64-linux-gnu:/opt/ros/jazzy/opt/gz_gui_vendor/lib:/opt/ros/jazzy/opt/gz_transport_vendor/lib:/opt/ros/jazzy/opt/gz_rendering_vendor/lib:/opt/ros/jazzy/opt/gz_plugin_vendor/lib:/opt/ros/jazzy/opt/gz_fuel_tools_vendor/lib:/opt/ros/jazzy/opt/gz_msgs_vendor/lib:/opt/ros/jazzy/opt/gz_common_vendor/lib:/opt/ros/jazzy/opt/gz_math_vendor/lib:/opt/ros/jazzy/opt/gz_utils_vendor/lib:/opt/ros/jazzy/opt/gz_tools_vendor/lib:/opt/ros/jazzy/opt/gz_ogre_next_vendor/lib:/opt/ros/jazzy/opt/gz_dartsim_vendor/lib:/opt/ros/jazzy/opt/gz_cmake_vendor/lib:/opt/ros/jazzy/lib', 'HOME': '/home/zaminanwar', 'OLDPWD': '/home/zaminanwar', 'TERM_PROGRAM_VERSION': '2.4.21', 'NVM_BIN': '/home/zaminanwar/.nvm/versions/node/v20.20.0/bin', 'VSCODE_IPC_HOOK_CLI': '/run/user/1000/vscode-ipc-6281d6db-524d-4d0d-889e-3d6d5e5ac318.sock', 'NVM_INC': '/home/zaminanwar/.nvm/versions/node/v20.20.0/include/node', 'ROS_PYTHON_VERSION': '3', 'VSCODE_GIT_ASKPASS_MAIN': '/home/zaminanwar/.cursor-server/bin/dc8361355d709f306d5159635a677a571b277bc0/extensions/git/dist/askpass-main.js', 'VSCODE_GIT_ASKPASS_NODE': '/home/zaminanwar/.cursor-server/bin/dc8361355d709f306d5159635a677a571b277bc0/node', 'DBUS_SESSION_BUS_ADDRESS': 'unix:path=/run/user/1000/bus', 'COLORTERM': 'truecolor', 'WSL_DISTRO_NAME': 'Ubuntu', 'NVM_DIR': '/home/zaminanwar/.nvm', 'WAYLAND_DISPLAY': 'wayland-0', 'ROS_DISTRO': 'jazzy', 'LOGNAME': 'zaminanwar', 'NAME': 'DESKTOP-AFDN506', 'WSL_INTEROP': '/run/WSL/13636_interop', 'PULSE_SERVER': 'unix:/mnt/wslg/PulseServer', '_': '/usr/bin/colcon', 'ROS_VERSION': '2', 'CLAUDE_CODE_SSE_PORT': '52395', 'TERM': 'xterm-256color', 'PATH': '/opt/ros/jazzy/opt/gz_msgs_vendor/bin:/opt/ros/jazzy/opt/gz_tools_vendor/bin:/opt/ros/jazzy/opt/gz_ogre_next_vendor/bin:/opt/ros/jazzy/bin:/home/zaminanwar/.nvm/versions/node/v20.20.0/bin:/home/zaminanwar/.cursor-server/bin/dc8361355d709f306d5159635a677a571b277bc0/bin/remote-cli:/home/zaminanwar/.cursor-server/bin/dc8361355d709f306d5159635a677a571b277bc0/bin/remote-cli:/usr/local/sbin:/usr/local/bin:/usr/sbin:/usr/bin:/sbin:/bin:/usr/games:/usr/local/games:/usr/lib/wsl/lib:/mnt/c/Windows/system32:/mnt/c/Windows:/mnt/c/Windows/System32/Wbem:/mnt/c/Windows/System32/WindowsPowerShell/v1.0/:/mnt/c/Windows/System32/OpenSSH/:/mnt/c/Program Files/Git/cmd:/mnt/c/Program Files/nodejs/:/mnt/c/Users/zamin/AppData/Local/Microsoft/WindowsApps:/mnt/c/Users/zamin/AppData/Local/Programs/cursor/resources/app/bin:/mnt/c/Users/zamin/.local/bin:/mnt/c/Users/zamin/AppData/Roaming/npm:/mnt/c/Users/zamin/AppData/Local/Python/bin', 'XDG_RUNTIME_DIR': '/run/user/1000/', 'DISPLAY': ':0', 'LANG': 'C.UTF-8', 'LS_COLORS': 'rs=0:di=01;34:ln=01;36:mh=00:pi=40;33:so=01;35:do=01;35:bd=40;33;01:cd=40;33;01:or=40;31;01:mi=00:su=37;41:sg=30;43:ca=00:tw=30;42:ow=34;42:st=37;44:ex=01;32:*.tar=01;31:*.tgz=01;31:*.arc=01;31:*.arj=01;31:*.taz=01;31:*.lha=01;31:*.lz4=01;31:*.lzh=01;31:*.lzma=01;31:*.tlz=01;31:*.txz=01;31:*.tzo=01;31:*.t7z=01;31:*.zip=01;31:*.z=01;31:*.dz=01;31:*.gz=01;31:*.lrz=01;31:*.lz=01;31:*.lzo=01;31:*.xz=01;31:*.zst=01;31:*.tzst=01;31:*.bz2=01;31:*.bz=01;31:*.tbz=01;31:*.tbz2=01;31:*.tz=01;31:*.deb=01;31:*.rpm=01;31:*.jar=01;31:*.war=01;31:*.ear=01;31:*.sar=01;31:*.rar=01;31:*.alz=01;31:*.ace=01;31:*.zoo=01;31:*.cpio=01;31:*.7z=01;31:*.rz=01;31:*.cab=01;31:*.wim=01;31:*.swm=01;31:*.dwm=01;31:*.esd=01;31:*.avif=01;35:*.jpg=01;35:*.jpeg=01;35:*.mjpg=01;35:*.mjpeg=01;35:*.gif=01;35:*.bmp=01;35:*.pbm=01;35:*.pgm=01;35:*.ppm=01;35:*.tga=01;35:*.xbm=01;35:*.xpm=01;35:*.tif=01;35:*.tiff=01;35:*.png=01;35:*.svg=01;35:*.svgz=01;35:*.mng=01;35:*.pcx=01;35:*.mov=01;35:*.mpg=01;35:*.mpeg=01;35:*.m2v=01;35:*.mkv=01;35:*.webm=01;35:*.webp=01;35:*.ogm=01;35:*.mp4=01;35:*.m4v=01;35:*.mp4v=01;35:*.vob=01;35:*.qt=01;35:*.nuv=01;35:*.wmv=01;35:*.asf=01;35:*.rm=01;35:*.rmvb=01;35:*.flc=01;35:*.avi=01;35:*.fli=01;35:*.flv=01;35:*.gl=01;35:*.dl=01;35:*.xcf=01;35:*.xwd=01;35:*.yuv=01;35:*.cgm=01;35:*.emf=01;35:*.ogv=01;35:*.ogx=01;35:*.aac=00;36:*.au=00;36:*.flac=00;36:*.m4a=00;36:*.mid=00;36:*.midi=00;36:*.mka=00;36:*.mp3=00;36:*.mpc=00;36:*.ogg=00;36:*.ra=00;36:*.wav=00;36:*.oga=00;36:*.opus=00;36:*.spx=00;36:*.xspf=00;36:*~=00;90:*#=00;90:*.bak=00;90:*.crdownload=00;90:*.dpkg-dist=00;90:*.dpkg-new=00;90:*.dpkg-old=00;90:*.dpkg-tmp=00;90:*.old=00;90:*.orig=00;90:*.part=00;90:*.rej=00;90:*.rpmnew=00;90:*.rpmorig=00;90:*.rpmsave=00;90:*.swp=00;90:*.tmp=00;90:*.ucf-dist=00;90:*.ucf-new=00;90:*.ucf-old=00;90:', 'VSCODE_GIT_IPC_HANDLE': '/run/user/1000/vscode-git-525ec52e36.sock', 'TERM_PROGRAM': 'vscode', 'AMENT_PREFIX_PATH': '/opt/ros/jazzy', 'SHELL': '/bin/bash', 'LESSCLOSE': '/usr/bin/lesspipe %s %s', 'VSCODE_GIT_IPC_AUTH_TOKEN': 'ff5cdd16ccca21bfa4fa154a181b5b6a76b4b4dad36c27d0b6b3e444c3556546', 'ROS_AUTOMATIC_DISCOVERY_RANGE': 'SUBNET', 'VSCODE_GIT_ASKPASS_EXTRA_ARGS': '', 'PWD': '/home/zaminanwar/thesis/ros2_ws/build/rover_description', 'NVM_CD_FLAGS': '', 'PYTHONPATH': '/opt/ros/jazzy/lib/python3.12/site-packages', 'COLCON': '1', 'WSL2_GUI_APPS_ENABLED': '1', 'HOSTTYPE': 'x86_64', 'CMAKE_PREFIX_PATH': '/opt/ros/jazzy/opt/gz_sim_vendor:/opt/ros/jazzy/opt/gz_sensors_vendor:/opt/ros/jazzy/opt/gz_physics_vendor:/opt/ros/jazzy/opt/sdformat_vendor:/opt/ros/jazzy/opt/gz_gui_vendor:/opt/ros/jazzy/opt/gz_transport_vendor:/opt/ros/jazzy/opt/gz_rendering_vendor:/opt/ros/jazzy/opt/gz_plugin_vendor:/opt/ros/jazzy/opt/gz_fuel_tools_vendor:/opt/ros/jazzy/opt/gz_msgs_vendor:/opt/ros/jazzy/opt/gz_common_vendor:/opt/ros/jazzy/opt/gz_math_vendor:/opt/ros/jazzy/opt/gz_utils_vendor:/opt/ros/jazzy/opt/gz_tools_vendor:/opt/ros/jazzy/opt/gz_ogre_next_vendor:/opt/ros/jazzy/opt/gz_dartsim_vendor:/opt/ros/jazzy/opt/gz_cmake_vendor:/opt/ros/jazzy', 'WSLENV': ''}), 'shell': False}
[17.504263] (gt_publisher) CommandEnded: {'returncode': 0}
[17.533680] (-) TimerEvent: {}
[17.550126] (traj_exporter) StdoutLine: {'line': b'Installing traj_exporter script to /home/zaminanwar/thesis/ros2_ws/install/traj_exporter/lib/traj_exporter\n'}
[17.551333] (traj_exporter) StdoutLine: {'line': b"writing list of installed files to '/home/zaminanwar/thesis/ros2_ws/build/traj_exporter/install.log'\n"}
[17.557202] (rover_control) StdoutLine: {'line': b'Installing trajectory_follower script to /home/zaminanwar/thesis/ros2_ws/install/rover_control/lib/rover_control\n'}
[17.558321] (rover_control) StdoutLine: {'line': b"writing list of installed files to '/home/zaminanwar/thesis/ros2_ws/build/rover_control/install.log'\n"}
[17.634093] (-) TimerEvent: {}
[17.636234] (gt_publisher) JobEnded: {'identifier': 'gt_publisher', 'rc': 0}
[17.638405] (slam_launch) CommandEnded: {'returncode': 0}
[17.638934] (slam_launch) JobProgress: {'identifier': 'slam_launch', 'progress': 'install'}
[17.652223] (slam_launch) Command: {'cmd': ['/usr/bin/cmake', '--install', '/home/zaminanwar/thesis/ros2_ws/build/slam_launch'], 'cwd': '/home/zaminanwar/thesis/ros2_ws/build/slam_launch', 'env': OrderedDict({'LESSOPEN': '| /usr/bin/lesspipe %s', 'GZ_SIM_RESOURCE_PATH': '/opt/ros/jazzy/share', 'USER': 'zaminanwar', 'GZ_CONFIG_PATH': '/opt/ros/jazzy/opt/gz_sim_vendor/share/gz:/opt/ros/jazzy/opt/sdformat_vendor/share/gz:/opt/ros/jazzy/opt/gz_gui_vendor/share/gz:/opt/ros/jazzy/opt/gz_transport_vendor/share/gz:/opt/ros/jazzy/opt/gz_rendering_vendor/share/gz:/opt/ros/jazzy/opt/gz_plugin_vendor/share/gz:/opt/ros/jazzy/opt/gz_fuel_tools_vendor/share/gz:/opt/ros/jazzy/opt/gz_msgs_vendor/share/gz:/opt/ros/jazzy/opt/gz_common_vendor/share/gz', 'GIT_ASKPASS': '/home/zaminanwar/.cursor-server/bin/dc8361355d709f306d5159635a677a571b277bc0/extensions/git/dist/askpass.sh', 'SHLVL': '1', 'LD_LIBRARY_PATH': '/opt/ros/jazzy/opt/gz_sim_vendor/lib:/opt/ros/jazzy/opt/gz_sensors_vendor/lib:/opt/ros/jazzy/opt/gz_physics_vendor/lib:/opt/ros/jazzy/opt/sdformat_vendor/lib:/opt/ros/jazzy/opt/rviz_ogre_vendor/lib:/opt/ros/jazzy/lib/x86_64-linux-gnu:/opt/ros/jazzy/opt/gz_gui_vendor/lib:/opt/ros/jazzy/opt/gz_transport_vendor/lib:/opt/ros/jazzy/opt/gz_rendering_vendor/lib:/opt/ros/jazzy/opt/gz_plugin_vendor/lib:/opt/ros/jazzy/opt/gz_fuel_tools_vendor/lib:/opt/ros/jazzy/opt/gz_msgs_vendor/lib:/opt/ros/jazzy/opt/gz_common_vendor/lib:/opt/ros/jazzy/opt/gz_math_vendor/lib:/opt/ros/jazzy/opt/gz_utils_vendor/lib:/opt/ros/jazzy/opt/gz_tools_vendor/lib:/opt/ros/jazzy/opt/gz_ogre_next_vendor/lib:/opt/ros/jazzy/opt/gz_dartsim_vendor/lib:/opt/ros/jazzy/opt/gz_cmake_vendor/lib:/opt/ros/jazzy/lib', 'HOME': '/home/zaminanwar', 'OLDPWD': '/home/zaminanwar', 'TERM_PROGRAM_VERSION': '2.4.21', 'NVM_BIN': '/home/zaminanwar/.nvm/versions/node/v20.20.0/bin', 'VSCODE_IPC_HOOK_CLI': '/run/user/1000/vscode-ipc-6281d6db-524d-4d0d-889e-3d6d5e5ac318.sock', 'NVM_INC': '/home/zaminanwar/.nvm/versions/node/v20.20.0/include/node', 'ROS_PYTHON_VERSION': '3', 'VSCODE_GIT_ASKPASS_MAIN': '/home/zaminanwar/.cursor-server/bin/dc8361355d709f306d5159635a677a571b277bc0/extensions/git/dist/askpass-main.js', 'VSCODE_GIT_ASKPASS_NODE': '/home/zaminanwar/.cursor-server/bin/dc8361355d709f306d5159635a677a571b277bc0/node', 'DBUS_SESSION_BUS_ADDRESS': 'unix:path=/run/user/1000/bus', 'COLORTERM': 'truecolor', 'WSL_DISTRO_NAME': 'Ubuntu', 'NVM_DIR': '/home/zaminanwar/.nvm', 'WAYLAND_DISPLAY': 'wayland-0', 'ROS_DISTRO': 'jazzy', 'LOGNAME': 'zaminanwar', 'NAME': 'DESKTOP-AFDN506', 'WSL_INTEROP': '/run/WSL/13636_interop', 'PULSE_SERVER': 'unix:/mnt/wslg/PulseServer', '_': '/usr/bin/colcon', 'ROS_VERSION': '2', 'CLAUDE_CODE_SSE_PORT': '52395', 'TERM': 'xterm-256color', 'PATH': '/opt/ros/jazzy/opt/gz_msgs_vendor/bin:/opt/ros/jazzy/opt/gz_tools_vendor/bin:/opt/ros/jazzy/opt/gz_ogre_next_vendor/bin:/opt/ros/jazzy/bin:/home/zaminanwar/.nvm/versions/node/v20.20.0/bin:/home/zaminanwar/.cursor-server/bin/dc8361355d709f306d5159635a677a571b277bc0/bin/remote-cli:/home/zaminanwar/.cursor-server/bin/dc8361355d709f306d5159635a677a571b277bc0/bin/remote-cli:/usr/local/sbin:/usr/local/bin:/usr/sbin:/usr/bin:/sbin:/bin:/usr/games:/usr/local/games:/usr/lib/wsl/lib:/mnt/c/Windows/system32:/mnt/c/Windows:/mnt/c/Windows/System32/Wbem:/mnt/c/Windows/System32/WindowsPowerShell/v1.0/:/mnt/c/Windows/System32/OpenSSH/:/mnt/c/Program Files/Git/cmd:/mnt/c/Program Files/nodejs/:/mnt/c/Users/zamin/AppData/Local/Microsoft/WindowsApps:/mnt/c/Users/zamin/AppData/Local/Programs/cursor/resources/app/bin:/mnt/c/Users/zamin/.local/bin:/mnt/c/Users/zamin/AppData/Roaming/npm:/mnt/c/Users/zamin/AppData/Local/Python/bin', 'XDG_RUNTIME_DIR': '/run/user/1000/', 'DISPLAY': ':0', 'LANG': 'C.UTF-8', 'LS_COLORS': 'rs=0:di=01;34:ln=01;36:mh=00:pi=40;33:so=01;35:do=01;35:bd=40;33;01:cd=40;33;01:or=40;31;01:mi=00:su=37;41:sg=30;43:ca=00:tw=30;42:ow=34;42:st=37;44:ex=01;32:*.tar=01;31:*.tgz=01;31:*.arc=01;31:*.arj=01;31:*.taz=01;31:*.lha=01;31:*.lz4=01;31:*.lzh=01;31:*.lzma=01;31:*.tlz=01;31:*.txz=01;31:*.tzo=01;31:*.t7z=01;31:*.zip=01;31:*.z=01;31:*.dz=01;31:*.gz=01;31:*.lrz=01;31:*.lz=01;31:*.lzo=01;31:*.xz=01;31:*.zst=01;31:*.tzst=01;31:*.bz2=01;31:*.bz=01;31:*.tbz=01;31:*.tbz2=01;31:*.tz=01;31:*.deb=01;31:*.rpm=01;31:*.jar=01;31:*.war=01;31:*.ear=01;31:*.sar=01;31:*.rar=01;31:*.alz=01;31:*.ace=01;31:*.zoo=01;31:*.cpio=01;31:*.7z=01;31:*.rz=01;31:*.cab=01;31:*.wim=01;31:*.swm=01;31:*.dwm=01;31:*.esd=01;31:*.avif=01;35:*.jpg=01;35:*.jpeg=01;35:*.mjpg=01;35:*.mjpeg=01;35:*.gif=01;35:*.bmp=01;35:*.pbm=01;35:*.pgm=01;35:*.ppm=01;35:*.tga=01;35:*.xbm=01;35:*.xpm=01;35:*.tif=01;35:*.tiff=01;35:*.png=01;35:*.svg=01;35:*.svgz=01;35:*.mng=01;35:*.pcx=01;35:*.mov=01;35:*.mpg=01;35:*.mpeg=01;35:*.m2v=01;35:*.mkv=01;35:*.webm=01;35:*.webp=01;35:*.ogm=01;35:*.mp4=01;35:*.m4v=01;35:*.mp4v=01;35:*.vob=01;35:*.qt=01;35:*.nuv=01;35:*.wmv=01;35:*.asf=01;35:*.rm=01;35:*.rmvb=01;35:*.flc=01;35:*.avi=01;35:*.fli=01;35:*.flv=01;35:*.gl=01;35:*.dl=01;35:*.xcf=01;35:*.xwd=01;35:*.yuv=01;35:*.cgm=01;35:*.emf=01;35:*.ogv=01;35:*.ogx=01;35:*.aac=00;36:*.au=00;36:*.flac=00;36:*.m4a=00;36:*.mid=00;36:*.midi=00;36:*.mka=00;36:*.mp3=00;36:*.mpc=00;36:*.ogg=00;36:*.ra=00;36:*.wav=00;36:*.oga=00;36:*.opus=00;36:*.spx=00;36:*.xspf=00;36:*~=00;90:*#=00;90:*.bak=00;90:*.crdownload=00;90:*.dpkg-dist=00;90:*.dpkg-new=00;90:*.dpkg-old=00;90:*.dpkg-tmp=00;90:*.old=00;90:*.orig=00;90:*.part=00;90:*.rej=00;90:*.rpmnew=00;90:*.rpmorig=00;90:*.rpmsave=00;90:*.swp=00;90:*.tmp=00;90:*.ucf-dist=00;90:*.ucf-new=00;90:*.ucf-old=00;90:', 'VSCODE_GIT_IPC_HANDLE': '/run/user/1000/vscode-git-525ec52e36.sock', 'TERM_PROGRAM': 'vscode', 'AMENT_PREFIX_PATH': '/opt/ros/jazzy', 'SHELL': '/bin/bash', 'LESSCLOSE': '/usr/bin/lesspipe %s %s', 'VSCODE_GIT_IPC_AUTH_TOKEN': 'ff5cdd16ccca21bfa4fa154a181b5b6a76b4b4dad36c27d0b6b3e444c3556546', 'ROS_AUTOMATIC_DISCOVERY_RANGE': 'SUBNET', 'VSCODE_GIT_ASKPASS_EXTRA_ARGS': '', 'PWD': '/home/zaminanwar/thesis/ros2_ws/build/slam_launch', 'NVM_CD_FLAGS': '', 'PYTHONPATH': '/opt/ros/jazzy/lib/python3.12/site-packages', 'COLCON': '1', 'WSL2_GUI_APPS_ENABLED': '1', 'HOSTTYPE': 'x86_64', 'CMAKE_PREFIX_PATH': '/opt/ros/jazzy/opt/gz_sim_vendor:/opt/ros/jazzy/opt/gz_sensors_vendor:/opt/ros/jazzy/opt/gz_physics_vendor:/opt/ros/jazzy/opt/sdformat_vendor:/opt/ros/jazzy/opt/gz_gui_vendor:/opt/ros/jazzy/opt/gz_transport_vendor:/opt/ros/jazzy/opt/gz_rendering_vendor:/opt/ros/jazzy/opt/gz_plugin_vendor:/opt/ros/jazzy/opt/gz_fuel_tools_vendor:/opt/ros/jazzy/opt/gz_msgs_vendor:/opt/ros/jazzy/opt/gz_common_vendor:/opt/ros/jazzy/opt/gz_math_vendor:/opt/ros/jazzy/opt/gz_utils_vendor:/opt/ros/jazzy/opt/gz_tools_vendor:/opt/ros/jazzy/opt/gz_ogre_next_vendor:/opt/ros/jazzy/opt/gz_dartsim_vendor:/opt/ros/jazzy/opt/gz_cmake_vendor:/opt/ros/jazzy', 'WSLENV': ''}), 'shell': False}
[17.653630] (traj_exporter) CommandEnded: {'returncode': 0}
[17.659536] (traj_exporter) JobEnded: {'identifier': 'traj_exporter', 'rc': 0}
[17.660244] (rover_control) CommandEnded: {'returncode': 0}
[17.665319] (rover_control) JobEnded: {'identifier': 'rover_control', 'rc': 0}
[17.665949] (rover_description) CommandEnded: {'returncode': 0}
[17.666350] (rover_description) JobProgress: {'identifier': 'rover_description', 'progress': 'install'}
[17.666686] (rover_description) Command: {'cmd': ['/usr/bin/cmake', '--install', '/home/zaminanwar/thesis/ros2_ws/build/rover_description'], 'cwd': '/home/zaminanwar/thesis/ros2_ws/build/rover_description', 'env': OrderedDict({'LESSOPEN': '| /usr/bin/lesspipe %s', 'GZ_SIM_RESOURCE_PATH': '/opt/ros/jazzy/share', 'USER': 'zaminanwar', 'GZ_CONFIG_PATH': '/opt/ros/jazzy/opt/gz_sim_vendor/share/gz:/opt/ros/jazzy/opt/sdformat_vendor/share/gz:/opt/ros/jazzy/opt/gz_gui_vendor/share/gz:/opt/ros/jazzy/opt/gz_transport_vendor/share/gz:/opt/ros/jazzy/opt/gz_rendering_vendor/share/gz:/opt/ros/jazzy/opt/gz_plugin_vendor/share/gz:/opt/ros/jazzy/opt/gz_fuel_tools_vendor/share/gz:/opt/ros/jazzy/opt/gz_msgs_vendor/share/gz:/opt/ros/jazzy/opt/gz_common_vendor/share/gz', 'GIT_ASKPASS': '/home/zaminanwar/.cursor-server/bin/dc8361355d709f306d5159635a677a571b277bc0/extensions/git/dist/askpass.sh', 'SHLVL': '1', 'LD_LIBRARY_PATH': '/opt/ros/jazzy/opt/gz_sim_vendor/lib:/opt/ros/jazzy/opt/gz_sensors_vendor/lib:/opt/ros/jazzy/opt/gz_physics_vendor/lib:/opt/ros/jazzy/opt/sdformat_vendor/lib:/opt/ros/jazzy/opt/rviz_ogre_vendor/lib:/opt/ros/jazzy/lib/x86_64-linux-gnu:/opt/ros/jazzy/opt/gz_gui_vendor/lib:/opt/ros/jazzy/opt/gz_transport_vendor/lib:/opt/ros/jazzy/opt/gz_rendering_vendor/lib:/opt/ros/jazzy/opt/gz_plugin_vendor/lib:/opt/ros/jazzy/opt/gz_fuel_tools_vendor/lib:/opt/ros/jazzy/opt/gz_msgs_vendor/lib:/opt/ros/jazzy/opt/gz_common_vendor/lib:/opt/ros/jazzy/opt/gz_math_vendor/lib:/opt/ros/jazzy/opt/gz_utils_vendor/lib:/opt/ros/jazzy/opt/gz_tools_vendor/lib:/opt/ros/jazzy/opt/gz_ogre_next_vendor/lib:/opt/ros/jazzy/opt/gz_dartsim_vendor/lib:/opt/ros/jazzy/opt/gz_cmake_vendor/lib:/opt/ros/jazzy/lib', 'HOME': '/home/zaminanwar', 'OLDPWD': '/home/zaminanwar', 'TERM_PROGRAM_VERSION': '2.4.21', 'NVM_BIN': '/home/zaminanwar/.nvm/versions/node/v20.20.0/bin', 'VSCODE_IPC_HOOK_CLI': '/run/user/1000/vscode-ipc-6281d6db-524d-4d0d-889e-3d6d5e5ac318.sock', 'NVM_INC': '/home/zaminanwar/.nvm/versions/node/v20.20.0/include/node', 'ROS_PYTHON_VERSION': '3', 'VSCODE_GIT_ASKPASS_MAIN': '/home/zaminanwar/.cursor-server/bin/dc8361355d709f306d5159635a677a571b277bc0/extensions/git/dist/askpass-main.js', 'VSCODE_GIT_ASKPASS_NODE': '/home/zaminanwar/.cursor-server/bin/dc8361355d709f306d5159635a677a571b277bc0/node', 'DBUS_SESSION_BUS_ADDRESS': 'unix:path=/run/user/1000/bus', 'COLORTERM': 'truecolor', 'WSL_DISTRO_NAME': 'Ubuntu', 'NVM_DIR': '/home/zaminanwar/.nvm', 'WAYLAND_DISPLAY': 'wayland-0', 'ROS_DISTRO': 'jazzy', 'LOGNAME': 'zaminanwar', 'NAME': 'DESKTOP-AFDN506', 'WSL_INTEROP': '/run/WSL/13636_interop', 'PULSE_SERVER': 'unix:/mnt/wslg/PulseServer', '_': '/usr/bin/colcon', 'ROS_VERSION': '2', 'CLAUDE_CODE_SSE_PORT': '52395', 'TERM': 'xterm-256color', 'PATH': '/opt/ros/jazzy/opt/gz_msgs_vendor/bin:/opt/ros/jazzy/opt/gz_tools_vendor/bin:/opt/ros/jazzy/opt/gz_ogre_next_vendor/bin:/opt/ros/jazzy/bin:/home/zaminanwar/.nvm/versions/node/v20.20.0/bin:/home/zaminanwar/.cursor-server/bin/dc8361355d709f306d5159635a677a571b277bc0/bin/remote-cli:/home/zaminanwar/.cursor-server/bin/dc8361355d709f306d5159635a677a571b277bc0/bin/remote-cli:/usr/local/sbin:/usr/local/bin:/usr/sbin:/usr/bin:/sbin:/bin:/usr/games:/usr/local/games:/usr/lib/wsl/lib:/mnt/c/Windows/system32:/mnt/c/Windows:/mnt/c/Windows/System32/Wbem:/mnt/c/Windows/System32/WindowsPowerShell/v1.0/:/mnt/c/Windows/System32/OpenSSH/:/mnt/c/Program Files/Git/cmd:/mnt/c/Program Files/nodejs/:/mnt/c/Users/zamin/AppData/Local/Microsoft/WindowsApps:/mnt/c/Users/zamin/AppData/Local/Programs/cursor/resources/app/bin:/mnt/c/Users/zamin/.local/bin:/mnt/c/Users/zamin/AppData/Roaming/npm:/mnt/c/Users/zamin/AppData/Local/Python/bin', 'XDG_RUNTIME_DIR': '/run/user/1000/', 'DISPLAY': ':0', 'LANG': 'C.UTF-8', 'LS_COLORS': 'rs=0:di=01;34:ln=01;36:mh=00:pi=40;33:so=01;35:do=01;35:bd=40;33;01:cd=40;33;01:or=40;31;01:mi=00:su=37;41:sg=30;43:ca=00:tw=30;42:ow=34;42:st=37;44:ex=01;32:*.tar=01;31:*.tgz=01;31:*.arc=01;31:*.arj=01;31:*.taz=01;31:*.lha=01;31:*.lz4=01;31:*.lzh=01;31:*.lzma=01;31:*.tlz=01;31:*.txz=01;31:*.tzo=01;31:*.t7z=01;31:*.zip=01;31:*.z=01;31:*.dz=01;31:*.gz=01;31:*.lrz=01;31:*.lz=01;31:*.lzo=01;31:*.xz=01;31:*.zst=01;31:*.tzst=01;31:*.bz2=01;31:*.bz=01;31:*.tbz=01;31:*.tbz2=01;31:*.tz=01;31:*.deb=01;31:*.rpm=01;31:*.jar=01;31:*.war=01;31:*.ear=01;31:*.sar=01;31:*.rar=01;31:*.alz=01;31:*.ace=01;31:*.zoo=01;31:*.cpio=01;31:*.7z=01;31:*.rz=01;31:*.cab=01;31:*.wim=01;31:*.swm=01;31:*.dwm=01;31:*.esd=01;31:*.avif=01;35:*.jpg=01;35:*.jpeg=01;35:*.mjpg=01;35:*.mjpeg=01;35:*.gif=01;35:*.bmp=01;35:*.pbm=01;35:*.pgm=01;35:*.ppm=01;35:*.tga=01;35:*.xbm=01;35:*.xpm=01;35:*.tif=01;35:*.tiff=01;35:*.png=01;35:*.svg=01;35:*.svgz=01;35:*.mng=01;35:*.pcx=01;35:*.mov=01;35:*.mpg=01;35:*.mpeg=01;35:*.m2v=01;35:*.mkv=01;35:*.webm=01;35:*.webp=01;35:*.ogm=01;35:*.mp4=01;35:*.m4v=01;35:*.mp4v=01;35:*.vob=01;35:*.qt=01;35:*.nuv=01;35:*.wmv=01;35:*.asf=01;35:*.rm=01;35:*.rmvb=01;35:*.flc=01;35:*.avi=01;35:*.fli=01;35:*.flv=01;35:*.gl=01;35:*.dl=01;35:*.xcf=01;35:*.xwd=01;35:*.yuv=01;35:*.cgm=01;35:*.emf=01;35:*.ogv=01;35:*.ogx=01;35:*.aac=00;36:*.au=00;36:*.flac=00;36:*.m4a=00;36:*.mid=00;36:*.midi=00;36:*.mka=00;36:*.mp3=00;36:*.mpc=00;36:*.ogg=00;36:*.ra=00;36:*.wav=00;36:*.oga=00;36:*.opus=00;36:*.spx=00;36:*.xspf=00;36:*~=00;90:*#=00;90:*.bak=00;90:*.crdownload=00;90:*.dpkg-dist=00;90:*.dpkg-new=00;90:*.dpkg-old=00;90:*.dpkg-tmp=00;90:*.old=00;90:*.orig=00;90:*.part=00;90:*.rej=00;90:*.rpmnew=00;90:*.rpmorig=00;90:*.rpmsave=00;90:*.swp=00;90:*.tmp=00;90:*.ucf-dist=00;90:*.ucf-new=00;90:*.ucf-old=00;90:', 'VSCODE_GIT_IPC_HANDLE': '/run/user/1000/vscode-git-525ec52e36.sock', 'TERM_PROGRAM': 'vscode', 'AMENT_PREFIX_PATH': '/opt/ros/jazzy', 'SHELL': '/bin/bash', 'LESSCLOSE': '/usr/bin/lesspipe %s %s', 'VSCODE_GIT_IPC_AUTH_TOKEN': 'ff5cdd16ccca21bfa4fa154a181b5b6a76b4b4dad36c27d0b6b3e444c3556546', 'ROS_AUTOMATIC_DISCOVERY_RANGE': 'SUBNET', 'VSCODE_GIT_ASKPASS_EXTRA_ARGS': '', 'PWD': '/home/zaminanwar/thesis/ros2_ws/build/rover_description', 'NVM_CD_FLAGS': '', 'PYTHONPATH': '/opt/ros/jazzy/lib/python3.12/site-packages', 'COLCON': '1', 'WSL2_GUI_APPS_ENABLED': '1', 'HOSTTYPE': 'x86_64', 'CMAKE_PREFIX_PATH': '/opt/ros/jazzy/opt/gz_sim_vendor:/opt/ros/jazzy/opt/gz_sensors_vendor:/opt/ros/jazzy/opt/gz_physics_vendor:/opt/ros/jazzy/opt/sdformat_vendor:/opt/ros/jazzy/opt/gz_gui_vendor:/opt/ros/jazzy/opt/gz_transport_vendor:/opt/ros/jazzy/opt/gz_rendering_vendor:/opt/ros/jazzy/opt/gz_plugin_vendor:/opt/ros/jazzy/opt/gz_fuel_tools_vendor:/opt/ros/jazzy/opt/gz_msgs_vendor:/opt/ros/jazzy/opt/gz_common_vendor:/opt/ros/jazzy/opt/gz_math_vendor:/opt/ros/jazzy/opt/gz_utils_vendor:/opt/ros/jazzy/opt/gz_tools_vendor:/opt/ros/jazzy/opt/gz_ogre_next_vendor:/opt/ros/jazzy/opt/gz_dartsim_vendor:/opt/ros/jazzy/opt/gz_cmake_vendor:/opt/ros/jazzy', 'WSLENV': ''}), 'shell': False}
[17.667491] (slam_launch) StdoutLine: {'line': b'-- Install configuration: ""\n'}
[17.667981] (slam_launch) StdoutLine: {'line': b'-- Installing: /home/zaminanwar/thesis/ros2_ws/install/slam_launch/share/slam_launch/launch\n'}
[17.673859] (slam_launch) StdoutLine: {'line': b'-- Installing: /home/zaminanwar/thesis/ros2_ws/install/slam_launch/share/slam_launch/launch/.gitkeep\n'}
[17.674172] (slam_launch) StdoutLine: {'line': b'-- Installing: /home/zaminanwar/thesis/ros2_ws/install/slam_launch/share/slam_launch/config\n'}
[17.675609] (slam_launch) StdoutLine: {'line': b'-- Installing: /home/zaminanwar/thesis/ros2_ws/install/slam_launch/share/slam_launch/config/.gitkeep\n'}
[17.676996] (slam_launch) StdoutLine: {'line': b'-- Installing: /home/zaminanwar/thesis/ros2_ws/install/slam_launch/share/ament_index/resource_index/package_run_dependencies/slam_launch\n'}
[17.677596] (slam_launch) StdoutLine: {'line': b'-- Installing: /home/zaminanwar/thesis/ros2_ws/install/slam_launch/share/ament_index/resource_index/parent_prefix_path/slam_launch\n'}
[17.678198] (slam_launch) StdoutLine: {'line': b'-- Installing: /home/zaminanwar/thesis/ros2_ws/install/slam_launch/share/slam_launch/environment/ament_prefix_path.sh\n'}
[17.678401] (rover_description) StdoutLine: {'line': b'-- Install configuration: ""\n'}
[17.678621] (slam_launch) StdoutLine: {'line': b'-- Installing: /home/zaminanwar/thesis/ros2_ws/install/slam_launch/share/slam_launch/environment/ament_prefix_path.dsv\n'}
[17.678856] (slam_launch) StdoutLine: {'line': b'-- Installing: /home/zaminanwar/thesis/ros2_ws/install/slam_launch/share/slam_launch/environment/path.sh\n'}
[17.678984] (slam_launch) StdoutLine: {'line': b'-- Installing: /home/zaminanwar/thesis/ros2_ws/install/slam_launch/share/slam_launch/environment/path.dsv\n'}
[17.679172] (slam_launch) StdoutLine: {'line': b'-- Installing: /home/zaminanwar/thesis/ros2_ws/install/slam_launch/share/slam_launch/local_setup.bash\n'}
[17.679469] (slam_launch) StdoutLine: {'line': b'-- Installing: /home/zaminanwar/thesis/ros2_ws/install/slam_launch/share/slam_launch/local_setup.sh\n'}
[17.679663] (slam_launch) StdoutLine: {'line': b'-- Installing: /home/zaminanwar/thesis/ros2_ws/install/slam_launch/share/slam_launch/local_setup.zsh\n'}
[17.679798] (slam_launch) StdoutLine: {'line': b'-- Installing: /home/zaminanwar/thesis/ros2_ws/install/slam_launch/share/slam_launch/local_setup.dsv\n'}
[17.680025] (slam_launch) StdoutLine: {'line': b'-- Installing: /home/zaminanwar/thesis/ros2_ws/install/slam_launch/share/slam_launch/package.dsv\n'}
[17.680096] (rover_description) StdoutLine: {'line': b'-- Installing: /home/zaminanwar/thesis/ros2_ws/install/rover_description/share/rover_description/urdf\n'}
[17.680441] (slam_launch) StdoutLine: {'line': b'-- Installing: /home/zaminanwar/thesis/ros2_ws/install/slam_launch/share/ament_index/resource_index/packages/slam_launch\n'}
[17.681025] (slam_launch) StdoutLine: {'line': b'-- Installing: /home/zaminanwar/thesis/ros2_ws/install/slam_launch/share/slam_launch/cmake/slam_launchConfig.cmake\n'}
[17.681210] (slam_launch) StdoutLine: {'line': b'-- Installing: /home/zaminanwar/thesis/ros2_ws/install/slam_launch/share/slam_launch/cmake/slam_launchConfig-version.cmake\n'}
[17.681444] (slam_launch) StdoutLine: {'line': b'-- Installing: /home/zaminanwar/thesis/ros2_ws/install/slam_launch/share/slam_launch/package.xml\n'}
[17.683859] (slam_launch) CommandEnded: {'returncode': 0}
[17.688242] (rover_description) StdoutLine: {'line': b'-- Installing: /home/zaminanwar/thesis/ros2_ws/install/rover_description/share/rover_description/urdf/.gitkeep\n'}
[17.688543] (rover_description) StdoutLine: {'line': b'-- Installing: /home/zaminanwar/thesis/ros2_ws/install/rover_description/share/rover_description/rviz\n'}
[17.689927] (rover_description) StdoutLine: {'line': b'-- Installing: /home/zaminanwar/thesis/ros2_ws/install/rover_description/share/rover_description/rviz/.gitkeep\n'}
[17.690112] (rover_description) StdoutLine: {'line': b'-- Installing: /home/zaminanwar/thesis/ros2_ws/install/rover_description/share/rover_description/launch\n'}
[17.691186] (rover_description) StdoutLine: {'line': b'-- Installing: /home/zaminanwar/thesis/ros2_ws/install/rover_description/share/rover_description/launch/.gitkeep\n'}
[17.691437] (rover_description) StdoutLine: {'line': b'-- Installing: /home/zaminanwar/thesis/ros2_ws/install/rover_description/share/rover_description/meshes\n'}
[17.692111] (rover_description) StdoutLine: {'line': b'-- Installing: /home/zaminanwar/thesis/ros2_ws/install/rover_description/share/rover_description/meshes/.gitkeep\n'}
[17.693301] (rover_description) StdoutLine: {'line': b'-- Installing: /home/zaminanwar/thesis/ros2_ws/install/rover_description/share/ament_index/resource_index/package_run_dependencies/rover_description\n'}
[17.694769] (rover_description) StdoutLine: {'line': b'-- Installing: /home/zaminanwar/thesis/ros2_ws/install/rover_description/share/ament_index/resource_index/parent_prefix_path/rover_description\n'}
[17.695103] (rover_description) StdoutLine: {'line': b'-- Installing: /home/zaminanwar/thesis/ros2_ws/install/rover_description/share/rover_description/environment/ament_prefix_path.sh\n'}
[17.695255] (rover_description) StdoutLine: {'line': b'-- Installing: /home/zaminanwar/thesis/ros2_ws/install/rover_description/share/rover_description/environment/ament_prefix_path.dsv\n'}
[17.695383] (rover_description) StdoutLine: {'line': b'-- Installing: /home/zaminanwar/thesis/ros2_ws/install/rover_description/share/rover_description/environment/path.sh\n'}
[17.695507] (rover_description) StdoutLine: {'line': b'-- Installing: /home/zaminanwar/thesis/ros2_ws/install/rover_description/share/rover_description/environment/path.dsv\n'}
[17.695756] (rover_description) StdoutLine: {'line': b'-- Installing: /home/zaminanwar/thesis/ros2_ws/install/rover_description/share/rover_description/local_setup.bash\n'}
[17.695938] (rover_description) StdoutLine: {'line': b'-- Installing: /home/zaminanwar/thesis/ros2_ws/install/rover_description/share/rover_description/local_setup.sh\n'}
[17.696071] (rover_description) StdoutLine: {'line': b'-- Installing: /home/zaminanwar/thesis/ros2_ws/install/rover_description/share/rover_description/local_setup.zsh\n'}
[17.696194] (rover_description) StdoutLine: {'line': b'-- Installing: /home/zaminanwar/thesis/ros2_ws/install/rover_description/share/rover_description/local_setup.dsv\n'}
[17.696317] (rover_description) StdoutLine: {'line': b'-- Installing: /home/zaminanwar/thesis/ros2_ws/install/rover_description/share/rover_description/package.dsv\n'}
[17.696529] (rover_description) StdoutLine: {'line': b'-- Installing: /home/zaminanwar/thesis/ros2_ws/install/rover_description/share/ament_index/resource_index/packages/rover_description\n'}
[17.697042] (rover_description) StdoutLine: {'line': b'-- Installing: /home/zaminanwar/thesis/ros2_ws/install/rover_description/share/rover_description/cmake/rover_descriptionConfig.cmake\n'}
[17.697222] (rover_description) StdoutLine: {'line': b'-- Installing: /home/zaminanwar/thesis/ros2_ws/install/rover_description/share/rover_description/cmake/rover_descriptionConfig-version.cmake\n'}
[17.697520] (rover_description) StdoutLine: {'line': b'-- Installing: /home/zaminanwar/thesis/ros2_ws/install/rover_description/share/rover_description/package.xml\n'}
[17.698952] (slam_launch) JobEnded: {'identifier': 'slam_launch', 'rc': 0}
[17.699937] (rover_description) CommandEnded: {'returncode': 0}
[17.709916] (rover_description) JobEnded: {'identifier': 'rover_description', 'rc': 0}
[17.710460] (rover_sim) JobStarted: {'identifier': 'rover_sim'}
[17.729861] (rover_sim) JobProgress: {'identifier': 'rover_sim', 'progress': 'cmake'}
[17.732011] (rover_sim) Command: {'cmd': ['/usr/bin/cmake', '/home/zaminanwar/thesis/ros2_ws/src/slam_thesis/rover_sim', '-DCMAKE_INSTALL_PREFIX=/home/zaminanwar/thesis/ros2_ws/install/rover_sim'], 'cwd': '/home/zaminanwar/thesis/ros2_ws/build/rover_sim', 'env': OrderedDict({'LESSOPEN': '| /usr/bin/lesspipe %s', 'GZ_SIM_RESOURCE_PATH': '/opt/ros/jazzy/share', 'USER': 'zaminanwar', 'GZ_CONFIG_PATH': '/opt/ros/jazzy/opt/gz_sim_vendor/share/gz:/opt/ros/jazzy/opt/sdformat_vendor/share/gz:/opt/ros/jazzy/opt/gz_gui_vendor/share/gz:/opt/ros/jazzy/opt/gz_transport_vendor/share/gz:/opt/ros/jazzy/opt/gz_rendering_vendor/share/gz:/opt/ros/jazzy/opt/gz_plugin_vendor/share/gz:/opt/ros/jazzy/opt/gz_fuel_tools_vendor/share/gz:/opt/ros/jazzy/opt/gz_msgs_vendor/share/gz:/opt/ros/jazzy/opt/gz_common_vendor/share/gz', 'GIT_ASKPASS': '/home/zaminanwar/.cursor-server/bin/dc8361355d709f306d5159635a677a571b277bc0/extensions/git/dist/askpass.sh', 'SHLVL': '1', 'LD_LIBRARY_PATH': '/opt/ros/jazzy/opt/gz_sim_vendor/lib:/opt/ros/jazzy/opt/gz_sensors_vendor/lib:/opt/ros/jazzy/opt/gz_physics_vendor/lib:/opt/ros/jazzy/opt/sdformat_vendor/lib:/opt/ros/jazzy/opt/rviz_ogre_vendor/lib:/opt/ros/jazzy/lib/x86_64-linux-gnu:/opt/ros/jazzy/opt/gz_gui_vendor/lib:/opt/ros/jazzy/opt/gz_transport_vendor/lib:/opt/ros/jazzy/opt/gz_rendering_vendor/lib:/opt/ros/jazzy/opt/gz_plugin_vendor/lib:/opt/ros/jazzy/opt/gz_fuel_tools_vendor/lib:/opt/ros/jazzy/opt/gz_msgs_vendor/lib:/opt/ros/jazzy/opt/gz_common_vendor/lib:/opt/ros/jazzy/opt/gz_math_vendor/lib:/opt/ros/jazzy/opt/gz_utils_vendor/lib:/opt/ros/jazzy/opt/gz_tools_vendor/lib:/opt/ros/jazzy/opt/gz_ogre_next_vendor/lib:/opt/ros/jazzy/opt/gz_dartsim_vendor/lib:/opt/ros/jazzy/opt/gz_cmake_vendor/lib:/opt/ros/jazzy/lib', 'HOME': '/home/zaminanwar', 'OLDPWD': '/home/zaminanwar', 'TERM_PROGRAM_VERSION': '2.4.21', 'NVM_BIN': '/home/zaminanwar/.nvm/versions/node/v20.20.0/bin', 'VSCODE_IPC_HOOK_CLI': '/run/user/1000/vscode-ipc-6281d6db-524d-4d0d-889e-3d6d5e5ac318.sock', 'NVM_INC': '/home/zaminanwar/.nvm/versions/node/v20.20.0/include/node', 'ROS_PYTHON_VERSION': '3', 'VSCODE_GIT_ASKPASS_MAIN': '/home/zaminanwar/.cursor-server/bin/dc8361355d709f306d5159635a677a571b277bc0/extensions/git/dist/askpass-main.js', 'VSCODE_GIT_ASKPASS_NODE': '/home/zaminanwar/.cursor-server/bin/dc8361355d709f306d5159635a677a571b277bc0/node', 'DBUS_SESSION_BUS_ADDRESS': 'unix:path=/run/user/1000/bus', 'COLORTERM': 'truecolor', 'WSL_DISTRO_NAME': 'Ubuntu', 'NVM_DIR': '/home/zaminanwar/.nvm', 'WAYLAND_DISPLAY': 'wayland-0', 'ROS_DISTRO': 'jazzy', 'LOGNAME': 'zaminanwar', 'NAME': 'DESKTOP-AFDN506', 'WSL_INTEROP': '/run/WSL/13636_interop', 'PULSE_SERVER': 'unix:/mnt/wslg/PulseServer', '_': '/usr/bin/colcon', 'ROS_VERSION': '2', 'CLAUDE_CODE_SSE_PORT': '52395', 'TERM': 'xterm-256color', 'PATH': '/opt/ros/jazzy/opt/gz_msgs_vendor/bin:/opt/ros/jazzy/opt/gz_tools_vendor/bin:/opt/ros/jazzy/opt/gz_ogre_next_vendor/bin:/opt/ros/jazzy/bin:/home/zaminanwar/.nvm/versions/node/v20.20.0/bin:/home/zaminanwar/.cursor-server/bin/dc8361355d709f306d5159635a677a571b277bc0/bin/remote-cli:/home/zaminanwar/.cursor-server/bin/dc8361355d709f306d5159635a677a571b277bc0/bin/remote-cli:/usr/local/sbin:/usr/local/bin:/usr/sbin:/usr/bin:/sbin:/bin:/usr/games:/usr/local/games:/usr/lib/wsl/lib:/mnt/c/Windows/system32:/mnt/c/Windows:/mnt/c/Windows/System32/Wbem:/mnt/c/Windows/System32/WindowsPowerShell/v1.0/:/mnt/c/Windows/System32/OpenSSH/:/mnt/c/Program Files/Git/cmd:/mnt/c/Program Files/nodejs/:/mnt/c/Users/zamin/AppData/Local/Microsoft/WindowsApps:/mnt/c/Users/zamin/AppData/Local/Programs/cursor/resources/app/bin:/mnt/c/Users/zamin/.local/bin:/mnt/c/Users/zamin/AppData/Roaming/npm:/mnt/c/Users/zamin/AppData/Local/Python/bin', 'XDG_RUNTIME_DIR': '/run/user/1000/', 'DISPLAY': ':0', 'LANG': 'C.UTF-8', 'LS_COLORS': 'rs=0:di=01;34:ln=01;36:mh=00:pi=40;33:so=01;35:do=01;35:bd=40;33;01:cd=40;33;01:or=40;31;01:mi=00:su=37;41:sg=30;43:ca=00:tw=30;42:ow=34;42:st=37;44:ex=01;32:*.tar=01;31:*.tgz=01;31:*.arc=01;31:*.arj=01;31:*.taz=01;31:*.lha=01;31:*.lz4=01;31:*.lzh=01;31:*.lzma=01;31:*.tlz=01;31:*.txz=01;31:*.tzo=01;31:*.t7z=01;31:*.zip=01;31:*.z=01;31:*.dz=01;31:*.gz=01;31:*.lrz=01;31:*.lz=01;31:*.lzo=01;31:*.xz=01;31:*.zst=01;31:*.tzst=01;31:*.bz2=01;31:*.bz=01;31:*.tbz=01;31:*.tbz2=01;31:*.tz=01;31:*.deb=01;31:*.rpm=01;31:*.jar=01;31:*.war=01;31:*.ear=01;31:*.sar=01;31:*.rar=01;31:*.alz=01;31:*.ace=01;31:*.zoo=01;31:*.cpio=01;31:*.7z=01;31:*.rz=01;31:*.cab=01;31:*.wim=01;31:*.swm=01;31:*.dwm=01;31:*.esd=01;31:*.avif=01;35:*.jpg=01;35:*.jpeg=01;35:*.mjpg=01;35:*.mjpeg=01;35:*.gif=01;35:*.bmp=01;35:*.pbm=01;35:*.pgm=01;35:*.ppm=01;35:*.tga=01;35:*.xbm=01;35:*.xpm=01;35:*.tif=01;35:*.tiff=01;35:*.png=01;35:*.svg=01;35:*.svgz=01;35:*.mng=01;35:*.pcx=01;35:*.mov=01;35:*.mpg=01;35:*.mpeg=01;35:*.m2v=01;35:*.mkv=01;35:*.webm=01;35:*.webp=01;35:*.ogm=01;35:*.mp4=01;35:*.m4v=01;35:*.mp4v=01;35:*.vob=01;35:*.qt=01;35:*.nuv=01;35:*.wmv=01;35:*.asf=01;35:*.rm=01;35:*.rmvb=01;35:*.flc=01;35:*.avi=01;35:*.fli=01;35:*.flv=01;35:*.gl=01;35:*.dl=01;35:*.xcf=01;35:*.xwd=01;35:*.yuv=01;35:*.cgm=01;35:*.emf=01;35:*.ogv=01;35:*.ogx=01;35:*.aac=00;36:*.au=00;36:*.flac=00;36:*.m4a=00;36:*.mid=00;36:*.midi=00;36:*.mka=00;36:*.mp3=00;36:*.mpc=00;36:*.ogg=00;36:*.ra=00;36:*.wav=00;36:*.oga=00;36:*.opus=00;36:*.spx=00;36:*.xspf=00;36:*~=00;90:*#=00;90:*.bak=00;90:*.crdownload=00;90:*.dpkg-dist=00;90:*.dpkg-new=00;90:*.dpkg-old=00;90:*.dpkg-tmp=00;90:*.old=00;90:*.orig=00;90:*.part=00;90:*.rej=00;90:*.rpmnew=00;90:*.rpmorig=00;90:*.rpmsave=00;90:*.swp=00;90:*.tmp=00;90:*.ucf-dist=00;90:*.ucf-new=00;90:*.ucf-old=00;90:', 'VSCODE_GIT_IPC_HANDLE': '/run/user/1000/vscode-git-525ec52e36.sock', 'TERM_PROGRAM': 'vscode', 'AMENT_PREFIX_PATH': '/home/zaminanwar/thesis/ros2_ws/install/rover_description:/opt/ros/jazzy', 'SHELL': '/bin/bash', 'LESSCLOSE': '/usr/bin/lesspipe %s %s', 'VSCODE_GIT_IPC_AUTH_TOKEN': 'ff5cdd16ccca21bfa4fa154a181b5b6a76b4b4dad36c27d0b6b3e444c3556546', 'ROS_AUTOMATIC_DISCOVERY_RANGE': 'SUBNET', 'VSCODE_GIT_ASKPASS_EXTRA_ARGS': '', 'PWD': '/home/zaminanwar/thesis/ros2_ws/build/rover_sim', 'NVM_CD_FLAGS': '', 'PYTHONPATH': '/opt/ros/jazzy/lib/python3.12/site-packages', 'COLCON': '1', 'WSL2_GUI_APPS_ENABLED': '1', 'HOSTTYPE': 'x86_64', 'CMAKE_PREFIX_PATH': '/home/zaminanwar/thesis/ros2_ws/install/rover_description:/opt/ros/jazzy/opt/gz_sim_vendor:/opt/ros/jazzy/opt/gz_sensors_vendor:/opt/ros/jazzy/opt/gz_physics_vendor:/opt/ros/jazzy/opt/sdformat_vendor:/opt/ros/jazzy/opt/gz_gui_vendor:/opt/ros/jazzy/opt/gz_transport_vendor:/opt/ros/jazzy/opt/gz_rendering_vendor:/opt/ros/jazzy/opt/gz_plugin_vendor:/opt/ros/jazzy/opt/gz_fuel_tools_vendor:/opt/ros/jazzy/opt/gz_msgs_vendor:/opt/ros/jazzy/opt/gz_common_vendor:/opt/ros/jazzy/opt/gz_math_vendor:/opt/ros/jazzy/opt/gz_utils_vendor:/opt/ros/jazzy/opt/gz_tools_vendor:/opt/ros/jazzy/opt/gz_ogre_next_vendor:/opt/ros/jazzy/opt/gz_dartsim_vendor:/opt/ros/jazzy/opt/gz_cmake_vendor:/opt/ros/jazzy', 'WSLENV': ''}), 'shell': False}
[17.734231] (-) TimerEvent: {}
[17.834574] (-) TimerEvent: {}
[17.835651] (rover_sim) StdoutLine: {'line': b'-- The C compiler identification is GNU 13.3.0\n'}
[17.940147] (-) TimerEvent: {}
[18.040770] (-) TimerEvent: {}
[18.044533] (rover_sim) StdoutLine: {'line': b'-- The CXX compiler identification is GNU 13.3.0\n'}
[18.140972] (-) TimerEvent: {}
[18.206880] (rover_sim) StdoutLine: {'line': b'-- Detecting C compiler ABI info\n'}
[18.241377] (-) TimerEvent: {}
[18.341682] (-) TimerEvent: {}
[18.360518] (rover_sim) StdoutLine: {'line': b'-- Detecting C compiler ABI info - done\n'}
[18.367933] (rover_sim) StdoutLine: {'line': b'-- Check for working C compiler: /usr/bin/cc - skipped\n'}
[18.368175] (rover_sim) StdoutLine: {'line': b'-- Detecting C compile features\n'}
[18.368644] (rover_sim) StdoutLine: {'line': b'-- Detecting C compile features - done\n'}
[18.399822] (rover_sim) StdoutLine: {'line': b'-- Detecting CXX compiler ABI info\n'}
[18.441851] (-) TimerEvent: {}
[18.542262] (-) TimerEvent: {}
[18.566001] (rover_sim) StdoutLine: {'line': b'-- Detecting CXX compiler ABI info - done\n'}
[18.573318] (rover_sim) StdoutLine: {'line': b'-- Check for working CXX compiler: /usr/bin/c++ - skipped\n'}
[18.573586] (rover_sim) StdoutLine: {'line': b'-- Detecting CXX compile features\n'}
[18.573998] (rover_sim) StdoutLine: {'line': b'-- Detecting CXX compile features - done\n'}
[18.579056] (rover_sim) StdoutLine: {'line': b'-- Found ament_cmake: 2.5.4 (/opt/ros/jazzy/share/ament_cmake/cmake)\n'}
[18.643185] (-) TimerEvent: {}
[18.735448] (rover_sim) StdoutLine: {'line': b'-- Found Python3: /usr/bin/python3 (found version "3.12.3") found components: Interpreter \n'}
[18.743499] (-) TimerEvent: {}
[18.844220] (-) TimerEvent: {}
[18.936168] (rover_sim) StdoutLine: {'line': b'-- Configuring done (1.2s)\n'}
[18.942747] (rover_sim) StdoutLine: {'line': b'-- Generating done (0.0s)\n'}
[18.944428] (-) TimerEvent: {}
[18.945038] (rover_sim) StdoutLine: {'line': b'-- Build files have been written to: /home/zaminanwar/thesis/ros2_ws/build/rover_sim\n'}
[18.951181] (rover_sim) CommandEnded: {'returncode': 0}
[18.951707] (rover_sim) JobProgress: {'identifier': 'rover_sim', 'progress': 'build'}
[18.952214] (rover_sim) Command: {'cmd': ['/usr/bin/cmake', '--build', '/home/zaminanwar/thesis/ros2_ws/build/rover_sim', '--', '-j12', '-l12'], 'cwd': '/home/zaminanwar/thesis/ros2_ws/build/rover_sim', 'env': OrderedDict({'LESSOPEN': '| /usr/bin/lesspipe %s', 'GZ_SIM_RESOURCE_PATH': '/opt/ros/jazzy/share', 'USER': 'zaminanwar', 'GZ_CONFIG_PATH': '/opt/ros/jazzy/opt/gz_sim_vendor/share/gz:/opt/ros/jazzy/opt/sdformat_vendor/share/gz:/opt/ros/jazzy/opt/gz_gui_vendor/share/gz:/opt/ros/jazzy/opt/gz_transport_vendor/share/gz:/opt/ros/jazzy/opt/gz_rendering_vendor/share/gz:/opt/ros/jazzy/opt/gz_plugin_vendor/share/gz:/opt/ros/jazzy/opt/gz_fuel_tools_vendor/share/gz:/opt/ros/jazzy/opt/gz_msgs_vendor/share/gz:/opt/ros/jazzy/opt/gz_common_vendor/share/gz', 'GIT_ASKPASS': '/home/zaminanwar/.cursor-server/bin/dc8361355d709f306d5159635a677a571b277bc0/extensions/git/dist/askpass.sh', 'SHLVL': '1', 'LD_LIBRARY_PATH': '/opt/ros/jazzy/opt/gz_sim_vendor/lib:/opt/ros/jazzy/opt/gz_sensors_vendor/lib:/opt/ros/jazzy/opt/gz_physics_vendor/lib:/opt/ros/jazzy/opt/sdformat_vendor/lib:/opt/ros/jazzy/opt/rviz_ogre_vendor/lib:/opt/ros/jazzy/lib/x86_64-linux-gnu:/opt/ros/jazzy/opt/gz_gui_vendor/lib:/opt/ros/jazzy/opt/gz_transport_vendor/lib:/opt/ros/jazzy/opt/gz_rendering_vendor/lib:/opt/ros/jazzy/opt/gz_plugin_vendor/lib:/opt/ros/jazzy/opt/gz_fuel_tools_vendor/lib:/opt/ros/jazzy/opt/gz_msgs_vendor/lib:/opt/ros/jazzy/opt/gz_common_vendor/lib:/opt/ros/jazzy/opt/gz_math_vendor/lib:/opt/ros/jazzy/opt/gz_utils_vendor/lib:/opt/ros/jazzy/opt/gz_tools_vendor/lib:/opt/ros/jazzy/opt/gz_ogre_next_vendor/lib:/opt/ros/jazzy/opt/gz_dartsim_vendor/lib:/opt/ros/jazzy/opt/gz_cmake_vendor/lib:/opt/ros/jazzy/lib', 'HOME': '/home/zaminanwar', 'OLDPWD': '/home/zaminanwar', 'TERM_PROGRAM_VERSION': '2.4.21', 'NVM_BIN': '/home/zaminanwar/.nvm/versions/node/v20.20.0/bin', 'VSCODE_IPC_HOOK_CLI': '/run/user/1000/vscode-ipc-6281d6db-524d-4d0d-889e-3d6d5e5ac318.sock', 'NVM_INC': '/home/zaminanwar/.nvm/versions/node/v20.20.0/include/node', 'ROS_PYTHON_VERSION': '3', 'VSCODE_GIT_ASKPASS_MAIN': '/home/zaminanwar/.cursor-server/bin/dc8361355d709f306d5159635a677a571b277bc0/extensions/git/dist/askpass-main.js', 'VSCODE_GIT_ASKPASS_NODE': '/home/zaminanwar/.cursor-server/bin/dc8361355d709f306d5159635a677a571b277bc0/node', 'DBUS_SESSION_BUS_ADDRESS': 'unix:path=/run/user/1000/bus', 'COLORTERM': 'truecolor', 'WSL_DISTRO_NAME': 'Ubuntu', 'NVM_DIR': '/home/zaminanwar/.nvm', 'WAYLAND_DISPLAY': 'wayland-0', 'ROS_DISTRO': 'jazzy', 'LOGNAME': 'zaminanwar', 'NAME': 'DESKTOP-AFDN506', 'WSL_INTEROP': '/run/WSL/13636_interop', 'PULSE_SERVER': 'unix:/mnt/wslg/PulseServer', '_': '/usr/bin/colcon', 'ROS_VERSION': '2', 'CLAUDE_CODE_SSE_PORT': '52395', 'TERM': 'xterm-256color', 'PATH': '/opt/ros/jazzy/opt/gz_msgs_vendor/bin:/opt/ros/jazzy/opt/gz_tools_vendor/bin:/opt/ros/jazzy/opt/gz_ogre_next_vendor/bin:/opt/ros/jazzy/bin:/home/zaminanwar/.nvm/versions/node/v20.20.0/bin:/home/zaminanwar/.cursor-server/bin/dc8361355d709f306d5159635a677a571b277bc0/bin/remote-cli:/home/zaminanwar/.cursor-server/bin/dc8361355d709f306d5159635a677a571b277bc0/bin/remote-cli:/usr/local/sbin:/usr/local/bin:/usr/sbin:/usr/bin:/sbin:/bin:/usr/games:/usr/local/games:/usr/lib/wsl/lib:/mnt/c/Windows/system32:/mnt/c/Windows:/mnt/c/Windows/System32/Wbem:/mnt/c/Windows/System32/WindowsPowerShell/v1.0/:/mnt/c/Windows/System32/OpenSSH/:/mnt/c/Program Files/Git/cmd:/mnt/c/Program Files/nodejs/:/mnt/c/Users/zamin/AppData/Local/Microsoft/WindowsApps:/mnt/c/Users/zamin/AppData/Local/Programs/cursor/resources/app/bin:/mnt/c/Users/zamin/.local/bin:/mnt/c/Users/zamin/AppData/Roaming/npm:/mnt/c/Users/zamin/AppData/Local/Python/bin', 'XDG_RUNTIME_DIR': '/run/user/1000/', 'DISPLAY': ':0', 'LANG': 'C.UTF-8', 'LS_COLORS': 'rs=0:di=01;34:ln=01;36:mh=00:pi=40;33:so=01;35:do=01;35:bd=40;33;01:cd=40;33;01:or=40;31;01:mi=00:su=37;41:sg=30;43:ca=00:tw=30;42:ow=34;42:st=37;44:ex=01;32:*.tar=01;31:*.tgz=01;31:*.arc=01;31:*.arj=01;31:*.taz=01;31:*.lha=01;31:*.lz4=01;31:*.lzh=01;31:*.lzma=01;31:*.tlz=01;31:*.txz=01;31:*.tzo=01;31:*.t7z=01;31:*.zip=01;31:*.z=01;31:*.dz=01;31:*.gz=01;31:*.lrz=01;31:*.lz=01;31:*.lzo=01;31:*.xz=01;31:*.zst=01;31:*.tzst=01;31:*.bz2=01;31:*.bz=01;31:*.tbz=01;31:*.tbz2=01;31:*.tz=01;31:*.deb=01;31:*.rpm=01;31:*.jar=01;31:*.war=01;31:*.ear=01;31:*.sar=01;31:*.rar=01;31:*.alz=01;31:*.ace=01;31:*.zoo=01;31:*.cpio=01;31:*.7z=01;31:*.rz=01;31:*.cab=01;31:*.wim=01;31:*.swm=01;31:*.dwm=01;31:*.esd=01;31:*.avif=01;35:*.jpg=01;35:*.jpeg=01;35:*.mjpg=01;35:*.mjpeg=01;35:*.gif=01;35:*.bmp=01;35:*.pbm=01;35:*.pgm=01;35:*.ppm=01;35:*.tga=01;35:*.xbm=01;35:*.xpm=01;35:*.tif=01;35:*.tiff=01;35:*.png=01;35:*.svg=01;35:*.svgz=01;35:*.mng=01;35:*.pcx=01;35:*.mov=01;35:*.mpg=01;35:*.mpeg=01;35:*.m2v=01;35:*.mkv=01;35:*.webm=01;35:*.webp=01;35:*.ogm=01;35:*.mp4=01;35:*.m4v=01;35:*.mp4v=01;35:*.vob=01;35:*.qt=01;35:*.nuv=01;35:*.wmv=01;35:*.asf=01;35:*.rm=01;35:*.rmvb=01;35:*.flc=01;35:*.avi=01;35:*.fli=01;35:*.flv=01;35:*.gl=01;35:*.dl=01;35:*.xcf=01;35:*.xwd=01;35:*.yuv=01;35:*.cgm=01;35:*.emf=01;35:*.ogv=01;35:*.ogx=01;35:*.aac=00;36:*.au=00;36:*.flac=00;36:*.m4a=00;36:*.mid=00;36:*.midi=00;36:*.mka=00;36:*.mp3=00;36:*.mpc=00;36:*.ogg=00;36:*.ra=00;36:*.wav=00;36:*.oga=00;36:*.opus=00;36:*.spx=00;36:*.xspf=00;36:*~=00;90:*#=00;90:*.bak=00;90:*.crdownload=00;90:*.dpkg-dist=00;90:*.dpkg-new=00;90:*.dpkg-old=00;90:*.dpkg-tmp=00;90:*.old=00;90:*.orig=00;90:*.part=00;90:*.rej=00;90:*.rpmnew=00;90:*.rpmorig=00;90:*.rpmsave=00;90:*.swp=00;90:*.tmp=00;90:*.ucf-dist=00;90:*.ucf-new=00;90:*.ucf-old=00;90:', 'VSCODE_GIT_IPC_HANDLE': '/run/user/1000/vscode-git-525ec52e36.sock', 'TERM_PROGRAM': 'vscode', 'AMENT_PREFIX_PATH': '/home/zaminanwar/thesis/ros2_ws/install/rover_description:/opt/ros/jazzy', 'SHELL': '/bin/bash', 'LESSCLOSE': '/usr/bin/lesspipe %s %s', 'VSCODE_GIT_IPC_AUTH_TOKEN': 'ff5cdd16ccca21bfa4fa154a181b5b6a76b4b4dad36c27d0b6b3e444c3556546', 'ROS_AUTOMATIC_DISCOVERY_RANGE': 'SUBNET', 'VSCODE_GIT_ASKPASS_EXTRA_ARGS': '', 'PWD': '/home/zaminanwar/thesis/ros2_ws/build/rover_sim', 'NVM_CD_FLAGS': '', 'PYTHONPATH': '/opt/ros/jazzy/lib/python3.12/site-packages', 'COLCON': '1', 'WSL2_GUI_APPS_ENABLED': '1', 'HOSTTYPE': 'x86_64', 'CMAKE_PREFIX_PATH': '/home/zaminanwar/thesis/ros2_ws/install/rover_description:/opt/ros/jazzy/opt/gz_sim_vendor:/opt/ros/jazzy/opt/gz_sensors_vendor:/opt/ros/jazzy/opt/gz_physics_vendor:/opt/ros/jazzy/opt/sdformat_vendor:/opt/ros/jazzy/opt/gz_gui_vendor:/opt/ros/jazzy/opt/gz_transport_vendor:/opt/ros/jazzy/opt/gz_rendering_vendor:/opt/ros/jazzy/opt/gz_plugin_vendor:/opt/ros/jazzy/opt/gz_fuel_tools_vendor:/opt/ros/jazzy/opt/gz_msgs_vendor:/opt/ros/jazzy/opt/gz_common_vendor:/opt/ros/jazzy/opt/gz_math_vendor:/opt/ros/jazzy/opt/gz_utils_vendor:/opt/ros/jazzy/opt/gz_tools_vendor:/opt/ros/jazzy/opt/gz_ogre_next_vendor:/opt/ros/jazzy/opt/gz_dartsim_vendor:/opt/ros/jazzy/opt/gz_cmake_vendor:/opt/ros/jazzy', 'WSLENV': ''}), 'shell': False}
[19.005155] (rover_sim) CommandEnded: {'returncode': 0}
[19.005910] (rover_sim) JobProgress: {'identifier': 'rover_sim', 'progress': 'install'}
[19.006303] (rover_sim) Command: {'cmd': ['/usr/bin/cmake', '--install', '/home/zaminanwar/thesis/ros2_ws/build/rover_sim'], 'cwd': '/home/zaminanwar/thesis/ros2_ws/build/rover_sim', 'env': OrderedDict({'LESSOPEN': '| /usr/bin/lesspipe %s', 'GZ_SIM_RESOURCE_PATH': '/opt/ros/jazzy/share', 'USER': 'zaminanwar', 'GZ_CONFIG_PATH': '/opt/ros/jazzy/opt/gz_sim_vendor/share/gz:/opt/ros/jazzy/opt/sdformat_vendor/share/gz:/opt/ros/jazzy/opt/gz_gui_vendor/share/gz:/opt/ros/jazzy/opt/gz_transport_vendor/share/gz:/opt/ros/jazzy/opt/gz_rendering_vendor/share/gz:/opt/ros/jazzy/opt/gz_plugin_vendor/share/gz:/opt/ros/jazzy/opt/gz_fuel_tools_vendor/share/gz:/opt/ros/jazzy/opt/gz_msgs_vendor/share/gz:/opt/ros/jazzy/opt/gz_common_vendor/share/gz', 'GIT_ASKPASS': '/home/zaminanwar/.cursor-server/bin/dc8361355d709f306d5159635a677a571b277bc0/extensions/git/dist/askpass.sh', 'SHLVL': '1', 'LD_LIBRARY_PATH': '/opt/ros/jazzy/opt/gz_sim_vendor/lib:/opt/ros/jazzy/opt/gz_sensors_vendor/lib:/opt/ros/jazzy/opt/gz_physics_vendor/lib:/opt/ros/jazzy/opt/sdformat_vendor/lib:/opt/ros/jazzy/opt/rviz_ogre_vendor/lib:/opt/ros/jazzy/lib/x86_64-linux-gnu:/opt/ros/jazzy/opt/gz_gui_vendor/lib:/opt/ros/jazzy/opt/gz_transport_vendor/lib:/opt/ros/jazzy/opt/gz_rendering_vendor/lib:/opt/ros/jazzy/opt/gz_plugin_vendor/lib:/opt/ros/jazzy/opt/gz_fuel_tools_vendor/lib:/opt/ros/jazzy/opt/gz_msgs_vendor/lib:/opt/ros/jazzy/opt/gz_common_vendor/lib:/opt/ros/jazzy/opt/gz_math_vendor/lib:/opt/ros/jazzy/opt/gz_utils_vendor/lib:/opt/ros/jazzy/opt/gz_tools_vendor/lib:/opt/ros/jazzy/opt/gz_ogre_next_vendor/lib:/opt/ros/jazzy/opt/gz_dartsim_vendor/lib:/opt/ros/jazzy/opt/gz_cmake_vendor/lib:/opt/ros/jazzy/lib', 'HOME': '/home/zaminanwar', 'OLDPWD': '/home/zaminanwar', 'TERM_PROGRAM_VERSION': '2.4.21', 'NVM_BIN': '/home/zaminanwar/.nvm/versions/node/v20.20.0/bin', 'VSCODE_IPC_HOOK_CLI': '/run/user/1000/vscode-ipc-6281d6db-524d-4d0d-889e-3d6d5e5ac318.sock', 'NVM_INC': '/home/zaminanwar/.nvm/versions/node/v20.20.0/include/node', 'ROS_PYTHON_VERSION': '3', 'VSCODE_GIT_ASKPASS_MAIN': '/home/zaminanwar/.cursor-server/bin/dc8361355d709f306d5159635a677a571b277bc0/extensions/git/dist/askpass-main.js', 'VSCODE_GIT_ASKPASS_NODE': '/home/zaminanwar/.cursor-server/bin/dc8361355d709f306d5159635a677a571b277bc0/node', 'DBUS_SESSION_BUS_ADDRESS': 'unix:path=/run/user/1000/bus', 'COLORTERM': 'truecolor', 'WSL_DISTRO_NAME': 'Ubuntu', 'NVM_DIR': '/home/zaminanwar/.nvm', 'WAYLAND_DISPLAY': 'wayland-0', 'ROS_DISTRO': 'jazzy', 'LOGNAME': 'zaminanwar', 'NAME': 'DESKTOP-AFDN506', 'WSL_INTEROP': '/run/WSL/13636_interop', 'PULSE_SERVER': 'unix:/mnt/wslg/PulseServer', '_': '/usr/bin/colcon', 'ROS_VERSION': '2', 'CLAUDE_CODE_SSE_PORT': '52395', 'TERM': 'xterm-256color', 'PATH': '/opt/ros/jazzy/opt/gz_msgs_vendor/bin:/opt/ros/jazzy/opt/gz_tools_vendor/bin:/opt/ros/jazzy/opt/gz_ogre_next_vendor/bin:/opt/ros/jazzy/bin:/home/zaminanwar/.nvm/versions/node/v20.20.0/bin:/home/zaminanwar/.cursor-server/bin/dc8361355d709f306d5159635a677a571b277bc0/bin/remote-cli:/home/zaminanwar/.cursor-server/bin/dc8361355d709f306d5159635a677a571b277bc0/bin/remote-cli:/usr/local/sbin:/usr/local/bin:/usr/sbin:/usr/bin:/sbin:/bin:/usr/games:/usr/local/games:/usr/lib/wsl/lib:/mnt/c/Windows/system32:/mnt/c/Windows:/mnt/c/Windows/System32/Wbem:/mnt/c/Windows/System32/WindowsPowerShell/v1.0/:/mnt/c/Windows/System32/OpenSSH/:/mnt/c/Program Files/Git/cmd:/mnt/c/Program Files/nodejs/:/mnt/c/Users/zamin/AppData/Local/Microsoft/WindowsApps:/mnt/c/Users/zamin/AppData/Local/Programs/cursor/resources/app/bin:/mnt/c/Users/zamin/.local/bin:/mnt/c/Users/zamin/AppData/Roaming/npm:/mnt/c/Users/zamin/AppData/Local/Python/bin', 'XDG_RUNTIME_DIR': '/run/user/1000/', 'DISPLAY': ':0', 'LANG': 'C.UTF-8', 'LS_COLORS': 'rs=0:di=01;34:ln=01;36:mh=00:pi=40;33:so=01;35:do=01;35:bd=40;33;01:cd=40;33;01:or=40;31;01:mi=00:su=37;41:sg=30;43:ca=00:tw=30;42:ow=34;42:st=37;44:ex=01;32:*.tar=01;31:*.tgz=01;31:*.arc=01;31:*.arj=01;31:*.taz=01;31:*.lha=01;31:*.lz4=01;31:*.lzh=01;31:*.lzma=01;31:*.tlz=01;31:*.txz=01;31:*.tzo=01;31:*.t7z=01;31:*.zip=01;31:*.z=01;31:*.dz=01;31:*.gz=01;31:*.lrz=01;31:*.lz=01;31:*.lzo=01;31:*.xz=01;31:*.zst=01;31:*.tzst=01;31:*.bz2=01;31:*.bz=01;31:*.tbz=01;31:*.tbz2=01;31:*.tz=01;31:*.deb=01;31:*.rpm=01;31:*.jar=01;31:*.war=01;31:*.ear=01;31:*.sar=01;31:*.rar=01;31:*.alz=01;31:*.ace=01;31:*.zoo=01;31:*.cpio=01;31:*.7z=01;31:*.rz=01;31:*.cab=01;31:*.wim=01;31:*.swm=01;31:*.dwm=01;31:*.esd=01;31:*.avif=01;35:*.jpg=01;35:*.jpeg=01;35:*.mjpg=01;35:*.mjpeg=01;35:*.gif=01;35:*.bmp=01;35:*.pbm=01;35:*.pgm=01;35:*.ppm=01;35:*.tga=01;35:*.xbm=01;35:*.xpm=01;35:*.tif=01;35:*.tiff=01;35:*.png=01;35:*.svg=01;35:*.svgz=01;35:*.mng=01;35:*.pcx=01;35:*.mov=01;35:*.mpg=01;35:*.mpeg=01;35:*.m2v=01;35:*.mkv=01;35:*.webm=01;35:*.webp=01;35:*.ogm=01;35:*.mp4=01;35:*.m4v=01;35:*.mp4v=01;35:*.vob=01;35:*.qt=01;35:*.nuv=01;35:*.wmv=01;35:*.asf=01;35:*.rm=01;35:*.rmvb=01;35:*.flc=01;35:*.avi=01;35:*.fli=01;35:*.flv=01;35:*.gl=01;35:*.dl=01;35:*.xcf=01;35:*.xwd=01;35:*.yuv=01;35:*.cgm=01;35:*.emf=01;35:*.ogv=01;35:*.ogx=01;35:*.aac=00;36:*.au=00;36:*.flac=00;36:*.m4a=00;36:*.mid=00;36:*.midi=00;36:*.mka=00;36:*.mp3=00;36:*.mpc=00;36:*.ogg=00;36:*.ra=00;36:*.wav=00;36:*.oga=00;36:*.opus=00;36:*.spx=00;36:*.xspf=00;36:*~=00;90:*#=00;90:*.bak=00;90:*.crdownload=00;90:*.dpkg-dist=00;90:*.dpkg-new=00;90:*.dpkg-old=00;90:*.dpkg-tmp=00;90:*.old=00;90:*.orig=00;90:*.part=00;90:*.rej=00;90:*.rpmnew=00;90:*.rpmorig=00;90:*.rpmsave=00;90:*.swp=00;90:*.tmp=00;90:*.ucf-dist=00;90:*.ucf-new=00;90:*.ucf-old=00;90:', 'VSCODE_GIT_IPC_HANDLE': '/run/user/1000/vscode-git-525ec52e36.sock', 'TERM_PROGRAM': 'vscode', 'AMENT_PREFIX_PATH': '/home/zaminanwar/thesis/ros2_ws/install/rover_description:/opt/ros/jazzy', 'SHELL': '/bin/bash', 'LESSCLOSE': '/usr/bin/lesspipe %s %s', 'VSCODE_GIT_IPC_AUTH_TOKEN': 'ff5cdd16ccca21bfa4fa154a181b5b6a76b4b4dad36c27d0b6b3e444c3556546', 'ROS_AUTOMATIC_DISCOVERY_RANGE': 'SUBNET', 'VSCODE_GIT_ASKPASS_EXTRA_ARGS': '', 'PWD': '/home/zaminanwar/thesis/ros2_ws/build/rover_sim', 'NVM_CD_FLAGS': '', 'PYTHONPATH': '/opt/ros/jazzy/lib/python3.12/site-packages', 'COLCON': '1', 'WSL2_GUI_APPS_ENABLED': '1', 'HOSTTYPE': 'x86_64', 'CMAKE_PREFIX_PATH': '/home/zaminanwar/thesis/ros2_ws/install/rover_description:/opt/ros/jazzy/opt/gz_sim_vendor:/opt/ros/jazzy/opt/gz_sensors_vendor:/opt/ros/jazzy/opt/gz_physics_vendor:/opt/ros/jazzy/opt/sdformat_vendor:/opt/ros/jazzy/opt/gz_gui_vendor:/opt/ros/jazzy/opt/gz_transport_vendor:/opt/ros/jazzy/opt/gz_rendering_vendor:/opt/ros/jazzy/opt/gz_plugin_vendor:/opt/ros/jazzy/opt/gz_fuel_tools_vendor:/opt/ros/jazzy/opt/gz_msgs_vendor:/opt/ros/jazzy/opt/gz_common_vendor:/opt/ros/jazzy/opt/gz_math_vendor:/opt/ros/jazzy/opt/gz_utils_vendor:/opt/ros/jazzy/opt/gz_tools_vendor:/opt/ros/jazzy/opt/gz_ogre_next_vendor:/opt/ros/jazzy/opt/gz_dartsim_vendor:/opt/ros/jazzy/opt/gz_cmake_vendor:/opt/ros/jazzy', 'WSLENV': ''}), 'shell': False}
[19.016510] (rover_sim) StdoutLine: {'line': b'-- Install configuration: ""\n'}
[19.016754] (rover_sim) StdoutLine: {'line': b'-- Installing: /home/zaminanwar/thesis/ros2_ws/install/rover_sim/share/rover_sim/launch\n'}
[19.019881] (rover_sim) StdoutLine: {'line': b'-- Installing: /home/zaminanwar/thesis/ros2_ws/install/rover_sim/share/rover_sim/launch/.gitkeep\n'}
[19.020087] (rover_sim) StdoutLine: {'line': b'-- Installing: /home/zaminanwar/thesis/ros2_ws/install/rover_sim/share/rover_sim/worlds\n'}
[19.021018] (rover_sim) StdoutLine: {'line': b'-- Installing: /home/zaminanwar/thesis/ros2_ws/install/rover_sim/share/rover_sim/worlds/.gitkeep\n'}
[19.021230] (rover_sim) StdoutLine: {'line': b'-- Installing: /home/zaminanwar/thesis/ros2_ws/install/rover_sim/share/rover_sim/config\n'}
[19.022212] (rover_sim) StdoutLine: {'line': b'-- Installing: /home/zaminanwar/thesis/ros2_ws/install/rover_sim/share/rover_sim/config/.gitkeep\n'}
[19.023475] (rover_sim) StdoutLine: {'line': b'-- Installing: /home/zaminanwar/thesis/ros2_ws/install/rover_sim/share/ament_index/resource_index/package_run_dependencies/rover_sim\n'}
[19.024068] (rover_sim) StdoutLine: {'line': b'-- Installing: /home/zaminanwar/thesis/ros2_ws/install/rover_sim/share/ament_index/resource_index/parent_prefix_path/rover_sim\n'}
[19.024630] (rover_sim) StdoutLine: {'line': b'-- Installing: /home/zaminanwar/thesis/ros2_ws/install/rover_sim/share/rover_sim/environment/ament_prefix_path.sh\n'}
[19.024800] (rover_sim) StdoutLine: {'line': b'-- Installing: /home/zaminanwar/thesis/ros2_ws/install/rover_sim/share/rover_sim/environment/ament_prefix_path.dsv\n'}
[19.024985] (rover_sim) StdoutLine: {'line': b'-- Installing: /home/zaminanwar/thesis/ros2_ws/install/rover_sim/share/rover_sim/environment/path.sh\n'}
[19.025201] (rover_sim) StdoutLine: {'line': b'-- Installing: /home/zaminanwar/thesis/ros2_ws/install/rover_sim/share/rover_sim/environment/path.dsv\n'}
[19.025370] (rover_sim) StdoutLine: {'line': b'-- Installing: /home/zaminanwar/thesis/ros2_ws/install/rover_sim/share/rover_sim/local_setup.bash\n'}
[19.025607] (rover_sim) StdoutLine: {'line': b'-- Installing: /home/zaminanwar/thesis/ros2_ws/install/rover_sim/share/rover_sim/local_setup.sh\n'}
[19.025799] (rover_sim) StdoutLine: {'line': b'-- Installing: /home/zaminanwar/thesis/ros2_ws/install/rover_sim/share/rover_sim/local_setup.zsh\n'}
[19.025997] (rover_sim) StdoutLine: {'line': b'-- Installing: /home/zaminanwar/thesis/ros2_ws/install/rover_sim/share/rover_sim/local_setup.dsv\n'}
[19.026192] (rover_sim) StdoutLine: {'line': b'-- Installing: /home/zaminanwar/thesis/ros2_ws/install/rover_sim/share/rover_sim/package.dsv\n'}
[19.026752] (rover_sim) StdoutLine: {'line': b'-- Installing: /home/zaminanwar/thesis/ros2_ws/install/rover_sim/share/ament_index/resource_index/packages/rover_sim\n'}
[19.027284] (rover_sim) StdoutLine: {'line': b'-- Installing: /home/zaminanwar/thesis/ros2_ws/install/rover_sim/share/rover_sim/cmake/rover_simConfig.cmake\n'}
[19.027453] (rover_sim) StdoutLine: {'line': b'-- Installing: /home/zaminanwar/thesis/ros2_ws/install/rover_sim/share/rover_sim/cmake/rover_simConfig-version.cmake\n'}
[19.027640] (rover_sim) StdoutLine: {'line': b'-- Installing: /home/zaminanwar/thesis/ros2_ws/install/rover_sim/share/rover_sim/package.xml\n'}
[19.030084] (rover_sim) CommandEnded: {'returncode': 0}
[19.040784] (rover_sim) JobEnded: {'identifier': 'rover_sim', 'rc': 0}
[19.041398] (experiment_runner) JobStarted: {'identifier': 'experiment_runner'}
[19.044766] (-) TimerEvent: {}
[19.145366] (-) TimerEvent: {}
[19.246296] (-) TimerEvent: {}
[19.346733] (-) TimerEvent: {}
[19.447230] (-) TimerEvent: {}
[19.547575] (-) TimerEvent: {}
[19.648044] (-) TimerEvent: {}
[19.748728] (-) TimerEvent: {}
[19.849661] (-) TimerEvent: {}
[19.950258] (-) TimerEvent: {}
[19.981973] (experiment_runner) Command: {'cmd': ['/usr/bin/python3', '-W', 'ignore:setup.py install is deprecated', '-W', 'ignore:easy_install command is deprecated', 'setup.py', 'egg_info', '--egg-base', '../../../build/experiment_runner', 'build', '--build-base', '/home/zaminanwar/thesis/ros2_ws/build/experiment_runner/build', 'install', '--record', '/home/zaminanwar/thesis/ros2_ws/build/experiment_runner/install.log', '--single-version-externally-managed', 'install_data'], 'cwd': '/home/zaminanwar/thesis/ros2_ws/src/slam_thesis/experiment_runner', 'env': {'LESSOPEN': '| /usr/bin/lesspipe %s', 'GZ_SIM_RESOURCE_PATH': '/opt/ros/jazzy/share', 'USER': 'zaminanwar', 'GZ_CONFIG_PATH': '/opt/ros/jazzy/opt/gz_sim_vendor/share/gz:/opt/ros/jazzy/opt/sdformat_vendor/share/gz:/opt/ros/jazzy/opt/gz_gui_vendor/share/gz:/opt/ros/jazzy/opt/gz_transport_vendor/share/gz:/opt/ros/jazzy/opt/gz_rendering_vendor/share/gz:/opt/ros/jazzy/opt/gz_plugin_vendor/share/gz:/opt/ros/jazzy/opt/gz_fuel_tools_vendor/share/gz:/opt/ros/jazzy/opt/gz_msgs_vendor/share/gz:/opt/ros/jazzy/opt/gz_common_vendor/share/gz', 'GIT_ASKPASS': '/home/zaminanwar/.cursor-server/bin/dc8361355d709f306d5159635a677a571b277bc0/extensions/git/dist/askpass.sh', 'SHLVL': '1', 'LD_LIBRARY_PATH': '/opt/ros/jazzy/opt/gz_sim_vendor/lib:/opt/ros/jazzy/opt/gz_sensors_vendor/lib:/opt/ros/jazzy/opt/gz_physics_vendor/lib:/opt/ros/jazzy/opt/sdformat_vendor/lib:/opt/ros/jazzy/opt/rviz_ogre_vendor/lib:/opt/ros/jazzy/lib/x86_64-linux-gnu:/opt/ros/jazzy/opt/gz_gui_vendor/lib:/opt/ros/jazzy/opt/gz_transport_vendor/lib:/opt/ros/jazzy/opt/gz_rendering_vendor/lib:/opt/ros/jazzy/opt/gz_plugin_vendor/lib:/opt/ros/jazzy/opt/gz_fuel_tools_vendor/lib:/opt/ros/jazzy/opt/gz_msgs_vendor/lib:/opt/ros/jazzy/opt/gz_common_vendor/lib:/opt/ros/jazzy/opt/gz_math_vendor/lib:/opt/ros/jazzy/opt/gz_utils_vendor/lib:/opt/ros/jazzy/opt/gz_tools_vendor/lib:/opt/ros/jazzy/opt/gz_ogre_next_vendor/lib:/opt/ros/jazzy/opt/gz_dartsim_vendor/lib:/opt/ros/jazzy/opt/gz_cmake_vendor/lib:/opt/ros/jazzy/lib', 'HOME': '/home/zaminanwar', 'OLDPWD': '/home/zaminanwar', 'TERM_PROGRAM_VERSION': '2.4.21', 'NVM_BIN': '/home/zaminanwar/.nvm/versions/node/v20.20.0/bin', 'VSCODE_IPC_HOOK_CLI': '/run/user/1000/vscode-ipc-6281d6db-524d-4d0d-889e-3d6d5e5ac318.sock', 'NVM_INC': '/home/zaminanwar/.nvm/versions/node/v20.20.0/include/node', 'ROS_PYTHON_VERSION': '3', 'VSCODE_GIT_ASKPASS_MAIN': '/home/zaminanwar/.cursor-server/bin/dc8361355d709f306d5159635a677a571b277bc0/extensions/git/dist/askpass-main.js', 'VSCODE_GIT_ASKPASS_NODE': '/home/zaminanwar/.cursor-server/bin/dc8361355d709f306d5159635a677a571b277bc0/node', 'DBUS_SESSION_BUS_ADDRESS': 'unix:path=/run/user/1000/bus', 'COLORTERM': 'truecolor', 'WSL_DISTRO_NAME': 'Ubuntu', 'NVM_DIR': '/home/zaminanwar/.nvm', 'WAYLAND_DISPLAY': 'wayland-0', 'ROS_DISTRO': 'jazzy', 'LOGNAME': 'zaminanwar', 'NAME': 'DESKTOP-AFDN506', 'WSL_INTEROP': '/run/WSL/13636_interop', 'PULSE_SERVER': 'unix:/mnt/wslg/PulseServer', '_': '/usr/bin/colcon', 'ROS_VERSION': '2', 'CLAUDE_CODE_SSE_PORT': '52395', 'TERM': 'xterm-256color', 'PATH': '/opt/ros/jazzy/opt/gz_msgs_vendor/bin:/opt/ros/jazzy/opt/gz_tools_vendor/bin:/opt/ros/jazzy/opt/gz_ogre_next_vendor/bin:/opt/ros/jazzy/bin:/home/zaminanwar/.nvm/versions/node/v20.20.0/bin:/home/zaminanwar/.cursor-server/bin/dc8361355d709f306d5159635a677a571b277bc0/bin/remote-cli:/home/zaminanwar/.cursor-server/bin/dc8361355d709f306d5159635a677a571b277bc0/bin/remote-cli:/usr/local/sbin:/usr/local/bin:/usr/sbin:/usr/bin:/sbin:/bin:/usr/games:/usr/local/games:/usr/lib/wsl/lib:/mnt/c/Windows/system32:/mnt/c/Windows:/mnt/c/Windows/System32/Wbem:/mnt/c/Windows/System32/WindowsPowerShell/v1.0/:/mnt/c/Windows/System32/OpenSSH/:/mnt/c/Program Files/Git/cmd:/mnt/c/Program Files/nodejs/:/mnt/c/Users/zamin/AppData/Local/Microsoft/WindowsApps:/mnt/c/Users/zamin/AppData/Local/Programs/cursor/resources/app/bin:/mnt/c/Users/zamin/.local/bin:/mnt/c/Users/zamin/AppData/Roaming/npm:/mnt/c/Users/zamin/AppData/Local/Python/bin', 'XDG_RUNTIME_DIR': '/run/user/1000/', 'DISPLAY': ':0', 'LANG': 'C.UTF-8', 'LS_COLORS': 'rs=0:di=01;34:ln=01;36:mh=00:pi=40;33:so=01;35:do=01;35:bd=40;33;01:cd=40;33;01:or=40;31;01:mi=00:su=37;41:sg=30;43:ca=00:tw=30;42:ow=34;42:st=37;44:ex=01;32:*.tar=01;31:*.tgz=01;31:*.arc=01;31:*.arj=01;31:*.taz=01;31:*.lha=01;31:*.lz4=01;31:*.lzh=01;31:*.lzma=01;31:*.tlz=01;31:*.txz=01;31:*.tzo=01;31:*.t7z=01;31:*.zip=01;31:*.z=01;31:*.dz=01;31:*.gz=01;31:*.lrz=01;31:*.lz=01;31:*.lzo=01;31:*.xz=01;31:*.zst=01;31:*.tzst=01;31:*.bz2=01;31:*.bz=01;31:*.tbz=01;31:*.tbz2=01;31:*.tz=01;31:*.deb=01;31:*.rpm=01;31:*.jar=01;31:*.war=01;31:*.ear=01;31:*.sar=01;31:*.rar=01;31:*.alz=01;31:*.ace=01;31:*.zoo=01;31:*.cpio=01;31:*.7z=01;31:*.rz=01;31:*.cab=01;31:*.wim=01;31:*.swm=01;31:*.dwm=01;31:*.esd=01;31:*.avif=01;35:*.jpg=01;35:*.jpeg=01;35:*.mjpg=01;35:*.mjpeg=01;35:*.gif=01;35:*.bmp=01;35:*.pbm=01;35:*.pgm=01;35:*.ppm=01;35:*.tga=01;35:*.xbm=01;35:*.xpm=01;35:*.tif=01;35:*.tiff=01;35:*.png=01;35:*.svg=01;35:*.svgz=01;35:*.mng=01;35:*.pcx=01;35:*.mov=01;35:*.mpg=01;35:*.mpeg=01;35:*.m2v=01;35:*.mkv=01;35:*.webm=01;35:*.webp=01;35:*.ogm=01;35:*.mp4=01;35:*.m4v=01;35:*.mp4v=01;35:*.vob=01;35:*.qt=01;35:*.nuv=01;35:*.wmv=01;35:*.asf=01;35:*.rm=01;35:*.rmvb=01;35:*.flc=01;35:*.avi=01;35:*.fli=01;35:*.flv=01;35:*.gl=01;35:*.dl=01;35:*.xcf=01;35:*.xwd=01;35:*.yuv=01;35:*.cgm=01;35:*.emf=01;35:*.ogv=01;35:*.ogx=01;35:*.aac=00;36:*.au=00;36:*.flac=00;36:*.m4a=00;36:*.mid=00;36:*.midi=00;36:*.mka=00;36:*.mp3=00;36:*.mpc=00;36:*.ogg=00;36:*.ra=00;36:*.wav=00;36:*.oga=00;36:*.opus=00;36:*.spx=00;36:*.xspf=00;36:*~=00;90:*#=00;90:*.bak=00;90:*.crdownload=00;90:*.dpkg-dist=00;90:*.dpkg-new=00;90:*.dpkg-old=00;90:*.dpkg-tmp=00;90:*.old=00;90:*.orig=00;90:*.part=00;90:*.rej=00;90:*.rpmnew=00;90:*.rpmorig=00;90:*.rpmsave=00;90:*.swp=00;90:*.tmp=00;90:*.ucf-dist=00;90:*.ucf-new=00;90:*.ucf-old=00;90:', 'VSCODE_GIT_IPC_HANDLE': '/run/user/1000/vscode-git-525ec52e36.sock', 'TERM_PROGRAM': 'vscode', 'AMENT_PREFIX_PATH': '/home/zaminanwar/thesis/ros2_ws/install/rover_sim:/home/zaminanwar/thesis/ros2_ws/install/traj_exporter:/home/zaminanwar/thesis/ros2_ws/install/slam_launch:/home/zaminanwar/thesis/ros2_ws/install/rover_description:/home/zaminanwar/thesis/ros2_ws/install/rover_control:/home/zaminanwar/thesis/ros2_ws/install/gt_publisher:/opt/ros/jazzy', 'SHELL': '/bin/bash', 'LESSCLOSE': '/usr/bin/lesspipe %s %s', 'VSCODE_GIT_IPC_AUTH_TOKEN': 'ff5cdd16ccca21bfa4fa154a181b5b6a76b4b4dad36c27d0b6b3e444c3556546', 'ROS_AUTOMATIC_DISCOVERY_RANGE': 'SUBNET', 'VSCODE_GIT_ASKPASS_EXTRA_ARGS': '', 'PWD': '/home/zaminanwar/thesis/ros2_ws/build/experiment_runner', 'NVM_CD_FLAGS': '', 'PYTHONPATH': '/home/zaminanwar/thesis/ros2_ws/build/experiment_runner/prefix_override:/usr/lib/python3/dist-packages/colcon_core/task/python/colcon_distutils_commands:/home/zaminanwar/thesis/ros2_ws/install/experiment_runner/lib/python3.12/site-packages:/home/zaminanwar/thesis/ros2_ws/install/traj_exporter/lib/python3.12/site-packages:/home/zaminanwar/thesis/ros2_ws/install/rover_control/lib/python3.12/site-packages:/home/zaminanwar/thesis/ros2_ws/install/gt_publisher/lib/python3.12/site-packages:/opt/ros/jazzy/lib/python3.12/site-packages', 'COLCON': '1', 'WSL2_GUI_APPS_ENABLED': '1', 'HOSTTYPE': 'x86_64', 'CMAKE_PREFIX_PATH': '/home/zaminanwar/thesis/ros2_ws/install/rover_sim:/home/zaminanwar/thesis/ros2_ws/install/slam_launch:/home/zaminanwar/thesis/ros2_ws/install/rover_description:/opt/ros/jazzy/opt/gz_sim_vendor:/opt/ros/jazzy/opt/gz_sensors_vendor:/opt/ros/jazzy/opt/gz_physics_vendor:/opt/ros/jazzy/opt/sdformat_vendor:/opt/ros/jazzy/opt/gz_gui_vendor:/opt/ros/jazzy/opt/gz_transport_vendor:/opt/ros/jazzy/opt/gz_rendering_vendor:/opt/ros/jazzy/opt/gz_plugin_vendor:/opt/ros/jazzy/opt/gz_fuel_tools_vendor:/opt/ros/jazzy/opt/gz_msgs_vendor:/opt/ros/jazzy/opt/gz_common_vendor:/opt/ros/jazzy/opt/gz_math_vendor:/opt/ros/jazzy/opt/gz_utils_vendor:/opt/ros/jazzy/opt/gz_tools_vendor:/opt/ros/jazzy/opt/gz_ogre_next_vendor:/opt/ros/jazzy/opt/gz_dartsim_vendor:/opt/ros/jazzy/opt/gz_cmake_vendor', 'WSLENV': ''}, 'shell': False}
[20.055977] (-) TimerEvent: {}
[20.162659] (-) TimerEvent: {}
[20.217953] (experiment_runner) StdoutLine: {'line': b'running egg_info\n'}
[20.218255] (experiment_runner) StdoutLine: {'line': b'creating ../../../build/experiment_runner/experiment_runner.egg-info\n'}
[20.235202] (experiment_runner) StdoutLine: {'line': b'writing ../../../build/experiment_runner/experiment_runner.egg-info/PKG-INFO\n'}
[20.235468] (experiment_runner) StdoutLine: {'line': b'writing dependency_links to ../../../build/experiment_runner/experiment_runner.egg-info/dependency_links.txt\n'}
[20.235662] (experiment_runner) StdoutLine: {'line': b'writing requirements to ../../../build/experiment_runner/experiment_runner.egg-info/requires.txt\n'}
[20.235870] (experiment_runner) StdoutLine: {'line': b'writing top-level names to ../../../build/experiment_runner/experiment_runner.egg-info/top_level.txt\n'}
[20.235950] (experiment_runner) StdoutLine: {'line': b"writing manifest file '../../../build/experiment_runner/experiment_runner.egg-info/SOURCES.txt'\n"}
[20.264980] (-) TimerEvent: {}
[20.270547] (experiment_runner) StdoutLine: {'line': b"reading manifest file '../../../build/experiment_runner/experiment_runner.egg-info/SOURCES.txt'\n"}
[20.271065] (experiment_runner) StdoutLine: {'line': b"writing manifest file '../../../build/experiment_runner/experiment_runner.egg-info/SOURCES.txt'\n"}
[20.271722] (experiment_runner) StdoutLine: {'line': b'running build\n'}
[20.271821] (experiment_runner) StdoutLine: {'line': b'running build_py\n'}
[20.272054] (experiment_runner) StdoutLine: {'line': b'creating /home/zaminanwar/thesis/ros2_ws/build/experiment_runner/build\n'}
[20.272259] (experiment_runner) StdoutLine: {'line': b'creating /home/zaminanwar/thesis/ros2_ws/build/experiment_runner/build/lib\n'}
[20.272664] (experiment_runner) StdoutLine: {'line': b'creating /home/zaminanwar/thesis/ros2_ws/build/experiment_runner/build/lib/experiment_runner\n'}
[20.273073] (experiment_runner) StdoutLine: {'line': b'copying experiment_runner/__init__.py -> /home/zaminanwar/thesis/ros2_ws/build/experiment_runner/build/lib/experiment_runner\n'}
[20.323990] (experiment_runner) StdoutLine: {'line': b'running install\n'}
[20.329159] (experiment_runner) StdoutLine: {'line': b'running install_lib\n'}
[20.347945] (experiment_runner) StdoutLine: {'line': b'creating /home/zaminanwar/thesis/ros2_ws/install/experiment_runner/lib/python3.12/site-packages/experiment_runner\n'}
[20.348513] (experiment_runner) StdoutLine: {'line': b'copying /home/zaminanwar/thesis/ros2_ws/build/experiment_runner/build/lib/experiment_runner/__init__.py -> /home/zaminanwar/thesis/ros2_ws/install/experiment_runner/lib/python3.12/site-packages/experiment_runner\n'}
[20.349038] (experiment_runner) StdoutLine: {'line': b'byte-compiling /home/zaminanwar/thesis/ros2_ws/install/experiment_runner/lib/python3.12/site-packages/experiment_runner/__init__.py to __init__.cpython-312.pyc\n'}
[20.349631] (experiment_runner) StdoutLine: {'line': b'running install_data\n'}
[20.349767] (experiment_runner) StdoutLine: {'line': b'creating /home/zaminanwar/thesis/ros2_ws/install/experiment_runner/share/ament_index\n'}
[20.350125] (experiment_runner) StdoutLine: {'line': b'creating /home/zaminanwar/thesis/ros2_ws/install/experiment_runner/share/ament_index/resource_index\n'}
[20.350508] (experiment_runner) StdoutLine: {'line': b'creating /home/zaminanwar/thesis/ros2_ws/install/experiment_runner/share/ament_index/resource_index/packages\n'}
[20.350885] (experiment_runner) StdoutLine: {'line': b'copying resource/experiment_runner -> /home/zaminanwar/thesis/ros2_ws/install/experiment_runner/share/ament_index/resource_index/packages\n'}
[20.351050] (experiment_runner) StdoutLine: {'line': b'copying package.xml -> /home/zaminanwar/thesis/ros2_ws/install/experiment_runner/share/experiment_runner\n'}
[20.351198] (experiment_runner) StdoutLine: {'line': b'creating /home/zaminanwar/thesis/ros2_ws/install/experiment_runner/share/experiment_runner/launch\n'}
[20.351586] (experiment_runner) StdoutLine: {'line': b'creating /home/zaminanwar/thesis/ros2_ws/install/experiment_runner/share/experiment_runner/config\n'}
[20.352123] (experiment_runner) StdoutLine: {'line': b'creating /home/zaminanwar/thesis/ros2_ws/install/experiment_runner/share/experiment_runner/scripts\n'}
[20.352582] (experiment_runner) StdoutLine: {'line': b'running install_egg_info\n'}
[20.366104] (-) TimerEvent: {}
[20.370431] (experiment_runner) StdoutLine: {'line': b'Copying ../../../build/experiment_runner/experiment_runner.egg-info to /home/zaminanwar/thesis/ros2_ws/install/experiment_runner/lib/python3.12/site-packages/experiment_runner-0.1.0-py3.12.egg-info\n'}
[20.372043] (experiment_runner) StdoutLine: {'line': b'running install_scripts\n'}
[20.474080] (-) TimerEvent: {}
[20.492018] (experiment_runner) StdoutLine: {'line': b"writing list of installed files to '/home/zaminanwar/thesis/ros2_ws/build/experiment_runner/install.log'\n"}
[20.514595] (experiment_runner) CommandEnded: {'returncode': 0}
[20.521179] (experiment_runner) JobEnded: {'identifier': 'experiment_runner', 'rc': 0}
[20.522314] (-) EventReactorShutdown: {}
